facility_id,date,care_type,adl_eating,adl_mobility,adl_toileting,adl_cognition,mds_adl_summary,rug_category,nursing_hours_rn,nursing_hours_lpn,nursing_hours_cna,medication_count,fall_risk_score,pain_assessment_score,resident_census,incident_count,staffing_mismatch
7,2021-01-01,IL,0.2809612337207651,0.43224091670607057,0.676803236137179,0.12329956339446582,1.8,4,1.983132944014896,0.6079584648020845,0.6155693369049512,3.716814436238187,1.1639485657463484,0.5188130436881899,120.0,0,0
7,2021-01-02,IL,1.4544980833454324,0.3857971751801401,2.3116590166680266,2.6742982884291946,8.0,2,2.1024425373239573,0.33383537159126847,1.2409024366526773,0.23123143221107023,0.577291440808733,1.513450529668982,117.4315758806824,2,0
7,2021-01-03,IL,2.9741921537842835,0.0,0.9932865548570003,0.0,4.6,5,1.037471032245473,0.5332499383773852,2.30609040393865,5.0231771311401765,0.6397995510108285,0.3274091597371718,120.0,1,0
7,2021-01-04,IL,0.5688720471324216,0.4114592523197066,0.03725373954989515,1.0189268423592834,2.4,6,0.5026100276469447,1.0245226646884276,0.3744184530795944,3.6254221776249747,2.1750290909490637,0.9326469634423253,104.91454796807305,1,0
7,2021-01-05,IL,0.5684521662081858,0.1632957576054106,0.0,2.089042626533606,3.3,4,1.1584442565312059,0.0,1.3291760635368357,7.676892063165295,2.9064600650450814,1.2604831894017827,120.0,0,0
7,2021-01-06,IL,0.48845376722870526,0.0,1.8806635593209322,0.030104400109110488,2.8,2,1.706839228334856,0.37422440940541557,0.902431178261214,8.453873906856233,1.7785793509438985,0.17374067360610024,117.96183045249094,2,0
7,2021-01-07,IL,2.0702997306650954,1.041511925252731,1.6809729143442431,0.4332234322347607,6.1,4,0.95548659528275,0.38162466508267395,1.4325254625358936,4.382638581804071,2.381980338841003,0.0,120.0,0,0
7,2021-01-08,IL,2.242614793081161,0.013626344974458693,0.9396268307008766,0.1709803105113003,3.9,1,0.61591398592439,1.0086192496595898,0.8181946455782241,5.600532619272765,0.0,3.064325502302146,120.0,2,0
7,2021-01-09,IL,0.4449082726552805,0.43827152640374767,1.570214782223512,0.27706809780270675,3.2,3,1.5810543431328454,0.7438208804808374,2.3120219218578884,1.2429143570967554,0.386227626306332,1.3545932626004547,111.78953952245836,2,0
7,2021-01-10,IL,1.935607922754361,0.7015255801531658,0.26736288747853815,0.0,3.4,3,0.3794932099538577,1.1088632039816615,1.6605099315439997,5.414423532368526,0.9681148605897065,1.808839447416033,120.0,1,0
7,2021-01-11,IL,2.786872891915208,1.7286434862921232,0.49119045635286435,0.0,5.8,5,1.049763713301113,0.0,1.8897360596602917,5.657733873191571,1.5486182587966708,0.21233870879013184,120.0,0,0
7,2021-01-12,IL,1.0819178497847328,0.23568177834175183,1.4731165095292724,2.787867364639355,6.5,4,1.916887008774574,0.0,1.1114539080918338,5.141452494407137,0.8881478206825613,0.3406119035282611,120.0,0,0
7,2021-01-13,IL,0.4347763992943663,0.770817865810065,1.1127121797213986,0.0239099984663238,2.7,5,2.8170264322655347,0.0,0.9382653821692389,1.1350167066023626,1.2111704307852789,3.898098847411926,120.0,2,0
7,2021-01-14,IL,0.32070780402868093,1.3588872486177603,2.2117469104914917,0.0,4.5,5,2.411366657041264,0.0,0.8998473760812377,4.026619454366624,1.7103384867655083,2.525390259512198,120.0,2,0
7,2021-01-15,IL,3.0,0.9376185222611491,0.9028678749829567,0.7743430086243035,6.6,4,2.023081691928169,0.46893641520377694,1.9628362470346283,7.3423194488002,0.0,1.231426113578884,120.0,1,0
7,2021-01-16,IL,1.8811850474091008,0.0,0.8204492957703935,0.6636730916817987,3.9,6,1.8453793486601913,0.9548232077602479,0.8472438778202509,3.742047496785163,0.0,0.899803210536771,120.0,3,0
7,2021-01-17,IL,2.241065457660036,0.11867206273389863,3.0,0.0,6.3,6,1.6093853988440685,0.0,2.446725037369905,1.9776802920907004,1.4719980420431988,0.0,120.0,0,0
7,2021-01-18,IL,0.0,0.0,2.4433967953307025,0.44389254057290994,3.4,4,1.250781246546129,0.6762894768604968,1.110136286662281,4.512200014461725,0.1548262800153477,0.2693113851017328,120.0,2,0
7,2021-01-19,IL,1.4627095175965412,0.0,1.2810238225623076,0.4701468737014677,3.7,5,1.1326508009828746,0.0,0.0,5.7552400433667135,0.011135827493219841,1.1378534956772481,120.0,0,1
7,2021-01-20,IL,2.013202356616577,0.2884554581383768,0.7131209755995926,0.5864944444360827,4.2,4,2.0512031844585175,1.1683614894421903,0.1458863850256496,2.9142978921694986,0.0,0.7155694006893631,107.47818323551792,1,0
7,2021-01-21,IL,1.208525103895321,0.0,2.991603722120624,0.010106583910918343,4.9,3,2.765542288103909,0.4093736772876041,0.6287104727900545,3.1593109721624444,0.17301127217208245,0.92377440582123,120.0,2,0
7,2021-01-22,IL,1.4985822681191223,2.036235504114728,1.8754246501067673,1.146606704251196,7.6,3,1.1200101230134578,0.0,1.2061523596612294,0.0,0.43324749903674853,0.19504932740610537,84.73606662833355,1,0
7,2021-01-23,IL,1.5875359723417783,0.9269467996602928,1.3363558642146265,3.236714578926585,8.3,4,1.0300345945685627,0.0,1.710342515862202,3.2963020269914702,3.3144341353505444,2.6554388703275245,94.70712122808492,2,0
7,2021-01-24,IL,3.0,0.22724982730724042,1.2729185318256748,0.6142242665404164,6.0,4,1.5928207329080946,0.0,1.182614408146857,7.5266704103547175,1.0739787129280953,2.6518107141672442,120.0,2,0
7,2021-01-25,IL,0.5803242554199907,0.6354796731836342,0.0,1.1422531339075082,2.8,4,2.1902596233840295,0.32481281287482655,1.140782861015317,6.678186059251623,2.6881308759166203,0.23681070643549806,120.0,2,0
7,2021-01-26,IL,1.591506253791352,0.4365932107486101,1.3664031997483734,1.7559797288086432,6.0,2,2.42989301220618,0.6509430140226704,2.644166678429736,6.546603830412074,0.0,2.3634812812305714,120.0,2,0
7,2021-01-27,IL,2.9490684132144622,0.0,2.247363266701074,0.7430781982217057,6.9,4,2.5502192053919135,0.26663506601226583,0.5409271925563433,5.840152430359441,1.6909155657403163,0.8760611711890387,120.0,0,0
7,2021-01-28,IL,0.0,1.8518926341220332,0.502631911077788,0.0,2.7,5,1.901276425194485,0.0,0.4831716168358147,5.982623995624285,0.2551629199798122,2.2038287591847032,120.0,2,0
7,2021-01-29,IL,0.5315182187660932,1.0372752042015576,1.7766783505594974,0.8214741240096185,4.9,5,2.3979612748886403,0.5224844198723839,0.0,4.864976408678407,2.6023128458180547,1.2022986143309409,97.29346302269226,2,0
7,2021-01-30,IL,1.6736109456796116,1.5484053094883632,0.3279912460377924,0.4116734753933511,4.6,4,1.9243995504608478,0.06300705466662407,1.9297634924784584,1.9653463002955758,0.15192521533541337,0.0,120.0,1,0
7,2021-01-31,IL,1.4132359699608212,0.47103477925449444,2.0049700530079972,0.0,4.5,4,1.1491974130666582,0.0,1.0399997279464426,6.481920664514088,0.4248399439860657,2.371430370624609,120.0,1,0
7,2021-02-01,IL,0.8166076328707912,0.4279332428033712,1.335022002629152,0.09186540707455693,3.1,3,1.1616610968310939,0.20291067049641678,0.8192556330888549,4.972139209780279,1.331984230112087,1.0703720885074741,120.0,3,0
7,2021-02-02,IL,1.5756845844118403,0.0,2.542762382238127,0.06553855656214776,4.9,4,1.8126537844380397,0.7523009277397651,2.6675531494542044,0.0,1.8701483040925742,0.0,120.0,0,0
7,2021-02-03,IL,3.0,0.33278571444631877,0.946561433106893,0.20099991258983663,5.2,5,1.498543195155536,0.06296959923275035,2.1782850789160126,7.865084075492049,0.0007918554464971805,0.7261942065567568,120.0,0,0
7,2021-02-04,IL,0.2144046716122463,0.08665297149890261,1.6779440761049307,0.5076833344686362,2.9,5,1.4781701505774767,0.2597377247911991,0.0,4.175474887459265,0.5887987708479303,1.7269964684035823,113.69429096109404,0,0
7,2021-02-05,IL,0.6437019482711706,1.3843116863275124,2.4628602086925557,0.0,5.2,3,1.322350860012491,0.21088329039886175,2.028023869415016,7.193814829523001,0.0,0.0,120.0,1,0
7,2021-02-06,IL,0.0,0.3319782425538238,2.4290510859533754,0.0,3.2,5,0.5642261550162202,0.2769694511452577,2.2742163214251203,2.8210669224433502,0.0,1.6172420566801082,120.0,2,0
7,2021-02-07,IL,1.4909436115636785,0.0,0.24226600629811235,0.5583165944164347,2.7,5,1.7964722079433346,0.8058114624512648,0.0,4.547026816452374,0.0,0.15680586171620003,120.0,2,0
7,2021-02-08,IL,1.497038311558117,0.0,1.5085747426437206,0.5338687302276535,4.1,3,1.778350880453193,0.0,0.06496214737923034,4.368241280826427,0.0,1.4556197643558466,109.14579378628423,0,0
7,2021-02-09,IL,2.4460768001673836,0.0,1.5624448773107034,0.0,4.7,3,2.358655534055423,1.2932595313475606,0.7089272981878081,6.658906353563528,0.4136469965204568,0.0,120.0,0,0
7,2021-02-10,IL,1.7133849293300047,0.5191007940876884,2.305644495129007,0.08834710687213938,5.4,2,0.9874126339819232,0.3772515334135844,2.685266134485402,3.304948734151466,2.542755485346645,1.4283592342986666,105.31277408939737,1,0
7,2021-02-11,IL,0.5276391252130684,0.0,1.7049883748896215,0.0021054335602582602,2.6,4,1.444630810195147,1.0917006415098194,0.46655369828546556,6.013582212200629,1.6715470336819185,0.9133805256698466,91.27286891286987,2,0
7,2021-02-12,IL,0.5985326969654543,2.0270277882877945,0.7002912858908461,1.1189604521067178,5.2,5,2.227107547391886,0.1920194901138344,1.3769941703479285,6.191569189604973,0.5871424546923381,0.2322267687182904,120.0,0,0
7,2021-02-13,IL,2.8502834740303875,0.0,2.283515465780309,0.8224639164003801,6.9,4,2.6529825397640003,0.6969950437581494,0.368376823828262,5.2748912900846765,0.0,0.0,117.5537149700776,1,0
7,2021-02-14,IL,0.0,1.713974561356349,0.22971277734930512,0.0,2.3,4,1.3785345535814102,1.0464217907820585,0.9524009103931698,7.464183169840072,5.16974016062567,1.6024110856895954,120.0,1,0
7,2021-02-15,IL,1.6986082807412861,0.2521003241567975,1.6419228291755361,1.4075997186402356,5.8,3,1.3928689199019435,0.1172898047693447,1.4498403598979166,4.512742393276041,0.0,0.9577123035460464,115.46786327467697,0,0
7,2021-02-16,IL,2.6548872378716513,0.0,1.1235701697207505,0.5920943761077245,5.1,1,1.732762053411132,0.3137184693886341,1.222568601963062,4.382369961216293,0.7043000329893678,0.8365339567985666,116.22544496559992,2,0
7,2021-02-17,IL,2.007561165677794,0.6710154539622616,2.0361366597265893,0.21630406633751176,5.8,4,1.9715512043084449,0.5543837018682903,0.10607789765020348,3.878539301542844,0.6011403798992901,0.38336356464324917,108.24740046505104,0,0
7,2021-02-18,IL,1.1167746182864848,0.3085741685616358,0.47995582469027176,1.2202384105305222,3.6,6,1.3382504406101055,0.0,0.7445857617080986,3.0208375502439884,0.0,1.521838098347055,120.0,0,0
7,2021-02-19,IL,0.6155707141047235,0.0,0.7468863531967822,0.0,1.6,3,1.6486576891504503,0.6302163542035534,2.3295674861999403,5.469735904118736,0.5621834924199628,0.0,120.0,2,0
7,2021-02-20,IL,0.45508893324516014,1.2302408106282918,0.25977742257983016,1.4490378188832544,4.0,3,1.6600416988928022,0.0,0.2041346061325744,6.441085970688109,0.09131386699808752,2.0510448202270215,89.01530037884531,2,0
7,2021-02-21,IL,2.2461468233098247,0.32543070217657255,0.7914085403976192,0.019307036753610785,3.9,5,1.265379339688101,0.0,1.4842538315878566,3.7004079132409617,1.3254768400824195,1.9283376174109397,91.40967432198477,1,0
7,2021-02-22,IL,1.5254631302694814,0.3871453489505443,2.192391834488352,0.28489448224571856,5.1,3,2.0213952966739783,0.9851017369997168,1.0509908375782833,5.978099193303104,1.5036752567001042,0.28225705246820887,120.0,0,0
7,2021-02-23,IL,1.2223179290798776,0.6714291649688705,1.4836797391532688,0.13629376366738466,4.1,4,0.20848820096901022,0.07580379809117027,0.8961465552728136,3.10502203596702,0.0,2.269643440226914,120.0,1,1
7,2021-02-24,IL,3.0,0.010321520825838704,2.410784777928673,0.0,6.3,5,1.5976442741121635,0.43385091726601405,1.0494666625018345,4.360245008089517,0.07685587678924088,1.3847285723814968,120.0,3,0
7,2021-02-25,IL,1.8177163197202506,0.0,1.8258290097875798,2.175498089362537,6.8,5,1.6717346559056936,0.0,1.5408963622120297,6.294843131814349,0.0,2.5568950839461646,120.0,0,0
7,2021-02-26,IL,2.479869717382391,0.0,0.6170521703283939,1.193776831103424,5.0,3,1.5445133708309724,0.6042237466235679,1.7987142274904642,2.825883988742304,0.46279886972682327,0.6463719628622724,120.0,0,0
7,2021-02-27,IL,3.0,0.2554230739773211,2.1654698884649624,0.31391514203750925,6.7,3,1.333490201775679,0.0,1.6353318301759963,0.3684893519996653,0.08424217838463965,0.0,120.0,0,0
7,2021-02-28,IL,0.926392530875187,1.2375216924267392,2.5208787648200914,0.0,5.5,3,0.3232242508987829,0.0,0.12172559942183347,6.621991901677636,0.0,0.5818002397434825,120.0,2,1
7,2021-03-01,IL,1.8267638531780477,0.6075411346242455,3.0,0.44783909290711454,6.9,4,0.48234614176291857,0.0,2.836397160628578,0.5248748275795552,3.0576894118643154,1.6212337774776477,120.0,2,0
7,2021-03-02,IL,0.0,0.21150645821896819,2.068361123828285,0.5437520938255018,3.3,5,1.1355459300942885,0.9344708236900392,2.3006527223204225,5.27864018612858,3.5556267738341263,1.6121870759527215,120.0,3,0
7,2021-03-03,IL,1.2114527581708057,0.0,0.83240726291514,0.06313586016952266,2.5,4,1.2490678843585372,0.12451618634117907,0.0,0.9586239219388488,1.7267828679967028,0.0,120.0,2,0
7,2021-03-04,IL,1.0092474703593763,0.0,2.292441610026322,0.2700310595783934,4.2,4,0.41094205366071346,0.7525296324601705,1.355715477999171,3.2861468464311234,0.0,1.1259162179602946,120.0,2,0
7,2021-03-05,IL,1.5158495932994323,1.1222655874757106,1.2728753942435629,0.0,4.6,4,0.14846755325188665,0.0,1.7126498297811255,0.6178603358349597,5.637813914192604,1.1484964861479365,120.0,1,0
7,2021-03-06,IL,0.15174548184761327,0.6499919327336791,0.966930824917548,1.027518030481072,3.3,5,0.0,0.0,0.0,6.815394447134748,3.0172535431965835,0.6998012460521346,120.0,1,1
7,2021-03-07,IL,0.4634138732627425,1.5741461871724014,1.560583811156234,0.0,4.2,5,1.7118686100192024,1.1541149625924465,0.23570803082798006,6.683393429309667,0.5972434669765012,0.8831596234651106,120.0,1,0
7,2021-03-08,IL,0.0,0.0,1.8037868526155258,0.7307020905454589,3.0,3,1.4232946918404945,0.0,1.4036109592479298,4.7612193860390715,0.3987217022674798,1.4882010576306008,120.0,4,0
7,2021-03-09,IL,0.9204561100866595,0.0,1.5691747726508343,0.0,2.9,5,0.6323108726873897,0.8408502141123604,2.8730927499742607,5.595786137442169,0.0,0.9138936615371482,113.75779151053811,1,0
7,2021-03-10,IL,0.748627114089693,0.05105307956213512,2.3195157228377794,0.24619012687902353,3.9,5,2.5359880895475535,0.521006749346306,1.0226881499130887,6.899974507090795,1.5118326768656396,0.0,120.0,0,0
7,2021-03-11,IL,1.7356623248630274,0.5969061223692935,1.4797962831376932,1.8770703698704487,6.6,4,2.0081723289391236,0.979591433574331,0.751161566442577,3.4214386748893943,0.0,0.05102031075972446,120.0,1,0
7,2021-03-12,IL,1.1116622104493201,0.0,2.094577135081179,0.5508122134324235,4.4,4,1.7223685837504386,0.0,2.196750464656479,2.7886603074854595,0.0,1.051479793000236,114.11978727515337,2,0
7,2021-03-13,IL,2.885427538020342,0.26728937631390104,2.486922076545941,0.0,6.6,4,1.484620812809123,0.286250855653411,2.5637440448900803,2.209374652092918,0.4910208531419702,1.535861216508676,103.97305851079668,1,0
7,2021-03-14,IL,2.2081441979854755,0.3736710490936628,1.8091457772974673,0.887802649398918,6.2,4,0.42101742535182796,0.40206713560405855,1.2718195269529902,4.728117067192484,4.556033690781726,0.0,120.0,1,1
7,2021-03-15,IL,2.4100121281326072,0.3111795726230656,1.2814113847343607,0.21947129807567026,4.9,1,1.0907701615021907,0.8865218553566716,1.8273028941138898,3.460490089679803,0.0,1.909803820813273,120.0,0,0
7,2021-03-16,IL,0.6679328569147459,0.0,1.2915252976441742,0.10939011164663037,2.4,3,1.4037089402565168,0.0,2.5815725986180573,4.278910344485983,0.0,0.4093744709391287,116.09101229747881,1,0
7,2021-03-17,IL,0.03071675328530163,0.12948469013628472,0.5738774352556716,0.0,0.9,4,1.3766851172231733,0.0,0.4543509571279174,5.386422515254663,0.05449333233716125,0.622630572612356,120.0,2,0
7,2021-03-18,IL,0.41822741036405453,0.0,1.7045652847176356,0.0,2.5,4,0.45540929680875786,0.0,3.648186612140923,6.401306035963348,0.7360994904565774,1.9249630511039213,120.0,1,0
7,2021-03-19,IL,0.8761026722293493,1.4244874788214015,1.1950096595309896,0.2638181327621229,4.4,5,1.4087746530734386,0.0,0.0,5.47109789838148,1.2293986877838565,0.0,120.0,1,1
7,2021-03-20,IL,0.5032019591790158,1.8841743347431128,2.7643117188909168,0.5720517223159522,6.7,7,1.6299272859667202,0.5847969148447083,0.8222328590104742,5.259600520200018,1.5084012727317275,0.06861559218453406,120.0,1,0
7,2021-03-21,IL,0.3993049170892675,0.33224807158394687,0.5187056530745416,0.0,1.5,5,2.495923606789889,1.2848229742765755,0.9347718991760825,6.725447830917944,0.6983544399383796,2.031851598698749,120.0,2,0
7,2021-03-22,IL,1.5034647101227403,1.7121647680757766,1.115250621001638,0.020586227277632263,5.1,5,0.4592794717029465,0.7982482185577318,2.2322912524200422,5.717160404861758,0.49392712491874047,1.021238491687776,120.0,0,0
7,2021-03-23,IL,0.46039325050816127,0.0,0.0,0.6592627309226403,1.3,4,0.29000782745189035,0.0,0.5722509067325456,7.767788349260725,0.0,1.0293689202205554,97.805327296275,2,0
7,2021-03-24,IL,2.0659528428869836,0.0,1.0318727552703593,0.20261555388314362,3.9,4,1.5772186558314747,1.4620384212418882,1.5650294892220873,2.6038552782824893,0.0,0.9315656471038938,64.1850084668803,0,0
7,2021-03-25,IL,1.049559676955227,0.3509368882106858,0.0740939608041872,0.9732625867242508,2.9,5,0.955334581889755,1.5696762079470241,1.195930480254463,5.993996560449813,2.748940461539801,0.0,120.0,3,0
7,2021-03-26,IL,0.878852580434468,0.10070147815797226,1.4432815079136987,1.9409207400367166,5.1,8,1.355214005872227,0.0,0.30260908865765035,1.314522427544882,0.6072890193079936,0.06955630634657772,120.0,0,1
7,2021-03-27,IL,1.968332066353418,2.043632006487464,1.054332345613337,1.0795337625605943,7.2,5,1.5669595468541933,0.4301216100183227,0.9430317689944192,1.7905204727622985,3.0738840830447987,0.0,120.0,1,0
7,2021-03-28,IL,2.145214506833251,0.7406710616504655,1.7378504141060869,0.7840778929466706,6.3,6,0.53552479328442,0.3437912845880101,1.529848343579311,2.5051862481441054,0.4502492591145293,1.7728640862951657,120.0,3,0
7,2021-03-29,IL,1.20012340752353,0.03234527710600332,2.1355342758323888,1.4316109818004354,5.6,4,0.18090524693086785,0.46939335295187334,1.5277660028272138,3.475475225461896,1.2961792733366841,0.3850448882767974,115.0057538560582,2,0
7,2021-03-30,IL,1.8838788193232792,0.6357989151996442,0.8332317900069858,1.311569914337583,5.4,4,1.5680238261670871,1.1207156563788607,2.2425349282377143,5.114995697690498,2.1449901747044327,1.737073141320571,120.0,1,0
7,2021-03-31,IL,0.0,1.5985511947258728,2.0400820950505993,0.3938510446585483,4.7,4,1.5807497076168504,1.42186926808863,0.1093386758866084,4.821905102045228,0.0,1.3713847589110006,120.0,0,0
7,2021-04-01,IL,2.905998740615524,0.30038666716607965,0.11547500438924066,0.07169822044403165,4.0,5,1.712962247405798,0.0,1.5378223034840817,6.604411709316671,0.17926965875642553,0.49671394581318107,120.0,0,0
7,2021-04-02,IL,0.7853786600690484,1.2105654713666123,0.42899011572740187,0.9456534229209426,3.9,5,0.3576187657201604,0.0,1.8461486370121531,2.6897515212228753,0.03896426007890086,1.1263155877616975,120.0,2,0
7,2021-04-03,IL,1.5377378402320634,0.48809420783712976,2.3018182983294735,0.0,5.0,4,1.6059586054134858,0.891172462324056,2.1924544378293715,1.8806263197333704,1.788076656468578,1.5558579941906263,120.0,1,0
7,2021-04-04,IL,2.8664180257960146,0.0,1.6419454485077485,0.0,5.3,4,3.003342779351261,0.0,0.9555527383555218,5.608893296772573,0.0,0.11421632333150811,120.0,2,0
7,2021-04-05,IL,0.0,0.0,0.6454743113355055,0.5305974000852411,1.4,4,2.4258634023545427,0.1571850058757497,0.025113103332000897,4.664997939273934,2.4726181550017827,0.25084934535875947,120.0,1,0
7,2021-04-06,IL,2.3779521575199007,0.0,0.6945272290314641,0.045735720788254476,3.6,6,0.5077876135035776,0.0,0.5129561520022942,4.335230951539902,0.9465284037532431,0.0,101.5086179103797,2,1
7,2021-04-07,IL,1.9491765552605722,0.5175460867745225,2.2005152258782568,1.127161901710774,6.8,4,1.4338551969423448,0.6417181762273576,0.879719342593323,3.090164834366962,0.42603116748024483,3.3679835360310464,109.98373199635343,1,0
7,2021-04-08,IL,0.7885414828130579,0.9090575104284336,1.5350457719666242,0.0,3.8,4,0.7775348087035889,0.4693663627215772,1.2444766529444171,5.021845196174908,2.8585893948287406,0.0,120.0,1,0
7,2021-04-09,IL,2.0697399619561083,0.542374127287849,0.007036079525253286,1.8113655606809929,5.2,5,2.4274901941816642,0.0,3.8326420698922616,2.962769166998246,2.033517726364506,0.6607377925985367,120.0,1,0
7,2021-04-10,IL,1.6258313070733668,0.9195096052923437,1.1701401992673865,0.12753611627935402,4.5,4,1.4769327182728618,0.5762578934273652,0.7347458499147709,7.8655356177144595,0.31461342926599567,0.2341702556689571,57.351505713504494,0,0
7,2021-04-11,IL,0.6575580635816013,0.19081337896527464,3.0,0.2768259307808927,4.8,4,1.7424095345207042,0.4365480161000511,2.0300111596672994,6.844100691983769,0.4271633047539516,1.606020108026192,120.0,2,0
7,2021-04-12,IL,1.163967376119424,0.0,0.38191260255591275,0.1546998451338779,2.0,5,2.318214710835421,0.9484119737760913,1.6022039500138847,2.3773873179579015,0.18802201362475857,0.23095024557678107,114.81299912586725,0,0
7,2021-04-13,IL,0.2973044478123484,0.5761811565561615,1.6439332067813672,0.0,2.9,7,1.5216035011582258,1.1431912791555194,0.9248929106790341,5.630266535745038,0.0,0.0,120.0,0,0
7,2021-04-14,IL,3.0,0.348963268170414,1.929906204159084,1.0621050828113596,7.4,2,1.8035877266064753,0.7754388169319487,1.2134722252321861,6.5925346900156825,0.0,0.03155279557626378,106.49092006254364,2,0
7,2021-04-15,IL,0.8414181844153709,2.5582777431827823,1.1538932130826474,0.0,5.3,6,2.4774519595126754,0.12481727566572007,4.012952294261094,7.942721477226641,0.0,4.283823855491422,120.0,2,0
7,2021-04-16,IL,0.9622511008880703,0.0,0.0022136312206172404,0.694631555205619,1.9,6,0.6218943549687502,0.0,0.5733565431735846,7.1204045961874,2.430382041872308,1.175086945870793,73.2957792085683,3,0
7,2021-04-17,IL,0.0,0.6663857968773712,1.343928856205311,0.4890389599293701,2.9,6,2.4879113943514355,0.5258330236539348,0.7899285817008712,6.112243824570243,0.6475566464978564,1.5154107705746096,100.09691251228298,0,0
7,2021-04-18,IL,0.040178998954962505,0.5461257635825684,0.31955166464919493,0.8281216617783451,2.0,4,0.9401591440773046,0.148561757725066,2.4351070974881166,4.363603930327124,0.0,0.26138959365264647,120.0,0,0
7,2021-04-19,IL,2.023598680474554,0.0,1.0300948538026797,0.25443702262550616,3.9,5,2.59159432438717,0.9417310162209456,2.7241547193777236,4.46853351393531,1.6011181262548941,0.18399524819114071,120.0,1,0
7,2021-04-20,IL,0.4189868324505186,0.7959462991089894,1.030583488724464,1.8825403622533547,4.8,4,2.022705135698873,0.0,1.523865054622758,7.396373639293856,3.520597671274847,1.9583395580373362,110.44468056745649,0,0
7,2021-04-21,IL,0.2242666178970253,0.797245639467058,0.37827184580255424,0.6522318250481269,2.4,6,0.9724474456370802,0.5688977802207109,1.1229546695134305,3.5430744051061747,0.0,1.3159646606201867,120.0,1,0
7,2021-04-22,IL,1.056245919647667,0.0,1.750060906686973,0.0,3.3,4,1.3311872883536318,1.1096167062152928,1.7623834426101415,6.387863875177142,0.0,1.740308821599466,120.0,3,0
7,2021-04-23,IL,0.5519623631440681,0.8010322406712593,3.0,2.2033551756884755,7.6,5,1.2902880912454622,0.0,1.2568512103703777,6.501630585088661,0.8600443800645468,0.0,120.0,1,1
7,2021-04-24,IL,3.0,0.7828502661320209,1.0640330314592001,0.3268669926933566,6.0,6,1.0811662827722315,2.150896763958171,0.980213818356164,2.2414883013603357,0.0,1.636198470184488,120.0,0,0
7,2021-04-25,IL,1.7031354746983896,0.1816753823759254,0.0,0.39890904475492617,2.7,4,1.6228748664111177,0.7793262454327341,0.8716491413597096,7.749033632648958,0.1868241265603876,1.5365497870587588,102.918178443749,1,0
7,2021-04-26,IL,1.3805958935509466,0.09049536881922093,0.9287274630686737,0.0,2.8,4,1.409082314006683,0.2012572469405572,0.8820655314074213,3.35703407667893,2.0457943739321274,0.15899011316823541,120.0,0,0
7,2021-04-27,IL,0.0,2.763806468633722,2.097154193144097,0.036598914489610834,5.7,4,2.094101829099493,0.0,1.151987855792146,0.46716972543199276,3.2490423016294843,1.497418953909857,113.34176333513203,0,0
7,2021-04-28,IL,1.0152431788982301,0.798135865761011,0.9253201767167383,0.0,3.2,6,1.2905570277108924,0.0,0.714946890416997,4.199122308702393,0.19694630903962418,0.49671149282751426,102.21804544707621,1,0
7,2021-04-29,IL,0.028907024945069804,1.3416815487740563,1.5972079070915233,0.0,3.5,5,0.9366514516425319,0.0,2.6577729874897944,5.680373367295186,3.9150836937428735,1.163777304627097,120.0,3,0
7,2021-04-30,IL,1.5852900628874733,0.47983245550477327,0.47978632681762895,0.4713189822712873,3.5,5,1.2945744082390926,0.0,2.842023058126337,6.306256015397784,0.5280521659630346,1.202636599270849,106.71213005042483,3,0
7,2021-05-01,IL,0.4767541494845141,0.4429448081646027,3.0,0.6935159618902278,5.4,6,1.1979736473140854,0.8230480425660199,1.879931255489586,2.0174059436914096,0.0,3.0723939117520107,120.0,2,0
7,2021-05-02,IL,0.0,0.0,0.9932494122252008,0.4445962685791116,1.7,4,1.0290906625068783,0.27973880635784276,1.9537334792227663,2.5336276299213174,0.7613288121436188,1.1486255911812546,95.0662989647606,1,0
7,2021-05-03,IL,0.19574235983704819,1.6665143360242773,0.3200429746565141,1.893905049883288,4.8,5,0.418137142046366,0.6207120274646729,0.2128446718053172,4.054793168476176,0.7845126855764235,3.451721787268363,120.0,1,1
7,2021-05-04,IL,2.5089145062068625,0.5447016083469192,1.6882935054706407,0.0,5.5,5,1.8495118713299958,0.40405624690075875,0.0,4.73185984090202,0.0,0.0,120.0,2,0
7,2021-05-05,IL,1.0755961331849793,0.5249215158357706,0.2905966961103509,1.5169743644073652,4.0,4,0.10465617421480666,1.3209408350505822,0.857804371895942,4.948742056668347,0.0,0.7708299704137549,120.0,3,0
7,2021-05-06,IL,0.0,0.5247808011640265,0.4019214759808271,0.3674657879347515,1.5,5,2.342174956990225,0.5129664801212498,1.0529502647923894,5.84081932937281,0.0,0.4201822373862987,120.0,0,0
7,2021-05-07,IL,1.460534518247724,0.719573924717926,2.1314095893806324,0.0,5.0,5,1.413287514513652,0.0,1.6412719146378238,2.0353718999712944,2.128789606690878,1.1217296017224627,120.0,2,0
7,2021-05-08,IL,2.3673008381168543,0.0,2.5393061507756096,0.0,5.7,5,2.4350573877345436,0.0,1.2344835867711197,3.646302214839414,0.0,0.0,120.0,0,0
7,2021-05-09,IL,2.130194445801626,1.0206477604969972,1.518754970485046,0.6720265310635648,6.2,5,2.7297943940313423,0.8823435539924399,2.1993303084387983,7.15478513408205,0.0,2.0775507294705395,120.0,2,0
7,2021-05-10,IL,0.9529061505117351,1.418293715961592,0.5670682207156963,0.0,3.4,7,1.2718661404278662,1.1554816540424557,3.106863951698811,4.238029819237749,0.23435657902123097,2.508725588453051,120.0,0,0
7,2021-05-11,IL,0.7481877168005328,0.0,0.38311591267852874,0.21551985610651048,1.6,5,0.8237207321881123,0.0,1.497078128708187,7.452630769354805,0.41977125573095897,1.4461500858164635,120.0,1,0
7,2021-05-12,IL,2.6668669216102883,0.7923073420870292,0.6800799004287359,0.0,4.8,3,0.12477669702644678,1.2679286000283017,2.8744447413186727,6.1617505742265255,2.490329832175206,1.2796560381488735,120.0,2,0
7,2021-05-13,IL,1.4675471339261934,0.0,1.5488862598954118,0.051031970866073695,3.6,6,1.2456857868278428,0.1922204083060458,3.668719476353152,3.909545348007598,0.11291059711272311,0.1812046435921486,120.0,1,0
7,2021-05-14,IL,0.0,0.0,1.522198001885501,0.8247651869935295,2.7,4,2.3534816288368408,0.0,2.210656417217437,5.400819806924788,2.9276621815886035,1.3662676559920404,92.97258309589358,0,0
7,2021-05-15,IL,2.162004115579676,0.0,1.8021729743584705,0.0,4.6,4,1.4822863592925164,0.0,1.7829793397583382,2.1808203357949516,0.9120382686992003,1.61634864228508,120.0,0,0
7,2021-05-16,IL,2.7915482293539933,0.0,0.8149187867825474,0.10008321909194573,4.3,4,1.5992642228167386,0.0,2.012955364712423,5.557498998426685,0.5226449239435973,1.0544055707468603,120.0,0,0
7,2021-05-17,IL,2.100384635240944,0.12262033970969077,3.0,0.11626266029781016,6.2,7,1.8983045611870493,0.0,0.4967734752128883,7.592830860462235,1.8605403163970946,0.8655102024959589,120.0,2,0
7,2021-05-18,IL,0.4793423567661519,0.6431049601802106,1.3836581436907107,1.0353543425803577,4.1,5,0.0,0.7217711976997427,2.815174475282304,4.704516883640962,0.0,2.1756998715946265,120.0,1,0
7,2021-05-19,IL,0.7451118876333648,0.0,1.3041161160042332,0.5914874286264378,3.1,4,1.3239464247743724,0.0,1.6971416542374687,2.5172820944046346,1.945741394998443,1.3280288545028116,94.73653111186184,1,0
7,2021-05-20,IL,1.7243349624480324,0.20502110771261906,1.8823750423456664,1.5582492284523812,6.3,3,1.1559864236792488,0.0,0.3960520634712962,2.900531601345928,0.0,0.5273927156206393,120.0,0,1
7,2021-05-21,IL,1.3384457357218762,0.0,3.0,0.0,5.1,5,2.327271781531361,0.0,0.8976292081238876,5.421158927519407,1.0277428587955573,1.105279084286662,120.0,1,0
7,2021-05-22,IL,3.0,0.23454390139600356,0.7247994751287621,0.36638490309491367,5.0,4,1.3066263082515144,1.061598599260452,1.2795332925700151,3.1388194701005507,1.1718836945072657,0.2540191147812285,120.0,1,0
7,2021-05-23,IL,0.047438801281595167,0.2275601778136569,0.30719579639470873,0.0,0.7,4,2.291887984883309,0.4512254394341612,0.3308085999538253,6.371886924265738,1.7351198050452028,0.49499966142601015,116.5236309927607,0,0
7,2021-05-24,IL,0.08068394774145217,0.0,0.5747002323489634,0.0,0.8,7,1.2775047420450214,0.0,0.64383950890498,9.050951600018887,0.14159386083363268,0.0,113.29753176961819,0,0
7,2021-05-25,IL,0.5114398686928722,0.0,0.35087835593960315,0.021706145828075382,1.0,4,1.9923570609553685,0.14723207855909792,1.4926635970089943,4.804051843534617,1.385902853412868,0.649111918792135,120.0,1,0
7,2021-05-26,IL,1.9957734045939195,0.5782103402899543,1.9067670188469061,0.0,5.2,4,1.6568096276798772,0.1889980816077717,1.0389637244982746,7.549714812971084,0.432915595700341,0.10784494960868729,120.0,1,0
7,2021-05-27,IL,1.54306960855609,0.29608370841717035,1.4964282591716414,0.7226313735643609,4.7,5,2.120609409641518,0.0,0.9441925417483014,4.916353946085617,0.4012223488788931,1.16448073613074,120.0,2,0
7,2021-05-28,IL,0.9618530391917506,0.29806322430782284,0.0,1.966022780709571,3.8,6,0.9119834823873595,1.6347011036460772,1.035725430200288,7.368590923677591,0.0,2.261727174303958,120.0,3,0
7,2021-05-29,IL,0.4680179096497095,0.6992736429971174,0.6701223667930245,0.5495531757875309,2.8,6,0.470449113815805,0.19395200675019073,0.4720605038675331,2.586653902077237,0.0,1.9626650923925582,120.0,2,1
7,2021-05-30,IL,0.8532380493302438,0.0,2.7045348954736106,0.0,4.2,3,1.598408964851936,0.7401619362372314,1.582336060796973,4.415155821928891,1.2327549657997083,3.514465991614868,120.0,2,0
7,2021-05-31,IL,1.5946189260246988,0.0,0.5921809982953258,0.0,2.6,5,0.9140775594127127,0.29203352925710535,0.7670148093622229,1.5335096956181384,0.0,0.27231266611027816,120.0,0,0
7,2021-06-01,IL,2.4447988675473957,0.0,1.301819692720233,1.095363679923312,5.6,5,1.1224561777022637,0.8794066520645866,0.5262277728895972,1.952936300940387,0.9124534678548788,1.5508668052193793,120.0,0,0
7,2021-06-02,IL,1.4171949654364426,0.0,1.866396967682748,0.21463296337740262,4.1,4,2.0878343374861856,0.0,0.7688798589192214,3.0222533071548314,0.429511167813621,1.0804831246303377,120.0,1,0
7,2021-06-03,IL,3.0,1.0945843118559475,1.1392164019580564,0.0,6.1,4,0.45619031220317907,0.08467124896634735,1.712781620638911,6.401683725520888,1.7166387877429006,4.187622186897274,92.31413497581548,1,0
7,2021-06-04,IL,0.5336158738462761,0.12507226834111906,0.6658061680548442,2.660010928433831,4.6,4,0.08755172496961738,0.35598106243475136,1.503664816941529,6.467229821319024,0.0,0.23799277845148134,120.0,2,0
7,2021-06-05,IL,1.1674153753413579,0.5404878935371717,1.5183257141183129,0.34985741013542115,4.2,6,1.2431226611582733,0.10573579622341028,0.0,6.178225029051324,1.1775120282012914,1.2336574954827433,120.0,0,1
7,2021-06-06,IL,0.9455070986866877,0.4924302505837129,1.2380041901348344,0.07877830059837122,3.2,5,2.050393762675427,0.43568730657958415,1.203243911825182,5.847929363091418,1.5944597591763057,0.0,120.0,2,0
7,2021-06-07,IL,1.8019244055270487,0.5017369287829025,0.4940029079655396,0.37358848753988816,3.7,4,1.0154644918902436,0.0,2.622445310322446,2.654163948681869,1.7549024215412197,0.6018788835179009,99.87251908036647,1,0
7,2021-06-08,IL,1.0499944584296355,0.25716531139655396,1.0454388913841086,2.6516336027611636,5.8,4,2.5177365626756183,0.0,1.9918457504485978,3.6803007833780566,0.0,1.4884965981996978,94.69525774145619,0,0
7,2021-06-09,IL,1.1398641926524424,0.9857181852720817,0.0,0.5479082816093093,3.1,5,1.6341932413183047,0.473555607253845,1.8456807138846734,4.8840194532201755,0.22571975241199782,0.5175020845450569,52.07044019820364,0,0
7,2021-06-10,IL,0.22033092785753636,0.0,3.0,0.6966060642149898,4.6,6,0.5773043590654657,0.7687947133392498,0.6557878170140677,3.620639776843345,0.0,0.9081812383287442,120.0,4,0
7,2021-06-11,IL,3.0,0.10043190363050103,0.3453818988566476,0.22390490989714498,4.3,4,0.5152853317455566,0.0,2.4221240736099325,4.503677350215439,1.7861200423226915,0.2518961393552619,120.0,1,0
7,2021-06-12,IL,2.1055625035299403,0.33759899453318476,1.7719166202095402,1.531754919629041,6.7,5,1.0555421876086213,0.2927853410330553,0.10382697265654664,1.6307668833028426,0.04874215192857578,0.559289833856436,120.0,1,1
7,2021-06-13,IL,0.7945900200355747,0.6580392036212106,2.3017041723919447,0.0,4.4,7,1.7437009048091245,0.0,1.491721858374158,7.154690345036133,0.0,0.2246695083772976,120.0,0,0
7,2021-06-14,IL,0.8837649554014241,0.6809152434040489,2.9492805672196947,0.0040096582645536005,5.3,4,1.28190173548891,0.0,1.4727021500728892,4.282990525694164,1.6686885965701896,3.905404747056706,120.0,0,0
7,2021-06-15,IL,1.819410613734879,0.0,0.41866152369380616,0.0,2.6,7,0.7094504881485639,0.5805922690492581,2.225547785102238,2.981460820795523,0.0,0.0,120.0,0,0
7,2021-06-16,IL,0.9713537010523389,0.0,1.1669390770628214,0.262470203247113,2.8,6,2.2214777013265365,1.0563015096224848,2.432192346197527,1.8117673609240266,0.5423863349819493,0.8032710771348368,120.0,1,0
7,2021-06-17,IL,0.9148674746432125,0.396684135151532,1.3321801839075633,0.0752232170199274,3.2,2,1.316848042222994,0.0,1.8615923882015029,6.109546882170202,1.8316843850070461,1.9226930845357042,120.0,2,0
7,2021-06-18,IL,1.657948443207309,0.0,1.9719813886998772,0.7964439874553283,5.2,5,1.6551577903536716,0.8468834776999732,0.6899936990477806,5.918721904530102,2.8666798440948624,0.0,120.0,0,0
7,2021-06-19,IL,2.2995433242521863,0.6232465347756013,0.5919328077692123,0.2727384658527977,4.4,5,2.230212474065887,0.28000663310962864,2.149696330535015,4.340559944631608,0.0,1.9993321882112318,120.0,1,0
7,2021-06-20,IL,1.1057403984956644,1.4159609901660994,0.8210976405858597,0.6687988959820148,4.7,6,2.2919451106849604,0.6700706440399908,0.20985835278661244,6.404622780201951,0.0,0.0,116.48468324631847,0,0
7,2021-06-21,IL,1.3147159576141447,0.0,1.9481954945384097,1.0039200871731613,5.0,5,1.3577108131387992,0.0,0.0,5.469755526459681,0.0,1.4913962542143904,120.0,0,1
7,2021-06-22,IL,0.7759284550309342,0.0,0.9446402993117443,0.0,2.0,3,2.337613355392994,0.28745314420701695,1.6330389206105598,7.0847116848277105,3.0613765410831553,0.4807356056521732,120.0,1,0
7,2021-06-23,IL,0.49927606451822815,0.0,0.9286022998663421,0.0,1.7,3,2.272846361866109,0.32261634473346973,2.102056082194204,6.267558934177986,0.7740761526999,0.3579414209899465,120.0,1,0
7,2021-06-24,IL,0.7467588883306402,0.1379339391495628,0.2427716636462498,0.0,1.3,6,1.0120865547409148,0.0,1.5133678698067048,5.941595874161924,0.008932244811685752,0.9518252395037885,100.01476720322162,0,0
7,2021-06-25,IL,1.4026365987515392,0.3408346000272713,0.806343558929254,1.7815698992986344,5.1,5,1.3180263219887054,0.0,2.717473119256818,5.4430816717671435,1.2363186644734123,1.1420397557659543,106.53951468970128,2,0
7,2021-06-26,IL,3.0,0.0,1.0457802616654484,1.36606844409374,6.3,6,1.9589231415445543,0.8072440038504909,0.02434912981718007,3.167063529138365,0.3169629944505079,1.6933789768576708,120.0,1,0
7,2021-06-27,IL,0.0,0.2530390234819775,0.7025720117593965,0.0,1.1,3,1.4446528707961606,0.0,2.286414970285602,6.14193140943489,1.2379784145614536,2.2074537103020084,120.0,0,0
7,2021-06-28,IL,1.6186363368978565,0.0,2.275913419833423,0.0,4.5,4,2.3398323057008836,0.4321712466565013,1.3889925626592095,5.316424386942102,0.5619214396445074,4.429561454454217,70.55522634275708,2,0
7,2021-06-29,IL,0.303398022622436,0.0811126584755959,0.30456475319703535,1.0170640949554661,2.0,5,1.7906824032155484,0.0,1.524462654719679,3.731268496616531,1.4719414410874472,1.4915097300166884,120.0,1,0
7,2021-06-30,IL,2.737511386691212,1.4681681060639262,2.6758050416809063,0.0,8.0,5,1.5395592413423813,0.0,1.0608914805279417,5.525967252644582,0.0,2.6417951915965663,102.49267205184228,2,1
7,2021-07-01,IL,0.6030317894065427,0.12580458997931582,1.555876547364592,0.716217827629121,3.5,5,2.1771357795348028,0.6016189509179429,1.2811086399052574,3.7021319603380194,3.4359611969581003,0.0,120.0,1,0
7,2021-07-02,IL,0.23353333036671503,0.6403347724737957,1.379485132483512,0.0,2.6,6,1.1371026077582878,0.4238290260448737,1.993196604426169,6.672517344812338,0.21133860883783218,0.904734268276397,120.0,3,0
7,2021-07-03,IL,1.3806019594635923,0.29938765568192116,1.2451243310486713,0.0,3.4,6,2.2113142267004027,0.0,0.7517626561142462,7.183927049299531,3.1510316672485117,1.4622330086631479,120.0,0,0
7,2021-07-04,IL,0.007936179963981715,0.27373652559658157,2.103751739673435,0.0,2.8,4,0.0,1.5804575331052975,0.5280547574145605,3.9533494936171305,0.0,2.3606774004026416,120.0,0,0
7,2021-07-05,IL,0.9952684182334992,0.19302922718001214,0.3048012038889297,0.7145427987600226,2.6,3,1.7543682185297824,0.0,0.2146136787323515,6.908846126362102,0.0,0.596838064468638,120.0,2,0
7,2021-07-06,IL,2.001535119387627,0.462621926555009,0.5730581413341597,2.3140126781981234,6.2,6,2.505252871054046,1.0684191234735345,1.755747048642343,5.273155208077739,0.0,0.33999157338345354,112.80427318019909,0,0
7,2021-07-07,IL,1.6247033214876738,0.0,0.5412355239351587,0.253061705989407,2.8,5,1.0989888551545453,1.3977886010649967,2.032172482656682,6.098629743432991,0.086653368999968,1.2172737850170137,120.0,1,0
7,2021-07-08,IL,2.648909280959087,1.2307492853621167,0.26939759959168885,0.2796725149915275,5.2,2,3.0860504151234847,0.7733475214255171,0.6928729182493799,1.3751557795509632,4.278629255661837,0.0044847990784222524,120.0,3,0
7,2021-07-09,IL,1.4673288517817091,1.3844884289870487,1.0717561733376313,0.1913335741562783,4.8,7,0.37169289136990624,1.6980408237131477,2.380320359060443,7.2518755062530715,2.3611022214521307,2.836324039398744,106.3299240624049,1,0
7,2021-07-10,IL,0.7182053212690573,0.9488840935885379,0.4537417561683985,0.2823720379936449,2.8,5,0.5904645308865615,0.7321971319650276,1.033886891993034,3.7855877937566516,1.6310033951586544,1.631162042555371,104.2344515430894,0,0
7,2021-07-11,IL,0.7866895455754818,1.4265867225678108,1.9284396040229765,0.13451189045869016,5.0,3,0.9850291623548427,0.6894808700768271,0.628653484235408,8.713697558838675,2.8842939328689576,1.6083560202466785,120.0,1,0
7,2021-07-12,IL,0.250767301453616,2.8783359574322507,1.079381970761338,0.783584996610655,5.8,6,1.6936268851637872,0.02384402488627896,1.6091757093919863,5.028413212848066,2.4574091468139856,0.8737285648531099,90.81090511298066,0,0
7,2021-07-13,IL,2.004404634018135,1.9765365140702862,1.5974091010297353,0.739401682448171,7.4,5,1.6113472549295453,1.0553946930758635,0.0,4.971489876265915,0.0,1.9028986810317972,120.0,1,1
7,2021-07-14,IL,0.0,1.906026574015727,2.872421047832582,0.0,5.6,5,2.6140070005042215,0.3425580013378552,0.969003384710746,4.88031836604714,3.7689239365155274,1.5011606973167293,109.39097226444493,2,0
7,2021-07-15,IL,2.9214026320427884,0.34276088719911235,0.6066780577486204,0.8544373850941918,5.5,6,0.7922409487569739,0.6546011197557378,2.637341719289478,6.722234980231969,0.5645891192675796,1.221667907368945,120.0,0,0
7,2021-07-16,IL,0.9221026920400724,0.895269328547641,1.3639902122599221,2.194278105319805,6.3,6,2.211928820877111,0.0,0.737102462376024,4.369310367873903,0.0,1.002984497568465,120.0,1,0
7,2021-07-17,IL,1.345615997138706,0.06695334752591409,0.7228080526940708,0.464476002663611,3.0,7,0.6584214414099652,1.5113802011827095,0.7523309015518895,4.851854384053769,1.8026971965874405,1.7686690312221764,120.0,3,0
7,2021-07-18,IL,2.119270184192303,0.0,2.666192348758151,0.5882090256027241,6.3,6,1.8938193251828894,1.462956192541932,1.188293116007324,4.634030862768782,0.0,0.8966738510959429,120.0,0,0
7,2021-07-19,IL,1.9539043644618788,0.0,1.5184938482309276,0.5038688688468131,4.6,5,2.453570865096884,0.14143110871947878,1.6371479079281808,6.611109775091834,0.0,0.0,107.1160408819935,2,0
7,2021-07-20,IL,0.0,0.37508430879037213,1.4280546865273969,0.0,2.1,6,1.1603952228138346,0.0,0.25227351042487095,5.249048663404431,0.0,0.4963026378011435,120.0,0,0
7,2021-07-21,IL,0.5442341456890942,0.869486269600251,1.8616189417757232,1.219015399731881,5.2,5,1.3540018478633853,0.11262481138481875,3.210717090025245,6.226340020323219,2.254158305310669,1.7792129967760755,120.0,2,0
7,2021-07-22,IL,1.840333530074626,0.7690211592418712,1.4999657436531935,0.023766600217904443,4.8,6,1.2277420759671736,0.0,1.5949558272745543,3.9365271841640546,5.980010221930919,1.337141582319503,88.7509403413806,1,0
7,2021-07-23,IL,1.7461245617265142,0.5351064492434272,0.04262090618081765,0.6732925445440557,3.5,3,1.6939523918748574,0.49406932996016123,1.7364699604400258,0.09822400940766074,1.4050505482831463,1.8334991285123978,120.0,0,0
7,2021-07-24,IL,0.4217336634430361,1.546781629623001,1.4265355472676395,0.6700954198917651,4.7,4,0.9265194149049312,0.7839816831426636,1.165941490948656,2.345937060852451,0.0,3.5669045414242895,120.0,1,0
7,2021-07-25,IL,1.2224862820648585,0.0,2.358067864132077,0.0,4.2,4,1.6272128209614931,0.0,1.5727391254733571,5.947521178791879,0.05255730094222688,0.3864462289006554,89.92800566526478,1,0
7,2021-07-26,IL,1.5099431258567333,0.7353337874570862,0.0,0.5772139320941914,3.3,6,1.0113754841975258,0.0,2.319417298379431,8.331588869358782,0.9681606081663139,0.47508120362376083,120.0,0,0
7,2021-07-27,IL,0.8570791765149007,0.4277630444675039,0.027156276210888813,0.0,1.5,6,2.688404386362013,0.0,1.3871627900453563,4.639224628329268,0.32533410075167524,0.02132443459750677,118.7937369136549,0,0
7,2021-07-28,IL,0.1632556815164065,1.0209010050590277,0.6230104503288598,0.0,2.1,5,0.6816308732571469,0.07015762127507297,2.068487448520207,6.30852271555971,2.8300806143448707,1.2029141066891724,104.5965006362065,1,0
7,2021-07-29,IL,1.1206989068463624,0.0,2.9561898492461016,0.0,4.8,3,0.4434834209889652,0.6106954977247596,4.145869815500571,3.2649325657476216,0.5572128940108071,2.0267125442852176,120.0,0,0
7,2021-07-30,IL,0.0,0.15256276628992763,1.1034282285906465,0.0,1.5,4,1.2471654428707308,0.0,0.5855834494127546,7.522493092455906,2.20371180437173,1.0183741577507637,120.0,3,0
7,2021-07-31,IL,0.9329194437229109,2.1711530253081834,1.9916667025957338,0.0,5.9,5,1.9607157500346424,0.0,0.44536692243933307,4.520772221786827,2.617053137136622,0.2912806884603154,120.0,2,1
7,2021-08-01,IL,0.6787826023138146,0.4535332169291413,0.5324033881959541,0.0,1.9,5,2.3026954484973476,0.3785039741574654,1.711698678307418,6.5834110156443195,0.9129813421012818,2.168437422136959,120.0,2,0
7,2021-08-02,IL,1.4762005705618257,0.7057371773698038,1.8997304303385358,0.0,4.8,6,0.010515506358937166,0.0,0.8122334049259492,4.898842660475405,1.5585824501125192,1.2521956780591916,80.80517875024893,1,1
7,2021-08-03,IL,0.0,0.0,0.0,0.10012336363216542,0.1,8,1.678229417143529,0.38654177559330327,1.7765659961342823,5.228650271383535,0.0,1.1082792077280752,120.0,0,0
7,2021-08-04,IL,1.8574189566586101,0.0,1.9204846749782076,0.29722483936219285,4.8,6,1.7631625987603985,0.49412552114426284,0.0,3.5225612684049006,0.2660682644376726,0.9142145791602979,120.0,1,0
7,2021-08-05,IL,1.6035870528181884,0.6948394522722275,1.1328110355215342,0.0,4.0,5,2.3885696999619235,0.0,3.1344909910586902,7.724742944496291,0.049563555425567785,0.8923397401309465,120.0,1,0
7,2021-08-06,IL,1.6812803003378725,0.4630307362795143,2.044553146377411,1.7096589930550379,6.9,7,1.3037560453109553,0.0,1.4726965796242042,5.10580480613144,0.0,0.5309545268614715,120.0,2,0
7,2021-08-07,IL,0.6733988665131099,0.4194551357428159,2.014943163928314,0.3019689700631809,4.0,5,1.4908604032824093,1.5163686242636751,2.703448981007122,4.95669965329651,0.882497062382471,1.1766862989185105,120.0,0,0
7,2021-08-08,IL,0.7662777461979599,0.0,2.571207450536988,0.6825576738050501,4.7,4,2.208176714613499,0.5939137421874687,2.037367038242296,5.04953387169803,1.9893151394110917,0.0,76.5644751926819,0,0
7,2021-08-09,IL,2.820514020246331,0.6235408802178183,1.9308027407556967,0.0,6.3,3,3.2113933997828723,0.0,1.6462802878487286,8.16516107003083,0.0,0.620184000100998,120.0,0,0
7,2021-08-10,IL,0.007870873690515562,0.0834378742025026,3.0,0.3964726129149889,4.1,7,1.6666027065333107,0.051740177959710754,1.1984246448326745,5.814108491390418,0.0,2.2363609937891473,120.0,0,0
7,2021-08-11,IL,0.0708784908361193,0.862665236696935,1.6187179198146844,1.1831179047128053,4.4,6,3.138749364584174,0.0,0.5368080653485198,3.544609645094281,1.3952010128193255,3.1356984135597865,81.44850604388566,0,0
7,2021-08-12,IL,0.0,0.6809336157667536,2.2563165649263675,0.20632747218074488,3.7,7,0.9542973116061745,0.4690617846259064,0.6265094471766322,5.36469211386072,0.0,1.038076638782822,107.59609741335251,0,0
7,2021-08-13,IL,1.403578357433552,0.39584170724000334,1.8409888227193871,1.0304791217380807,5.4,4,1.803072552121025,0.0,2.8246259281890316,5.27088049928421,1.56151344553995,1.003908767960007,96.268921694034,0,0
7,2021-08-14,IL,1.3143222167642072,0.37318252528794205,0.39996504315871584,0.02279065086119534,2.5,5,1.6286675403000774,0.13782390718634346,3.332620346439418,6.8740304857981815,1.8256607697927865,1.0445932658876513,106.63677777643865,3,0
7,2021-08-15,IL,2.8480082630510877,1.2590426574484903,1.5946356942309476,1.1342795999635131,8.0,7,0.8543813853380748,0.4474597347763662,1.394643872062977,6.190242906339783,1.4228336544576903,1.6478313403243146,120.0,2,1
7,2021-08-16,IL,1.4243146021939745,0.08112516704884731,2.9473163604797525,2.157584780169974,7.7,6,1.1702773533519966,1.5312473462246907,1.3935158330549113,8.504858825792606,0.0,1.2615863282750162,112.41655979701989,1,0
7,2021-08-17,IL,1.1946103880012895,0.0,2.366357919736683,0.0,4.2,4,1.3915635587302235,0.019836937222468043,2.246009126082249,4.4807862338056825,1.8532114096718124,0.7762274220251126,97.30175204455207,0,0
7,2021-08-18,IL,1.456203640837564,0.10068660554271314,0.3784027020377375,0.0,2.3,5,0.6640317324868213,0.0,1.5163994600346673,2.8787752518460152,0.1671118858468401,2.2907047046114424,91.21250845588212,1,0
7,2021-08-19,IL,0.5392019034365364,0.0798380888715231,1.76375732240251,0.2441892412054818,3.1,3,1.6892764156718354,0.3051376910562069,3.0384988182643564,3.0712641141752464,0.11928420117604377,0.10790590152084145,120.0,0,0
7,2021-08-20,IL,0.05222757880148965,0.0,1.0342940502843392,0.0,1.3,4,0.9379244340597603,0.0,0.7851743469387404,2.6174202264272908,3.3839662931959915,0.0,120.0,3,0
7,2021-08-21,IL,0.40851414021982346,0.4171565622920076,1.6001430178773255,0.0,2.8,3,0.8148568687624063,0.49679780533860907,2.4682059795904836,5.357017054173359,2.2148130587161607,0.0,120.0,0,0
7,2021-08-22,IL,2.821407684353586,0.3176723334869691,1.8671470128404786,0.0,5.8,5,1.4337463222329037,0.3283631458667491,1.6977166384365234,2.171070236321957,1.6232912297373496,0.0,120.0,0,0
7,2021-08-23,IL,0.07815049684235087,0.0,0.7777184211895125,0.0,1.0,4,1.5512250074364748,0.2785551975615636,2.444063680804144,4.0794272864325976,2.1480448757699984,1.040701658866249,120.0,2,0
7,2021-08-24,IL,2.705168716335658,0.6640805751691262,0.8911591357857962,0.7827032921227045,5.9,4,0.7554133471696471,0.0,1.4360429948441,6.504011803868057,1.5766153974555015,1.4289964665050394,120.0,0,0
7,2021-08-25,IL,1.085479008192756,0.5971479876429411,0.8199782761680438,0.2795292607001345,3.2,6,1.1364562348144145,0.7382670237419424,1.4529967893671043,5.841981062085935,2.0461064164699367,0.8115213465693059,103.47049886478165,1,0
7,2021-08-26,IL,0.411934161220025,0.0,3.0,1.1269058138416403,5.3,2,1.432859348291204,0.5223368159837838,2.2082009164046927,6.1516491288783275,0.0,0.5558385157991013,120.0,2,0
7,2021-08-27,IL,2.052770842672567,1.3027871405862284,0.6096937926109149,0.0,4.6,7,0.9222163206027786,0.0,0.6980590670555795,5.0734262915814,0.6764871762451095,2.087647466672586,120.0,1,1
7,2021-08-28,IL,2.0959524717394116,0.15961516877140403,2.194878424113755,0.0,5.2,3,2.3379858544453374,0.07383158352656602,0.6287847348532885,6.591665419640094,0.0,1.2386003218083501,120.0,0,0
7,2021-08-29,IL,1.8730878653363638,2.132431643724565,0.0,0.0,4.7,5,1.8615685104336377,0.18551554065599085,0.6433717373169653,1.3071036984426345,1.1485460217328063,1.5284506655060384,104.16708176807103,1,0
7,2021-08-30,IL,0.38418477142532736,1.5994622927984272,1.4960206173828523,0.0,4.1,5,1.2829243409030051,0.6112634779718917,2.1711680005193497,5.062813382318789,4.650734289814245,2.7796526813381393,120.0,2,0
7,2021-08-31,IL,1.7580508876560565,0.0,3.0,0.37403122318311544,6.0,5,1.6320699963242677,0.3657428595599008,2.769671778466466,7.605697134065818,0.5817693405530964,1.165105538359316,120.0,2,0
7,2021-09-01,IL,2.0525046939137823,1.1442258237799678,2.015711583731428,1.3662594494569662,7.7,6,0.8339381862369915,0.0,0.9353436931272914,3.5441152389155954,2.1973648086894233,1.9233231286994286,120.0,0,1
7,2021-09-02,IL,2.844976505803878,0.4606802756945605,1.6890592754855005,2.060794334283466,8.2,4,1.5737136551489361,0.0,0.9291646868704878,1.6049184365663443,0.0,2.543365614170602,120.0,1,1
7,2021-09-03,IL,0.567215210583518,1.4985137816557474,1.558139243841941,0.0,4.2,7,0.7240383456137045,0.0,3.223904603114512,3.322511527889672,0.0,1.3991574080232554,120.0,0,0
7,2021-09-04,IL,1.0609956407397934,0.30037110531904254,0.46287764548259197,0.021997716185374383,2.2,3,1.190577297905858,0.159638050306942,1.7037618584055911,6.8624166855749245,0.0,0.2246524014724285,120.0,1,0
7,2021-09-05,IL,0.5056358338833977,0.11007512717294299,2.3703683125226593,0.19103502986960763,3.7,5,1.3068870263707082,0.0,1.8844846075883999,4.716216341992995,0.0,1.0749206677065528,120.0,2,0
7,2021-09-06,IL,0.0,0.0,1.659830946221248,1.3517008263483798,3.5,3,0.8856443629049444,1.0374754108187272,1.065159680559767,5.094970037721295,0.0,0.018089233771684476,120.0,0,0
7,2021-09-07,IL,0.5965763087959786,1.1290094301733857,0.6671990614667235,0.5717261619220133,3.5,6,1.0816363758664307,0.0,2.3957901627255853,4.95814437380189,0.769279004681274,2.5657033579844786,108.03362896879108,1,0
7,2021-09-08,IL,0.015414901245845325,1.8609359549382039,0.9882694197457924,0.47280403699868834,3.9,4,1.8817758928052422,0.0,0.9792847609003881,5.552884849320618,0.44209483174051734,0.8666940715916687,120.0,0,0
7,2021-09-09,IL,2.106590696134079,1.6050842309701343,0.7731623208613712,0.0,5.2,5,0.7337503883971989,0.0,0.985957471032229,3.512727576649745,0.0,0.5639718511615599,120.0,2,1
7,2021-09-10,IL,0.0,1.3178359483476478,1.8686651406518662,1.1600847056201444,5.1,5,1.6734867668102904,0.0,1.4338322161584238,5.803006906803511,0.0,1.2354064160693985,120.0,1,0
7,2021-09-11,IL,1.8715134838109702,0.0,2.1767371985374426,1.0153578409530473,5.9,4,1.5709816859674306,0.7310587485457591,0.7750785117203627,0.30670954267170786,0.0,1.3497226204662884,120.0,0,0
7,2021-09-12,IL,2.088900131313231,0.0,3.0,0.0,5.9,4,0.9809493529283413,0.0,0.5258052098630257,3.1087345853741666,0.0,1.085805200725493,120.0,2,1
7,2021-09-13,IL,0.9113688763097745,0.2072608317735245,0.6512704128096478,0.0,2.1,7,1.5805818101830766,0.0,2.064221270086886,3.120955339644097,2.5873643981244534,0.46137779977161975,120.0,1,0
7,2021-09-14,IL,2.899595817148404,0.0,2.151394685334962,1.5976010262483957,7.8,6,0.6032580767696173,1.655143281034175,2.44305013654653,2.40554597812006,2.3048981445669865,0.6315936010121399,119.82916167153559,2,0
7,2021-09-15,IL,1.8962920051038794,0.0,1.3469382551660716,0.1968634785233121,4.0,5,2.156760931812644,0.5498365240510011,1.8629872645780265,3.474879426849376,1.380901871851707,0.9223651566577631,120.0,1,0
7,2021-09-16,IL,1.7519414744732322,1.6213054467592793,0.11387062321751662,0.9555455057362532,5.2,3,0.0,0.05736051856245297,0.6763854267571064,4.436222396280795,1.8932558166128244,0.0,120.0,2,1
7,2021-09-17,IL,3.0,0.08514219193117034,1.0553219720675335,0.0,4.8,6,1.4982784890060343,0.0,0.21785128021151268,5.663560652815232,0.31887887959950767,1.0367449388540002,90.27817712022521,1,0
7,2021-09-18,IL,1.1222975891982039,0.19471749059812915,1.8017001784371982,0.18749454483417471,3.9,5,2.193643923922121,0.48800988866743744,1.1519047299831748,1.9324170762889685,2.897205848210243,0.5912158801834182,120.0,3,0
7,2021-09-19,IL,1.4529521870667732,0.696307338267905,1.3008139236825653,1.3595013064292258,5.6,4,1.6264376885620082,0.45951603279360037,1.2943197076301267,0.6593864274863703,2.5494742004054194,0.755354349130857,120.0,1,0
7,2021-09-20,IL,2.81225168295163,0.6821087779761708,0.9368849627452688,2.4655067069661265,8.0,7,1.219528523664148,0.1676355302464572,1.0017442201753448,4.796850601745707,1.8279752237195221,0.4685036322738243,115.75873744507706,0,1
7,2021-09-21,IL,1.7361040819506393,0.21661379732091424,0.8902568838470793,1.5001443968025647,5.1,3,1.2021920496997551,0.3297093308081649,2.6819762576486115,0.68618567879054,1.3339751714883576,0.8874969232577008,120.0,1,0
7,2021-09-22,IL,1.6863271419777666,1.62164807772686,1.1428115100229017,0.4287060682365481,5.7,4,1.0457792621677677,0.0,2.6490350173999304,4.335407972977963,0.6327703187273268,2.7596995366941215,120.0,3,0
7,2021-09-23,IL,1.556037163885539,2.518329770905995,2.4074712730694396,0.7031421354167022,8.4,3,2.4352375251334486,0.6997376023324422,1.1796771504410057,5.385309948846329,0.3942929707434386,1.066750876261705,99.40421569376431,0,0
7,2021-09-24,IL,0.016148646013102397,1.2703196244680357,0.20010351838961554,0.0,1.7,5,1.9474659145109656,0.8686071367058832,2.070583180528445,5.082292723572807,0.5619527128789108,2.6322188175296315,120.0,1,0
7,2021-09-25,IL,1.0659837165726915,0.0,0.152538762386465,1.1753223795867385,2.8,6,1.529591509668624,0.0,1.124474037378886,7.509935489201627,0.22003031973654785,1.3447082514581736,104.71855867595464,4,0
7,2021-09-26,IL,1.4903764103141914,0.0,2.444031535374284,0.7038569617005267,5.4,5,1.048194813787926,0.07104793653841901,1.3784061466828181,1.7479905948651255,1.6286535257880361,0.4515653729752558,60.583178088656155,1,0
7,2021-09-27,IL,1.5784074033173154,2.0254799402117696,2.407161095569389,0.9767282302410376,8.2,3,1.629930666312264,0.0,0.8072527917422765,8.086749698609214,2.5034199122106022,2.540628826899779,72.4230547215393,0,0
7,2021-09-28,IL,0.0,0.7405868503896003,2.2648761580734806,0.614053948272559,4.2,6,2.617621418082968,0.0,1.8650709266604926,6.038590374106278,3.18962411141514,0.3614521855417012,83.35436406898619,0,0
7,2021-09-29,IL,0.0,0.7261212450543999,1.4229169502459929,0.37081109574358606,2.9,6,2.1056899081561817,0.27784497371406547,1.3628417594008764,2.342294552076988,0.0,0.0,120.0,0,0
7,2021-09-30,IL,0.9896695126851224,0.0570960008476582,0.41524371045860736,0.9821322754711739,2.9,3,1.9642278838362832,0.3429516004792487,2.6645745187575667,5.2285724294977625,0.0,2.069722897531076,120.0,0,0
7,2021-10-01,IL,0.9564949217093919,0.4618948041768369,0.56754571226959,0.740231221937136,3.2,6,1.0167356518299009,0.0,0.271122715766403,4.151552824554285,3.1269787191110296,0.0,120.0,1,0
7,2021-10-02,IL,1.4282325079185432,0.08648267761581963,1.2958234328528477,1.0993740729179322,4.6,3,0.5595403628565438,0.0,0.3715323723038496,6.503746076083708,0.0,2.718565706019949,120.0,4,1
7,2021-10-03,IL,1.5337098972128271,0.01956338660450796,2.7859476109677965,0.6519287771895858,5.8,3,1.470515566494075,0.877630672022418,2.2722533852499582,2.815876477756465,0.12656868293850065,0.0,120.0,2,0
7,2021-10-04,IL,0.0,0.2525324116438332,1.3792168458034413,0.0,1.9,5,1.1094288756752746,0.0,1.2551743820319727,2.5593606172555767,0.0,0.5750096914806835,120.0,2,0
7,2021-10-05,IL,0.048630714015025986,0.6983873317504032,1.8991472699852483,0.25057717197134455,3.4,5,1.597377006662024,0.0,2.4870763271807785,3.5507226978487663,2.6608738091042894,0.45757559888592203,120.0,2,0
7,2021-10-06,IL,3.0,0.0,2.692862697840255,0.6026669568513118,7.3,4,1.1292355398921408,0.8871553145240105,1.4709255376249593,7.0677746859637125,0.0,2.626117711186848,120.0,3,0
7,2021-10-07,IL,0.5273478855813845,0.7421304241798736,0.8874519408473036,0.010996850161533595,2.5,4,0.6376420112451333,0.30735154890955424,2.01330001275697,2.7520458055630788,0.013618469450538573,1.8375817740090334,120.0,0,0
7,2021-10-08,IL,0.0,1.565698116530203,1.8873623818736496,0.3149261425485067,4.4,6,1.9897126585993334,0.13916696578324111,1.265810272200377,7.22590267014735,0.6056305120728127,0.7471612628980688,120.0,2,0
7,2021-10-09,IL,0.9460329889154291,0.0,2.942793202319058,0.43780174497613566,5.0,3,1.0199129216499054,0.8433106513127431,1.3680897381271213,0.8425597568115604,1.8392909801557935,0.3824035708246458,108.33997738689258,0,0
7,2021-10-10,IL,1.240997307535143,0.09588637144122636,2.5494636772201926,0.0,4.5,4,0.6737140855422046,0.24354885556214573,0.7197761332854296,3.435077703121591,0.0,2.212316080715653,120.0,1,1
7,2021-10-11,IL,1.983664969822527,0.8122262318187565,1.484406970531104,1.6122602687188798,6.9,4,1.2443166339506813,0.0,1.4147350318157406,5.184664042604809,0.1360803523324705,2.005066506333212,118.40733271558963,1,0
7,2021-10-12,IL,3.0,1.8910228871423298,0.45772425354119844,0.33498688197247184,6.6,6,2.336724217912489,0.8875333001405694,2.366527149714242,5.00143690167432,1.2160377834580856,0.40671206631133927,108.8839469897749,1,0
7,2021-10-13,IL,0.0,0.0,0.2600218111660575,0.4136649100548455,0.8,5,2.4686767127717997,0.0,1.1863306639375477,1.4170919139774663,1.1790964175303162,0.31034889011810374,114.172685920214,1,0
7,2021-10-14,IL,2.0917068887307986,0.2399526025652935,0.0,0.0,2.7,4,0.9347274335704876,0.20593555813838926,0.0,3.778909693816302,0.25559011041869084,1.3467740776002495,119.07153721147064,3,0
7,2021-10-15,IL,1.5539260719922443,0.0,1.1327471461385097,1.2209135837428777,4.6,4,1.256319666022931,0.032576856743299965,0.6219016035515748,6.904801269400186,1.9062287875667177,0.6027035405880006,120.0,1,0
7,2021-10-16,IL,1.9202821185131373,0.0,2.060024429215519,0.2238418483149785,4.9,5,1.2697823379905966,0.0,2.4984332981339734,5.642641294117017,2.0344224833521105,0.0,120.0,0,0
7,2021-10-17,IL,0.40947708650042125,1.3017280344340947,1.8256726778357482,0.0,4.1,6,1.8480818785931832,0.0,0.36923218512288414,5.587063908204185,0.2143349546525024,0.07995364663740356,112.52700782326816,2,0
7,2021-10-18,IL,2.333872933668623,0.5329598613498208,0.0,2.011489326966557,5.7,5,2.1552081253990134,0.13490423649181582,2.6836598004838095,4.93053755715815,1.7771752069619977,0.0,102.26670326648615,4,0
7,2021-10-19,IL,0.9006506160912169,0.966233326543107,0.0,0.030204179406942276,2.2,4,1.6416258619872939,0.24429522813786952,1.249959596773772,6.813226745808553,2.586268963694081,1.4177926555548939,116.29846146619612,1,0
7,2021-10-20,IL,1.762421282911124,0.0,1.888369423890158,0.31670686769208367,4.6,6,0.6287804177782432,0.9913181972629483,1.0756713035786918,2.349058269616602,0.0,0.8146611395117445,113.22194022278073,1,0
7,2021-10-21,IL,2.0076416095542204,0.6816567840658971,1.373685702342553,0.2761868938201082,5.1,5,2.118255589754199,0.5176047349892849,0.3068298040750217,1.7869782850197826,0.25436280420118695,1.0593679293929044,120.0,3,0
7,2021-10-22,IL,0.714152825384732,0.004791845014430862,0.7967889464269933,0.37354551876485,2.2,6,1.4278691120976976,0.8936464747750947,0.5969701947645303,5.243232194300068,1.8050091734726945,2.389935331985961,120.0,1,0
7,2021-10-23,IL,1.4384077088277998,0.0,1.562773653068274,0.0,3.5,4,1.6697578318710111,0.7205454095823102,0.4844792764786543,7.030463797609616,1.2445091145281804,1.177174843610063,120.0,1,0
7,2021-10-24,IL,1.6921824337670743,0.0,2.2026673632427363,0.19880191799399782,4.8,5,0.6648372614849383,0.45386673179554127,1.5274608092471076,4.662432509586205,1.005768309731768,3.9521531537886467,120.0,2,0
7,2021-10-25,IL,0.0,0.7131711603428464,0.09711352077188928,0.0,0.9,5,2.51345913088843,0.25462489174137803,2.787133595019719,4.034804605042853,0.0,0.40460610286837406,90.46919941171325,0,0
7,2021-10-26,IL,0.09810807279096101,0.8906880900951144,1.3919113376213974,0.0,2.8,5,1.1239150101528526,0.1345410025725013,1.422384488714529,3.6204963097675904,0.0,0.1439142178144825,120.0,1,0
7,2021-10-27,IL,0.0,0.9830045143254649,2.268164264340318,0.22438090021274448,4.1,6,1.6104872207037049,0.5065652697526142,0.0,4.5241222679965745,0.9064706998079651,0.0,120.0,0,0
7,2021-10-28,IL,1.076539478943749,1.5077140588906737,0.4090065185142506,1.2326900967821277,4.9,4,0.40507315085206275,0.0,0.0,8.291581149246124,4.388246033270909,0.0,120.0,0,1
7,2021-10-29,IL,1.2753297735732323,0.07372176606001357,3.0,0.42189471689839386,5.6,6,1.149317146081937,0.15540359834241504,1.7299739298732315,3.374531989344402,1.50208892794569,1.8474376321342667,120.0,3,0
7,2021-10-30,IL,2.8010847609736795,0.6044570326225247,0.6203314424674631,3.331395718732336,8.6,5,1.2100437110439612,0.0,2.59459708751798,6.751087214988865,0.0,1.5688629841462225,120.0,0,0
7,2021-10-31,IL,0.28288608891099876,1.2808275245802077,1.9328993046514173,2.0807388307299153,6.5,4,1.0290368198727005,0.1512892777112077,0.9250449229847448,8.114060259704235,2.8258627126135,3.257951020085618,114.20196717327056,1,1
7,2021-11-01,IL,0.4128910023479424,0.45033504231111166,2.4231726604116606,0.3993306629764274,4.3,3,2.9690310917534637,0.0,1.8387359367323213,6.717827455988949,0.02464150409838095,1.8334017528755417,115.69107744885888,1,0
7,2021-11-02,IL,1.9152731615957785,0.3866426857870374,1.7921174918160783,0.0,4.8,7,1.874933553448579,0.20329132418129742,1.5189307943381234,8.518934899228205,0.8567232379668355,0.0,120.0,0,0
7,2021-11-03,IL,2.61456993786887,0.8916650041482184,0.6011475442845521,0.7702665664128499,5.7,7,0.9100311999065229,0.9472195808356094,0.7609893282453213,3.687029727947741,0.0,1.645169794409835,120.0,0,0
7,2021-11-04,IL,0.9212237998706129,0.13192080864650602,1.3207855165635158,1.2586323240536552,4.2,3,2.4729441983620157,0.16920401060586693,1.4766361091911047,0.5310304835310815,2.7944918628919,0.0,120.0,0,0
7,2021-11-05,IL,0.1827342111161503,1.2178040539467743,0.2618916902865799,1.2764079436596127,3.4,4,0.8453527758383019,0.4356378119930899,1.5789792048842721,4.34316868080652,3.325873472367457,1.8403442847782399,120.0,1,0
7,2021-11-06,IL,1.861524089491944,0.05715637687445385,0.70671024725752,1.2550779451348393,4.5,5,0.18424661960914146,0.0,2.5813820719307756,6.856519455914609,1.143818754554104,0.29195589941447286,120.0,3,0
7,2021-11-07,IL,1.217922400319858,0.0,2.003933660806963,1.1027932618237923,5.0,5,0.17175527181309225,0.616277157152922,1.1658849322078226,1.7514658819457631,1.4034059520622775,0.6373350870117829,120.0,1,0
7,2021-11-08,IL,1.9377650622856941,0.7132875294711648,3.0,0.0,6.6,6,2.0080410976913905,0.0,1.7749475888650115,1.7942220158636348,1.8231467403210848,4.687296665569967,120.0,3,0
7,2021-11-09,IL,0.3877102115925497,0.0,0.05541354341011229,0.0,0.5,5,1.968345202126657,0.0,0.7234675679050444,5.848758545280887,0.0,0.0,100.7852392746775,1,0
7,2021-11-10,IL,0.0034500269226456215,0.0,1.9010648475961625,0.0,2.2,3,0.5085735446519648,0.3323440101190488,0.0,4.692576024510245,0.9767457477723234,1.7515027516422585,120.0,0,1
7,2021-11-11,IL,1.1153970643192161,0.28963117580590136,2.124670922823609,0.6952705026243389,4.9,5,1.2551745189059247,0.7500036418606864,2.6604212819050232,3.3305584372153945,3.4804966111417563,0.9889877767672368,120.0,1,0
7,2021-11-12,IL,2.765188382747894,1.7140222749208824,0.40421045722725385,1.126991994219277,7.0,4,1.5893817629577722,0.0,1.5696962307244156,5.367919775211284,0.38416510257942305,0.2928319708281053,120.0,2,0
7,2021-11-13,IL,0.5548548274496761,0.22334931929228974,2.249099811168747,0.19242459875628304,3.8,4,0.5816288156802083,0.0,2.3342891413104185,3.056838316708041,0.0,0.24549545436490305,110.66037441240158,0,0
7,2021-11-14,IL,2.927544721266133,0.03873660589314354,2.137103706552752,0.0692233861141931,6.0,6,1.8217745780205075,0.45771773240213,1.7517452658115937,4.131603560485843,0.0,1.3994582753045954,120.0,0,0
7,2021-11-15,IL,0.550771743332306,0.0,0.9765831312340459,0.816415300769479,2.7,5,1.8885250261954118,0.941757064329467,0.9372899887384112,5.93504177729529,1.792797721325737,1.159982652549593,120.0,1,0
7,2021-11-16,IL,2.4721632575012085,1.8280981934211555,1.1474208944741422,0.0,6.4,5,0.9940908280153208,0.0,1.0045421121881215,2.336074049823752,1.9110008483233631,1.9823144174444072,120.0,0,1
7,2021-11-17,IL,0.7254739774317136,0.07975781539835465,2.3870518734318065,0.6351456575028779,4.5,7,1.590347049120264,1.412405094110768,2.376281598590757,8.34505795824476,0.40348589958151937,0.0,92.26262093439922,0,0
7,2021-11-18,IL,0.6437310013807072,0.44694311943340015,2.6269872432641317,0.528439295202811,5.0,5,0.7248053980354959,0.10912560587316938,2.0565222899176376,5.665533360324645,0.5526424698205994,3.6660067540913803,120.0,1,0
7,2021-11-19,IL,0.0,1.3951247850263637,3.0,0.1346657235762455,5.3,3,1.444412411086669,0.23131907371092128,2.5255984736509975,4.172395976062404,0.0,0.3472522661556294,120.0,1,0
7,2021-11-20,IL,0.48077535209082456,0.0,0.0,0.9934350249454497,1.7,6,1.5960241315811334,0.0,2.3404302390026337,4.235567243717764,1.5053098286610789,2.237175834871385,89.8183894674636,0,0
7,2021-11-21,IL,0.8778973839922418,0.0,0.30601471250315126,1.3838291648371075,3.0,3,0.0,0.03226621455986489,0.9052826646392068,4.927855356505589,2.333754770596698,0.0,120.0,1,1
7,2021-11-22,IL,0.7881084186215331,0.7599425378445288,0.892775207665083,0.0,2.8,6,1.3178866910831102,0.0,1.457675772741187,7.323478767235901,0.0,3.6596803022274056,120.0,2,0
7,2021-11-23,IL,1.5674490036271065,0.65877526573462,3.0,0.09567327573038653,6.2,3,2.4362392497797734,0.8946997967634187,0.21281450432034288,6.464659474701618,0.6625955053664554,1.913901476939885,120.0,2,0
7,2021-11-24,IL,1.5833827900673603,1.3216863482000663,2.6768959449392353,1.08904040757399,7.8,6,2.2502334409087292,0.9671222078641136,1.3588652770795173,4.963842060233477,0.15930727581486392,0.0,120.0,2,0
7,2021-11-25,IL,1.8804382046598334,0.23325473040949551,1.0285373637922368,0.7850130221797772,4.6,5,1.3916222017073048,0.0,1.284291810103534,0.7029949361940351,0.0935845800560764,1.5879614168821958,120.0,2,0
7,2021-11-26,IL,0.7338342862690335,1.6244767987947173,1.4851755780156761,0.3944436272858895,4.9,4,2.715621017507467,0.0,1.6092209656675354,0.5089562587024345,2.310942076314249,3.0030182582993064,115.28659732478677,0,0
7,2021-11-27,IL,3.0,0.0,1.5383638441014167,0.7907329125692881,6.2,3,0.0,0.0,1.2626748817874147,5.20222520328487,1.750317034099416,2.1950054531110674,120.0,2,1
7,2021-11-28,IL,0.15941930600686507,0.3049474549886435,1.5754734479089136,0.7381083790389719,3.2,6,2.4513815054541377,0.02677030990639262,1.4250499046649021,3.268513549631828,0.0,1.1466101189057523,120.0,2,0
7,2021-11-29,IL,0.1525614141176027,0.46593404430401675,0.8473993120401074,0.9360413351677292,2.8,6,1.419273450088459,0.9970600591786392,1.7221792143633532,5.556649780694977,0.30537020755198174,2.2725783032034292,100.40247151863822,2,0
7,2021-11-30,IL,0.01939779407139164,1.1762872075050024,0.12188430975299691,0.17687877645579858,1.7,5,1.9299125295875685,0.38160819282675407,0.3904881365938929,3.0476864475953462,2.2792974925363683,0.8033373401537935,100.87843220237669,0,0
7,2021-12-01,IL,1.980549157042446,0.0,0.5998832338223905,1.1422059830402418,4.3,6,0.8919885479139241,0.6999722726789046,1.944055108080819,0.0,0.2900549938770072,0.9938568058083292,120.0,1,0
7,2021-12-02,IL,0.2737856242318504,0.0,0.6849858534482891,0.4702138809140275,1.7,5,0.9136328701455765,0.0,0.20039213373384634,5.439571309724621,0.13006910333813204,0.0,120.0,1,0
7,2021-12-03,IL,0.5534254872767463,0.8125205280146222,2.010417557661965,0.10908150872600142,4.1,6,1.319383571587177,0.0,1.0587722152736965,3.241045703630088,3.2167761910273,0.5535042786297166,120.0,2,0
7,2021-12-04,IL,1.3480363315513664,0.8472399096247405,1.7440748180854584,1.0667165170665929,5.8,6,2.345066986818965,1.9440634894609203,1.1892803386394402,7.2735626584565525,0.875544586003856,0.0,105.10305122169517,0,0
7,2021-12-05,IL,2.2859833090050543,0.1285359488338462,2.362336401018639,1.1804912840336061,7.0,2,1.0413348422656261,0.31610835806354276,0.3690066649792068,4.089894191809311,3.0615244280735894,0.9227167615596819,120.0,2,1
7,2021-12-06,IL,1.601336029388206,0.1805058800232784,2.2775781514668454,0.0,4.7,3,1.5786454221656119,0.5411237275413087,0.0,6.757642902027394,0.05263972652127524,1.3501812826898945,120.0,0,0
7,2021-12-07,IL,0.13483444161235647,0.0,2.136891238770218,0.08616068194454751,2.8,6,1.343651984676807,1.1559949869472397,2.8391587834557837,4.722400472787145,0.5736450211791319,1.6306566553115223,77.421492671387,2,0
7,2021-12-08,IL,0.0,0.4198514703787475,2.3236938435573165,0.3450493999654362,3.6,7,2.8383592481997084,0.0,1.07010006904021,4.607543601149688,0.9481310964093801,0.0,120.0,0,0
7,2021-12-09,IL,0.41799489077965046,1.520184441596495,1.812367812009581,1.1579558495640472,5.7,5,0.6340462557515578,0.0,1.1782721235825833,6.596093967303539,0.0,0.30917074743339956,120.0,1,1
7,2021-12-10,IL,2.844939969260266,0.0,0.5416413560008708,0.6900340197764827,4.8,3,1.1539533995505304,0.41228689468444046,0.0,1.3014461855071193,1.2250817692953024,0.4227197099850306,120.0,0,1
7,2021-12-11,IL,1.8010554750100412,0.0,0.6007424862155222,0.6032692294946737,3.5,5,0.5095274134276839,0.29441967863460666,1.199504410938836,4.764914511179229,0.11449503260517924,0.6825217856858137,120.0,0,0
7,2021-12-12,IL,0.3806080493503079,0.9159812027084442,1.2757445256528235,0.22215785963421886,3.3,7,1.8001028421514484,0.0,0.06929135520839746,3.134538466621658,0.0,1.6849521867979373,120.0,1,0
7,2021-12-13,IL,1.675006991669892,0.8723548695683192,1.9680386505715202,0.32335440192633796,5.6,4,1.3342865215410187,0.0,1.2778942993352846,3.9905140898078066,0.8335798738091023,2.213966112969045,111.78488682026776,0,0
7,2021-12-14,IL,1.7553898100127983,0.0,0.6332567594636742,0.0,2.8,3,1.5838345851187232,0.0,2.725181171959457,6.0276760205484745,0.20244980334238982,2.654093594232899,120.0,2,0
7,2021-12-15,IL,0.8875176717701085,0.0,0.0,0.22172259419259654,1.3,5,1.265017499868415,0.7646305012987862,0.6531152299307658,2.5619565099054835,0.0,0.0,120.0,1,0
7,2021-12-16,IL,2.2725668353053075,0.7862901483993092,2.3217320309821607,0.0,6.3,6,1.2765100941200402,0.9538290962436766,0.10261515154872508,6.830813953564361,2.342032806254129,1.895857853201232,106.10130047178198,2,0
7,2021-12-17,IL,3.0,0.31680479729079924,2.6728444846732744,1.1933760025453863,8.4,6,1.4531001461361635,0.0,1.3631863674266094,5.646508704439148,2.725752123298214,2.387881723779476,117.3833966439723,3,1
7,2021-12-18,IL,2.260665128502476,0.1546243258308897,1.0641546963304538,0.10442613593803485,4.2,5,0.9135131513235224,0.0,2.9592586803930168,0.7873289411892096,0.0,1.2663464384881156,120.0,2,0
7,2021-12-19,IL,0.6913109092591596,0.0,1.7092772192786427,0.0,2.8,6,0.9612767096529619,0.45391928001815995,2.180710143169477,5.626226302985111,0.6768182987006103,0.0,106.44127998623907,1,0
7,2021-12-20,IL,2.037606812455377,0.5306654604887537,1.5658777319233972,0.0,4.8,5,2.1597944753814047,1.012899858736565,1.4583953955643838,7.199886613591559,1.4311918505742192,1.7644025114689865,120.0,1,0
7,2021-12-21,IL,1.3695529663845423,0.0,0.6653182679946907,3.331395718732336,6.3,7,1.4057816260054112,0.3313177465125937,0.3100522621713362,7.387043089014096,0.0,1.84941802366825,120.0,2,1
7,2021-12-22,IL,0.28409656696328134,0.8273699607357172,2.237926565794652,0.30806777685438835,4.3,4,0.454655166522857,0.253238178771771,0.016618482742055907,3.412896051473418,1.7403233337515183,0.6089407165459986,120.0,2,1
7,2021-12-23,IL,0.705436134880433,0.2930716141316273,1.2766853412114,1.1845102115729647,4.0,4,1.8105287640371663,0.0,0.9264307836649226,7.784815426032747,0.0,0.2820323817842618,120.0,2,0
7,2021-12-24,IL,0.0,0.10356324469102551,1.9770518725748634,0.0,2.4,2,0.541864484500033,0.960600100184385,1.0790964407095887,3.053386494159953,3.2781879718205182,1.9013090489829159,120.0,4,0
7,2021-12-25,IL,0.6701828556710473,1.0660948516306938,0.24995311564605616,0.013475995489963088,2.3,5,1.4130456209591422,0.5277788635235701,1.3362025462805405,5.816980499661685,0.3253253605478088,1.9175052691967116,107.16582348940165,2,0
7,2021-12-26,IL,1.6548571231350642,1.0219017080306785,2.1071986621375745,0.4865861434643013,6.1,4,0.9042673525433866,0.0,1.3753434758990122,5.179022716857128,1.3837114931704635,0.6656818094058565,120.0,3,1
7,2021-12-27,IL,3.0,1.322779691070299,1.3117763483281661,0.40974036245660583,7.1,5,0.32914285385743547,0.2929987405065122,1.2304146130898197,4.894501180894004,0.0,1.158365302755129,110.18280698052067,1,1
7,2021-12-28,IL,0.4244929207644861,1.3435832812935045,1.6348910997270782,1.8988860870238722,6.2,5,1.7231781567839646,0.5224686534737385,1.2146862873834514,4.2981723952187405,4.3493696452706425,0.47367763143888353,120.0,0,0
7,2021-12-29,IL,2.1877985274331464,0.38101850622732525,2.1318747432475558,1.1868812605730645,6.9,4,2.286116947063766,0.0,1.1919909892241498,3.42616546736315,1.476615666383155,0.19614240185416842,120.0,0,0
7,2021-12-30,IL,1.500179655297037,0.0,1.8348225839249084,0.09201475178357765,4.0,5,2.1955182224466374,0.9424648556345733,2.0743299332503415,0.5116471835585809,0.44168360998918343,0.5831218907021587,120.0,0,0
7,2021-12-31,IL,3.0,0.0,1.7452704367527687,1.4789826668349342,7.3,5,0.5769205357446853,0.0,2.7241178876743666,0.22193731502668868,1.0420082550970988,0.6375981164700077,120.0,1,0
7,2022-01-01,IL,0.5796805815590208,0.08113353892858233,1.556094132321946,0.2204658456571395,2.8,5,0.37923565936389225,0.8702942212624647,0.0,8.244953799499745,0.0,0.0,120.0,0,0
7,2022-01-02,IL,0.0,0.4224734292656034,0.5986446433338444,0.06682042741330085,1.3,5,0.26568394769897763,0.2351586844642016,1.2284827350395942,0.8023551293413916,0.0,1.0084023256192696,120.0,2,0
7,2022-01-03,IL,1.202361902047326,0.16519144665555352,2.846852827564505,0.0,4.9,5,0.8489716116512502,0.0,0.0,4.2199629631835585,1.5858569530054274,3.07296859884722,120.0,0,1
7,2022-01-04,IL,2.98614327130639,0.32275219312484327,0.2404865770127269,0.0,4.1,6,1.7678667372756516,0.3570897254122639,0.9901842027336373,4.776188725085348,1.893009838581172,3.5648596012183553,115.42066876056995,1,0
7,2022-01-05,IL,1.4926124220963637,0.0,2.1185591378432216,0.0,4.2,4,2.3866764371841755,0.0,0.6705081270461513,4.669123514699831,0.49871209788207094,0.9567271274393314,120.0,0,0
7,2022-01-06,IL,2.800814193056124,0.0,0.6321869840886056,1.511554529487572,5.8,6,0.16734762620599192,0.33041804012544507,0.21455051116215673,5.039785687852552,1.2588134678080165,0.7279009657602477,88.62129690647062,2,1
7,2022-01-07,IL,1.7532251871278604,0.32485402740187597,0.48221749164100286,0.9934830352556816,4.1,7,1.878138429008339,0.43131778108629415,0.0,4.717788878234963,1.5291148207464988,1.5195829449733047,120.0,2,0
7,2022-01-08,IL,0.0,0.8182322922102692,0.0,0.0,1.0,5,0.40730797456199863,0.2813448974398325,2.958034961185877,6.525026839713451,0.4654052078582094,2.520530829347828,120.0,1,0
7,2022-01-09,IL,2.8535546232255076,0.7947845038103338,0.9284678298913218,0.0,5.3,5,2.3139969797476416,1.2707923091289777,0.13050007149805432,3.0684317952105165,0.3881026209761824,1.2668285335510179,120.0,4,0
7,2022-01-10,IL,1.4925911792227833,0.22728441526822696,0.8524277490228646,0.17705570688080374,3.2,5,0.4282898224594214,0.28248558183312683,1.803057657108915,6.954122328366438,1.152411499955775,1.3994766489054324,120.0,2,0
7,2022-01-11,IL,1.5936521527049596,0.0,2.5063042305449463,0.15915711317517667,5.0,5,1.8459807915262252,0.0,0.8455870347717486,5.192546583344208,0.0,1.762810915473473,120.0,1,0
7,2022-01-12,IL,2.2553565269673332,0.0,0.0,0.0,2.6,6,0.7754960198701808,0.9728935212067098,1.6460897180996321,4.892725276514348,0.0,1.0538982816761007,94.78518220589905,2,0
7,2022-01-13,IL,0.3801580754239915,1.0345517065754168,2.1241445805071715,0.0,4.1,6,1.3572019954934758,0.6370198830524254,1.429051832830855,3.8116770273014797,1.0399816767792986,0.4782637250436901,106.25068522742977,2,0
7,2022-01-14,IL,0.11626505993033143,0.7461276558764207,0.32905664650174726,1.1367663516681634,2.7,4,2.3930444606684818,0.4478318179415971,2.0529040446828866,2.7899981819076904,0.77542770176085,1.2527021137220864,120.0,1,0
7,2022-01-15,IL,1.9301032795687467,0.0,0.0,0.9151377079688247,3.3,5,2.0909309381699,0.0,2.3168009775495477,4.018959062891753,0.11641588846727302,1.0083099819339054,120.0,1,0
7,2022-01-16,IL,0.9011206140864108,0.9011107941097044,1.3732196593656476,0.6740034812929658,4.5,4,0.5924573349197326,0.0,0.12331949976523482,4.857237222092568,2.803398211962631,1.0164441390406787,120.0,1,1
7,2022-01-17,IL,1.8078065310962428,0.649902205881459,2.2028694281503776,0.0,5.4,2,0.8994517718237227,0.10208487693366762,1.454786550776259,5.240670248138592,3.859175393187285,0.0,120.0,1,0
7,2022-01-18,IL,2.4983370119014334,0.3518514681863327,2.3483499805788703,0.0,6.1,6,1.7072400052009749,0.0,1.2003970481014594,6.063533147919255,0.0,1.3540050221770579,120.0,3,0
7,2022-01-19,IL,2.3514767059041892,0.4398714462363098,1.779212124262346,0.8419356119571937,6.3,6,0.38010017833009146,0.3918364521447397,1.629098547844269,6.031231072222979,0.8031878975069717,1.4341900159051335,120.0,1,0
7,2022-01-20,IL,1.9398971620885948,1.6854080432835052,1.476835548993191,0.3835375866271258,6.4,4,1.121700212299586,1.2446659853042537,1.0176794784440917,3.1113123624067502,4.247173927445674,0.1638824028457082,120.0,1,0
7,2022-01-21,IL,1.8254626417487345,0.0,1.6850280356247922,0.0,4.1,6,2.2436817778794733,2.1314251895867637,0.8573104926722451,3.444710546054613,0.003483050602415716,0.0,120.0,1,0
7,2022-01-22,IL,2.3427310000122485,0.0,1.6499276010664286,0.5655269226121709,5.3,5,1.4268430415871483,0.0,0.8639170871154711,4.803999415846152,0.0,0.0,120.0,1,0
7,2022-01-23,IL,1.2239662703075411,0.5032470639259666,0.26669493440820313,0.0,2.3,6,1.8812393643906853,0.5186307910847907,0.0,3.1332840881416377,3.498582818498978,0.0,120.0,1,0
7,2022-01-24,IL,1.6754526220738057,0.5130432466358046,1.4233492764853497,0.0,4.2,4,1.9180824315405367,0.0,1.6587898046617422,3.3130914928854573,0.10201397363357811,0.0,120.0,2,0
7,2022-01-25,IL,0.12310055517562074,0.2723282629874244,0.6860910648310139,0.0,1.3,6,1.4830091122490352,0.6049377112415509,1.9108818775507923,3.471124833488064,0.7252029545142179,1.9149887543920086,120.0,2,0
7,2022-01-26,IL,1.3820763994397613,0.0,1.5557568194719125,0.013126882155065578,3.4,5,1.2510972554705893,0.6921281860077182,0.7603258489835445,5.97126573256248,0.0,2.074846316449706,120.0,0,0
7,2022-01-27,IL,1.487967766890148,0.326878544907237,0.6281821544180141,0.0,2.9,5,1.5161571698192984,0.6093471572451461,2.206739741558308,7.297184276853649,2.9958995760137577,0.20141979908482632,120.0,0,0
7,2022-01-28,IL,1.0083401802076928,1.211748422485749,0.9420823539515485,0.144262490540985,3.9,6,1.5238174191052227,0.8019264039235257,0.7396577103138763,6.792450850152999,0.0,2.34632755044311,120.0,1,0
7,2022-01-29,IL,0.6263332960880363,0.26119435238861466,0.8356454429666165,0.36727852300479547,2.4,3,0.8982243100709915,0.5771877994511213,0.4685936974638583,4.477256590640495,3.3744738968418284,0.9400938129681422,120.0,0,0
7,2022-01-30,IL,0.8196937912643791,0.33494992340623175,2.4085724058615066,0.0855470205851949,4.3,2,1.5427506306583103,0.7102411635399282,2.7265969425671575,4.475260051491646,0.0,2.00790358953111,112.27184524784845,3,0
7,2022-01-31,IL,1.2965595221933188,0.19255380290375934,1.5046999591806132,1.0365677329494942,4.7,5,1.5519795553068592,0.07155652970334625,1.1780640628376975,3.716388071058043,0.8616340573986316,3.7879559981440654,120.0,1,0
7,2022-02-01,IL,1.6394999071937955,1.3047350399818924,0.8252647218217276,0.2297489600770719,4.7,3,1.0471060477927223,1.5681428913608544,0.9784132623289203,5.999240142618777,1.2302607814725253,0.3359064445007198,120.0,0,0
7,2022-02-02,IL,0.17900195714572775,0.7682145459790585,2.0480354496365827,0.08022103180103146,3.6,5,0.2995898963089305,0.0,1.1239173164762768,7.379464149258421,0.0,1.7183430023081672,120.0,1,1
7,2022-02-03,IL,0.2745145042988212,0.43499438483050246,1.4624261505073584,0.7576493021111603,3.4,5,1.7668919981122213,0.5269518007417767,1.326856714360237,6.890329982740842,0.0,1.0508283508581924,120.0,0,0
7,2022-02-04,IL,1.212682226841817,0.4697472027609939,2.9152890021610025,0.8446836190468103,6.3,4,1.3502315444369772,0.0,1.2839720315684873,0.789838905165017,0.7161494232211821,0.0,120.0,1,0
7,2022-02-05,IL,1.7462121718391126,0.8481543999338439,0.5684642824630284,0.725945578379319,4.5,6,1.6225660385968306,0.6246992585860045,0.0,4.406558016742214,0.15387010557996939,2.589172641528821,120.0,3,0
7,2022-02-06,IL,1.423624550705657,0.6204664797473199,1.987917769213332,0.0,4.7,5,0.6866231189144439,0.04781531426347499,1.1082397253825456,3.2773546668018296,3.568340740129063,4.056197207887653,120.0,1,0
7,2022-02-07,IL,2.9144180863003397,0.579039513283142,1.3895590739586519,0.0,5.7,3,1.6654041404325675,0.2650850766724926,1.0213544515702753,7.2673949469043055,0.05247875421395776,2.5363492278864053,113.23266345814076,1,0
7,2022-02-08,IL,0.17662264213320766,0.06681988991366561,2.3624382201545253,0.5428688795970147,3.7,6,1.7850703028910113,0.07869586045015231,2.16027038254554,4.3533685041094,1.865637368748521,1.0945453758626407,120.0,0,0
7,2022-02-09,IL,0.3289747509240448,0.6139281401668826,1.4463028727688083,0.22986173588116107,3.1,4,2.6106493557185635,0.0,0.9947976322421724,3.9490563407511257,1.9701772107281426,1.1457111113871674,120.0,1,0
7,2022-02-10,IL,2.6228888433256876,0.0,2.1872008236112,0.307601027531475,6.0,4,1.8367220364726284,0.6415664168726734,1.1637940297296887,3.604581287510642,0.6129583662998616,1.5282846956788203,89.97279099792112,2,0
7,2022-02-11,IL,0.9294642798960194,0.0,0.9068497505440647,0.04770834151733693,2.2,4,1.5742833338184952,0.14525374972425517,1.9202174575623139,4.509785881244906,2.1274678570496453,0.0,110.78140302837285,0,0
7,2022-02-12,IL,0.5476676421379729,0.28606681311088866,1.4064108433424998,0.24957522590416004,2.9,6,0.18973940132326828,1.3097935350628453,1.0592758804989577,7.78994068933104,0.0,1.3024516303958413,120.0,0,0
7,2022-02-13,IL,0.0,0.0,0.7789377191483136,0.0,0.9,4,2.402950952912664,0.5809039873180184,0.9411900408790159,3.3710639928575126,3.471029280778174,1.9929091999193331,117.24497410779054,1,0
7,2022-02-14,IL,3.0,0.5628646969104021,1.356903803090922,0.0,5.7,5,0.7893402498180908,0.2341094222274732,1.021579381688169,4.330088856559355,2.856719330439838,0.8978733302423458,120.0,4,1
7,2022-02-15,IL,2.34212913451681,1.452171173534704,0.9706459995432051,0.12125171783167987,5.7,4,0.8197046761629646,1.185648846487052,3.4074653264275936,8.757683893027757,1.1595754949159178,2.2821132616501156,120.0,1,0
7,2022-02-16,IL,1.281002812574537,0.0,0.6187984421678504,0.34123993929042107,2.6,6,1.5062853012931976,0.0,0.12443626975087513,3.119265143614069,1.3544879889753296,2.168216110465062,120.0,2,0
7,2022-02-17,IL,1.8427366463938148,0.0,1.8281352244537148,2.007719115721625,6.6,5,1.5239567580241977,0.6879598654951024,1.417221240174696,4.867926579904025,0.0,0.4924748576423943,120.0,2,0
7,2022-02-18,IL,1.5339925202897309,0.015014107156435808,1.304558104893911,1.2432516724678242,4.8,3,1.904793917467907,0.0,3.0162764602207788,8.23726793718194,1.0095437286481614,0.06125521483695451,120.0,0,0
7,2022-02-19,IL,1.2325068284444736,0.0,0.5708750873301396,1.2624468157884996,3.6,5,1.5981648312383137,0.0,0.0,0.7752776631539815,0.10678600320210441,0.857959571080603,120.0,2,0
7,2022-02-20,IL,0.4291573003462953,0.0,1.251724663816386,0.19357597206738475,2.2,4,2.0018711481407037,1.1835614738352858,1.2687359007839585,5.217730111512319,1.9580581076940031,1.3369722239612991,120.0,1,0
7,2022-02-21,IL,0.6374963785666476,0.6632859852895592,0.0,0.08237695241245446,1.6,5,0.7339877356389419,1.70410500224688,1.8109394244301824,4.1960230595631005,0.0,1.4285972341126576,120.0,0,0
7,2022-02-22,IL,1.3414554693027134,0.9438346435726428,2.24620392210306,0.854651114101347,6.3,4,1.7351314443552608,0.6547163698061609,1.22191796365417,6.234148202589125,0.0,0.029614195950546485,120.0,0,0
7,2022-02-23,IL,2.9872327374311465,0.17383132503491527,0.7097823116623612,0.3314228139353641,4.9,5,0.7225116962416396,0.4915547190520624,0.0,0.5988504936022658,2.424756465798758,0.0,120.0,1,1
7,2022-02-24,IL,2.0424332687063003,0.0,0.44646366265536347,0.48731255694855113,3.5,3,1.0075734487335528,0.41337857999887045,0.29697952245167736,4.51051185629489,3.6736296570810314,1.201126302117395,120.0,2,0
7,2022-02-25,IL,1.0582977358770713,0.15237262139052077,1.073224557329282,0.7423580256792895,3.5,7,2.3356915399562967,0.7364303733471174,0.6275561583156237,1.7613272447543362,2.947560367896516,0.5784726909394735,78.96321483949637,1,0
7,2022-02-26,IL,1.0356236564704928,0.0,2.315813372271961,1.263156578459876,5.4,7,1.4391275344536734,0.0,0.6287073577715698,4.301641200225621,0.0,1.6720830460777105,120.0,2,0
7,2022-02-27,IL,1.340580891575982,0.0,1.8123071812989733,2.6402786318382074,6.8,6,1.6233068738515555,0.9482004093213525,3.502978896993772,2.751481169582232,0.814416540736616,0.0,120.0,1,0
7,2022-02-28,IL,0.7817690653250905,0.8882792436211001,0.0,0.2577562657573005,2.2,8,0.0,0.8251923293567901,0.6096343684123364,4.87825937987935,0.9143366831441468,1.3854402250591222,120.0,0,0
7,2022-03-01,IL,1.0971847104267445,0.2724017385436881,2.671723510359592,0.6713645990707038,5.5,6,2.522036244084389,0.5176116224276748,0.9184392078773145,7.235237348553341,0.0,0.2091502668376184,114.04293217800948,0,0
7,2022-03-02,IL,0.07929323333647542,0.0,2.027549687833892,0.39318595159484077,2.9,4,1.0461778889401203,0.40003389414710744,2.718318569236941,1.5816409854260394,1.4730838307095002,0.3287812164991508,55.47564509257925,0,0
7,2022-03-03,IL,0.9182954452738559,1.2222474208143148,2.4047859900309607,0.0,5.3,7,2.6535979422750273,0.0,1.6136417692258163,5.126520936464005,0.686566491207729,1.3167591328406283,120.0,2,0
7,2022-03-04,IL,1.5196662690629452,0.7891731775483328,0.4532040246607946,0.34946805276044274,3.6,4,1.7980031062390587,0.0,1.8294720326203657,5.757498147988425,0.3449067689915384,0.3759975576639696,120.0,1,0
7,2022-03-05,IL,1.815411629912191,0.0,2.23594603750357,1.2695290780225892,6.2,4,1.7974054703465452,0.029321426784726046,1.8342375595251839,5.699791813482458,0.9798614845076998,0.5568982885557401,101.57923631123974,0,0
7,2022-03-06,IL,1.4085913852884737,0.0,1.4132783170347347,0.0,3.3,4,1.1206241903784953,0.477303886426605,2.166301375754007,6.02650151537302,0.0,0.9256302528358458,120.0,2,0
7,2022-03-07,IL,0.8199246692775071,0.0,0.9446454548888511,0.0,2.1,4,1.750657023682268,1.7388246210380827,0.4855881867486971,6.190278462284691,1.5843587583113323,2.2208383665078797,120.0,1,0
7,2022-03-08,IL,1.2922293037958643,0.0,2.3101236380427776,0.0,4.2,3,1.5914863532052075,0.0,0.13532584873557463,0.0,0.0,2.867004315374434,112.76944683322684,2,0
7,2022-03-09,IL,0.03722010048238189,0.0,1.5861284454579325,0.0,1.9,4,0.8224585002355365,0.5363382351884816,1.2177039969193826,4.552341569702935,2.8616248379912714,0.0,120.0,2,0
7,2022-03-10,IL,0.7268980242373148,1.1610114271505965,0.37130215895780044,0.0,2.6,2,0.9600007639187469,0.0,0.9748350394054947,5.861193573733162,0.0,0.7046734351163861,120.0,3,0
7,2022-03-11,IL,0.21376816895463224,0.04402024325935325,0.824227033746014,0.0,1.3,3,0.8319436735600079,1.0315132622814231,2.3248614988632834,2.872379934559457,0.550446829328326,1.3333483400010975,90.02462431501117,0,0
7,2022-03-12,IL,2.753764012151831,0.6770228623119396,0.18727375565538804,0.2869464014356843,4.6,5,1.5978584957890796,0.7476272805276601,1.050659529865836,7.954913106167045,1.1062160576916695,0.5047939351479873,95.10123464117298,1,0
7,2022-03-13,IL,1.4480026953905714,0.311454587654036,0.6223028800674523,1.025650771888019,4.0,5,2.1103990820678655,1.3267884263067582,0.5905709782330087,5.95699422684749,2.1841873660976914,2.6826111889957707,120.0,3,0
7,2022-03-14,IL,2.0147975555083004,1.7848853443089878,1.2911845097830457,0.0,5.9,4,1.940434506882999,0.3265686297064949,0.766009452859952,0.0,1.9138113014583626,0.3053920029405168,120.0,1,0
7,2022-03-15,IL,1.1892452495576595,0.22674810547934887,0.521536423727404,0.0,2.3,5,1.791888185543665,0.8156306123498445,1.1268430231884405,0.0,0.0,0.0,120.0,0,0
7,2022-03-16,IL,1.2059507674851788,0.9041357315784994,2.693008996400968,0.029106564302974994,5.6,4,2.2285000239723534,0.4049760903247198,2.737471472093412,1.605577425472863,0.8858772384079616,0.18152328821735964,116.6413126609896,0,0
7,2022-03-17,IL,0.6326686218695671,0.567526652010439,0.9629725621988896,0.0,2.5,5,1.6479893996603674,0.0,0.29644828508940235,3.4493102548942987,1.3700192346009161,0.9788899451393496,120.0,3,0
7,2022-03-18,IL,1.1068093218416322,1.3064689589182872,0.27644630650644364,0.46629374986560324,3.7,4,1.1414781096202924,0.0,0.8351381971254146,0.0,1.131557828456622,1.2933671751609082,120.0,1,0
7,2022-03-19,IL,1.6291029832968056,0.36704961448396056,1.8214857381048102,0.17529262857447148,4.7,3,2.2606172506761637,0.0,0.1278347108855432,5.806850085053415,0.045619491468118945,0.8576919905769427,120.0,2,0
7,2022-03-20,IL,1.9953900161482923,0.7926691021634952,1.298530265951357,1.2770828380863595,6.3,4,2.1980309453212996,1.0259504950797678,0.24422808100397542,7.908663817494764,1.2595512939823441,1.9872050944397022,87.58008799673354,1,0
7,2022-03-21,IL,2.391321287923796,0.4362513918236597,3.0,0.7369314654206158,7.7,4,1.5697017231349846,0.0,1.5783717492627758,2.0493070317054705,1.483124256775779,1.6503545408817986,120.0,1,0
7,2022-03-22,IL,0.8893688052972895,0.41473536542625533,0.27472719486474917,0.5439434363093603,2.5,3,0.5484645709925076,0.5585535320750621,0.15048844863455524,4.29923996428338,0.0,0.23285043221126367,120.0,2,0
7,2022-03-23,IL,1.9911793062594607,0.0,0.12273911983859678,1.4595877316346526,4.2,5,0.4904357902722698,0.0,0.0,4.6543776399306145,0.40356759903098327,2.63372305915623,120.0,1,1
7,2022-03-24,IL,1.9850537734756368,0.0,0.9166639464587003,1.5768104089841666,5.2,8,1.0310521913071888,0.25708959044874224,0.9813636143920026,4.065377179480034,2.629237901092669,0.0,120.0,2,0
7,2022-03-25,IL,3.0,0.6102614045819477,1.414874221863574,0.0,5.9,6,1.2516331970300116,0.25639746187812373,0.6486490361312511,5.466959192146027,0.0,0.21289975219076007,120.0,2,0
7,2022-03-26,IL,2.1703808235413007,0.0,2.725266980110397,0.26993348998795064,6.0,4,1.4460976361877662,0.6227833896354078,2.2630371151389665,6.046744680266627,0.7387190944968107,0.7117963226312449,120.0,2,0
7,2022-03-27,IL,0.0,0.21505894430700523,0.5854397671780124,0.0,0.9,6,1.529807954784276,0.0,0.20419965641986226,2.3287117373714152,1.3086771854953865,0.4980722045523083,120.0,0,0
7,2022-03-28,IL,0.7932268360610956,0.2011456168441711,1.751580543756313,0.9554311045187355,4.3,7,2.003201396893649,0.5115301354691508,0.9152818402341225,0.519357860612633,0.0,0.0,120.0,2,0
7,2022-03-29,IL,0.759558858466926,0.7504678838567749,2.3737528435340782,0.3433758291776783,4.9,3,1.0490656674450407,0.0,2.1133220344480836,4.419369314076707,2.288745199616508,0.3659932134391959,92.43271771721413,0,0
7,2022-03-30,IL,2.2852085146618326,0.3981013268268676,1.3452430396026172,0.132594243883295,4.9,5,1.3135866240604712,0.0,0.5979520602443266,6.00763157400012,0.06603485282927579,1.5165503896914108,120.0,2,0
7,2022-03-31,IL,1.504540902495303,2.267515371234545,2.8592978264070648,0.04195057290711901,7.8,5,1.6848356267096787,0.0,2.3157713148614056,5.863001352342603,2.4672238817285654,0.7125864469623523,119.2438873729077,2,0
7,2022-04-01,IL,2.845840898355923,0.11164178721105023,2.5136036743366574,0.15304986885589555,6.6,4,1.9953062947849185,0.5695271911303204,2.7259892340453247,4.685274672231227,0.0,0.5807919302589912,120.0,1,0
7,2022-04-02,IL,1.0381646160960987,0.09428172379166555,0.11141332326692248,1.8349552120246755,3.6,4,2.655886341790826,0.16346448297908253,0.0,7.744757188708057,0.24441326058799895,2.5283761271995537,107.55577282227281,2,0
7,2022-04-03,IL,2.149520512042744,0.0,0.5729582534538921,0.0,3.2,5,1.8079172831759303,1.0375532886054226,1.7339407490991305,6.047633024532485,1.8747677592323502,1.6552120465193707,116.56252237027458,1,0
7,2022-04-04,IL,1.2752357134326817,0.15254889825744278,1.332094000077726,1.6281390591744445,5.1,4,1.1119322753747274,0.1384143502799653,0.24284423387184573,5.3633411787073,3.096706998598679,5.416171734931955,120.0,0,1
7,2022-04-05,IL,1.6318752108069523,1.8100046647151506,1.5147645503498899,1.7067479762250177,7.8,5,0.49076522483081986,0.0,0.9250579908371399,8.736978479676827,0.9798837325263334,2.6233183800413356,120.0,1,1
7,2022-04-06,IL,2.2447792243113076,0.5286622686868343,2.442372984814232,2.130070648195458,8.6,4,1.892079523708696,0.9258071225146194,2.602801233428036,2.9074051652411006,0.0,0.8870632010107846,120.0,2,0
7,2022-04-07,IL,0.14993877490845953,0.17010120939575013,1.1376565337146436,1.542738307091565,3.5,6,0.2546530139496723,0.6564123213586077,0.46143079375160007,3.098268363195138,0.04662799267058926,0.0,120.0,1,1
7,2022-04-08,IL,0.0,0.6460712829610128,0.6104602290720391,0.059592980596496314,1.5,5,1.314822551546474,0.03052587696075887,0.900716665755379,4.772254369769673,0.6188232491956472,0.0,120.0,1,0
7,2022-04-09,IL,1.9351837363611029,0.0,1.3377421244448107,0.8308331621012737,4.8,6,1.2564271243721388,0.4893441289327193,2.097110055829631,4.198501719407199,0.9999893918956257,0.238301325392138,86.80504213890048,1,0
7,2022-04-10,IL,2.0086644388072066,0.5876000065440741,1.4020061550139757,0.08825905945715595,4.8,3,2.0627340243776535,0.0,0.9980488900366651,1.8626490781486202,1.834661516522477,2.276444456558101,120.0,0,0
7,2022-04-11,IL,0.9043842620945658,1.3386187800037055,0.8414347486686427,0.07769667253877267,3.7,4,1.0518822206411078,0.4239859584950112,2.0393360958422684,0.16941523788075896,4.010555666171085,0.3001177263826551,120.0,3,0
7,2022-04-12,IL,1.5189223853469667,0.8115045511624122,2.217121747128233,0.9399026344623836,6.4,2,0.8871861860899596,0.21614282958640163,1.6599729647356882,4.768017559544267,0.0,0.9360401893018755,120.0,2,0
7,2022-04-13,IL,0.9582173087315439,1.5208211722967033,2.447139716214462,0.5276780326141871,6.4,5,1.0582057874822037,0.512578335643472,0.0,8.738202518834887,1.3081773003174515,2.244121772839004,120.0,1,1
7,2022-04-14,IL,0.623872341540504,0.09641696754849383,0.0,0.0781349831315576,0.9,5,1.746877897279235,1.6806861049056445,0.2193840858719035,7.119100331172985,0.0,1.2084437061305007,120.0,1,0
7,2022-04-15,IL,0.3340313831688544,0.0,0.0,0.0,0.4,7,1.3325321065769813,0.019152764420500845,1.5584056336407128,5.4918642263661255,0.0,0.0,117.91367326878371,2,0
7,2022-04-16,IL,3.0,0.0,0.1294820602484762,0.6640666762716048,4.4,6,1.878470799172741,0.0,1.6587701497392373,1.8613514086696772,0.0,2.4184028145115732,101.77005544128062,0,0
7,2022-04-17,IL,0.6189496314840084,0.09332890538510452,0.28277706346190756,0.47485509708166296,1.7,4,2.272469923876828,0.0,0.13537268445571804,5.678072802900132,2.0800543609135653,0.42982050108110026,111.39594150856809,1,0
7,2022-04-18,IL,1.0442288865884777,0.26853773086687927,2.4774359663824206,1.0424798582436536,5.6,5,0.9489541263495623,0.28981191263768824,2.387280310059152,1.233356775535152,0.14555499411223582,1.882122746011395,120.0,1,0
7,2022-04-19,IL,0.9011258582492305,0.3300317900266282,0.3001336723533343,1.0561378733633209,3.0,6,0.8785329513732143,0.17970360641539368,0.06602689506182147,8.111585832952738,1.4566083116382862,0.21306072435244694,120.0,3,1
7,2022-04-20,IL,0.4623361816152489,0.09379310149324205,2.512134714154354,0.0,3.6,5,1.1182025147367256,0.0,1.5668315971158029,0.5012970347931558,1.0616263043638456,1.9233180172742956,89.34231395062524,1,0
7,2022-04-21,IL,0.010786410441509853,3.3019101917742253,0.7309818786327016,0.0,4.7,6,1.2552606749146524,0.0,1.6115226900376312,4.2766122293796505,0.0,1.4179615862404757,86.65165684745185,1,0
7,2022-04-22,IL,0.0,0.931742534411502,0.31909069895596076,0.4075459464486218,1.9,5,1.3118639403961931,0.0,1.5967295175097143,3.117506764827138,1.0530795472440246,1.437780372905244,120.0,1,0
7,2022-04-23,IL,0.01023332769176788,1.1791665509393205,0.9870735010187786,0.0,2.5,5,1.4292052831262707,0.2879262768005849,0.19511011804957623,6.317053923410091,0.04241520293741052,0.5546584244782167,120.0,1,0
7,2022-04-24,IL,0.4805972569438489,1.5240888701762578,1.8453758114483598,1.0884952921426967,5.8,3,1.6859033040772549,0.3459149520228234,0.9503335537748305,5.664193495943639,1.6486065766220026,0.48073037149199527,120.0,1,0
7,2022-04-25,IL,2.2625673360166365,1.224131203627202,0.2726244914628859,0.0,4.4,2,1.184836491136958,0.0,1.7314862192546043,6.2013916593377685,0.44315151365610816,0.49404509658858875,120.0,1,0
7,2022-04-26,IL,0.6577491366913404,1.4053092951056243,2.1853618187861246,0.09560925938776677,5.1,3,0.0,0.5485764122547054,1.222273701185703,4.098630970818565,1.8590632694903666,2.0923614641962955,109.11768479879964,3,1
7,2022-04-27,IL,1.990629825069335,0.6644044684221732,0.541901281728745,0.0,3.7,5,2.216289367607377,1.4545246835280101,0.3587697220363313,1.9209486779909,0.0,1.6980970160199087,120.0,1,0
7,2022-04-28,IL,1.9970897076380862,0.0,0.7142598664639077,1.1824643322847577,4.5,6,1.8066618331828508,0.23136162789316173,1.5075389364254097,6.979042269303042,3.5953131378472523,1.1383215699926619,120.0,2,0
7,2022-04-29,IL,1.3829160957874995,0.31748884158171553,2.261905309445281,1.648158978028698,6.5,5,0.5058546909223696,0.9356364225780058,1.748908604897645,5.305884769349869,0.40748077942419414,0.0,120.0,2,0
7,2022-04-30,IL,0.766701041068861,0.3921221303200344,1.4538809505202273,1.4222196050708893,4.7,6,1.119469358126087,0.0,1.9022421923611428,5.307863259098288,0.0,0.3436863797200913,51.816056448610155,0,0
7,2022-05-01,IL,2.2954009055899354,0.7948665728549138,3.0,2.640427068403463,10.2,4,0.2997767343675176,0.6815614517438509,0.0,6.691668303432908,4.190146608709273,0.6912862899748995,120.0,1,1
7,2022-05-02,IL,3.0,0.0,1.4950448225681559,0.0,5.2,4,2.603764259449571,1.5750457946810785,1.7351535540898912,5.697593920432789,0.0,2.651759179616326,80.02801639635675,2,0
7,2022-05-03,IL,0.0,0.0,0.2767579387172965,0.4555401509022099,0.9,5,1.4493279702736372,0.0,1.9530689477737821,4.499198082397367,0.5267954329502729,1.0584090160962227,120.0,2,0
7,2022-05-04,IL,0.9042880762621652,1.5558700922159898,2.1704402581369644,0.7518231028172657,6.3,4,2.015072772783621,0.8578640205296434,1.6127453305252286,3.7184655276121896,4.369928814646282,0.11150650909026938,94.38044163335051,2,0
7,2022-05-05,IL,0.3191640155218401,0.5097475720169218,2.73364207750333,0.0,4.2,3,1.040429522732538,0.0,1.2863570461769565,2.0693402327116854,1.102347536596953,0.7665412847257929,120.0,3,0
7,2022-05-06,IL,1.270852295362373,0.0,1.98184773039713,1.4783563913069036,5.5,6,2.0301878865875125,0.24867039961871082,1.2629010007625394,2.4779051987421443,1.2659039256933002,1.3666599743437042,93.24424217913673,0,0
7,2022-05-07,IL,1.8629322946033984,0.02647619544086277,0.3224960969465326,0.26672658877150063,2.9,4,0.6876187129805456,1.1800082987468499,0.09940080046613464,5.514840850057759,0.44379346345998805,1.142088724281142,120.0,1,0
7,2022-05-08,IL,2.172568995727518,0.0,0.46679180009155996,2.389418201128541,5.9,5,1.314133253249982,1.585446224556499,2.9787324239143214,0.0,1.756384991037303,2.0072264731947085,120.0,0,0
7,2022-05-09,IL,0.43726032821320393,0.3593072961392163,1.9007089488364124,0.26388133325760954,3.5,6,1.3644518734030862,0.22852156263165588,0.6688742612116994,5.373689961615229,0.03314631950458846,0.0,120.0,2,0
7,2022-05-10,IL,0.19644810511400765,0.23973583541974697,1.450174943909753,0.0,2.2,6,0.6259813591434873,0.08139884177186053,0.7496040813716918,2.9244126357401123,0.0,2.169454016104503,104.05566206482114,0,0
7,2022-05-11,IL,0.04931404576835696,1.071696297307046,1.9682886559949317,0.0,3.6,6,1.1520537187762443,1.6908932863668338,1.61322813138018,4.227357947993795,0.0,0.0,115.70753113283166,0,0
7,2022-05-12,IL,0.5057174991017737,0.6832244395089386,2.501418721693743,1.0001729862066426,5.5,4,1.2653774278516607,0.24368044772091535,0.0,3.590742368412342,0.5087604095955487,1.6981689551537478,120.0,2,1
7,2022-05-13,IL,1.7046916891407515,0.0,1.3791219262073469,0.7534695156935237,4.5,5,1.630056640025973,0.0,1.7310823944884535,4.881245534051021,1.323190628282059,0.42332636753149067,120.0,1,0
7,2022-05-14,IL,0.6649109395568544,0.0,0.4419151712464916,0.0,1.3,4,1.5466495936457458,0.0638429624716601,2.7095596507894015,3.0069847841784583,0.9636694098546714,1.6303489066220502,120.0,1,0
7,2022-05-15,IL,0.5587847313996591,0.0,0.701235452051856,0.0,1.5,7,0.913871500260306,0.18835474880975,0.8033441293534266,3.1912152107227025,0.0,2.505352193411969,120.0,2,0
7,2022-05-16,IL,0.43865658646419553,0.18456525676779112,1.9776806754969973,0.09858723880523734,3.1,4,1.810079175986341,0.046079819796547905,0.6771833180812958,5.109282147786518,0.0,0.0,120.0,2,0
7,2022-05-17,IL,2.0541798311981774,0.29566394206843605,2.557908147333127,0.0,5.7,6,0.7797431818732874,0.0,0.7087914947280942,5.33552570956072,1.1917046219865817,0.9080214253345507,120.0,0,1
7,2022-05-18,IL,2.5866675155701366,0.5582333730409256,0.3697449759800826,0.0,4.1,4,0.7109840969439298,0.0,0.11114238055858505,4.261197446436387,0.09282540586619703,2.6146808899366314,120.0,0,1
7,2022-05-19,IL,0.6593773791651598,0.0,0.1312941024026284,0.0,0.9,5,2.2464015093703087,0.0,3.0950446483054925,3.886390151337909,0.0,1.2873308371820706,120.0,1,0
7,2022-05-20,IL,3.0,0.8971028355142967,1.0787752422184405,0.0,5.8,3,1.2793202321823203,0.0,0.15255501289500267,4.087003777392662,0.8196318005270549,0.0,116.5372433778,1,1
7,2022-05-21,IL,1.9460379640688488,0.5474983086419679,0.41747253339274487,0.0,3.4,6,2.7265970969350435,0.0,0.23947587098884404,0.3819043317106267,1.103296642896874,0.8379004421037537,120.0,2,0
7,2022-05-22,IL,2.146120523316307,0.010150931464647295,1.2198448007604203,0.0,3.9,4,1.572879579603396,0.32238915328910545,0.6492998490144113,0.0,1.8337612760841258,1.4650787779275027,120.0,0,0
7,2022-05-23,IL,0.8873453785995016,1.5446432575903262,1.4264173482873215,0.0,4.5,6,2.3691610601788815,0.5633325522034872,0.7310305659027605,3.464090221400802,3.4174045760924034,0.4645370935305553,120.0,2,0
7,2022-05-24,IL,3.0,0.0,0.9259098545461384,0.8879611208270013,5.6,6,0.5519330397936084,0.5374549843244901,0.1689657002642806,0.0,0.0,1.31702852587517,120.0,1,1
7,2022-05-25,IL,0.10076100862055659,0.3026459912748356,1.1094687404895969,1.6252576765370699,3.7,6,0.5420778828795024,0.1830311193460056,1.0247320017627632,4.418806749442579,1.035082203389414,1.0839190464732904,120.0,3,0
7,2022-05-26,IL,1.8730746271712873,1.513091218751848,0.10224838820671572,0.7712603708794252,5.0,4,2.0502162832938633,0.9952018335552899,2.165141618417514,4.525807134666703,0.0,1.0127735674859386,120.0,1,0
7,2022-05-27,IL,0.3994045730064898,1.2272815019588728,1.5191197381012735,0.0,3.7,4,1.024999955514164,0.0,0.5603631414419525,4.880245120219648,2.249319098648405,3.1294707431547346,120.0,3,0
7,2022-05-28,IL,0.30378143204801994,0.3015539041865629,1.7587437976000664,0.10656468313791434,2.9,4,1.7193039033813924,0.0,1.1069099675480207,4.993546323455719,1.0521821011621069,1.329944137210923,120.0,0,0
7,2022-05-29,IL,0.0,0.8172306460463117,1.7875813144525705,1.4243501666195333,4.7,4,2.1553343208998688,0.7457232922646364,0.822654492860362,3.2115897718754627,0.8413738500686243,2.0913681561126847,116.27395108316415,0,0
7,2022-05-30,IL,2.0350244970149096,0.7691724367598121,0.9379810459601212,1.6171808774755085,6.3,6,1.7295948827077319,0.16832374603259223,0.398949205944769,2.3538093821819466,1.9545642532336052,1.2304590184485389,120.0,1,1
7,2022-05-31,IL,0.41119021130727995,0.7396632350694093,2.696127287091812,0.0,4.5,6,0.8225037106245198,0.1512125015386725,0.576693915807105,4.937872655334711,1.0511995556595628,1.452778180392916,73.38238933499578,1,0
7,2022-06-01,IL,0.0,0.0,1.4803234935088707,0.07243875618388307,1.8,1,2.2563185227093623,0.7215434840441566,0.6273569690040413,4.160186756672525,0.9230485890668443,3.306144265665073,120.0,1,0
7,2022-06-02,IL,1.1808469640444579,0.0,3.0,0.0,4.9,4,2.4347622108931684,0.40495964148396424,0.0,4.736487573032288,2.6376624675522966,0.6915163720240443,96.5380148373207,2,0
7,2022-06-03,IL,1.4540779008736078,1.3280512175077563,1.7058124567490878,0.6665916456263193,6.0,6,1.9252439609054606,1.2027630120662582,1.1955424349500312,6.325044823750033,2.151854676751875,1.6530464055105045,120.0,0,0
7,2022-06-04,IL,3.0,1.0007923949377597,1.4466184446601638,0.7546106403535082,7.2,4,1.545027292249293,0.6283103750344345,2.316713327906515,6.3552753790624665,0.0,2.4771442259401235,120.0,1,0
7,2022-06-05,IL,1.0924627068304094,1.050881609936415,0.9199498864915449,0.3719519336880226,4.0,4,0.561945910808653,0.0,1.229309164572084,0.25449245461165015,3.229528940335161,0.33283209814766135,120.0,0,0
7,2022-06-06,IL,0.8555928821254192,0.6431565799988486,0.023837876286003867,0.060034113521377885,1.8,5,0.8389541758040086,0.47175015617668187,0.6406829856753888,3.420481863691415,0.0,0.3491798019880581,120.0,0,0
7,2022-06-07,IL,1.1980852046315569,0.0,1.9779998998407993,0.11762397817166474,3.8,6,1.4904214165622767,0.7119476806128626,1.6093719939253979,2.2734016107856716,0.9628370840476181,0.12104500236307092,120.0,1,0
7,2022-06-08,IL,1.5006340558702487,0.0,1.75585899184109,0.9011439773934562,4.9,4,2.0774985019374794,0.0,1.750328119166834,3.7853810674488297,2.8339484497934606,0.7667295878741796,77.46199713292513,0,0
7,2022-06-09,IL,0.30751444969347497,0.8720347929075045,0.4452439680651913,1.7871710330208126,4.0,3,2.0883875863591372,0.2072324170644,0.27206239317436337,1.9461115369455912,0.0,2.948868947267728,120.0,3,0
7,2022-06-10,IL,1.5860572401008937,1.2897386975560716,0.0,1.8047350310283177,5.5,4,0.9504895218760591,0.0,1.3021934282669654,2.099032428090033,0.7163430157623992,0.0,105.97754301341243,1,0
7,2022-06-11,IL,0.2359786326441038,0.0,2.7906624213517137,1.6794305585510803,5.5,4,2.364540284143173,0.0,0.710314829008281,2.9788539527647506,1.9784870848182967,0.5650289153249277,120.0,2,0
7,2022-06-12,IL,0.5556196418729763,0.1722644046266062,1.8923503395089694,0.8252149149055997,4.0,5,1.4080784140050944,0.0,2.049986402887725,3.2981064116147962,1.5957698410268222,0.38120210721304226,105.84189442244904,0,0
7,2022-06-13,IL,1.1556235016733427,0.47313818941477137,0.9659327765713127,1.2138556022454536,4.4,3,1.430339148907693,0.40018544226445996,0.6680915899543479,1.2314010945077862,2.117274479631314,1.1442163242954622,120.0,1,0
7,2022-06-14,IL,0.7345008465368762,0.0,1.0808896118198366,0.0,2.1,5,0.8714880085064179,0.0,2.704979332416871,1.956390911062905,0.0,0.4724577507767693,54.3408065757155,1,0
7,2022-06-15,IL,2.8108515856723075,1.210506518762878,2.6243230247938913,0.3150891521502941,8.1,4,1.6818956088302275,0.0,1.6678787866598639,5.546552698239866,1.004544265686044,0.0,120.0,3,0
7,2022-06-16,IL,1.6663513795691907,1.1422055336990122,1.8912167306528074,0.34167980952956545,5.9,2,2.180268685120795,0.9221664731209656,1.1823225877295302,4.855186072716237,0.7065094133012852,0.642887498687418,101.28077720119475,2,0
7,2022-06-17,IL,3.0,0.04257774212820964,0.693247363732238,0.0,4.4,5,1.3316839021328146,0.4350339711335857,1.7337862863375895,4.024055335008633,0.0,0.0,120.0,1,0
7,2022-06-18,IL,0.7539604744671418,0.4860155444624501,2.4594547744148296,2.2769769425256268,7.0,3,1.4874636198577467,0.7186200061811836,1.0312529910142156,6.624095984479227,3.320854178852735,0.30864930018512826,120.0,4,0
7,2022-06-19,IL,0.4384494701658129,0.12565155113002624,2.370991477101565,1.1942561594119603,4.8,4,1.1349230152667162,0.3642978809418535,2.0201449572166044,5.490042942388527,0.0,0.4042968564589078,120.0,0,0
7,2022-06-20,IL,2.243735587766133,0.4536623408624679,1.4258787520304406,0.9529963635308561,5.9,5,1.392912585169976,0.4195746772947818,0.7282942114621591,6.409879337928366,1.3212094313042602,0.1807657774911553,115.09480547430839,2,0
7,2022-06-21,IL,1.0848481500051275,0.19673028747186105,2.0383437033006464,2.3102555468951085,6.6,4,0.0,0.19714831140664602,0.5129000287112316,2.312376910025325,0.004255393008619102,1.6216975178069304,120.0,2,1
7,2022-06-22,IL,0.4026665612370006,0.0,0.4460101783594519,0.015254598178381373,1.0,5,1.7077871682184065,0.6128895472247211,1.9893267241594,0.5204007793076824,0.5790797784923982,1.3697720767332395,120.0,1,0
7,2022-06-23,IL,0.8915065411488591,0.6733900069418932,2.8654492281235493,0.10104089252156069,5.3,7,1.1427345495153833,0.23589465063645448,0.3236046037105548,5.237706121582621,1.0605780107721003,0.35144293179871555,120.0,4,1
7,2022-06-24,IL,3.0,0.0,1.9262272184660325,2.0729483015193133,8.2,4,1.2731683586056846,1.291943252291982,1.089114158468428,5.31000529094929,1.3566489120143799,0.4184823296489619,110.4215513188032,2,0
7,2022-06-25,IL,0.6167381052514327,0.025370516359608297,1.8749096543118466,0.04596336154919611,3.0,6,0.8906250220028437,0.9323647608324241,0.07354147689212798,2.199012984750524,2.700593267221258,1.4269546148513754,120.0,1,0
7,2022-06-26,IL,2.5325662049520257,0.8613629854468985,0.0,0.0,4.0,5,1.3217495369862593,0.0,1.3520032864964318,6.697052980502367,0.0,1.8626804189633848,120.0,2,0
7,2022-06-27,IL,1.9754718529760094,0.0,0.8818447228803423,0.0,3.3,4,2.097618891418249,0.0778787025211618,1.6938033974810707,4.670764431053752,1.127303962987324,2.1027785641235863,120.0,3,0
7,2022-06-28,IL,1.5014689758659432,0.08060148134823897,2.698120739445396,0.0,5.0,5,2.357045677045992,0.25986142470102286,0.10437694998917879,3.958431018011828,0.0,0.8021194378852163,120.0,0,0
7,2022-06-29,IL,1.2421717669708103,0.7133719679145112,0.4591904635266183,0.2826340779952551,3.1,5,1.0860815014195322,0.7875802097153244,0.5089248932735522,6.46006520051345,0.4927214492805536,1.3812194472414585,120.0,1,0
7,2022-06-30,IL,1.9621702036409951,0.3837151871827149,0.9691394050528113,0.4045594450397034,4.3,5,1.9362737452331285,1.5258155885281584,1.0269354947209786,6.203609871960426,0.5692951349748752,1.0963594727336439,120.0,1,0
7,2022-07-01,IL,0.8972789910536746,0.11422544004392718,0.3633668334582979,0.4863791717090078,2.2,5,1.3743987487836717,1.0273845582163557,1.1495944887974479,8.178496294400013,1.3663512494542254,1.6288320231115558,120.0,0,0
7,2022-07-02,IL,2.4686508824776103,0.08625043182269665,1.6137388506716508,1.1282967689273569,6.2,7,2.0258650732802534,0.25487563551982073,0.27404499408646066,2.3266593720857376,2.2025398320022065,0.657597254466761,95.64671208078369,0,0
7,2022-07-03,IL,1.2800866212142676,0.5047181563875516,2.133039931769484,0.028770746626134616,4.6,5,1.5985088039993534,0.6588200601321745,1.1968267926841196,4.410235864165327,0.17370090030618068,0.49297292132591974,120.0,3,0
7,2022-07-04,IL,0.3940758182530033,2.7928100167796535,2.2089381183687538,0.0,6.3,4,1.1111814083524465,0.0,2.5697334962701066,1.8731444916619269,0.7541297686407096,2.865916244945991,120.0,2,0
7,2022-07-05,IL,1.1535200169701778,0.008705748036957672,0.9490757122125966,0.0,2.5,5,1.738019005763883,0.7752611737710153,1.599390706638481,6.253877719335122,0.0,0.8621471988350107,96.69548574783566,2,0
7,2022-07-06,IL,1.4379989297959452,0.5465587375039289,1.356440976314496,0.5593706734202448,4.6,4,0.09130123404767687,0.0,2.7265341221204293,4.874126707198199,0.0,0.18377046277386677,120.0,2,0
7,2022-07-07,IL,1.0287831996901236,0.5988885506862269,0.7064423539184819,0.6001321496869275,3.4,6,1.4688121348937715,0.18133286023582224,2.5999316412282316,5.91349047861117,0.693470360737523,1.208717410152897,120.0,0,0
7,2022-07-08,IL,0.0741533327892712,0.5742615468737036,1.7883271452420937,1.2198652650343647,4.3,4,2.0563936801045193,0.16562185845931562,0.813100376495878,4.988350364704043,1.8970546479118864,1.2195370285311915,120.0,0,0
7,2022-07-09,IL,1.4254982829084377,0.9223922300839563,1.6126842471714797,1.0041319568925628,5.8,6,0.34946499489813254,0.6156493765975846,0.0,7.411344489358313,0.6419542454823426,3.3707515586799897,117.70546030664573,3,1
7,2022-07-10,IL,1.6250994527645055,1.0190847305504476,0.6081845191138993,1.3291464734838778,5.3,3,1.3500447854797948,1.2901803271862335,1.9401841364587213,2.286022616165423,0.34143794255694515,0.0,112.67571059525295,1,0
7,2022-07-11,IL,0.3574724504655191,0.3714342305674889,1.9878485411915818,0.5916918750178173,3.9,3,1.4653241142678848,0.35994482953845064,0.4182231674246788,6.417670446861979,0.8308274972294281,1.939109249691547,120.0,0,0
7,2022-07-12,IL,2.2854488588169604,0.0,1.349685067980376,0.31950338745965184,4.6,4,0.3311572675540059,0.805760948702277,1.8741169601686898,0.0,0.3177441467007789,0.6962197767292944,120.0,1,0
7,2022-07-13,IL,3.0,0.0,2.305622468031178,0.0,6.2,2,1.2407160599423088,0.390425694601539,0.8383907291475028,3.904649411419069,0.0,0.20902162721446782,120.0,4,0
7,2022-07-14,IL,3.0,0.2215759668616395,2.821704968054532,0.2869421069224177,7.4,4,1.6932250629173249,1.015207612456444,1.335780593708478,3.828285531231506,0.126491419278699,0.3293890886755979,120.0,3,0
7,2022-07-15,IL,0.0,1.1376781626659482,0.19878576575041182,0.07986011937127557,1.7,6,0.7053488895647089,1.256133618788522,0.22397838259134176,5.308264735823192,2.2424896900129716,2.2955204129618303,120.0,3,0
7,2022-07-16,IL,1.0249088797280657,0.0,1.9630087178288562,0.15789076059843188,3.7,5,1.5567599720137404,0.488053293305321,0.0,5.279215197162345,1.215146405932248,2.2168200258329054,120.0,1,0
7,2022-07-17,IL,2.167934250529753,0.9288585572620958,0.13391953390440592,1.6551438124722684,5.7,5,0.8282179990132233,1.1094712532137148,0.9867375815273034,0.7396445377856695,1.3871465760196016,1.0145214640486622,120.0,1,0
7,2022-07-18,IL,0.0,1.2370008721805292,3.0,0.6213846086112143,5.7,5,0.6117567892002762,0.10274327607856779,3.6653508197798477,1.1789839558673565,0.0,1.8167951382632417,120.0,2,0
7,2022-07-19,IL,0.9223934630032579,0.4549929333310927,0.6198445045484549,0.5154423755791684,2.9,2,1.288991452695456,1.1761209659255956,0.5241882335164246,3.967147535835962,0.3818205797118539,0.484939091126783,120.0,0,0
7,2022-07-20,IL,0.544378271403495,2.3160093276220026,2.0861242940670457,0.392776878453863,6.2,5,1.8613899109769851,0.5912289169512341,0.0,4.415299312195442,0.5605124470991334,0.3614640178175692,120.0,0,1
7,2022-07-21,IL,1.3654001707289463,0.008336498894286892,2.4593618471518677,1.4898699199433467,6.2,5,2.0197826458987245,0.0,1.791359854349159,2.8647759093270957,2.8613318483916297,0.0,82.8923716402816,1,0
7,2022-07-22,IL,3.0,1.4265405428726903,0.6978896776330199,0.4123888055023467,6.5,3,1.6499000325841755,0.8601826976642755,1.5229424896519792,0.0,1.0548087050950852,0.0,120.0,1,0
7,2022-07-23,IL,2.18402393986522,0.0,2.031764393190554,1.9726714318104546,7.2,4,0.6071046985439488,0.25997257430888077,1.8302189837583318,4.910105212511227,2.924835969091711,0.17247168054962403,120.0,3,1
7,2022-07-24,IL,0.0,0.5712228493090332,1.7798215387515834,0.6797354124523025,3.5,5,2.2481462814671263,0.18189948229355088,0.3622934864318529,5.508338258760068,2.5731356172666393,2.0703907739226795,120.0,1,0
7,2022-07-25,IL,1.1045555705814047,1.401052075878839,3.0,0.0,6.4,5,0.5130289725850571,0.0,1.9489149359196747,3.601027954628466,1.7751455254629516,1.9851236697037589,120.0,1,1
7,2022-07-26,IL,2.170156913777411,0.0,2.085076263394855,0.019195716398812346,5.0,6,2.0309499307681946,0.0,1.3015422298144252,4.669416206855053,0.030275535775341922,0.0,101.81826442368653,1,0
7,2022-07-27,IL,0.0,0.9139122403709597,1.1349881491635951,0.6505519792001042,3.1,5,1.0064994192205328,1.1041456287712914,1.738599494057736,1.900435872712457,4.3771801556475785,2.319692326984285,80.49887987584275,3,0
7,2022-07-28,IL,1.749974659364189,0.7328596546404222,1.643258132305736,0.30445272388555095,5.2,4,0.9153257863426465,0.0,1.6830452460771836,1.2344398182749476,0.0,0.7470868694733515,120.0,1,0
7,2022-07-29,IL,2.066098754721173,0.10061647895548509,0.4227933963529962,0.24933446911254706,3.3,6,0.6863455998392747,0.0,0.0,0.7082059205228557,3.129853697554209,0.0,120.0,3,1
7,2022-07-30,IL,1.3251950846758929,0.0,2.4454104766516815,0.0,4.4,6,1.0394330783145433,0.0,2.999493760213128,3.8137033571784964,0.0,3.705077239668584,120.0,2,0
7,2022-07-31,IL,0.4790676469554732,0.0,0.0,0.0,0.6,4,1.12191222781469,0.24155179351047218,1.3739271664932513,7.236702951038078,0.0,1.4163841157752368,106.4043515613607,1,0
7,2022-08-01,IL,1.8837923545840942,0.0,1.9653339814392878,0.27127635927355725,4.8,4,3.05069143819785,0.22173050154285084,2.2990740824578966,0.0,2.772840331808938,0.0,120.0,0,0
7,2022-08-02,IL,1.7440895790243733,1.5497400087267248,0.24086798788648145,0.19642316538475948,4.4,4,1.2278560559843434,0.0,1.3719460988697245,5.120986503258186,2.9219172247912812,0.12220584841597804,120.0,0,0
7,2022-08-03,IL,2.6522079383627175,0.0,0.2722568937918124,0.06401852831337493,3.5,5,2.599629920761915,1.0081154197551767,2.842084057024497,5.278149911305388,2.4939723535223632,0.556537903093165,85.88996516682278,2,0
7,2022-08-04,IL,1.644330551694267,0.0,2.6589874358926906,0.0,5.0,4,1.0174619273974765,0.1422520651236751,0.7998987109944296,6.321093206806332,2.4844709202996857,0.4043085461772351,120.0,0,0
7,2022-08-05,IL,2.0117503836984887,0.012115657584642836,1.4338499204407011,0.0,4.0,6,0.7157390720678501,0.11002425909900192,0.7417976015242522,2.1530588792680208,0.20131298465139014,0.5271226717270139,120.0,1,0
7,2022-08-06,IL,0.22465879853741788,0.3509148025830253,1.6869326490965686,0.0,2.6,6,0.2661844699196606,1.7902714133870394,0.7900565582175622,4.785231351158294,1.5166335738021164,2.363338243886438,120.0,3,0
7,2022-08-07,IL,0.8479461171757582,0.9290079111192204,0.33053978588696886,0.998386426218707,3.6,6,0.4153578598805734,0.5717797953119292,0.0,1.0995349671392325,1.5303601742746453,0.22860309859439965,120.0,3,1
7,2022-08-08,IL,0.020414352690671045,1.1228625455913832,0.3718378960734239,0.0,1.8,4,0.24890284794483453,0.0,1.9103840612916805,4.32967945437942,1.055409639372968,2.077870238148122,120.0,1,0
7,2022-08-09,IL,3.0,0.0,1.3757318036609096,1.0179906061355983,6.3,5,0.0,0.06582064442190574,0.7891595410836303,4.462388989212832,0.011216704437067238,0.6477236934620101,120.0,1,1
7,2022-08-10,IL,2.5194673603302142,1.1174164860548084,1.3806480452466083,0.0,5.9,3,0.0,0.21425880280604703,1.1831901752205791,3.734015873343286,1.1796091749303188,2.023149994537695,108.8635967360726,2,1
7,2022-08-11,IL,1.3342699191360967,0.05399180633457301,2.516671734391503,0.18815561892777333,4.8,4,2.33368552852171,0.748071252964857,0.988566644892988,5.745481091710236,1.8842114881306484,1.5071912376769279,120.0,0,0
7,2022-08-12,IL,0.35790426374417184,1.328943009038361,0.6436873056306538,0.10318839350604747,2.8,4,1.1998091402036857,0.6158287236227111,0.4443799129320206,4.079867479501899,0.5554175766012701,1.8507101888143491,115.82300885674488,2,0
7,2022-08-13,IL,0.4182161647588688,0.0,1.6837688947876313,0.0,2.5,5,0.9836116257274496,0.0,2.0481062227712785,2.7375561612552346,0.0,1.660101734521728,120.0,2,0
7,2022-08-14,IL,1.8897360496702895,0.6430561258512283,1.0874453530599455,0.11744115719139003,4.4,1,0.3526754517429832,0.0,2.320960926519886,3.3993521231325716,0.0,3.964679518982848,120.0,0,0
7,2022-08-15,IL,2.5807199587546696,0.1552052715220793,1.7839714552210069,1.0541351035568165,6.5,3,1.8110804737212058,0.0,1.3066397028888648,3.6986284749954526,2.646256106907858,0.0,120.0,2,0
7,2022-08-16,IL,1.5979308521103373,0.9624304756885838,0.5854822061328637,0.0,3.7,4,1.1330828476246262,0.7507686451170394,0.002475411687542728,2.2878239958771647,0.0,2.6398871945010356,120.0,0,0
7,2022-08-17,IL,2.3951387219263895,0.0,1.771659085164353,0.0,4.9,3,1.1219424330358816,0.0,2.3365859287204236,7.539326470931256,0.0,2.178300924910306,120.0,2,0
7,2022-08-18,IL,1.4335041214998943,0.789638432453025,0.6861449764013805,0.16216131139784618,3.6,6,1.771875614773058,0.0,1.5677313389273395,3.9867647898829155,0.0,0.07308312079728774,120.0,1,0
7,2022-08-19,IL,1.1627245752017967,0.27049895674964697,1.500699493253856,0.2303708850171689,3.7,7,1.6106815387783446,1.0110889061162176,1.4444289025447463,4.494987307657159,0.0,1.875338498765552,120.0,0,0
7,2022-08-20,IL,0.5587053222683713,1.5825033008293785,1.4754286132681251,0.9552583080359687,5.3,4,1.4705627347678298,0.15831899227573998,2.00586378949025,4.488129200795262,1.4714662264651364,1.1296355390453918,120.0,2,0
7,2022-08-21,IL,0.2598594988976922,0.2433682566076465,1.5850079573347888,1.3247071756819195,4.0,4,1.9419530133699925,0.4075207267947607,2.2829534286805684,0.0,0.32568790660322033,0.7705914716483719,120.0,0,0
7,2022-08-22,IL,2.9961060390902556,2.162108440413155,0.772713603030456,0.01397028123921451,6.9,5,0.4504283926701377,0.09061334652691404,0.0,4.711073394444086,1.2878372111880456,1.213543716721668,120.0,0,1
7,2022-08-23,IL,1.4074895757368215,0.19862321872632638,1.6504859125950302,0.2379482971255108,4.1,5,0.6003135059357314,0.0,1.0903321761561169,4.058206022562477,0.21451786086682922,0.0,120.0,1,0
7,2022-08-24,IL,1.5185762776599112,0.4440773757537122,1.1949693949007587,0.951805343798131,4.8,2,0.9635183091760385,0.0,2.1118113214704866,4.35521068846203,0.06529661414416155,0.0,120.0,0,0
7,2022-08-25,IL,1.200032309966611,0.5959125444257921,0.7512022781084429,0.0,3.0,5,1.3551599076184688,0.2562423803097813,0.20090136886746746,0.0,0.650479567241928,0.0,120.0,1,0
7,2022-08-26,IL,2.0258379544481198,0.5601192620671431,3.0,0.3808754337050013,7.0,5,0.7423638624227572,0.0,3.229110831512867,7.474354524702871,0.0,1.8976406065249,120.0,2,0
7,2022-08-27,IL,2.4473622799112453,1.0517596231352253,1.1406639029046421,0.4302351164995827,5.9,6,2.5095366910682673,0.02554129981347686,1.3535885570168975,7.0077866537565106,0.1415945610516416,0.5364462709970645,120.0,0,0
7,2022-08-28,IL,0.5717212190614429,0.5035550506075168,0.713449120749075,0.0,2.1,5,0.0,0.8441655374865951,1.821251396123565,5.0969957969877715,0.0,0.5638014949005721,120.0,0,0
7,2022-08-29,IL,0.5483411187677211,1.1915064769155248,2.774769871291895,1.190479850496066,6.7,7,1.5128865073713784,1.1793821767043862,2.8727471703981555,4.787183605621502,0.0303205767122825,0.3578312240110817,120.0,0,0
7,2022-08-30,IL,0.1969211355942254,0.0,2.1161757159515306,0.5212628502535894,3.3,3,1.1556134260198319,1.1909839234573356,1.3138389632596381,5.200469060386664,0.0,0.5967765164113241,120.0,2,0
7,2022-08-31,IL,1.316316412836119,0.0,2.5753507991781968,2.161232327778082,7.1,3,1.1733666371528602,0.0,2.7302632148870973,4.15789696939425,2.1994164177161553,0.44497155257074195,120.0,4,0
7,2022-09-01,IL,1.4119368715922394,0.0,0.0,0.20696432855650002,1.9,6,0.03182531687666246,0.4528931660485861,0.5092550049218721,5.309935989732236,1.8550247511290183,0.5825961384925158,120.0,0,0
7,2022-09-02,IL,0.8820272377983477,0.0,2.161308227956135,0.0,3.6,4,2.021588678835059,0.0,0.2274402152423009,3.7036362916886967,0.0,0.38330682674210004,120.0,0,0
7,2022-09-03,IL,0.6474860687244913,0.6829962815466861,1.7460563304307803,0.36204573117398225,4.0,5,3.140266670010157,0.2237235870892264,1.887645687320287,5.440505361919278,3.7943693338099385,1.837592134278006,120.0,1,0
7,2022-09-04,IL,2.217586289893873,0.0,1.810186286450803,0.925178420460994,5.8,2,1.5736566282182656,0.0,1.4939915678056044,4.759159389871159,2.1334534994862273,0.06392134050919274,120.0,0,0
7,2022-09-05,IL,0.36266399262552695,0.0,1.7259254447306116,0.0,2.4,5,1.8426699568376312,0.5344328013817394,0.8461879157915,5.81986297072552,0.0,0.7729222874367827,120.0,2,0
7,2022-09-06,IL,1.298095450359419,0.0,0.6122904029234064,0.9045801487982317,3.3,4,0.7529029334365527,0.1364908970984322,1.6106087375664675,2.832890653141798,0.4667763816084909,1.4380257861175072,120.0,2,0
7,2022-09-07,IL,2.0302916568402574,0.46943589796413787,1.2983877641143773,0.3123316237790261,4.8,5,1.2716786964090891,0.0,2.284252857738193,7.122875874101335,0.0,0.0,120.0,0,0
7,2022-09-08,IL,0.0,2.2430463501046227,0.282143432365377,0.0,2.9,4,1.5559541861602781,0.0,0.5809486583300492,2.070133139089231,3.0840894303542052,1.0195903839611817,120.0,0,0
7,2022-09-09,IL,2.6071545712608235,1.0404133622692513,1.9902610141281145,0.28098085723427224,6.9,4,1.3346611556626933,1.293651883492484,2.4590406217719543,4.647437381894654,0.0,4.144109283852863,112.85345311038682,0,0
7,2022-09-10,IL,2.8139174813116177,0.031003940699903643,0.4213169128138021,0.0,3.8,4,1.881929556087747,0.0,1.3718055201161397,5.243796487854787,2.4261220940045667,2.1779260787672086,105.68257984191322,0,0
7,2022-09-11,IL,2.328487849749221,0.6255466956573861,2.5818237315950077,0.35260569639720835,6.9,5,2.2193750878845186,1.0814970718129775,2.0414428749273847,6.027800951377831,0.0,0.8767699672807805,77.3085106352989,0,0
7,2022-09-12,IL,0.7952074089786915,2.0668074132836316,3.0,0.002469841184703239,6.8,3,1.7149283013229464,1.3113051141704783,1.5373481164241445,6.453469079996163,1.608051760153885,0.0,110.3574713344739,3,0
7,2022-09-13,IL,0.6263880008584262,0.44379544039204366,2.010593894981693,0.0,3.6,4,0.9594490761248617,1.1602187816174765,2.8929031021791554,5.545171467781524,1.7118390067329592,0.8610920421079389,120.0,2,0
7,2022-09-14,IL,2.3861152536623598,0.0,3.0,2.099613945407091,8.7,3,0.9290417456551878,0.0,1.6029944376191922,3.0924353250170267,0.8896331781026416,0.0,120.0,2,1
7,2022-09-15,IL,1.395111840016481,0.0,1.3666774708312983,0.12532945608066326,3.4,5,0.0,0.3175854808263756,1.1782874372939036,1.4772938841636565,0.41987501498929003,1.6813530009316406,120.0,3,0
7,2022-09-16,IL,0.0,0.0,2.430733461741692,0.6582429596152263,3.6,5,1.5903330553638302,0.0,1.2416464541202008,8.976445484179703,0.0,1.2033680088111833,117.80157417109469,2,0
7,2022-09-17,IL,1.2595588508043816,1.4128639496406135,0.1377371895843731,1.179787297575723,4.7,4,1.4836871423161604,0.0,0.0,4.267574622135676,0.9863154238793774,0.7480571160945089,120.0,1,1
7,2022-09-18,IL,1.1077269143533388,0.36570348190338375,0.8929345107833153,0.241824278182364,3.0,6,1.888977950277619,1.4048933385872744,1.090626666505085,1.0107661132449013,0.5155030983711242,0.13436227036687454,120.0,3,0
7,2022-09-19,IL,0.7815223049414326,0.0,0.17385890472136967,1.2664421788095177,2.6,5,2.2424947792686227,0.8608629832305973,2.2865068416423737,6.166226561377586,0.5847660357804527,1.7930340572530332,107.0208278032287,1,0
7,2022-09-20,IL,1.5663454901444476,0.0,2.0256543166309275,1.7704552612298363,6.3,4,1.3353865750790563,0.6400847454272249,1.8502869551232988,2.102170824156256,0.3142032407961448,0.8095645648786269,102.97789116157338,1,0
7,2022-09-21,IL,1.6176898752622977,0.03957544839760252,0.5190506336508333,0.0,2.5,3,0.6956492581110355,0.0,1.5264336105631413,3.7488440711774276,0.5588509717027437,0.6096463796704248,120.0,0,0
7,2022-09-22,IL,0.579409919936454,0.19911538676204954,1.6191828665653818,0.27054604029240314,3.1,4,2.362580819635184,0.542259020851289,0.0,6.039205588321599,4.481465969179807,2.203495168752676,120.0,1,0
7,2022-09-23,IL,1.4222690122088346,0.0,1.992456419006188,0.0321600734686871,4.0,4,1.0837285473087799,0.0,1.7039457423359292,4.832076238973064,0.0,0.0,120.0,3,0
7,2022-09-24,IL,2.1701227401183765,0.9784328648854569,0.50516745633224,2.0660522617058614,6.7,4,0.0,0.0,2.572565014253228,6.357091573588718,0.2712000369714851,0.9549183716125966,120.0,0,0
7,2022-09-25,IL,1.114825955600159,0.0,0.4441085194186129,0.6503736265763029,2.6,4,1.8162675120787952,1.0806187797949744,1.7647790531791365,5.3304071104981725,1.5889020932949052,2.372149848879121,102.36955759725542,1,0
7,2022-09-26,IL,0.7757014269528504,0.19435641634978795,1.5260879149740072,0.0,2.9,3,1.0679153224796933,0.0,1.919805639611978,6.4374174049759665,1.9572533237953156,0.9812068099471447,114.81661500014442,2,0
7,2022-09-27,IL,1.943933171156321,0.0,1.9971938745952718,1.21571516727187,6.0,7,1.7218600407033675,0.2705794912127203,1.7564668833186319,5.75049644009107,3.8976242983821487,1.8589171690607902,120.0,2,0
7,2022-09-28,IL,0.0,0.0,2.8091939536155897,2.0399736485878313,5.7,3,1.8446601439197146,0.0,1.5200164008241757,1.1264493289763422,1.1865354980722995,1.4738714062757383,120.0,2,0
7,2022-09-29,IL,0.5384117514022536,2.7363990445471322,1.6386570496457062,0.5451748620571804,6.4,3,2.6927369594277444,0.5074347097702222,1.0241631598913217,7.55977198016164,1.0394519043470516,0.055377895493124996,120.0,1,0
7,2022-09-30,IL,0.7557976158164567,0.0,1.7835341723758271,1.8150026871622849,5.1,4,0.8545079488534371,0.1941439799577167,2.631851549203876,2.3217328846764755,2.542523294803428,0.45601427941614436,67.0456706105885,1,0
7,2022-10-01,IL,0.32351329682700486,0.0,0.9850145227004274,0.0,1.5,3,1.372682073849707,0.0,3.077043716460838,0.0,0.6258093188419407,1.112837413809209,120.0,4,0
7,2022-10-02,IL,1.1147148301604433,1.1006367727427246,3.0,0.6406863973804855,6.8,5,2.088533352610882,0.0,1.9651949021766055,0.0,0.7079939931881123,0.0,120.0,2,0
7,2022-10-03,IL,0.07918087342681956,0.0,0.9740945608555852,0.1164809560636956,1.4,4,0.4658986140700412,0.6982400753769125,0.10739775732075985,5.437624528456227,0.9797707609974029,0.8508059258452505,109.03112612007588,0,0
7,2022-10-04,IL,3.0,0.0,2.3021945571230127,0.06837803171338186,6.3,2,1.8954183245163763,0.0,2.645336909814521,6.144064169579742,0.0,3.182673450294617,120.0,2,0
7,2022-10-05,IL,2.271178446648069,0.0,2.1225087744139977,0.2915510026415732,5.5,4,1.8827486716141504,0.15216160561922798,3.564522916724901,5.090951650147295,0.0,1.0359636164476789,120.0,1,0
7,2022-10-06,IL,1.2927879286383623,1.2706887719385607,1.1032709729529682,0.0,4.3,3,2.494541150784083,0.16776477291720215,1.2371383624898926,7.87988415885426,3.817971523897872,0.0,120.0,0,0
7,2022-10-07,IL,0.030297685072706443,1.025911752242693,0.029920502015251538,0.05371643953704973,1.3,5,0.9252464357322792,0.0,1.0926495447871485,6.386959802426389,0.16154161370040887,0.2954135069045689,120.0,1,0
7,2022-10-08,IL,0.7780843291494288,0.0,1.0463893643024358,0.4107179555274536,2.6,6,0.19928264155543163,0.33409110176548856,0.7856355364216073,7.564476445200328,3.5481014637337887,0.0,120.0,0,0
7,2022-10-09,IL,1.915711186926981,0.5962520487722275,0.5831668018495699,0.4897166270862514,4.2,4,0.47800823867478986,1.0026567170945677,2.921646055460549,3.008213350272683,1.1033247645650197,0.9708416212222672,120.0,1,0
7,2022-10-10,IL,0.7464273258321698,0.06415204490234094,0.2782403002980764,0.4858683161505393,1.8,5,1.4334764650466472,0.040245524885333395,1.1207905906185545,0.0,0.32226504521691846,1.3982688588543197,120.0,4,0
7,2022-10-11,IL,0.21811328500060156,0.6034038501518447,0.4753361281278422,0.0,1.5,4,2.1675018574614193,0.0,1.2865431371291245,1.6450203804633707,0.0,0.44825418898030667,120.0,0,0
7,2022-10-12,IL,1.8732206363449257,0.0036331768590880387,0.3893437704984945,1.208415766102448,4.1,4,2.433201734122542,0.8238328356193867,1.537028219835325,3.8513301078219864,0.0,0.0,120.0,1,0
7,2022-10-13,IL,0.6021127815610468,0.596891642642037,0.7921823545920382,0.9851023094080437,3.5,3,0.4540096834837991,0.2422314580761646,1.003711440147806,3.2181593102027226,0.0,1.1003285412859227,120.0,4,0
7,2022-10-14,IL,1.7567693224235885,1.1961351551566894,1.2142037573505502,0.0,4.9,3,1.9758795653440546,0.0,0.0,4.130607312277406,2.75848063977128,0.0,109.73541366293566,0,0
7,2022-10-15,IL,0.8511709023404037,1.3884997349327284,0.6229265001141723,0.21453235886900812,3.6,5,1.4685781823032293,0.7534852771299667,1.563669663800494,4.46420898568397,0.0,0.9190831836867213,120.0,1,0
7,2022-10-16,IL,2.074684386149455,0.1434604106880102,2.632334922568497,0.32340878571583626,6.0,4,0.2645308980879517,0.0,1.9097708773568034,2.6411376328304264,0.4121449502436261,2.263679544765342,120.0,0,1
7,2022-10-17,IL,0.2492769817529379,0.8440501351400456,1.4481297170992677,1.5015714140709098,4.7,4,1.6175310395143971,0.15337981996765424,0.3700325595325151,2.0244986995452363,0.0,0.08932808794811309,120.0,1,0
7,2022-10-18,IL,0.7448889888630341,0.5435020250240254,0.6163590979580438,0.0,2.2,4,1.5100082686767626,0.0,1.0781593828677285,3.1541817651027833,0.0,3.00813370278169,120.0,2,0
7,2022-10-19,IL,0.6801724016484125,0.0,0.45321138355756135,3.2079394337604947,5.1,4,1.1106289505295153,0.0,1.4018521360774654,6.0318656303988085,0.9099513257661562,0.5437742738759003,120.0,0,0
7,2022-10-20,IL,0.9406447675822674,0.5576703154350617,0.8802681007055132,0.27105469556716544,3.1,5,0.5438229165030325,0.0,1.1237112356314698,4.92463334852754,0.0,1.1888510189709058,120.0,3,0
7,2022-10-21,IL,0.15508865189007193,0.9532520233476416,0.2966576399968988,1.1771969145598138,3.0,6,2.2127462719695083,0.21375656045430427,0.121416591131985,2.3738155658947884,1.7493640893066693,0.29443873686793287,120.0,1,0
7,2022-10-22,IL,1.0711454575240549,0.0,0.2382681400804491,0.0,1.5,4,1.1520872401412185,1.155464756710038,1.7631539998207677,6.742771466341249,0.0,0.8704759805855984,120.0,0,0
7,2022-10-23,IL,1.9479069881359423,0.41145472123616433,0.6050305707155023,0.6937519368654074,4.3,4,1.413878300810199,0.10331629230813787,0.762361731234884,7.3618253355032,1.3276102197886335,0.08841533296299531,120.0,2,0
7,2022-10-24,IL,1.294562631290505,2.1201859461386867,2.207115538328314,0.0,6.6,5,1.5261591376076349,0.06730484078039145,1.3194904709620445,5.143695037598628,0.7640016633112532,1.0036912265758684,120.0,1,0
7,2022-10-25,IL,0.17639828746541883,0.039091633274683124,1.720117708191626,0.1434468966162432,2.4,6,1.6889557509151962,0.0,2.4056752688270073,4.9413672923152525,2.3634399866343587,1.3136964979176728,120.0,3,0
7,2022-10-26,IL,0.6799939509624333,0.8454447506703959,2.1158727056571625,1.1668004719127465,5.6,4,0.8319514746558032,0.0,2.41961368974283,5.047200328065742,0.0,3.203102213873755,120.0,0,0
7,2022-10-27,IL,0.36169877464832845,0.9187740617880851,0.14539488532549846,0.11772756946687668,1.8,5,0.18872152925022945,1.3888858700823097,0.7913134974976621,0.0,1.7887618797014584,2.571944954783499,120.0,2,0
7,2022-10-28,IL,0.5742228653651354,1.7285720764733963,1.4014066182459,0.0,4.3,3,0.5060981009217091,0.0,1.27592171244285,6.4939574133239,1.1033793889770576,0.7301583040875419,116.87373713776171,0,1
7,2022-10-29,IL,0.7362581121081586,0.21400334672679644,1.8677585457631323,0.6438115738846955,4.0,4,1.5348249543404284,0.0,0.4065205931422531,4.872609476064836,0.0,2.4610213943032937,106.36958320610265,1,0
7,2022-10-30,IL,0.9630270922870551,0.0,1.876062031154425,0.0,3.3,5,1.6069547521572132,0.4273849633724683,2.7010761016143228,4.443492171075592,1.2252965606571746,0.2663027253396826,118.7834876647051,1,0
7,2022-10-31,IL,1.8241094909169417,0.12061936196029088,0.5071055505498958,1.2555667304617415,4.3,5,1.96262363809358,0.5937082298661249,1.2787580998300996,3.7187332014415873,0.0,0.0,120.0,0,0
7,2022-11-01,IL,1.8307478157975612,0.792593829115406,3.0,0.0,6.6,5,1.4047192531670554,0.07073783214151112,1.0936134379270817,2.9067477623160567,0.6788312269420635,0.7290005943005278,120.0,0,0
7,2022-11-02,IL,0.04640972776432295,0.0,2.6876762440774105,0.0,3.2,3,2.8592401695896683,1.3025466820208373,0.45848079605292535,5.85948929096466,0.03683307743242503,3.0851714530417196,120.0,3,0
7,2022-11-03,IL,0.4668410334570068,0.5971789635979611,0.7592047309654721,0.8906136892814088,3.2,6,1.9265561593910299,0.0,2.220092649905155,4.575103173435801,0.0,3.435325102008688,120.0,0,0
7,2022-11-04,IL,0.6047110421425669,0.22284405172709865,1.8449304932077983,1.0002374087499983,4.3,4,1.2042641536601306,0.0,2.8780653485387178,0.0,0.49741299962795127,2.5241356004634885,120.0,1,0
7,2022-11-05,IL,0.4298938679575761,1.1981923100878291,0.2610041900443607,0.5776883925898562,2.9,4,0.5094774894787999,0.0,2.522491703741019,1.7218924562904294,0.9079622026011882,2.911257902215684,87.50376222520383,1,0
7,2022-11-06,IL,1.5836241058262828,0.3630618583688404,1.514847267804385,0.06272380330235727,4.1,4,1.5843978740848006,0.22656835164301375,0.8622557486190987,5.947626024983113,3.9949226834037566,0.0,120.0,1,0
7,2022-11-07,IL,2.7190900563919365,0.31837230494401286,2.3811622244593447,0.0,6.3,4,0.5649693306365777,0.14110712769632,1.9603319370684473,7.869291362537983,0.0,1.3510916217312965,120.0,2,0
7,2022-11-08,IL,0.0,0.0,1.4580131410356538,1.6769971763392946,3.7,4,0.7078821848698024,0.0,2.349945951049971,4.927852648860923,3.0907759933298253,0.0,107.4164634235599,0,0
7,2022-11-09,IL,1.417311323264693,0.0,0.13838849089641583,1.164309607168771,3.2,4,2.078321846117217,1.5543403548162171,0.7969752330655435,2.2105924441858047,2.06269414000405,0.24954693966806096,120.0,1,0
7,2022-11-10,IL,0.35926354236771907,0.3861323950940052,2.3795732793692617,0.0,3.6,3,1.4556269867111096,0.0,2.5140060117170715,3.2230464104503733,0.0,1.3689768527216244,120.0,2,0
7,2022-11-11,IL,1.2124604330939666,0.0,0.49869974502906134,0.335269442803084,2.4,4,1.3105504493379125,0.3485032429328425,0.7720112732639492,3.5941631148068485,0.0,1.0834439916924008,120.0,0,0
7,2022-11-12,IL,1.0770117424674615,0.02347088304624645,2.671009810169631,0.8181692551290662,5.4,5,1.8334768451499583,0.0,0.7626102872988254,4.735260177871735,0.48959706339338527,0.0,120.0,1,0
7,2022-11-13,IL,0.7925629151606162,0.8111816256628313,0.36343970181799967,1.4780667171560253,4.0,6,0.5820834327646726,0.566555644133248,0.0,1.7276686332649998,2.848809259346294,0.3938999924671902,110.28997657684968,1,1
7,2022-11-14,IL,2.33251556147376,0.0,0.28542248574694695,0.377212812585739,3.5,4,1.9947585680222926,0.0,0.0,5.0120969558734005,1.5358413806829467,0.0,120.0,3,0
7,2022-11-15,IL,0.26734054086344927,0.15361434440314925,1.657551815894791,0.13405807679975512,2.6,4,0.0,0.9309790287778095,1.4102038048579348,7.473050858400957,0.0,0.26415645765417306,120.0,3,0
7,2022-11-16,IL,0.2842762077000628,3.146911010582643,2.111348747181726,0.24075651406729878,6.7,3,1.4089219954730705,1.2860445074990587,2.3421793729322937,6.127521243395382,0.1102377190779984,0.6514308742287878,93.00798962874747,2,0
7,2022-11-17,IL,0.9833886833434692,0.452815187448513,2.167639050634607,0.04453741510566875,4.3,3,1.9822632043208925,0.0,2.605361633922618,3.6156718936743797,0.2636053293848133,0.35460315106228824,120.0,2,0
7,2022-11-18,IL,2.414164174804879,0.6255278227570741,0.4028890890127156,0.8964778672148435,5.1,4,1.1234290889605967,0.5611598808851801,2.137776682694896,0.5811276422448787,0.5232262184319432,1.0861886740351456,120.0,2,0
7,2022-11-19,IL,0.30140305168709886,2.0099091614160596,1.1765618388136183,2.9390150094285743,7.5,5,0.7566758434506458,0.0,1.0747396808031588,3.968205102864138,1.6292568082982157,1.1345322480066224,120.0,1,1
7,2022-11-20,IL,2.8852727161801344,1.7554731913945476,2.5097206698063195,0.0,8.3,4,0.6797224417693364,1.160830553601543,0.7408720181210859,5.452547261271196,1.2093565214964757,3.1444043249871836,95.8685175663247,0,1
7,2022-11-21,IL,0.6337545043565522,1.3528882577917982,0.5290712587232057,1.5366842542859391,4.7,4,0.6298289469954792,0.12778028243913692,0.32179141548453305,7.416165463088205,0.27280733336809293,0.0,79.58608866692947,1,1
7,2022-11-22,IL,0.785401879281713,0.5795303024210264,0.4545124235420135,0.13769284044886432,2.3,4,0.7694763724711073,0.7403263742391055,0.1315446313877542,4.5832971185854365,0.0,0.7518722409953926,120.0,2,0
7,2022-11-23,IL,2.110424143873167,0.0,2.629379224360875,0.6691143844919818,6.3,7,0.23594509520813878,0.0,0.37808737147190835,7.6176095729036275,0.7368049791830098,2.7055655765015287,114.61561536914375,2,1
7,2022-11-24,IL,0.6802675030639914,0.8133720729906442,0.20326442449180762,0.0,2.0,6,0.9289095581989938,0.654284395230284,1.913291449367502,0.0,0.9839547076326987,0.01996298615575931,120.0,2,0
7,2022-11-25,IL,1.5342030950676921,0.5735551933613581,0.3791994019056941,0.8926990968965682,3.9,5,2.407333489466868,0.0,2.1516910327492074,6.32015616925073,0.1623745969051411,3.073007944728419,120.0,3,0
7,2022-11-26,IL,0.5812427264598711,0.0,0.0,1.2170290468713207,2.1,4,2.341009893980671,0.9394289324496754,1.3317056701880805,3.358337124744917,0.0,1.0472414147613835,99.85751589683645,0,0
7,2022-11-27,IL,0.27912324490706275,0.9625910615903054,1.7170146407848725,0.0,3.5,5,2.319104378963708,0.0,0.11124994076006789,6.966330095259027,2.2411032755337863,0.0,120.0,3,0
7,2022-11-28,IL,0.0,1.0717215331756804,0.8203331699668107,0.0,2.2,4,1.3495125695339891,0.0,0.5108947464374893,5.278756226766843,1.7269931912240364,0.7314036867620102,120.0,0,0
7,2022-11-29,IL,1.6407450594997786,0.7829736444523259,1.7815772263871479,0.0,4.9,4,2.0060231800497785,0.0,0.1901084531346704,5.87530004948227,0.5943079042215227,0.0,120.0,0,0
7,2022-11-30,IL,1.528918399447062,0.6594934754372597,1.4611626642549873,0.0,4.3,4,0.928638984681819,0.04940748112969845,1.914101058221312,7.837299778045452,0.38986139418053467,0.0,120.0,3,0
7,2022-12-01,IL,1.5703868561220355,0.0,1.8512258602441456,0.051875931804140185,4.1,7,1.8140559886684104,0.25626801713466385,0.09111727471161096,4.201427570800097,0.8825605903715585,0.394871807221294,120.0,0,0
7,2022-12-02,IL,1.5712843239305139,0.8399909061345869,0.0022202060987886463,0.0,2.8,5,1.0706365475715849,0.0,0.37598054193532526,4.498762278042564,0.0,0.4271093417744338,120.0,1,0
7,2022-12-03,IL,1.730770510790388,0.0,1.6403882113593982,0.35372993575339745,4.3,4,2.1880638158556867,0.9580198181292894,0.762651448400124,2.0448985983088224,0.4349915086919087,2.5189074498768536,120.0,0,0
7,2022-12-04,IL,2.7903403368649053,0.0,0.22631464696898562,0.0898448634660726,3.6,5,1.6533481497071127,0.1594405694203488,1.304239999346573,6.965663565507237,0.0,0.6263062762385567,120.0,3,0
7,2022-12-05,IL,2.5917444339475795,0.015103341545142035,0.5992078672692918,0.0,3.7,6,1.8679565091458499,0.0,2.5419583918146613,6.20306777615692,0.41533859776425275,0.3967451623885898,120.0,1,0
7,2022-12-06,IL,1.3892272861006756,0.0,2.4412975904309056,1.0823430117596988,5.7,4,1.3067796000731153,0.6334582112409706,0.24235368927658152,3.509973302338092,0.0,0.0,120.0,3,0
7,2022-12-07,IL,2.3350718900858194,0.0,0.0,1.8499099053020778,4.9,6,1.0704214324674886,1.918244833189082,2.2161245948736013,0.46145680008803147,0.4690519799122268,0.518675518228044,120.0,3,0
7,2022-12-08,IL,1.2800557543292241,0.9642229039001975,0.8576464367606959,0.2871558693304382,4.0,3,1.8005202684295725,0.0,2.7800239807751987,4.5210802018293865,2.0284281503805066,0.5510145533709432,120.0,2,0
7,2022-12-09,IL,0.407734085272074,0.28615929775878624,0.5865128942436979,0.0,1.5,4,3.4321297869548326,1.1119093988136006,2.9988579115972094,4.127115806337991,2.5116680569864838,0.0,120.0,0,0
7,2022-12-10,IL,2.863483957955952,0.0,1.5558079981481154,0.43072654506069713,5.7,5,0.6912273144196526,0.21367261303866633,0.4756378055891785,1.3936684721166395,4.411939023540093,0.8460392659315243,118.03251616446731,0,1
7,2022-12-11,IL,0.07060220095543024,0.3667350944721579,1.2792402625202275,0.4001502527723311,2.5,5,1.24094071138011,0.0,0.0,4.265272583670067,0.052015015953316146,0.6493565475317629,120.0,1,0
7,2022-12-12,IL,1.8644179618439942,0.9253603287524546,0.1577793761800158,0.9937654873918591,4.6,6,2.4764181480368315,0.0,0.5498018045856831,5.072993891397426,3.6659413567489345,1.9454041897402816,120.0,2,0
7,2022-12-13,IL,3.0,0.13400945405435166,0.34830938946364287,0.032582220109235394,4.1,5,2.0856707679173585,0.7542059134109024,0.6431763405139426,3.6752217787492727,1.5597749542988053,0.9731890449641549,120.0,1,0
7,2022-12-14,IL,0.0,0.7978925529122343,1.73365555127942,0.22369150801356552,3.2,7,1.429752834845669,0.22535618928486573,0.0,5.135261067009229,0.0,2.7990673076740467,120.0,2,0
7,2022-12-15,IL,0.0,0.0,1.989741916348139,0.6544575317979968,3.1,3,2.2641206222262973,0.0,0.9478974927200671,5.689335684293586,0.9706698861437182,0.5255991433996616,120.0,2,0
7,2022-12-16,IL,2.0623855366099937,0.027423498256069045,3.0,1.1169464430858076,7.2,4,1.7697846571516276,0.0,1.756787384280864,4.389437850411734,2.2724037718154726,0.0,117.25381436371201,2,0
7,2022-12-17,IL,0.0,0.14127315836748477,1.7807602190302685,0.37709081535323774,2.7,4,1.2862575643934497,0.7594365808331235,1.6485407991140577,3.7931494890045108,0.38751112591737646,0.9472679882681692,81.95334510174052,0,0
7,2022-12-18,IL,3.0,0.0,1.9643710263997294,1.0105119999176884,7.0,4,1.2550117370025462,0.8423929878534522,0.0472993875578418,6.71881331646308,0.7923092577470348,1.658804417886265,120.0,2,1
7,2022-12-19,IL,1.8791760585192865,0.8508023762477156,1.6466398613495428,1.1427145818450553,6.4,6,1.5398105923842724,1.4480614077553398,0.568720932390396,10.138393279860765,1.6215913338167751,0.08451843676164428,120.0,2,0
7,2022-12-20,IL,0.17113504768342236,0.826727189331159,2.0265936443581936,0.06545920375401185,3.6,3,0.5976376281670688,0.4438533314476472,0.3021518862777939,4.165559777908894,0.5899489240888117,0.013716306770051645,120.0,2,1
7,2022-12-21,IL,0.9819869637851834,0.3257130691076673,1.169242095833066,0.0,2.9,5,2.3838530451700537,0.23898811171073234,0.865251122598927,4.127721745561489,0.7626857461549947,0.0,89.68701462510845,0,0
7,2022-12-22,IL,0.4614384685459959,0.37923495111928196,0.0,0.7785866878112825,1.9,5,1.586615517737356,0.07904859003525039,1.623463247405104,3.9401975166417573,0.0,0.0,120.0,1,0
7,2022-12-23,IL,1.0308302566811602,0.23781240407931015,0.0,1.3156381473767074,3.0,6,0.9332753013895568,1.1709953149398107,1.0646244825933013,6.554423807504223,3.605332819924062,0.9251425919488863,120.0,3,0
7,2022-12-24,IL,1.0961476690813692,0.0,0.9983777504655029,0.0,2.4,5,2.027675224362877,0.33007882284962575,1.0238163912962108,5.4957866068186405,0.0,1.8832474715474585,120.0,3,0
7,2022-12-25,IL,1.7371601135513826,0.0,0.38382272012005547,0.21231859748350512,2.7,6,1.1559939561536954,0.2838790133712718,0.5183934410656866,5.2667631728273685,0.3246455530425312,3.490704067553679,120.0,0,0
7,2022-12-26,IL,2.80587908904774,0.6974926979456972,0.6895091371739059,0.2921016850787206,5.2,6,1.6833359741770835,0.0,0.858435668737602,5.438238671269955,0.0,1.1275074400796796,100.44781380345746,1,0
7,2022-12-27,IL,1.0486628407844405,0.808277659364856,1.6863072930461953,0.011144798141727863,4.1,5,2.4411775720736864,0.28438887223424725,2.2503345287295757,1.9594266852989195,0.0,1.8893316402724523,120.0,3,0
7,2022-12-28,IL,1.4026036241682605,0.0,0.9588993472308375,0.43236006587218045,3.3,6,2.6196635737843335,0.5344793876652252,1.5474762934339643,3.2420571725517373,0.0,0.5436032297641209,78.49664991396897,0,0
7,2022-12-29,IL,0.8315979748296405,0.0,1.3436983050799483,0.8437318919677259,3.5,4,2.0049712753117825,0.13255234264420407,0.0,7.378163795363337,2.6568378769880514,0.7501377433992096,120.0,1,0
7,2022-12-30,IL,1.6814207957159975,0.3575214960991825,1.9054333117882658,0.0,4.6,6,0.6949814704519354,0.7485763482663828,0.7885083646164114,6.24439495097625,0.0,0.07185193000876344,120.0,0,0
7,2022-12-31,IL,1.2256008402500314,0.0,1.800718062070191,0.4932475047390654,4.1,4,2.0492106353766393,1.3285002214769828,1.3495374333584231,7.8901607899608805,1.0785825451601887,2.1138945326139305,120.0,1,0
7,2023-01-01,IL,1.3731172580633257,0.0,1.5092421861845897,0.0,3.4,6,0.7830539367034421,0.006620344461039651,2.410699597153749,6.262912708487547,0.0,1.4928727226621317,120.0,1,0
7,2023-01-02,IL,1.3584977905415738,0.2714511854692906,0.11098355137243827,0.22102066575885657,2.3,5,1.4463020507298299,0.8473195247817857,1.719603422049158,4.9168482617145575,1.033046309997986,0.0,120.0,1,0
7,2023-01-03,IL,1.1486841328733322,0.12646943453379755,0.44797843680561317,0.0,2.0,3,2.359560639876959,0.4429175530939367,0.0,0.677824528086819,0.0,0.6335752852325054,120.0,0,0
7,2023-01-04,IL,0.6752623572613936,2.373610050777442,1.8509007357848537,0.0,5.7,5,1.7795928694667662,0.15832709631666197,1.2705210919220147,7.015063328751639,1.8624042254103617,2.668106676872648,107.74399500074577,2,0
7,2023-01-05,IL,3.0,0.7910969350560195,0.886109833148037,0.06717487585825643,5.5,5,1.0379626196800453,0.0,2.1814618328909963,0.0,0.569332260564139,0.6796817091158392,120.0,3,0
7,2023-01-06,IL,0.9854477209014245,0.8566818735161736,1.3666787913333365,1.1791168464292046,5.1,5,1.8309829420817534,0.0,2.416025949371377,2.9552930058355606,1.2342827084652532,1.4745828193342279,120.0,0,0
7,2023-01-07,IL,0.6788008705856203,0.5614880550486849,0.5630472394536429,0.0,2.1,5,1.3254077357393783,0.18382398048705256,0.0,7.406704726706185,2.2383429277413285,1.2071482514864578,120.0,3,0
7,2023-01-08,IL,0.0,0.9374452742051393,2.5958509761788164,1.4233170658712333,5.8,3,1.595724998937357,1.328266800770542,2.5860124788122802,5.525027046998632,0.8333738377397211,2.273589521296916,120.0,0,0
7,2023-01-09,IL,2.973579778742516,0.44706470867496517,0.5911110796520362,1.749128879943472,6.7,4,0.0658651772153126,0.13067021422010702,0.6200998324143466,2.868040620589817,0.9710812174830994,2.007955974972348,120.0,1,1
7,2023-01-10,IL,0.053258337585023074,0.0,3.0,0.0,3.6,6,0.7602190965329017,0.6223916241120315,1.176495980088832,2.0167434355307203,3.486047560234722,1.5987456818457013,120.0,2,0
7,2023-01-11,IL,0.6874063782604154,0.3226663872195583,0.7679760070072978,0.39551146382484337,2.5,5,0.4178029245066788,0.0,1.0559218727480475,3.7956973733615214,0.0,1.1225549911200838,98.0362520793255,1,0
7,2023-01-12,IL,0.6632537720558063,0.0,1.8196021402824938,0.7212016103941972,3.7,4,2.1703343333813603,0.18112530278518416,2.393254467341606,5.475145196574472,0.0,2.130224240009106,120.0,1,0
7,2023-01-13,IL,2.339704391737401,2.011949420556752,0.0,0.41439049754381263,5.6,4,1.4231284792983057,0.0,0.22965246353008262,3.4165556934581036,1.061935002474222,0.9233868532791574,118.31002228082484,1,1
7,2023-01-14,IL,1.5503596248852158,2.0744712588692185,0.39752292706537684,0.6562956462264997,5.5,5,2.1102676986902074,1.176659648947664,1.938548415902284,6.390044322735348,0.6064455982087377,1.1941672434584643,98.28274222389453,1,0
7,2023-01-15,IL,0.13441992398275915,0.0,1.922328994888833,1.4021576995990985,4.0,5,1.9232977381899437,0.0,1.3715138798519675,4.405820475119408,0.0,1.1439389786002723,120.0,2,0
7,2023-01-16,IL,0.0,0.6864167995488168,2.032010512293855,0.0,3.2,5,1.13670414117183,0.0,0.7464699437696551,4.808373207418527,0.0,0.2900462444751245,120.0,3,0
7,2023-01-17,IL,2.3134567997821858,0.0,2.216805500937965,2.7491048027648306,8.5,3,2.093222616429985,0.41444172892472797,1.2494594236770358,5.6474202641868105,0.0,2.036103038580294,120.0,2,0
7,2023-01-18,IL,2.2537360206354977,0.7815341795890083,0.45835412921654983,1.012248272195067,5.3,6,0.38666058839002215,1.3820906454286987,0.9540311340209795,3.750375539330505,1.161231953276272,2.347443735101058,111.177324836854,1,0
7,2023-01-19,IL,1.0038656526910352,0.6034892433251431,0.8797295606402085,0.688349214664056,3.7,4,1.4637245567374872,0.4094780258082625,1.9877240095342767,0.634720287460329,0.0,0.7235936719015772,120.0,0,0
7,2023-01-20,IL,0.6775540095208759,1.9608528987276743,0.8951454526321795,0.6806021890708085,4.9,4,2.894753476063017,1.2496021713928886,1.7853414024235006,7.065593699183981,0.021656400841172818,0.8605637409530673,84.61680521998018,1,0
7,2023-01-21,IL,1.8936627759013118,0.0,0.44651033092186665,1.3840190921989488,4.3,6,1.0956102916038866,0.36234182538322485,1.948898797155987,4.996587784492211,0.0,0.7423811876164923,120.0,1,0
7,2023-01-22,IL,0.0,0.0,2.355488446022963,0.49419331307810044,3.3,4,1.8676722646594888,0.7107039366399526,1.4032144110183884,4.474549464103828,0.0,2.705970303566719,107.34298965607488,2,0
7,2023-01-23,IL,1.4924148003489353,1.8940585799806409,0.6376302060228076,0.32231778215540885,5.1,5,1.3226805627857323,0.4124535691737413,3.758800376562643,7.2094904973459135,0.5878231930040054,3.8081525329216346,101.36750172421132,1,0
7,2023-01-24,IL,0.33021628806815717,0.0,1.7577307196746301,0.0,2.4,6,2.0635463581151625,0.3105973036002056,1.0899728532511466,4.044927672639321,1.9344059384539487,0.23967197883239044,120.0,0,0
7,2023-01-25,IL,0.3099122920839208,0.0,1.8333636820347263,0.04340952482410709,2.6,4,1.5463991376124828,1.8868299914838305,2.1634259361214867,3.8255828941506147,1.2993386098174176,0.35976078775261633,120.0,0,0
7,2023-01-26,IL,0.0,0.0,0.9426937669242003,0.35879329152871003,1.5,8,0.17210114103142393,0.24781305660478398,1.9169567401227172,4.088731974345562,0.9518063075222278,1.6246880164530455,120.0,0,0
7,2023-01-27,IL,1.7024977066279372,0.0,0.9164196816774106,0.0,3.1,5,1.6615708933556375,0.0,0.35802343199434217,3.7483822335391257,0.0,0.0,63.339151793265785,0,0
7,2023-01-28,IL,1.6629732789883853,0.15718921003390074,1.9654231574705525,0.8865107674864969,5.5,6,0.9403020858411175,0.3261889692551568,1.300216869064537,4.592210352904708,3.4739821912437456,1.1152377976774206,120.0,0,0
7,2023-01-29,IL,0.7758716333088517,0.0,0.20816174862715364,0.42392202926441747,1.6,5,0.8537686000881269,0.4064062371894983,1.1813062105641579,7.238112732771883,0.7754966733858859,0.0,120.0,0,0
7,2023-01-30,IL,2.1377749913243282,0.26689343564878054,0.8422784932795131,2.54991531342174,6.8,6,1.8800710591085452,0.6920628542045323,0.8022186545251042,3.4353562025892304,0.9798419136663754,0.24743124320837873,106.05375708503088,2,0
7,2023-01-31,IL,0.6763353979826461,0.857269615844185,0.9777283296027779,0.8587744636999256,3.9,5,2.356865544478977,0.5256944405605757,0.8437682367192356,7.233123940766727,4.660466447632169,0.3781134555389316,83.71372804846176,3,0
7,2023-02-01,IL,0.0,0.4836937016165861,1.236107158318394,0.3313525515969194,2.4,6,1.303133787001137,1.6702244677398472,0.8448639024819817,2.2583880862616543,2.670375592435972,2.7744772912834703,120.0,2,0
7,2023-02-02,IL,2.755576591491077,2.2199729251728124,0.5703280381599871,0.5079409744686484,7.1,3,1.1984518333097716,1.1089961866466804,1.8768523154599541,2.007494716287237,2.334857704958584,1.8148366827708144,113.7850941960933,0,0
7,2023-02-03,IL,2.168984216264879,0.0,1.920156122832774,1.7036399035574625,6.8,4,1.3421504259217891,0.0,2.542332222896591,4.866582632662119,0.5700116462178932,0.0,120.0,0,0
7,2023-02-04,IL,1.099989945135707,0.49568149470202816,1.259622502219841,1.059766943403537,4.6,6,2.55930866360756,1.3465812730887787,1.114855196915682,7.380630417636843,0.25411741795186327,2.20346509899911,120.0,1,0
7,2023-02-05,IL,2.2430163891813164,0.8887834523897364,1.933626704603981,0.5532746316280004,6.6,5,2.32866114831807,0.0,1.3435602272348786,2.855449638073323,0.0,0.2857689574802882,120.0,1,0
7,2023-02-06,IL,3.0,0.0,2.5952928061381844,0.0,6.5,2,0.7738748737490122,0.0,1.1650258622112246,5.860818185128792,2.0549858331869735,0.4938640485120578,120.0,0,1
7,2023-02-07,IL,0.0,0.7066682288890536,2.1422288278253223,0.0,3.3,4,0.6952748702338585,0.11221099192246847,1.0044700319749273,3.7775308298510026,0.45948629698012966,2.111801000595502,94.1709675977415,0,0
7,2023-02-08,IL,1.2664718482973423,0.0,2.0121259992607374,0.0,3.8,5,1.1125948580029055,0.9317998904793464,2.4165835546131254,7.438752897778709,0.5963859985262281,1.5592433437460596,107.80790655806764,0,0
7,2023-02-09,IL,0.0,0.7855470209569376,0.4230058584975298,1.523931673813615,3.2,5,1.7003151046425844,0.7733877528972026,1.8617910532510145,3.0805520560707804,1.4226486606988467,0.0,120.0,0,0
7,2023-02-10,IL,1.8098124051236866,0.10093480737082561,1.2520601977651495,0.0,3.7,5,1.5417436797534543,0.0,0.0,2.603445329814244,0.2353845620891586,0.0,120.0,1,0
7,2023-02-11,IL,0.8252645896742216,0.11407225442457447,0.2619072577455644,0.0,1.4,4,1.279509984386666,0.2542046393602152,0.5885894888940737,4.550793463710227,0.0,1.6894328772163834,120.0,0,0
7,2023-02-12,IL,1.2161287230972637,0.8435466158203285,2.2704760442422747,1.2232350455191667,6.5,4,1.7551084038588414,0.4227579120225982,0.40080297065345527,4.021159964901317,0.045763736231453134,2.44226303307578,120.0,1,0
7,2023-02-13,IL,2.282381552500291,0.0,0.7058536347757234,1.2316171002988925,4.9,6,2.728761758024587,0.0,1.7292859566025907,4.485766829726165,0.30496939803814693,0.6252269677895881,120.0,3,0
7,2023-02-14,IL,0.08945053100632379,0.6062767345524833,1.0576861607889536,0.0,2.0,5,1.8871596584962054,1.066962376841926,0.7764221967853406,4.502667687425348,2.8097393450942922,1.140532416399437,120.0,1,0
7,2023-02-15,IL,0.34426423750711765,1.8941193499782476,0.8459244836945068,0.0,3.6,5,0.13257035368206194,1.1871809381005978,0.2288367404508138,3.7597756378776364,0.0,0.6870563168095967,120.0,0,1
7,2023-02-16,IL,0.19484868959237245,0.18283986160073118,0.9959092826233905,0.36904236395857415,2.0,5,1.9222680841940094,0.0,0.8270079812461888,4.539867906100934,0.0,1.652116908477164,114.40273950866836,1,0
7,2023-02-17,IL,1.3571432727817987,2.2496435019973804,0.012628331153750505,0.7238208835244657,5.1,6,0.8707883978976293,0.0,0.9959149885657677,5.48190788110983,0.8481299665913955,0.7055925035804769,120.0,0,1
7,2023-02-18,IL,1.970230119010153,0.28542326179101374,1.1055931384157476,0.03401329641798123,4.0,6,1.8425847883129585,0.0,0.8461105306048968,3.607153065033606,1.4649244397132626,0.326417696130737,120.0,1,0
7,2023-02-19,IL,1.3751180798113298,0.0,0.30044602305234547,1.897638754058296,4.2,6,2.485774404861039,0.7578575499587576,1.8477860696467432,3.4440713113065957,0.0,0.0,120.0,3,0
7,2023-02-20,IL,0.37405701838702293,0.7420122860303854,0.18968730106783682,0.14504291331014324,1.7,6,1.6807419446752485,0.0,1.5845517646140623,0.0,1.062419055052052,1.1967385114495313,99.37996926985963,1,0
7,2023-02-21,IL,0.7346130026594827,0.1903970096985831,2.182307581858998,0.0,3.6,3,1.489954991965119,0.9187006340671262,2.408123565916744,4.190308340128423,0.378841864741962,2.7729550429668177,90.26052342654317,3,0
7,2023-02-22,IL,0.0,0.15206364978194298,1.1739206907461892,2.051395276712668,3.9,5,2.089199785062964,0.0,1.6789796201308718,0.7288861822318728,2.7012364113543357,0.0696240698048376,120.0,0,0
7,2023-02-23,IL,0.7469295799154333,0.0,2.7386268401653076,0.6709507951706303,4.8,5,2.0554503796212096,0.0,1.4661112733294706,5.0259248117673465,3.5120916436204297,1.9630528890801364,105.07886814639812,3,0
7,2023-02-24,IL,1.341682089677654,0.1839628753976723,1.9170653051896096,0.0,4.0,3,2.221619879425318,0.8976609905228654,2.18939418577226,7.256204422211761,0.0,1.5429714340315264,120.0,0,0
7,2023-02-25,IL,1.9690239934763858,0.0,0.9887847737479448,0.06546831893715233,3.5,4,1.6439746619465136,0.7456590836526216,0.8909913268743643,5.70568876631131,2.0543852340304314,0.4135338017419752,116.77115279971727,2,0
7,2023-02-26,IL,1.101426899799596,0.05488139242595813,2.7425135455422716,0.0,4.5,3,1.766380564654742,0.9498951944227807,3.4883813998913054,2.825255058513807,2.6671428609415413,0.0,115.8401391521262,0,0
7,2023-02-27,IL,0.42329430461686457,0.3715465105703766,1.5009325197199264,0.8966944591853434,3.7,3,0.8655305640019983,0.0,0.8282611621123933,3.6142158818884713,2.8892504963520973,0.0,97.35933677146453,2,0
7,2023-02-28,IL,0.8496726513191692,1.0791746265000555,0.7939114121908283,0.2610412667283829,3.5,6,1.8481713979536136,0.0,2.3708970449312035,0.5471143486637036,0.554953084220517,0.4924885108030439,117.51628091965597,1,0
7,2023-03-01,IL,2.383180268882013,0.25442269640185455,0.1166645757679385,0.2151200345975206,3.5,5,0.988554271558137,0.0,2.909934761720292,9.986316691242346,0.25801234046565247,4.772756644460778,120.0,3,0
7,2023-03-02,IL,1.8503994878347794,0.09630306708362721,1.710159380884304,0.5928690343169368,5.0,6,0.7321138732206753,0.7545319509807853,0.8180535432067035,4.820774850909392,1.651464670110657,1.295788657171157,120.0,1,0
7,2023-03-03,IL,2.8525134022664465,0.28528693040344466,0.46808847342072873,0.8517586590771606,5.2,5,1.6290001953278037,0.8366435371342597,0.5734516641064606,1.5280068556185276,2.501922278690937,0.35273591144689,120.0,1,0
7,2023-03-04,IL,1.979456505146107,0.0,2.3217985618082584,1.087282850838438,6.3,6,0.7986169192439265,0.0,0.9233803381255914,5.718707680548402,0.0,1.7357943535611264,110.98121890151927,2,1
7,2023-03-05,IL,2.9584010314218308,1.5685544969055143,0.42831314831229683,0.6270303788079854,6.5,5,1.1215665865542532,0.07216500476462973,1.1595891352993173,7.411486790640955,2.949529521040678,1.242358780086855,101.53489842535514,0,0
7,2023-03-06,IL,2.0613952152015877,0.03471664093613991,2.4878235671451514,0.34198187813854675,5.7,6,0.4501009945020117,0.11796591800439421,2.714155956362021,6.0194999976283565,1.7150037745396272,1.2828041597030446,89.43400730320721,2,0
7,2023-03-07,IL,0.0,1.2680051177821174,0.4336882749734179,0.0,2.0,3,0.9110977350168428,1.164476127044722,1.65315515895493,7.071640045559406,3.392516844090898,2.6009745170010667,120.0,1,0
7,2023-03-08,IL,1.1655354780100304,0.15645051476315341,1.1243810260167273,0.117693349718965,3.0,6,1.109208411782339,0.0,1.6110524082187632,0.5238014575965974,0.0,0.43894047718188234,120.0,2,0
7,2023-03-09,IL,3.0,0.9398361353184397,1.2143716648038725,1.229855594065313,7.4,3,0.2675652106660096,0.0,0.9452325749779797,4.905400984822825,1.561620802413134,0.6163860394017813,109.45892973738836,2,1
7,2023-03-10,IL,0.3170646803915077,1.2312711520256208,1.2151350976046076,0.10934931154434469,3.4,5,0.9339240519681667,0.24517885770126524,1.6344154596540499,2.8039161919304423,0.0,0.6453741283364964,120.0,0,0
7,2023-03-11,IL,0.6033560271114689,1.0456331154706295,0.0,0.10653546439344586,2.0,6,1.530060989786173,0.17352761798250507,1.4926659870193335,4.067317180026576,0.5664592448276753,0.6384905266740108,120.0,1,0
7,2023-03-12,IL,2.4656144699951144,0.3724208812174503,2.184754991822256,1.5099586135624423,7.6,5,1.8709071949342448,0.5750488949367765,2.2389693609607164,7.207504432513472,2.070579296639002,0.7724698846100795,120.0,1,0
7,2023-03-13,IL,2.7428441703134006,0.41352685996331295,2.1026686096558613,0.006607793546354129,6.1,4,1.493865009937599,0.0,3.169307778768694,3.40916340439135,3.0570814469347263,0.2575769926074707,120.0,1,0
7,2023-03-14,IL,0.535667197640731,0.0,0.17452974786479847,0.4764928457018661,1.4,4,0.9907744422072862,0.0,1.1087686300007797,6.689842441617282,2.788833748777578,0.007139293719780504,120.0,1,0
7,2023-03-15,IL,2.0158226565660797,0.0,1.7709282103860104,0.16109213573366643,4.6,4,1.3553365427602424,0.886959100950063,1.5416928970385224,4.951788220067677,3.7072708494752837,3.6136055605460102,120.0,0,0
7,2023-03-16,IL,2.2112996716371147,1.3048126029853209,2.554444273759044,0.5654888663334393,7.7,5,0.5900947994715763,0.0,2.932755818163743,0.7899624382327926,2.662887519396031,0.4909237992376865,120.0,1,0
7,2023-03-17,IL,1.5804433820533976,0.4183862436860447,0.2914460585607091,0.02857576117789895,2.7,6,0.6030467009720141,0.0,1.5114467911530887,6.252290451112724,0.0,1.527091622399781,120.0,3,0
7,2023-03-18,IL,3.0,0.0,0.3858217504544423,0.6644790431265192,4.7,6,1.6022048271475582,0.0,1.133817558416806,6.10785517157553,2.064118495720469,4.788040319497358,120.0,0,0
7,2023-03-19,IL,1.9471730656061856,1.0935053025529244,1.2822596579432826,0.051877152636994994,5.1,4,0.7205848329827049,1.2189646439758963,0.1490203652211033,5.711400694229913,2.566147033073332,1.0881927077034352,82.32693224386745,1,0
7,2023-03-20,IL,0.16352944609801978,0.5660311033728533,2.116155936516745,0.0,3.3,6,2.2195977613384597,0.6719895522462112,0.46932106422697584,2.7993333687353834,2.265912865032768,0.1538524604183622,120.0,3,0
7,2023-03-21,IL,3.0,0.3558206256151114,1.8890826307842548,0.23780673439928474,6.4,4,0.9625219778248485,0.5215215521019485,1.4443460540821607,4.440659685347096,0.0,0.31618061505373607,120.0,2,0
7,2023-03-22,IL,1.221267242620237,0.280344189607715,3.0,0.226950995340786,5.5,7,0.10180163057715763,0.0,2.394882960888932,0.0,2.522740810434404,0.0,120.0,2,0
7,2023-03-23,IL,0.8431330013224841,0.46718699064674096,2.1646066734729743,0.0,4.1,6,0.18770145748161848,0.0,1.673641735796366,3.269039361523126,4.216306880850377,0.0,120.0,0,0
7,2023-03-24,IL,1.2548966440483669,0.0650094955441185,3.0,0.26276427363391486,5.3,3,1.0415771802081837,0.0,2.9584798753956676,5.426754719880523,0.4347023186540686,0.5750508529849316,120.0,2,0
7,2023-03-25,IL,1.5511660067957858,0.053127926838609785,0.576228034723612,0.24034363266288772,2.8,4,2.032612126770608,1.2106278696519246,0.9666635915047821,7.014187546517961,0.23287638117985043,2.4906384534902113,120.0,1,0
7,2023-03-26,IL,0.0,0.452477670633595,2.8289064080427004,0.13816197155030707,4.0,4,1.0767096151777895,0.0,2.083676244670436,3.1276690551206956,0.1523698286059254,1.514722873300002,97.73335187528755,1,0
7,2023-03-27,IL,1.1314011055068522,0.4522495615339882,0.0,1.1176229727680806,3.2,4,1.6686547749665028,1.4830682965926487,2.2520351236966007,4.51994047190469,1.4762908126304362,1.0595566755766266,120.0,0,0
7,2023-03-28,IL,1.425307199305787,0.45633226719914455,1.8867048842417493,0.5949077538911293,5.1,5,0.9371234274180528,0.5400669572630031,0.8023474612189669,4.708022445252884,0.0,1.5551910849078192,120.0,1,0
7,2023-03-29,IL,0.04186320424319072,0.0,0.4541428529892987,0.8256118682634294,1.5,5,1.3861271774347366,0.41315927719152473,0.0,6.069937428486911,0.8637823772041866,1.3153399725241983,120.0,3,0
7,2023-03-30,IL,2.0398905947503367,0.5807925848996792,0.7895684629509891,2.1749443952104555,6.5,6,1.904640556711651,1.1615754835935117,3.758281941544568,0.8970238641176762,2.814250524660859,1.8315053479404622,120.0,2,0
7,2023-03-31,IL,1.1122021472086758,0.0,2.3208825837145217,1.9442404705057994,6.3,2,1.4925636020820117,0.7915205187922626,1.8325221142457337,4.08663580520681,0.9928626096601414,0.09444014234872533,103.17572504422215,2,0
7,2023-04-01,IL,0.0065747381351067,0.0,1.7383430525573544,1.09169120822874,3.3,4,1.3300778732914484,0.025356107789076057,1.5212926982532071,4.061984822001862,0.0,1.5262468881573645,120.0,1,0
7,2023-04-02,IL,0.16869046475892024,0.39336410548496636,0.3009301927144332,0.7883214737138449,1.9,5,1.5741993912825945,0.0,1.2420396035713788,5.788655555776734,0.48853029940285086,0.0,120.0,0,0
7,2023-04-03,IL,3.0,0.7213919030255862,0.0,0.3389948670200347,4.7,7,2.3399829593939243,0.10144004636023657,0.5234810000661352,9.088735509836862,0.5600654095468847,0.4471777369914205,120.0,0,0
7,2023-04-04,IL,0.30909373609673624,0.9135311278411253,0.22147124655720074,0.4345267573795252,2.2,6,1.4324246100847242,0.0,1.7110394859788693,1.3022650402275022,0.16373801295386503,1.4090038921863237,104.25595654159292,2,0
7,2023-04-05,IL,0.09608934995623741,0.21459105268420287,1.1590308397058149,0.0,1.7,3,1.016000031226786,1.064228016049603,0.8471807733094583,5.304984328439916,0.0,2.5547515887660706,120.0,0,0
7,2023-04-06,IL,1.9645886995931408,0.25421883493110053,1.5316538591610516,0.7857538998966942,5.3,1,1.3850053999800223,0.0,0.576475836782381,1.1502299922713575,0.6764822293927227,0.6346092550743001,120.0,2,1
7,2023-04-07,IL,0.0,0.18338482725546923,1.605732899675787,0.05615840318178937,2.2,4,0.9654700669605106,0.0,1.8854152287560237,0.0,2.7039808635987446,0.0,120.0,3,0
7,2023-04-08,IL,0.39933507628111187,0.0,1.633088251325605,0.9154246601470035,3.4,4,0.659314683533808,0.038287079258263426,2.0164740739059726,4.270825093168275,0.0,1.4779906420500546,120.0,0,0
7,2023-04-09,IL,1.0234403602528181,0.36835992858969335,1.514586510795511,0.04464928742560037,3.4,6,2.5797767194790335,0.22884455555170824,1.3053920874217115,4.54920271855534,1.5652848618299928,0.0,79.13659916405459,2,0
7,2023-04-10,IL,0.3571992881841082,0.3368248304960908,0.64110464355598,0.0,1.6,4,2.162114873524306,0.0,0.1549209747702905,4.542684541528476,0.0,0.0,120.0,0,0
7,2023-04-11,IL,1.9328884532256225,0.12045249673077363,2.7108330848771756,0.042596535710264005,5.6,4,1.396539311392893,0.22651622813902955,2.7235084139148835,7.430061460925007,0.0,1.0518388241661756,120.0,2,0
7,2023-04-12,IL,0.5572677263096678,0.0308604523292364,1.507429755133706,0.0,2.4,5,2.490128011720212,0.0,1.6049246746160675,4.869831049175664,0.0,0.14270818878647673,120.0,1,0
7,2023-04-13,IL,1.52816979691919,0.23080492141358966,0.43994340093959106,0.0,2.6,4,1.7235838201555116,0.0,2.4392164511316707,7.828276832522146,2.5471832389658493,0.7992352731611421,54.98768183993852,2,0
7,2023-04-14,IL,0.32756431200763636,0.23319750614918833,1.1678232409767726,0.11885112505125839,2.2,5,2.168886827403739,0.2592935997654894,1.3936649146612197,6.767510060510815,1.6563961828283118,1.577236600123658,120.0,0,0
7,2023-04-15,IL,1.019806236319729,0.8538519911797826,0.15305758833207825,0.3782004077457377,2.8,4,1.1630495231811502,1.2058843055426287,0.9257535372066721,2.880026790697605,0.0,1.2432196239137654,120.0,0,0
7,2023-04-16,IL,1.1873676445892574,1.2601360667787749,1.4648518525170622,1.72377878256274,6.6,5,1.8963341073791873,0.0,2.12564663273894,8.76591396044848,0.0,1.5139832023959805,120.0,2,0
7,2023-04-17,IL,1.081479851402133,0.0,0.4429017315208955,0.8692965232600538,2.8,4,1.5643141989838045,0.1223223492398029,0.8721307018624246,6.517156286736414,1.4742439913080247,1.734699241231454,120.0,3,0
7,2023-04-18,IL,2.3473389070732487,1.2743318261842742,0.3976344673439275,0.0,4.7,4,0.5892619762906132,0.0,1.4771273723413,5.528635276456739,4.46726634497748,0.13370836526356472,120.0,3,0
7,2023-04-19,IL,1.979861034512416,0.0,0.27848793378720904,0.0,2.6,4,1.4478998368516274,0.0,0.0,4.077030353984413,0.6510246361687964,0.0,120.0,0,0
7,2023-04-20,IL,1.5388572476067437,0.0,1.853912177708055,0.0,4.0,4,1.3871346993908644,1.0281231422339845,3.2614943219224832,3.8848285939520117,0.0,0.39804590902100934,120.0,3,0
7,2023-04-21,IL,2.2205591340085986,0.175803739900513,0.0,1.3243649475245602,4.3,5,2.6341709884768467,0.038260690610856324,0.13000406747335358,5.179532939725177,1.6871271880700813,2.2293983053105104,120.0,1,0
7,2023-04-22,IL,1.8140541439058597,1.9010391517964988,1.034968144927343,1.6930433623689747,7.5,3,0.6200829572136547,0.5694039412836689,0.9537000010975711,2.892497045945756,0.7587440821981222,1.1357335171212946,120.0,0,1
7,2023-04-23,IL,1.6715318662241334,0.0,0.7862447134796473,0.572005853424522,3.5,5,2.6050989295322773,0.3812679156411207,2.9455722880681536,6.5198811750574155,0.6272820146915157,0.38318109099131226,120.0,2,0
7,2023-04-24,IL,0.17277258923550087,1.2571368962836886,0.6837072400554749,0.0,2.5,5,1.2165617170948653,0.0,0.9996408968546867,4.908736655317134,0.0,2.2290965288168048,120.0,3,0
7,2023-04-25,IL,2.0631600981256666,0.05267860312858996,1.9005403741081244,0.0,4.7,4,1.3299841550689058,0.0,0.7091733438202238,4.280317923565442,0.0,1.1751192751053205,105.93954166932086,0,0
7,2023-04-26,IL,3.0,1.7205939645813881,0.7062743692017427,1.960271425772015,8.6,2,1.0426910058858625,0.6779759310226519,1.597367799398438,1.4979339487925258,1.4291388964937466,0.0,120.0,1,1
7,2023-04-27,IL,1.2908850460039007,1.1118994090275822,3.0,1.5044220805580506,8.1,5,1.0262674141603527,0.6570239321528708,2.009381629458166,3.5659926608120847,0.26956839052726744,0.0,120.0,0,0
7,2023-04-28,IL,2.6197088944218607,1.6543474339588546,0.028589417354341132,1.0079541852865146,6.2,7,0.8711696682899908,2.0521481631359424,0.0,6.987116429527758,0.0,1.3803425045306077,120.0,1,0
7,2023-04-29,IL,0.519356424416185,0.04349778643831084,2.604254441909683,0.0,3.7,5,1.5207667919389598,0.5638672022703786,0.20753915317014693,5.227495413445419,1.3771220529819204,0.0,108.00313138037184,0,0
7,2023-04-30,IL,2.4432702575606213,0.0,1.187836448277725,3.331395718732336,8.1,2,1.5861692991283523,0.831343835752507,1.883319939882065,0.0,0.059034254458187,0.8908262833390732,120.0,2,0
7,2023-05-01,IL,2.908192908180519,0.0,0.8413701283561321,0.8385273106757654,5.4,5,0.9848083139737432,0.0,1.6844178446629692,2.4052358029346257,0.0,0.6019667145483851,120.0,1,0
7,2023-05-02,IL,0.29797069822493133,0.9514583601019295,2.092665947194999,0.0,3.9,4,1.4868637069407578,2.287016306753798,1.9839857648551238,1.351335636297134,0.0,0.0,120.0,0,0
7,2023-05-03,IL,0.9615720256997311,0.5307704180597719,0.463991339911191,0.0,2.3,4,1.2491332245896165,0.14527077373137035,0.5691438592473521,5.349426581653132,0.0,0.0,120.0,0,0
7,2023-05-04,IL,0.7961999550062226,0.21211632503449707,3.0,0.4380193358804809,5.2,5,0.356319242824797,1.1385494696750071,1.8088809474925784,5.0570552066360825,1.02722037893136,2.632455829137774,120.0,3,0
7,2023-05-05,IL,1.2657316658868027,0.0,1.113468712531507,2.661316472594982,5.9,2,2.3056936551031484,0.47238634745999464,2.7899203060693236,3.9557128721339585,0.0,0.0,114.52380883600736,1,0
7,2023-05-06,IL,3.0,0.0,0.2351907142706035,0.13024893832846082,3.9,1,0.9364150630352448,0.298011644733321,0.0,5.610839493559793,2.2802090611933887,1.1204655252478677,120.0,1,1
7,2023-05-07,IL,1.61723709449507,0.0,1.4271082785377303,0.0,3.6,2,1.9004506721388283,0.0,1.4086422481736107,5.462857944049684,2.647663766098277,0.0,120.0,0,0
7,2023-05-08,IL,2.0067322516613406,0.0,1.4332078473964394,0.2541593980703038,4.3,3,0.7658146906603742,0.7580143944824176,3.207814337637735,4.653590103681452,0.0,2.593125512653286,120.0,2,0
7,2023-05-09,IL,0.2581441043921139,0.0,1.8738566241758061,0.0,2.5,6,1.1102304259088398,0.4880387386965261,0.33112402522175877,3.127172987707168,1.536312392008695,1.410881323430249,91.73412449567681,0,0
7,2023-05-10,IL,3.0,0.8886230570232816,1.395070034688486,0.353858206269978,6.6,6,1.0510789492954347,0.0,2.1297088490472906,2.152082490878647,0.7535344520761109,0.9109212655373773,120.0,2,0
7,2023-05-11,IL,0.086520635509623,0.08893622933443068,0.886890727481044,0.7323850784491774,2.1,5,1.391811077054932,0.6753429182035019,0.0,3.8581542848529558,0.0,1.0390579704234124,120.0,0,0
7,2023-05-12,IL,0.8124452088926251,0.0,0.4731904330434135,0.0,1.5,4,0.6175454270366039,0.1544204239955298,1.7161102811868345,5.284087152779464,0.19128536875623992,0.5539574690512066,120.0,0,0
7,2023-05-13,IL,2.9296889508526016,0.20935180480231663,1.5400080855455591,0.6116316019763384,6.2,5,1.822818980371662,1.3617349342731417,1.8268697287434525,5.197249663197204,0.43680624036600824,0.4194988394369181,120.0,2,0
7,2023-05-14,IL,2.6739864691760435,0.31413053589549333,0.3708831654276014,1.583893531547349,5.8,5,0.8662629067536634,0.0,1.8803690134300222,4.682758383220632,1.1902464643143003,2.5259565337027494,120.0,0,0
7,2023-05-15,IL,1.202875339758541,0.08486378132509564,0.31501902638869494,1.2010187820511402,3.3,6,0.8682547468964967,0.3474379844263469,0.010480910992771486,6.272190403537836,0.0,0.0,120.0,2,0
7,2023-05-16,IL,1.4345217895843783,0.38059887610318466,2.798789746151945,0.1192735526412727,5.5,3,0.5023569724464318,0.0,1.2268118812761593,0.0,1.1501767970508787,0.9089870448268478,120.0,2,1
7,2023-05-17,IL,2.6208442075608014,1.3191508276103827,0.9506892100953344,0.10163735126681828,5.8,2,2.352661427782947,0.0011707141505158114,1.8304050325131576,2.3810275329207755,0.0,0.0,120.0,1,0
7,2023-05-18,IL,0.0,1.1343593217745658,0.09927247195311178,0.16527865783900064,1.6,5,1.4691714047164404,0.0,1.6711502875772852,6.171710546335582,3.6422404207964103,0.8351735836954148,120.0,2,0
7,2023-05-19,IL,2.423710792767686,0.0,0.08968635730686295,0.41080483984780386,3.4,7,1.0883719055840835,0.0,0.8815540562976549,4.547712779319378,0.0,3.6616218848667486,104.81060095983393,3,0
7,2023-05-20,IL,1.440080848758499,0.4869278572509713,1.5037704190790824,0.6413772752558715,4.8,4,1.0628015617239734,0.4559444469908417,2.408732095240928,4.214705054772525,1.2269045867331323,0.3165750891288377,120.0,0,0
7,2023-05-21,IL,1.854618716610009,1.0727797880205527,0.0,0.011803884371766493,3.4,3,1.5261130650066774,0.0,1.3002786304786285,3.6063681031702117,1.1977996299149234,2.160328921382562,120.0,4,0
7,2023-05-22,IL,0.44045843926462236,0.7448647331951999,1.4194612245076603,0.0,3.0,3,1.6057066850574422,0.21572827090968594,1.959763549022825,5.71783998532191,2.133896688573132,3.0579283488683617,120.0,0,0
7,2023-05-23,IL,0.3538652364734578,1.067808799753999,2.1226548294417125,0.0,4.1,6,0.7556843555975534,0.0,1.4026957530535786,4.55766758465496,0.0,2.8610671502033127,120.0,1,0
7,2023-05-24,IL,1.5989049852621648,0.6582937349107956,0.15737153938719334,0.37198754298597136,3.3,4,1.855741271678934,0.29258843033119303,1.4927112796917752,7.035141635110078,3.73282658945766,0.958623442092156,120.0,1,0
7,2023-05-25,IL,3.0,0.4302340722369322,0.0,2.5734763640305682,7.0,3,1.3927785301791258,0.8435472652413587,0.0,4.776872241201434,0.0,0.09012327390944375,120.0,2,1
7,2023-05-26,IL,2.6623213664885794,0.0,0.15546367320231358,0.030236131525226306,3.3,5,1.134757946713044,0.0,3.15627043310924,5.224220526493587,0.6794480727442362,0.61021309804052,120.0,1,0
7,2023-05-27,IL,1.4815403693904026,0.0,1.81921745275254,0.0,3.9,4,1.7149070310784846,0.6087384581682416,2.1553284050991572,5.3795436104367225,0.0,0.968605035968177,120.0,0,0
7,2023-05-28,IL,2.567012688987698,0.09848273304275601,1.0220744025761546,0.8254283070017613,5.3,7,0.5847828366722395,0.4792416019798388,0.4155341054862292,5.738297227763983,1.3117432308600392,1.5281525101777074,120.0,0,1
7,2023-05-29,IL,0.0,0.6906763134653506,1.9810049129472649,0.0,3.1,4,1.227489308217078,1.0311115713638088,0.7551953611686899,6.289849307453858,1.185171126428748,1.5165961863013206,120.0,0,0
7,2023-05-30,IL,1.2636886876678137,0.0,2.127974935483336,0.7347082965336842,4.8,4,0.9937220225133526,0.5487581200176259,1.734400629776347,4.837992607447849,0.34577976640519026,3.0269228237083112,120.0,1,0
7,2023-05-31,IL,0.2510043821897823,0.0,1.3451575886935223,0.0,1.9,5,2.3500123448302306,1.9007735617548147,0.5382809330013493,6.671307677736091,1.4013329489267314,0.0,120.0,0,0
7,2023-06-01,IL,2.4611438030821917,0.10205486638668382,2.601236786491027,1.4013170678806592,7.7,5,0.2587791436794106,0.0,1.0183061363729882,3.3228587760483754,0.9297688592510407,1.1167775328899514,120.0,0,1
7,2023-06-02,IL,1.1011632070847137,0.4839771636151474,0.7826436659750017,0.0,2.8,4,2.079669757353142,0.0,1.9389050964348047,4.389395781793973,0.0,0.4782220649299427,120.0,0,0
7,2023-06-03,IL,0.523799134965872,1.0988897110603826,1.0643821598304908,0.0,3.1,4,1.5878781475373664,0.3869590659348253,1.414002773726089,5.904833734848431,3.308188538904031,1.8886475066352302,120.0,3,0
7,2023-06-04,IL,1.81753731247337,0.8014601658405782,1.9386170222854973,1.1909788323938735,6.7,4,0.9080895812276522,0.7452250716346936,1.8392315285116874,3.1981281574869316,3.4766530689439437,1.0622025435297093,103.82252172920921,2,0
7,2023-06-05,IL,1.6450081617471783,0.0,2.1243325975207887,0.04944442922782932,4.5,4,2.283925260231462,0.37467422271740924,1.9203082275249521,5.374543420861845,0.555791132701362,0.8787529426701868,120.0,0,0
7,2023-06-06,IL,1.505639572857207,0.0,2.828162549737538,0.8878547977569184,6.1,7,0.06660599135754386,0.0699459137417828,0.0,5.716152458414689,2.7318560270962653,1.0539458370112302,120.0,2,1
7,2023-06-07,IL,2.9437584825654977,0.26438482650932305,0.17739754114243766,1.3067892913290775,5.5,4,0.0,0.21107317879903087,0.4824275670119348,4.276853838287667,0.7904933590429195,0.5027301296330748,120.0,1,1
7,2023-06-08,IL,1.9212896609568626,0.9250407338711173,0.0,2.472439211153337,6.2,4,1.6024468819816329,0.0,1.093161195893726,6.462701580284364,3.516978844698735,0.6571381934416214,120.0,2,0
7,2023-06-09,IL,1.3256535370910902,1.12022988888013,1.5184665953165208,1.4963861243746703,6.4,5,1.49045513540803,0.0,0.18463154866707476,6.195956058533685,0.0440526470120115,0.7471631377575594,120.0,0,1
7,2023-06-10,IL,1.6607913049658163,0.0,1.6735524949950775,0.6564603954566419,4.7,6,1.5077748113439648,0.0,1.8883012956378105,4.133859514626776,1.5412181127862843,0.577568732090963,120.0,2,0
7,2023-06-11,IL,0.5579947342383887,0.5355690978402536,1.8153970436853442,2.4592270263738536,6.3,4,1.7503293545656415,1.2556710559701396,2.545418208951061,1.1564934004193108,0.14860778973535882,0.0,120.0,3,0
7,2023-06-12,IL,1.5854641995072993,0.3620990429529486,0.42364290464168725,0.09767165674512723,2.9,4,1.2328361744948901,0.5199827097441848,1.6458247453993042,6.214334700721033,2.417210545792478,0.0,120.0,2,0
7,2023-06-13,IL,0.32002055634522353,1.7707905671460078,0.0,0.0,2.4,4,1.1741317698684424,0.0,0.8802196080821745,4.515685986590137,0.19462505927672735,0.0,120.0,1,0
7,2023-06-14,IL,2.3557248902385117,0.8603969097061372,2.0827966031346934,0.0,6.2,5,1.3638908526021423,0.0,2.431819296985294,3.8146805092301737,0.0,0.20466141499997437,120.0,1,0
7,2023-06-15,IL,1.836186772203848,1.9953123692458703,1.3512911075125658,0.5262504376241307,6.7,5,1.5048096190634537,0.681277550861942,1.218720977719591,6.6007735471847075,0.5302010576646192,0.39221481978004635,120.0,1,0
7,2023-06-16,IL,0.6199769692022926,0.0,0.748318116589239,0.26908536021711965,1.9,8,0.8379343397300766,1.0370195353578102,2.371001250924382,3.929177117018922,0.43298049713923414,0.0,120.0,2,0
7,2023-06-17,IL,0.7421296673350984,0.0,3.0,0.0,4.4,5,1.06145363709087,0.0,1.0139306318186851,4.795867812307979,0.6752738860488225,1.8954006225055955,120.0,0,0
7,2023-06-18,IL,1.4140050672019642,2.1889223567149583,1.3572687954734541,0.0,5.8,7,0.8262596880090822,0.5409491462240632,1.7450865103327569,10.380678567235064,0.15840604770215183,1.8130540898243797,118.98897379252966,2,0
7,2023-06-19,IL,2.0357050957788196,0.2566918569743565,2.1242314526838157,0.5925124790827436,5.8,8,2.422302433421995,0.9466412533915374,1.7412747398686743,5.328544953429532,0.059130013586786934,2.246434575764875,120.0,0,0
7,2023-06-20,IL,0.0,0.0,3.0,1.1366130818840905,4.8,4,1.0764634395133896,0.0,1.6536161194732024,2.6164499175071185,2.506227452418109,2.0639635023597505,120.0,2,0
7,2023-06-21,IL,2.0859404276213596,0.5026447810485508,0.7132151960632276,0.17350207276651153,4.1,5,3.1997211968802475,0.0,1.8127811555944129,7.612687754811676,2.4016258179819245,0.7708208467311581,120.0,0,0
7,2023-06-22,IL,0.3416784347865601,0.37498641583663844,2.3762660679665513,0.009397664209127465,3.6,4,1.7695489041942132,0.32201028545373245,1.7104834416771497,7.294656033801358,0.6027889515682334,1.7893488314533903,120.0,1,0
7,2023-06-23,IL,0.3343173391474341,1.0388784519893415,0.054758971695552106,1.2181841910016864,3.1,6,0.9656233962472273,0.19082481886391475,2.706215088757296,6.4139359056083265,1.3514332756667842,0.0,120.0,1,0
7,2023-06-24,IL,1.221786660405875,0.9051042787869678,2.606459744150065,1.412411178895371,7.2,3,2.090071286907233,0.7589866486584133,0.2932531107356706,7.1447881372189315,1.0874464805464124,0.6008650610484016,111.43922554273736,0,0
7,2023-06-25,IL,0.3581162639662917,0.6668224642750855,1.6226658939828817,0.46197398548780133,3.6,5,2.7424718474042264,1.378902824586635,0.9719230631235287,0.4138537001861968,0.0,1.986960385511458,120.0,0,0
7,2023-06-26,IL,1.5159775946363414,0.0861070745163155,0.5318696043484319,0.22401046031951233,2.8,4,1.3804026270009708,0.0,0.5359044188256568,3.813164386001732,2.5729818845927332,0.7909475479822401,120.0,2,0
7,2023-06-27,IL,0.7908535370951075,1.01807925548267,2.6751938216668543,2.8794076130883917,8.6,3,1.3764857461404143,0.0,1.7620030747924185,4.036256648885389,0.6977568544902815,0.027172144911916885,76.00335208921744,2,0
7,2023-06-28,IL,0.0596236059398314,0.6472823205905571,2.59340593925993,0.9915034652624326,5.0,6,1.4491227964478135,0.7298133815419792,0.828066343154558,2.660012408991177,0.3218833653380324,0.07497788678170592,120.0,0,0
7,2023-06-29,IL,0.905037200662379,0.7130464603735278,1.8439890595418849,0.08411513614896145,4.1,5,2.479899227241328,0.0,0.905835966638515,5.182328089702374,0.0,0.0,65.7360273713873,2,0
7,2023-06-30,IL,3.0,0.9060477704173013,0.44490409183054846,0.14864854514847792,5.2,6,0.7162748146161269,0.4943185173027961,2.4264275369065906,1.390045414951404,0.0,1.8625106623451835,120.0,0,0
7,2023-07-01,IL,1.1298551117066449,0.0,1.6014597651275775,0.0,3.2,6,2.049657532122894,0.0,0.6464556240449436,4.158768309593519,0.0,1.2143830239990916,120.0,1,0
7,2023-07-02,IL,1.5018309694057477,1.4785311079735126,1.996720853907695,0.0,5.8,3,0.9983364473828351,0.29621378568682744,0.5201025307461862,5.155489097941071,1.0158267396251848,0.0,120.0,2,1
7,2023-07-03,IL,1.553334443570026,0.22095703003479927,0.0,0.0,2.1,4,1.5968886202383006,0.70181198291622,0.16731157091503235,2.976107872254466,2.7446996388868974,0.580223410787176,120.0,0,0
7,2023-07-04,IL,1.8389659654693469,0.0,0.6646233219500983,0.0,2.9,5,0.9915915562770736,0.0,2.7896294707937512,0.2574904642705869,0.6099413698570246,0.636256507455651,120.0,1,0
7,2023-07-05,IL,2.885056741476392,0.13316477148244443,1.2002995258421962,0.744512861097242,5.8,6,1.8308014290940353,0.6640527980470322,2.0734610593114495,5.050768587128249,0.9243229527577024,0.11757658403441695,120.0,3,0
7,2023-07-06,IL,1.4710617776956243,0.0,0.23959968051870179,0.12355186206824222,2.1,4,0.18241707254705708,0.6250808201274338,2.720683273574185,4.5506999335422735,0.0,1.169665054930082,120.0,0,0
7,2023-07-07,IL,0.9977104789786808,0.014409361961450706,1.9041955237500217,0.7617624287053482,4.3,4,2.272636678004794,0.0,1.3288015238476416,4.666296926318092,1.4470471868968877,2.675699366356575,120.0,3,0
7,2023-07-08,IL,2.5702889871551804,0.0,1.968626470649061,1.2755435970441054,6.8,4,0.7499502836154642,0.5603849400260755,2.2555478691779283,4.34652471518681,1.4034001760810422,0.5511258486227537,120.0,1,0
7,2023-07-09,IL,0.9215320095875912,1.859594456645823,1.6041125031959043,0.7608981041979379,6.0,4,0.9179045897240213,0.0,0.0,4.392871291864662,1.4127501458831735,2.384446148011605,120.0,1,1
7,2023-07-10,IL,1.911778160216949,0.0,1.510632646735087,0.0,4.0,1,1.4862829039145615,0.0,0.6749045548057168,6.806935775139727,1.5929973112186373,0.5436717292052027,120.0,1,0
7,2023-07-11,IL,1.4540041829807384,0.0,2.30279524507148,0.9543586146491365,5.5,5,1.587587463066429,0.19911444188185673,0.6880989085187769,3.3099617159850148,1.167719626982211,1.6480751092743275,120.0,2,0
7,2023-07-12,IL,0.7997675073915264,0.0,2.009706389994041,0.3108129067236567,3.6,6,1.785673546167844,1.1099043603864793,1.9324257229726416,4.666596587473011,0.0,1.3879445279393412,120.0,0,0
7,2023-07-13,IL,1.7480915307276839,1.3445284187895767,0.5522878450374952,1.379450428382099,5.9,5,1.3418619907398055,0.3116866244236004,0.7138698342817811,8.416748181025742,0.0,1.1803492436448297,120.0,1,0
7,2023-07-14,IL,0.0,0.06755129672440807,2.204812715504787,2.211789035941898,5.2,4,2.3401766962589576,0.14442020178860066,2.2035194812564978,8.005978941800423,1.5804821991810614,0.0,120.0,2,0
7,2023-07-15,IL,0.5054161701940799,1.266247507950998,0.2527613834516277,0.30199136574918833,2.7,4,1.0544726673850482,1.2954010796161224,1.5875494242080828,4.380863770429117,0.6419703504965568,0.7817234665340183,118.56895660464193,1,0
7,2023-07-16,IL,1.2978559376460537,0.0,0.3685387656147021,0.9008073751854853,3.0,5,2.151527350232266,0.0,1.208769058798263,3.300275182244187,1.1733221710192123,0.23538628588858845,120.0,1,0
7,2023-07-17,IL,0.5985655842311831,0.0,0.5587686584203229,3.123416165438308,5.0,5,0.30128547406328077,0.7255265580029066,0.2526110051469626,3.9293921719022804,0.0,0.0,120.0,2,1
7,2023-07-18,IL,2.182967247971301,0.0,2.5449042927357572,1.117306756340926,6.8,3,2.001930800276493,0.1493874494249291,0.9077021127048288,3.5959442782959785,0.28893046666624045,0.2544225238906699,107.086911036249,2,0
7,2023-07-19,IL,1.960423522777211,1.015589877043428,1.3184468619116516,0.0,5.0,6,1.299847890735907,0.0,1.8831816710952856,4.360471183349507,1.0787844878288564,0.4857812119718404,120.0,0,0
7,2023-07-20,IL,0.8513813458595995,0.0,1.4497052165098494,0.7901893487467372,3.6,4,1.6854992141332816,0.0,0.784022299525923,6.422787395573252,2.4275990968814365,0.0,120.0,1,0
7,2023-07-21,IL,1.1735768044916637,1.280621213146882,1.7247141229247087,0.7871459296765153,5.8,3,2.0593696349934905,0.11772502309379115,1.1545983999554412,3.1030822073873283,0.16373292196221811,2.348889269574181,113.68157934467038,0,0
7,2023-07-22,IL,2.329098460113377,0.7724415653228089,1.2597360092035552,2.447787721778313,7.9,4,1.121488477822445,0.36494627132186364,1.4635383814106802,3.6108984211673514,0.13991071747646755,0.0,120.0,0,1
7,2023-07-23,IL,2.6823375380766588,0.5423370940316088,0.8357291684149997,0.452964438706315,5.3,4,1.977328075267963,0.0,1.0456308468017004,6.229679557544399,1.1924522704741822,1.8082957864153555,120.0,1,0
7,2023-07-24,IL,2.690218780882686,0.2963164562242627,1.9530144279128328,2.9960884424503345,9.3,3,2.3017423173382268,0.5909419029541905,1.1957243267714788,4.130607482532058,2.112788528098668,0.4768833070663976,120.0,0,0
7,2023-07-25,IL,1.6399078224869044,0.10030918172285408,1.9475935703752687,0.9378573688462188,5.4,5,1.2671544369757226,0.5045908861993149,0.8675438846850226,4.732490100513516,1.7361220256957255,0.0,120.0,0,0
7,2023-07-26,IL,0.9088272702893896,0.3860963957870085,2.3072348291156786,0.20505047493261686,4.4,3,1.0895121640064653,0.44943918441183806,1.2228282196639935,4.591183401060611,0.0,0.1637771589206949,120.0,2,0
7,2023-07-27,IL,1.0330051188248894,0.7243836681184637,0.8998523400038669,0.5420415629196496,3.7,7,1.190162747066474,0.0,0.14310751277437472,1.093605576073329,0.0023204338681797054,1.2796028641862387,75.3709065787639,2,0
7,2023-07-28,IL,1.3029079767282516,0.10821893369660951,1.6268312504746048,0.0,3.5,7,1.721077953704057,0.0,0.8895769748966555,3.347512686325331,0.0,0.0,120.0,0,0
7,2023-07-29,IL,0.3597835508519234,0.008348318018618794,1.2126049506058498,0.810085615052297,2.8,4,0.9899285227292565,0.0,2.339381117333071,6.42042810584348,0.7607588458356478,0.3408392066468975,120.0,2,0
7,2023-07-30,IL,2.0564293458666985,0.0,0.699206199419346,0.2667503857141924,3.5,6,1.2555522096917318,0.5638580072183839,2.6263775308832815,8.92336567175205,0.5271128902132669,2.094492166511781,120.0,0,0
7,2023-07-31,IL,0.24271950241041557,0.0,1.6459051699175733,0.0,2.2,7,0.8431682243023483,0.4916913884331384,1.6068586605849744,0.0,0.653485433027178,0.5301895018757241,106.46829118415368,2,0
7,2023-08-01,IL,1.1237660059663874,0.0,0.5024578773339532,1.208591100962207,3.3,4,1.8674530957701667,1.0572840734410818,1.6370628067671398,4.718689730481737,3.7806395741857957,2.1278354308087026,120.0,0,0
7,2023-08-02,IL,2.465524857006935,0.5419967060339193,2.0491158164015397,0.158471969305644,6.1,2,1.99629659839835,0.00030013822328300854,0.8707670530966415,5.986377298117434,0.0,2.4103092883625217,120.0,0,0
7,2023-08-03,IL,0.06364030530442855,0.8014983573871008,0.13054300270666988,0.31340200790560113,1.5,5,1.3157334722363352,0.0,2.1314185538042243,3.161068009347414,1.3644243925295705,2.363528024599279,119.48746548243906,0,0
7,2023-08-04,IL,0.0,0.0,0.0,0.0,0.0,5,1.4050184569366853,0.9277012997512845,1.0344212501866994,3.2877954051161398,0.7727992292228644,1.5119078964644115,120.0,1,0
7,2023-08-05,IL,1.9246899036856095,0.41074261899516407,0.9026396528966425,0.0,3.8,2,2.57993338360839,0.2521620168920626,0.69636743230777,4.409339776109659,0.0,1.0350225941223394,120.0,0,0
7,2023-08-06,IL,1.2364261063927517,1.0755540689141343,0.2268149514463304,0.15623417447870913,3.1,4,1.556858322613905,0.44891000341817744,0.9618151060732705,4.9548307462924885,2.3254127816944177,2.130044346345744,120.0,2,0
7,2023-08-07,IL,0.22131742726842896,1.618384891890502,1.7948273867648874,1.0421772673715592,5.5,5,1.5792926753728413,0.0,0.0,5.3893342363131005,0.38546379030577693,1.1695793883069732,120.0,2,1
7,2023-08-08,IL,0.9816232099994305,0.4011116085478651,0.0,1.175472436921802,3.0,7,0.057006679541772964,0.4498354863214883,1.3040019123040203,6.012002987051045,1.5109777993614997,2.319962829917527,116.32778639994687,0,0
7,2023-08-09,IL,0.010891620389438195,0.0,1.6447592416807595,0.0,1.9,6,2.257257867476649,0.0,2.053373086709724,3.6056063791573134,2.0519462687454904,0.19977356992739814,120.0,0,0
7,2023-08-10,IL,1.8469044553259701,0.19840978503943185,0.5038906174219903,2.076089303117093,5.4,4,0.24574397032967787,0.5564094904856787,0.6563632395652601,5.982663350924999,1.630905874184248,2.6389429298822527,120.0,0,1
7,2023-08-11,IL,1.9010847903264148,0.0,1.5649518914198501,0.0,4.0,5,0.37593673266194166,0.12030972239954085,1.3488767639579355,4.966794622636983,3.682214481636539,3.959771124121839,120.0,0,0
7,2023-08-12,IL,3.0,0.23390369882802264,0.26992117135971605,0.0,4.1,6,0.23766980710584784,0.08961193820390742,2.5666171984600594,2.3452352231057487,0.36339312937479695,2.168592783126648,120.0,3,0
7,2023-08-13,IL,1.2850254295990726,1.6640374907814621,2.0683532570076313,0.0651432999682795,5.9,4,0.06624500431330871,0.009445273735246451,0.882519900719981,4.675496606895862,2.747888895149742,1.0882088625006994,111.86993924966075,4,1
7,2023-08-14,IL,1.6656334564769029,0.06137097811852632,1.6099285560881522,0.0,3.9,6,1.5009494977331215,0.0,1.942597872959917,2.307319400351563,0.0,1.1856737677853277,120.0,2,0
7,2023-08-15,IL,3.0,0.0,1.3254188341785451,3.331395718732336,8.9,4,0.4376480138241984,0.9752117276269975,0.2190969081110442,5.586223563868902,3.314286375378692,1.6807940212603105,120.0,1,1
7,2023-08-16,IL,0.6536721024298037,1.0823768677317487,2.540025065800183,0.12680932600435235,5.1,5,0.7193037352619791,0.0,2.431853501753598,4.352533897233841,1.793656605459776,1.458578866864959,120.0,0,0
7,2023-08-17,IL,0.4462220738455518,0.010028899005919856,0.8263487433720376,0.0,1.5,4,0.16437608975403628,0.47190586834149134,1.3482704812998754,11.459801320182983,0.0,1.8715808920910657,120.0,1,0
7,2023-08-18,IL,1.726110699546526,0.0,2.0532313830934,0.0,4.4,5,1.7103762488911542,0.0,0.07789854910875926,2.4965862025563683,0.1113235186216246,0.02288201828583558,120.0,2,0
7,2023-08-19,IL,1.1879152818431522,2.3615362897269394,1.7864217450882522,0.0,6.2,3,1.7334204687495285,0.0,1.5377063225061112,7.563798034876029,1.7061100903480595,0.8936689704110419,120.0,2,0
7,2023-08-20,IL,1.8398735525079406,0.7228943107135832,1.005167413606399,1.05068493214986,5.4,4,1.5127880072881235,0.9228594865402624,0.0,5.297559220050103,2.01052532642776,2.0669552552502712,120.0,1,0
7,2023-08-21,IL,0.911054047810714,0.0,0.0,0.06965668083388826,1.1,6,1.5168425284042477,0.0,0.48081840990258784,4.91956130394009,0.0,0.12312222274572449,120.0,2,0
7,2023-08-22,IL,1.4573486554704862,0.9058641061498178,0.6625084716730616,0.15335381452556862,3.7,5,0.9059833859717495,0.0,0.41460058488602447,3.1453350042564807,0.0,1.2591586160135246,120.0,2,1
7,2023-08-23,IL,0.7023027553952026,0.0,0.9284495950544783,0.09279496132230595,2.0,4,1.5677904650026122,0.1486223741828675,1.9702571213085545,0.0,0.24753357795649578,0.0,120.0,1,0
7,2023-08-24,IL,1.778782321039167,0.5536700091363579,1.5404100800809504,0.6643273542867283,5.3,4,1.5875145675206703,0.001713521289806291,2.0507755521469937,5.373527995065437,1.3838668747715213,0.3732807549134194,56.262519078489625,1,0
7,2023-08-25,IL,1.437466328558859,0.0,2.4110509012330636,0.9501850902632523,5.6,3,2.0526913782714304,0.49044693156348673,2.2536727240417602,4.136752331027441,0.28536393787950143,0.0,85.20922105145655,0,0
7,2023-08-26,IL,1.529954029008552,0.0,2.028545683520195,0.0,4.2,4,1.6857279964080973,0.26392484283444345,0.9837982664864647,4.1919776534429305,0.0,0.5820356031583829,120.0,1,0
7,2023-08-27,IL,0.25956146411034575,0.046543000209763985,0.5589617483729798,0.6873274914659455,1.8,5,0.3340136881777864,0.678355508459873,0.2582008676302714,8.209667312864681,0.08005738325073608,0.921000591713593,120.0,3,0
7,2023-08-28,IL,0.04771705830264085,0.4673933063085556,0.5377164575623964,0.0,1.2,5,1.853870096921551,0.3850598811595212,1.2696162406062663,5.241126362270657,1.5535070495876,2.0415753130839023,120.0,0,0
7,2023-08-29,IL,0.32105118345970185,0.8903912147831696,0.5694882550552313,0.34272383611188784,2.5,5,1.9097167095661234,0.8564468984881171,0.0,5.704194003181809,2.1735056669386683,0.6183905288921521,120.0,0,0
7,2023-08-30,IL,3.0,0.0,2.8060718207897777,0.4285765949851456,7.3,4,0.41472768763271395,0.0,1.8750098758829572,3.169685882342714,2.359652258545406,0.5737624179332095,120.0,1,1
7,2023-08-31,IL,2.797273322349864,0.0,2.8662889592239678,0.6914853153538594,7.4,6,1.1686282483668036,1.1023754506766317,0.6664401307272284,4.423251079267758,3.174164436476638,0.6424673099913001,120.0,0,0
7,2023-09-01,IL,2.7957052839308907,0.0,1.9945225832592406,0.28636799519231715,5.9,6,1.7974701428152746,0.13411826037040464,1.4293239870034866,3.3450139074113516,0.8657486695762575,1.0588295992439347,120.0,2,0
7,2023-09-02,IL,1.9354899473420613,0.339534167763786,2.299112289646235,0.0,5.3,2,0.5537950840054433,0.8401676220117884,1.1973015698555618,2.832246938193604,2.90036981246101,0.6787467930508051,113.8639210456223,2,0
7,2023-09-03,IL,1.2078839411115816,0.0,1.830869000822365,0.2935872729460258,3.9,2,0.33418044527388124,0.0,1.506437927455123,4.966912449813169,0.0,3.5947157477476357,120.0,3,0
7,2023-09-04,IL,2.133205252301498,0.30282702086252,1.913615985290952,2.314523704735047,7.8,4,1.6762427637067483,0.486579337875634,0.4612002923298591,4.239976511663255,0.3801720077752062,2.2649496077140223,120.0,2,1
7,2023-09-05,IL,0.7899750616020302,0.0,1.8989560019579022,0.4801297627640638,3.7,4,0.9996881316311393,0.4944918011286907,0.6750786138438732,4.281827921575863,0.0,2.5975729032668697,120.0,2,0
7,2023-09-06,IL,0.6605566429163537,0.10710015508588722,2.5873899567399326,2.097561025077691,6.4,5,1.2359915575090725,0.1713248436134706,2.209172991457987,4.808978842349709,0.8964905014230908,1.5873462463105008,120.0,2,0
7,2023-09-07,IL,1.298233336343834,0.0,2.2226305444823877,0.032708507492149985,4.1,4,1.1454633078519323,0.5106586990829705,0.85150511415328,0.0,0.0,0.8722503942931426,120.0,0,0
7,2023-09-08,IL,0.47010990469865244,0.0,0.582023415659167,0.0,1.2,5,1.1365724007955278,0.3361991880856039,0.9233352175688582,6.492792178752035,2.445087916708303,0.0,120.0,0,0
7,2023-09-09,IL,2.3531922125710323,0.0,0.6443243760812001,1.844340919145875,5.6,4,0.9381702529859313,0.0,1.181537650454248,3.5792092349716484,0.0,0.0,120.0,0,0
7,2023-09-10,IL,0.35468809550635894,0.09389888265601298,0.6934344624036253,0.2627003273125379,1.6,4,1.9811418258404405,1.3731557747159266,1.405059062564853,6.032982398936924,0.0,1.5464725759492923,115.92374974093755,1,0
7,2023-09-11,IL,2.9934507210964334,0.3285119478899132,2.359528324793889,1.0184230671446293,7.8,4,0.8807666004105245,0.7528283620152818,1.3418487474435326,3.028021583566077,2.7679883515335453,2.577888178650095,120.0,0,0
7,2023-09-12,IL,1.761088770210584,1.2884081324086998,0.8877994857454579,1.235550881234018,6.0,5,0.6118928452880631,1.3760067547767436,1.3964016681402216,6.889930432152404,2.702337755619056,0.0,120.0,0,0
7,2023-09-13,IL,3.0,0.9110949341817935,2.554613522786245,0.8499741483401331,8.5,4,0.8442075181749812,0.289257402019504,0.0,3.0878558347637552,2.4025659544394196,0.02951322484324903,120.0,0,1
7,2023-09-14,IL,1.6824034374545835,0.08412619357509193,0.0,0.19833472852741907,2.3,4,1.7584265869534725,0.5723993864349673,0.7089165608437601,6.52465225026499,0.9668784815105412,0.38040948728744195,120.0,1,0
7,2023-09-15,IL,1.003820087812323,0.08922766025603579,0.5500535555887631,0.0,1.9,4,2.4866604851438945,1.1686461014152836,2.4237782374347323,4.8637434400014685,1.5547175389537742,2.477640915049789,118.81301524813719,0,0
7,2023-09-16,IL,0.45530495237101315,1.1068053171941583,2.2983177285801566,0.17089777621280244,4.7,2,0.9984081375666822,0.0,0.41021536789254065,5.582546737271329,0.0,1.2333318227812984,120.0,0,1
7,2023-09-17,IL,0.7124747472103241,0.3000590336217184,1.1448384753836671,0.0,2.5,3,0.9828076673814021,0.10241942723657016,1.9328077110233495,4.824265699244528,0.1167699653739751,1.4786695723370458,120.0,0,0
7,2023-09-18,IL,1.7092091643033973,0.33742770432972335,0.3153267938837281,0.5886385354671602,3.4,6,1.3487920779151774,0.08317377593286329,1.6222951675726944,1.8111512771082394,1.3055975340954253,0.0,120.0,0,0
7,2023-09-19,IL,0.48600456385308854,0.27938546212603466,2.172114654721475,0.5936193196398571,4.1,3,0.8008687230082921,2.381888899041145,2.9157007413274747,4.839152054155921,1.7408856088129852,2.12891934033893,113.25083954792407,2,0
7,2023-09-20,IL,2.30694867505098,0.0,0.22119595274736914,0.7850911619058779,3.9,6,0.9337177499184492,0.0,1.2305326424377017,2.3147487193546343,0.0,0.16131939911102894,112.82127317833066,0,0
7,2023-09-21,IL,0.037119554264980925,0.47130136694698155,3.0,0.3384058300779821,4.5,5,1.5672311783773645,0.1140619236397705,1.0199232523952886,5.556285474957985,1.1351686748893601,0.5395778324908884,120.0,2,0
7,2023-09-22,IL,1.9322733652468087,0.0,0.35424799618335634,0.0,2.7,5,0.7489275335568424,0.7950494744281363,1.0865843103090613,5.381461212823016,0.6379197740338085,1.5226564855481142,120.0,1,0
7,2023-09-23,IL,0.587559391954986,0.804965241513101,2.3132090051030607,0.8845463347144777,5.4,2,2.1485168166219735,0.8250733971987465,2.508146182917419,0.0,0.0,1.1310221513660739,108.86260518531954,1,0
7,2023-09-24,IL,0.24192856399041768,1.5966061115852928,1.4316930910796175,0.16524724559856646,4.0,4,1.434170882562714,0.1903034331690833,2.90104070748243,7.192161140884529,0.0,2.411624067503884,120.0,2,0
7,2023-09-25,IL,0.0,0.17498674293106653,0.6451154858745655,0.0,1.0,4,1.844391901875868,1.295328671261872,0.7958874763300237,6.414184774250105,1.6517582427963873,0.6562815651803027,120.0,0,0
7,2023-09-26,IL,1.5766025620711166,0.40656475552922355,0.7940948411587918,0.0,3.2,5,2.452583348574404,0.4910896111381503,0.9306908705455863,5.3766973792813015,0.4146186286978151,0.12323853523990747,120.0,1,0
7,2023-09-27,IL,0.25104168323931664,0.8582128432750815,0.31505828120661306,0.0,1.7,3,2.2352260144304026,0.825242939487734,1.8615479736143208,2.671508398829979,0.5007616599908644,3.2670552851012005,120.0,0,0
7,2023-09-28,IL,1.4518211125436127,0.8283799421634577,1.5083624508692295,0.0,4.4,4,1.1228892057295603,0.0,0.6533982546573034,8.197422230645698,2.1990306043458756,0.6921424847422522,120.0,2,0
7,2023-09-29,IL,2.762508518968016,0.0,2.455836261680547,1.1702217420307321,7.5,4,2.755123823880955,0.0,3.2396755949550737,6.272156347627074,0.7462386900884329,0.26152847328081674,120.0,1,0
7,2023-09-30,IL,1.7831003188248995,1.0889003410698623,1.6519159693870833,1.3166067476793117,6.8,6,1.1366916951601314,0.6531705079360768,0.11867861376100222,3.273339723834722,0.0,0.034452691001277014,120.0,1,1
7,2023-10-01,IL,1.7646463232434169,0.0,0.13697213407400716,0.3432873944928774,2.6,2,1.0476517921807598,0.0,1.103073757594098,5.60809586430087,1.3979376170416877,0.826830198871997,120.0,0,0
7,2023-10-02,IL,2.4154842161440486,0.2450941442382203,0.7635947141702433,0.0,4.0,3,0.6176059483941589,0.47560040622271216,0.143959011050677,6.744942678240854,0.0,0.0,120.0,0,1
7,2023-10-03,IL,1.4462141312047498,0.0,2.8156494951815327,2.1258624134360296,7.5,4,0.607845093362215,1.3362352841501624,2.7816345364275534,6.226256663503519,0.0,3.1153066101509523,120.0,0,0
7,2023-10-04,IL,3.0,0.143366787823906,1.2968716451518352,0.38544397304014166,5.6,6,1.1182886014019866,1.2143275369220707,1.5979385608199503,8.737981405595383,3.578479083804064,0.0,120.0,3,0
7,2023-10-05,IL,0.803492237174416,0.9987043373275264,0.9004231279479944,0.7991842571891254,4.1,5,1.3484721984337593,0.3042679196421487,1.251873341223631,5.4141925689802015,0.36846842794753276,1.3095190973307078,120.0,1,0
7,2023-10-06,IL,0.5635371743601949,1.9526914301142968,0.6212444390437095,1.3412264388214445,5.2,6,1.6054850457472982,0.6275011115694884,1.467628953676928,7.294394724388655,0.5511236887892146,0.0,115.2479424486485,0,0
7,2023-10-07,IL,1.6306472882607939,0.0,1.148852058797574,0.0,3.2,5,0.4572409651516922,0.0,2.169304770608225,3.673682905233894,3.9656768778048184,0.05462117167712299,100.77960191879473,1,0
7,2023-10-08,IL,2.790863416029815,0.8396085328392726,0.23204436769530487,0.1178682835477648,4.6,5,1.7805260592350574,0.8962872379860616,0.7295740194617474,3.26520397569499,0.0,2.127830265997716,120.0,0,0
7,2023-10-09,IL,1.4916415586706089,0.0,1.1046098022249669,0.3357716564908104,3.4,4,0.18599089301554117,0.12478447839532064,2.3991318805713746,0.22901331793469926,0.0,1.9613675913561117,120.0,4,0
7,2023-10-10,IL,3.0,0.0,0.0,0.20969228187493738,3.7,6,0.632644726681143,0.1338166998596122,1.7179806381720861,4.263763298810232,1.5277386772186572,0.0,120.0,0,0
7,2023-10-11,IL,1.1485021382142733,1.2681077847748128,1.0767828188730935,0.009743400342922426,4.1,5,1.4822304731803422,1.5025056675539314,1.7801674660078612,7.026171845906694,2.5201191942075893,0.07061227867610764,110.33601684672088,0,0
7,2023-10-12,IL,1.419767124560703,1.0752929401359252,0.7393412822226613,0.48376041443190954,4.3,4,1.9505974910003763,0.27758449307841376,1.0438269882589593,8.469981648878433,0.7628305463675615,1.752103310416517,70.52642002414842,1,0
7,2023-10-13,IL,0.0,0.0,2.043576143443829,0.2528880359023631,2.7,4,1.5252324545324645,0.2736296616712255,2.019426402558195,2.80609011127264,1.0934128047976444,0.0,120.0,0,0
7,2023-10-14,IL,2.606188892074365,0.0,2.819485890310194,0.0,6.3,4,2.3976549863140413,0.0,2.1778735388426207,0.6240979429915429,2.143942002984394,1.085881586618539,120.0,2,0
7,2023-10-15,IL,1.4000529079006467,0.0,0.2078388321752986,0.4464354330980982,2.4,5,0.0,0.7626420194598276,1.0227217407483944,6.902431925416434,1.2557998965221202,2.115689483802432,120.0,2,0
7,2023-10-16,IL,2.22687379655474,0.6231308058498509,1.3841622664156565,0.7592212898164893,5.8,4,3.0137510466589594,0.46907762879474124,1.1963761358933453,1.864916861586772,0.358689053092891,0.0,111.9967808187473,3,0
7,2023-10-17,IL,1.530652570339289,0.3789435604581478,1.5404785776122114,0.2899728917798069,4.4,4,1.6023351788815965,0.9220480477785344,0.41846499095981665,4.617714815014654,0.4882092140145433,1.3088500475020581,96.20700163346753,3,0
7,2023-10-18,IL,0.0,0.7796960865722818,0.0,0.9917466375193409,2.1,5,1.7613310380497056,0.9174261751640774,1.6861444779854997,1.9280927978197688,0.0,0.765430888679536,120.0,1,0
7,2023-10-19,IL,0.4376688564538178,0.03597596817562132,0.08116799497607545,0.0,0.6,4,0.27063198884997197,0.0,0.0,8.05782519115388,0.8107511328639401,2.3384210911727905,120.0,0,0
7,2023-10-20,IL,2.5548035585765354,0.0,1.3636191881106936,0.42734229832690507,5.1,4,0.5250103132267828,0.730428692793953,2.3721873180207877,6.303841325803434,0.0,1.571679243880015,120.0,0,0
7,2023-10-21,IL,1.4248854274728706,0.2199591457910206,1.9164905215577228,0.0,4.2,4,1.213851570700315,0.0,3.4632047690054524,2.1099543613029965,0.0,1.7817053098024154,120.0,0,0
7,2023-10-22,IL,1.7008448105065512,0.0803038943347949,0.0,0.0,2.1,4,0.8128717262346095,0.31579907731344065,1.7350371092837058,6.041914420349741,1.2059864293397828,1.4419958253181198,92.69721432842937,1,0
7,2023-10-23,IL,0.6326224882895102,1.2999273403049374,0.7747740919343228,0.0,3.2,4,0.4577778681476031,0.568185743431584,2.3777693158650384,0.973465284320489,0.3575506103893331,0.7231955086907496,120.0,1,0
7,2023-10-24,IL,0.09681377305772136,0.0,0.6948389341614836,0.43444858365465067,1.4,4,1.7451690119335324,0.0,0.6571703731373467,2.346831816219736,0.2717026915257206,2.171083619754355,120.0,3,0
7,2023-10-25,IL,0.40206247533367756,0.8665192983382526,1.6773147818305092,0.0,3.4,4,2.941781849572561,0.9818254051222994,2.601459051268125,3.6471113313835453,1.1665982754648974,0.18906222359366742,80.51494749121946,0,0
7,2023-10-26,IL,1.5664702601998508,0.0,1.3821666506863926,0.0,3.4,3,0.9128567676217677,1.1407143882168618,1.8500971688073817,4.071274459047088,0.044525170692169436,1.7825260340190519,120.0,0,0
7,2023-10-27,IL,1.7859658948667254,0.5282527852750835,2.731589582270269,1.9006215783587872,8.1,4,1.4938313253347268,0.5035639582554613,0.007546808068772337,5.192190807226841,1.7863412949943998,0.7148239596779891,99.83288086073296,3,1
7,2023-10-28,IL,1.9981659133956633,0.10385725678006641,0.5176041847595109,0.0,3.1,4,1.475241608887476,0.3690531903559523,0.07645707596417206,7.688447300143956,0.0,2.6676532049301787,120.0,2,0
7,2023-10-29,IL,1.6903288147799271,0.802740399615335,1.8525834376552144,0.633174247382247,5.8,5,1.220291050599279,0.0,1.8557508212209357,4.741566702287945,0.0,1.6825870502816331,120.0,1,0
7,2023-10-30,IL,1.5249874322303847,0.9036624987648829,2.2515916828023035,0.681913557194495,6.3,4,1.7147429213560486,0.8218845141133893,1.8144287677061053,4.462404285371287,2.1453717935195007,0.6999320563710596,73.9857116826989,1,0
7,2023-10-31,IL,0.0,0.5451650666929495,0.2540973719590314,0.034073391971485546,1.0,3,1.5264429021963324,0.8060426434844505,2.09769143420045,4.133133736116555,1.9812257760987544,1.0328557578631008,120.0,2,0
7,2023-11-01,IL,0.0,0.2750656706754079,0.713383444886527,0.0,1.2,6,1.978820567173813,0.07770476413698446,0.5896875404968805,5.783952416929695,2.368878256640227,0.4955043155739203,120.0,3,0
7,2023-11-02,IL,0.7091264353668995,0.0,2.1339785558565927,2.4694061316597695,6.2,2,1.4800839879038459,0.0,0.5562860208134812,6.455746516526128,2.281579834530323,0.0,120.0,2,1
7,2023-11-03,IL,0.5751887890501525,0.0031119175531471033,0.0,0.1251434259205515,0.8,7,1.2917241630869432,0.0,0.0,4.578768724211746,0.20225839518109634,0.3925633729667535,120.0,2,0
7,2023-11-04,IL,0.24691863134323158,0.19490005532379917,1.5800657677381988,0.0,2.4,5,1.658951128504222,0.32277350620042367,2.570840769224224,4.929506618930631,2.089014930461738,1.0826631858195896,120.0,1,0
7,2023-11-05,IL,0.02226570262068761,0.5512592321278698,0.650626585183014,0.0,1.4,4,1.6036673231231946,1.1532434393382203,1.661239001170455,0.0,0.0,5.13256458663346,120.0,2,0
7,2023-11-06,IL,0.9898869520369953,0.45989722513354225,1.8767539159562068,0.8871433502596657,4.9,5,0.8976416505398745,0.0,1.5452999138795183,5.34308251072735,2.1611788279535107,2.7176910442297477,120.0,3,0
7,2023-11-07,IL,0.4052701073717284,0.033283814070663276,1.8881678654342624,0.0,2.7,3,1.7639711907586826,0.6737164557374885,0.0,2.6366654283649846,2.0293535993495535,0.6607261611314748,71.9088161594872,0,0
7,2023-11-08,IL,2.457275673987527,0.8103007979723783,0.616775039704207,0.0,4.5,4,2.4296349006235936,0.6315709465677154,0.5535589648570673,4.147470119561828,0.21196989894052476,0.0,120.0,1,0
7,2023-11-09,IL,1.475029820337869,1.436625345681442,0.0,0.7460642683912102,4.3,5,0.6549748352639957,0.0,0.0926223054681557,2.475573825042024,2.252113260263011,1.5935041974725888,120.0,1,1
7,2023-11-10,IL,2.8280301092178473,0.5644953913437523,2.0646926005912762,0.22479399798058208,6.6,3,0.0,0.08191601941721119,1.3679024509815632,4.048120568757495,1.554852388320492,0.06831857919020218,97.77417477770149,2,1
7,2023-11-11,IL,2.781578126047858,0.7487272230268827,0.5308766397530211,1.3224654134430216,6.3,5,1.7310489303554337,0.0,1.647789003028835,4.547273460582379,0.11258276394088584,0.39933688221087893,120.0,0,0
7,2023-11-12,IL,3.0,0.12924594382477927,2.32033675849925,2.482229035571141,9.3,3,1.3593575983749377,0.11332218695729618,1.7976666982436593,5.258179083513255,1.707544206693758,0.0,120.0,0,1
7,2023-11-13,IL,0.06248008231312241,0.4092589193070235,1.0757514997572672,0.20071523298842653,2.0,4,1.3610881478382373,0.0,1.6125069321331842,6.367790458522326,0.0,0.2981484890597106,120.0,1,0
7,2023-11-14,IL,1.6415540565152622,0.0,0.0,2.0136530430159523,4.3,3,1.2077380098656372,0.8798800742288249,3.480176470034971,3.880691266955071,0.6148427826722989,0.10013181116063352,99.47920373403282,0,0
7,2023-11-15,IL,2.4968353697143795,2.099032762098935,2.2321444418277268,0.03735020064500064,8.0,4,2.0703830854061387,0.0,1.9131945899149518,4.335777602405618,2.3678703009011475,0.2493717680262879,120.0,0,0
7,2023-11-16,IL,2.179780815939841,0.0,2.5987760558042794,0.49081816720302207,6.1,2,0.403116787296536,0.0,0.6631284290911041,4.592519883222556,0.0,1.159061211749045,120.0,2,1
7,2023-11-17,IL,1.4819924287105068,0.058971411186485634,3.0,0.3612747533926999,5.7,7,1.3789720963650334,0.0,2.0711499617576647,4.8920264886248335,0.933323729395236,0.0,120.0,3,0
7,2023-11-18,IL,1.5455414598287147,0.41541108545733874,2.0056086193072344,0.0,4.6,4,0.25251356573629113,0.08317372449234245,0.0,6.325081360241077,0.681580568924658,0.871468280016265,120.0,3,1
7,2023-11-19,IL,0.9104549740972832,0.0,0.963288653862324,1.0908388683657793,3.5,5,1.494578993183816,0.009849356998661796,1.0476296414975197,1.467945052706232,0.0,0.0,120.0,2,0
7,2023-11-20,IL,0.3999768227156062,0.12030344552703598,1.4325094703929293,0.0,2.3,6,1.2525766670314933,0.0,3.053494005539971,2.302828996945176,1.2018424971615742,2.9239499941389036,120.0,2,0
7,2023-11-21,IL,0.203945628464842,0.0,1.5804107590430387,1.7648715963521182,4.1,6,1.4258305589325266,1.115033424716078,1.2080714885561112,4.797197572526166,0.0,0.6053518481733087,120.0,1,0
7,2023-11-22,IL,1.568588118530108,0.0,1.9008651052263836,0.0,4.0,6,1.9854896392944883,1.436707449364897,2.069299327086179,5.094725602398863,0.0,1.986987231137907,120.0,3,0
7,2023-11-23,IL,0.7480584609513234,0.28035364539422725,0.39685860103133874,1.9365477245428948,3.9,4,0.7454957610617514,0.2728803240488851,0.2898086571056284,4.316349793413055,1.3852360124620122,2.222650949996913,117.73764783674788,0,1
7,2023-11-24,IL,0.11929364315348234,0.05558049363019335,0.6589634334788124,1.8965729742951327,3.2,4,1.579919719295065,1.3685994832998893,1.3200124026079585,4.995079546015016,0.38666293812521957,0.0,120.0,2,0
7,2023-11-25,IL,1.6764948022224093,1.236746331664377,0.9371332171284612,0.24049116666956882,4.8,4,1.856643082658238,0.5317284351624517,0.34519450326921974,0.1353321298158423,0.0,1.3829132888398785,120.0,1,0
7,2023-11-26,IL,1.348215769711497,0.0,2.8663222796408414,0.0,4.9,5,1.4584396795523331,0.0,1.1143421650866352,3.664140728843203,0.8573833711918969,0.26062501855109677,120.0,2,0
7,2023-11-27,IL,0.917802601050999,0.08180797761028179,0.43316330392750657,0.7971126935575175,2.6,5,2.480354474399382,0.0,1.6380508662577393,3.5116648679289186,0.0,0.834364658703628,78.84335081588628,1,0
7,2023-11-28,IL,0.880404929870052,0.9222383523044666,2.534834088000428,1.2506601939075848,6.5,2,0.2527619168740517,0.0,0.47044682187413644,4.261709416225362,0.9594569348568289,2.092207686508845,117.04746686767571,3,1
7,2023-11-29,IL,0.4860659332030238,0.34456625844081845,1.948442512706928,0.0,3.2,3,0.9639438099882931,0.20304816424396493,0.3377900815051105,6.537710917367465,0.0,0.0,120.0,2,0
7,2023-11-30,IL,1.3088561785680928,0.6911638067724252,0.30075618327698717,0.26255793236582947,3.0,5,1.1330811883757577,0.35492518538295137,0.10361220084742762,6.207530545946138,0.0,0.5178506477584512,109.42922484982515,1,0
7,2023-12-01,IL,1.572589452484254,0.0,1.5945708645211227,0.09416702537165522,3.8,4,0.0,1.2958809580016406,1.93496806911369,8.88204563131864,0.5420117004000383,2.289850314289803,120.0,2,0
7,2023-12-02,IL,1.131213206532574,0.0,2.674826589641389,0.0,4.4,5,1.7818709185518817,1.2391855937532312,2.0642387047274084,4.4803411619028735,0.0,0.5916796198629106,120.0,2,0
7,2023-12-03,IL,0.3797851879102745,0.0,2.451872957435339,0.0,3.3,6,1.7462543626388294,0.0,1.2619867821879933,4.393922084590171,0.0,0.9488824140658563,120.0,0,0
7,2023-12-04,IL,0.48427518240053574,0.47391337623189345,2.373559368405263,0.02520569120009264,3.9,3,3.1893872014143705,0.7324948756220546,1.876610982420236,3.8988634550248156,0.0,0.2725855212429398,120.0,0,0
7,2023-12-05,IL,1.8836492678161716,1.505849025694267,1.5691311960835717,1.2598634363028791,7.3,7,2.5389997008719627,0.1826157058621487,2.1766022824604194,5.085878929227775,2.0828263369779063,0.0,120.0,2,0
7,2023-12-06,IL,0.32411877624937335,0.2248151718359479,0.0,0.1898760731865432,0.9,5,2.190253328663862,0.9559200425229479,0.9889532217689734,5.1446404801353935,0.0,1.8318258829464098,120.0,1,0
7,2023-12-07,IL,1.6970513073228517,1.1745623432751684,2.0350049613840144,0.27161728842410005,6.0,4,0.4787293025207555,0.0,0.43394457015065807,3.745418324485387,0.0,0.8784989051328811,120.0,0,1
7,2023-12-08,IL,0.33250976731926274,2.136353175168453,2.883292346731687,1.137850546643637,7.6,4,0.1712244334501909,0.3193761961947758,1.1487550598210823,3.304020763080362,2.1614321016653646,1.742251265705494,120.0,0,1
7,2023-12-09,IL,1.2865625904275113,0.23722034210097465,0.9205110324766478,0.7494706793655008,3.7,5,2.7991691287162235,1.2424918550697925,1.543664147325128,4.350001864467545,0.0,1.1255415715951425,120.0,1,0
7,2023-12-10,IL,0.696591521762646,0.5549526303581319,2.3495382076469977,0.6838472415419634,5.0,3,1.4695859696981093,0.0,3.629576021544824,1.9077522601526327,0.0,1.5820250009934362,110.18387851686128,1,0
7,2023-12-11,IL,0.0043596706546447095,0.1288275468234279,0.6908061769003202,0.0,1.0,5,1.0825415985562399,0.0,0.8887497652564876,3.920879421382539,0.4175173472623115,2.217742454348354,120.0,1,0
7,2023-12-12,IL,1.8442036005613591,0.16598677523039118,2.712658987126695,0.642147796163745,6.3,5,1.7397601082520167,0.34862270915041527,1.491661373890193,3.2451453357794344,3.0792328364475385,0.2336892548442262,120.0,2,0
7,2023-12-13,IL,3.0,0.0,0.04802786237021188,0.8474293189125143,4.5,3,0.6749202417387872,1.4064857003684466,2.038326804072972,6.430104226804037,0.047405320035523335,2.01509897980639,120.0,0,0
7,2023-12-14,IL,0.3329532672580048,0.5202121462839241,0.5148359909947345,0.48647829757695615,2.2,3,0.7385974701908539,0.0,1.9549905380736883,5.162449252390412,0.0,0.02206707943088776,120.0,2,0
7,2023-12-15,IL,1.5589964652168704,0.13846004183039629,2.1032527569400172,0.08607941767407934,4.5,4,1.7636648881260515,1.0766942476661203,0.8733798971679462,2.766392437583343,0.0,1.6068954469647112,120.0,2,0
7,2023-12-16,IL,1.2113604867228445,0.5276824632797152,2.6517938337910874,0.16371416008084272,5.3,4,1.2048610982811323,0.05192198244925794,2.178632727178098,5.727041568835768,0.3516353629517681,0.08039369170360988,106.45735411777846,0,0
7,2023-12-17,IL,0.20830562165970937,0.5457917255811364,1.1993948324314205,0.0,2.3,5,0.512079317456834,0.3684010866739082,2.501474023438172,5.2153291676908875,1.8154996958721237,0.8782504915312903,118.36397442985816,0,0
7,2023-12-18,IL,2.5439407081034293,0.2499945176651308,0.0,1.2124737723645413,4.7,4,1.2721145863187266,1.037102925970607,2.135079860052676,3.09798888980462,0.6054957220082517,1.142741082791831,120.0,2,0
7,2023-12-19,IL,0.43379893459185415,0.0,2.4562539898572453,0.0,3.4,5,1.4899992814565126,0.10827925970989835,1.2141035216885752,0.0,0.0,1.1457877070758835,89.46295688191366,0,0
7,2023-12-20,IL,2.062703538553763,0.5038836915098397,1.2276539205077934,0.2368795639908663,4.7,4,1.8164456831225744,0.0030554887519995133,1.7716935385470718,2.15509224963486,0.9203386457234244,0.21573395299822806,120.0,2,0
7,2023-12-21,IL,1.5817234931484097,0.75536952165509,2.9210399929231174,0.9532159020425461,7.2,5,1.3284927108208175,0.26000118271428213,0.6345670689669387,4.015749771458756,1.2558011209256745,1.2762449213179812,74.31617764634592,1,0
7,2023-12-22,IL,0.7123041302327101,0.40315419946418385,2.0810074313697386,0.11236137601924479,3.9,5,0.8679963495050123,0.6957159783892516,0.7977167906308289,5.810086005068266,0.0,1.5805187023803295,120.0,2,0
7,2023-12-23,IL,1.102423331752492,0.8755413137082799,0.7715833706516869,0.4486814033331011,3.7,7,1.720039272980683,0.0,0.6678403537930286,6.496452129547609,1.7664799096500212,0.4780312895602321,120.0,1,0
7,2023-12-24,IL,1.209919219353687,0.21130149490451156,2.3730746112105985,0.3123379318707832,4.8,4,1.2374834106303765,0.6514303153895231,1.0503111381504409,5.679696327606007,1.9700490619019693,1.2425118156066628,120.0,1,0
7,2023-12-25,IL,1.900559595145466,0.08193152680639493,3.0,0.3884960326609965,6.3,1,1.4082987218109086,0.04686385885381894,1.0349562336889935,6.326511516308337,3.2358044966458444,0.016966332524990246,120.0,0,0
7,2023-12-26,IL,1.2030134915018231,0.0,0.015671410275561626,0.0,1.4,5,1.3705705506025168,0.9145686697100344,1.2076243393842396,5.188606173991407,0.07540435306864568,0.9024138950639065,120.0,1,0
7,2023-12-27,IL,1.0462157772791496,1.671792518505649,0.4153243347502694,0.7398150103331648,4.5,7,0.6875924950209594,0.5592568600029602,0.7361356509740142,5.164630141596325,0.28984769432831836,0.8726328048957366,120.0,0,0
7,2023-12-28,IL,0.15163171677907678,0.931569076442224,2.080826701503969,0.4509332534390718,4.2,4,1.8899760545719992,0.0,1.534753936026097,10.425797331803473,3.558304777983537,0.5926690903465659,120.0,0,0
7,2023-12-29,IL,0.7144888427575341,0.0,1.6718876355547256,0.0,2.8,6,0.0,0.0,0.42139523351827834,3.3518262708969835,1.1902515550476482,0.8582707029129091,106.21777789494396,2,1
7,2023-12-30,IL,0.0,0.16418061859477517,2.173583952053235,0.0,2.7,6,1.9315895324283472,0.40140135748536615,1.0571016229031112,3.7509000174692835,0.0,0.5505742294754288,120.0,3,0
7,2023-12-31,IL,0.2483141301338435,0.5380302051250445,1.160347355594217,0.3157052717638577,2.6,4,1.2893478885426266,0.0,3.448941596385878,5.675003161398263,1.3135875681530864,1.4868375135424792,120.0,3,0
