facility_id,date,care_type,adl_eating,adl_mobility,adl_toileting,adl_cognition,mds_adl_summary,rug_category,nursing_hours_rn,nursing_hours_lpn,nursing_hours_cna,medication_count,fall_risk_score,pain_assessment_score,resident_census,incident_count,staffing_mismatch
5,2021-01-01,SNF,1.5342654879408921,6.0,3.061022234442804,4.325367099342335,17.4,6,2.7200199892055914,0.836017249602909,4.68873211903782,16.602717115765554,7.032046386569629,5.064371025762865,73.78406982899901,1,0
5,2021-01-02,SNF,0.5039146134011934,0.13028496687217483,3.756321823111823,4.530730381972461,10.4,5,4.317310957681255,3.186442613594001,4.434528034319899,14.107162280239242,8.325785375545223,1.8810704537657346,71.35599871254138,2,0
5,2021-01-03,SNF,3.498886221602985,6.0,4.1113770303750705,2.4447567857498536,18.7,6,0.9643468833634448,4.371060775958454,4.39571844949613,12.010770830260519,7.34692220415665,4.970197620103116,111.21375473495854,4,1
5,2021-01-04,SNF,0.8314647750671593,6.0,1.8203360494593754,5.173004040593498,16.1,6,2.054616205471821,2.7251067499692487,4.313758546002195,12.117483271536448,5.111769288509235,2.441202970803553,59.64355950399427,0,0
5,2021-01-05,SNF,2.065841180225156,1.1136942530984726,2.5551926067981348,3.0618335976178415,10.3,4,0.43222105939060074,3.4329049756307586,5.24384865898886,10.714337201629105,8.998465131423078,0.4952763736427128,120.0,1,0
5,2021-01-06,SNF,0.0,3.283696685374472,1.4608662567339086,0.4274437712794537,6.0,4,1.556315165274149,3.097273127223871,4.77909609748681,13.181267439316622,7.278295905781332,3.4379432529745735,115.1095534954162,2,0
5,2021-01-07,SNF,2.1040521581558886,3.1554771386458405,4.899750500577053,3.930526620884076,16.4,4,2.9844274392494428,2.228235459317948,5.5931347294188605,13.483843698795413,9.868415707654576,1.1334242794663032,91.42584530960778,7,0
5,2021-01-08,SNF,1.4835656917864983,5.1283777169095766,1.6770249327821596,2.46402116154042,12.5,5,3.1517285404494904,1.3525040145169533,1.6596989067384416,18.264536093430387,5.620935485945929,0.0,102.86743543659382,4,1
5,2021-01-09,SNF,3.063120099280777,4.45822791765892,3.8428618313534884,6.0,20.3,6,2.927778871805298,2.8679150197998293,4.769720313608467,15.34208545988858,5.803513344319242,1.1078879394556358,91.36250803983695,4,1
5,2021-01-10,SNF,1.4729335500131153,3.51158205363752,2.7691659206866253,1.3136622604764212,10.6,1,0.6040909527550214,1.59360038404282,3.87419976754229,10.66853986306545,8.74880706881429,5.101727228406844,72.85358669653078,7,0
5,2021-01-11,SNF,2.7395995810152427,4.86497021844937,5.047820960832256,2.1735588466478277,17.3,4,2.433806120525638,1.2591735549986411,3.348609814630336,14.458164721144982,9.789051026625028,0.0,97.44928917296272,0,1
5,2021-01-12,SNF,3.4192263160810374,5.516656826401031,3.242863084466737,2.6840861648354113,17.3,6,4.302347674059977,2.5156353804434204,2.3196891851764407,13.26193696608744,4.6825219085640235,7.0709554434321955,107.37103558902179,2,1
5,2021-01-13,SNF,1.317426876638689,4.7992117631270235,4.803439184397252,4.466556240371859,18.0,5,2.074606743733429,1.4529049531666007,4.4056889495811316,11.239080527733552,7.6012059991585,0.0,71.56074578150876,4,0
5,2021-01-14,SNF,1.922794163185947,5.29630921054704,3.507041736141354,1.0255148000576346,13.7,5,3.5814619959224587,1.629084681407439,1.4598776209842594,14.739178576296846,7.435574548837052,7.559661820126269,33.728879670919305,4,0
5,2021-01-15,SNF,3.98534819980014,2.4439501408533797,1.5394931398355065,4.836121850184659,14.9,6,3.705097763877205,2.2752829785636792,1.638777765990636,7.537836058841615,3.6366758709044333,0.0,56.11624800644322,3,0
5,2021-01-16,SNF,2.23087248571914,2.436288913661284,1.9619259138834848,1.253094402725165,9.2,4,2.2404737055412864,2.205629577765498,4.887617933334054,14.902362771132777,6.2778960158259,6.382248709544358,88.16314541887164,4,0
5,2021-01-17,SNF,2.755272129465408,1.5200512577930745,4.070286623412026,3.6432464719118647,14.0,2,6.123444681832759,1.6943951897213547,6.25468683399947,19.2956171184798,8.79392914651291,0.0,36.90088771943283,0,0
5,2021-01-18,SNF,2.698256433549693,2.1957233656551542,2.022035740243379,2.2565291263626723,10.7,5,3.4335431178428277,2.5166283687278725,2.277474240031048,11.9038511074329,5.627937265992045,0.0,39.93566483638374,2,0
5,2021-01-19,SNF,2.2895460921543758,4.950393336690049,3.5601403507112974,4.872777027331297,18.3,5,2.143585865772811,2.0168508251665016,3.467318876120324,15.112111255919684,5.755147152246645,0.0,93.45870760623194,3,1
5,2021-01-20,SNF,4.198881701257971,4.295916654980407,1.4802232932202053,0.11531516883174092,11.8,5,2.277793086574096,2.9560284685393405,6.378694769874188,17.46128762342802,7.327371761902463,9.041362419954307,62.41238135150387,5,0
5,2021-01-21,SNF,2.4652900814414678,3.302361781848119,1.2667468702408222,5.395447436321892,14.5,3,2.5214639133649728,1.1503896416506065,2.259132377435521,10.198543858886783,9.062320205665973,0.0,106.79263974371064,5,1
5,2021-01-22,SNF,1.24517287631957,0.885070225363991,2.4968861430260394,2.735393049630333,8.6,6,2.8747565209308616,1.5229165686049888,6.46231914186943,16.233200743123557,4.357329523211916,4.720882589942916,120.0,2,0
5,2021-01-23,SNF,4.323818926105332,5.591062286581344,2.288750451772247,1.9639834293375888,16.5,4,3.7591527595880034,1.8315629744473834,2.1601524260850544,15.289588462505321,2.0762961416728407,4.872032019947223,75.24947168292046,4,0
5,2021-01-24,SNF,3.0709518692038675,2.698511733936793,3.3905213389498723,4.110135049481626,15.5,8,3.307433145993988,2.2537701637513385,3.8332292797389655,15.773482667324066,10.0,4.562756248849426,54.59080014091239,6,0
5,2021-01-25,SNF,2.910050934606974,6.0,2.3793734763234053,0.0,13.2,7,5.219778521329669,3.594422326379086,5.01114309679853,17.03766769093142,5.041299765314658,4.340052705237846,85.13363666543717,5,0
5,2021-01-26,SNF,0.0,2.3645268979657637,5.432352699770569,4.183960645882934,14.0,4,4.474994227100628,4.719509839340743,5.4721660178047715,14.192274621815958,8.676104956435168,0.0,49.279548545743175,6,0
5,2021-01-27,SNF,1.8905344689579204,6.0,2.322747534627613,2.315624349920618,14.6,4,2.3974921161179386,2.4516934181268186,1.4425720055957882,12.974239770676487,4.1135320973428104,0.0,75.748784655349,4,1
5,2021-01-28,SNF,2.66428427111801,6.0,4.483838480641578,0.9442197859642188,16.4,6,2.873177759442104,3.934221055691273,4.766992205194556,17.23854839156391,8.910201205208468,7.310237501320819,115.72822327887401,6,0
5,2021-01-29,SNF,3.9719760879173474,5.502056715327038,5.467481791679078,2.1210575523003374,19.9,4,1.8313220214357129,1.6759751503745424,3.1492443803446704,15.529051675892848,5.701824929207817,2.713365300269537,65.64932909153312,3,1
5,2021-01-30,SNF,3.5995649413780213,5.508025124646164,3.7220463685362555,1.4835679202904941,16.7,5,2.949587470700904,2.7709038762775573,3.493390459426479,17.253986874322507,7.7896270563835,3.00629410865981,97.10395783063758,4,1
5,2021-01-31,SNF,3.053430588670595,5.5008457354764015,4.483530232923908,3.1699424325196364,18.9,5,1.7793980389907698,1.8497840245986763,4.530730128491826,15.70404851442345,5.519927660907499,0.04681403133096973,75.43926112957014,4,1
5,2021-02-01,SNF,5.48337436221288,2.451070376374341,5.007872757582654,0.9332745461118037,16.2,4,1.0802425085425917,3.3482958981492716,5.308642697719126,16.50446547130373,10.0,7.13405951445591,88.8074233954255,1,0
5,2021-02-02,SNF,2.802345683518097,6.0,0.20458473455208548,0.2761580142079767,10.8,5,1.3431684671626491,1.9149780626915818,4.0563423460245165,11.022054320443454,7.262597293596835,5.1593883044539455,94.46369950053453,2,0
5,2021-02-03,SNF,3.112064753155719,5.85160179696062,2.383003099431774,3.2080942086850315,17.0,7,1.9283424742388098,3.048626189642635,3.027109894363239,11.821097692033515,9.616064868748145,7.709231486348281,116.31408300283698,6,1
5,2021-02-04,SNF,1.594519831062018,5.950343476656092,1.034627547894062,4.557592357271438,15.3,5,1.7709752007396062,0.9822186289261865,1.4264142480720148,18.79750586635182,8.761613976081376,3.1689122010876494,49.32478412545379,6,1
5,2021-02-05,SNF,1.7171149262999164,5.554986984334059,3.026281744905673,1.459621345356253,13.7,5,1.111591541371548,1.69369997154932,3.4829709651041565,14.633769645922559,4.826149296360429,2.9971322199272135,45.704174584716945,3,0
5,2021-02-06,SNF,2.0564208491119627,5.35431952846025,3.5314835597569614,3.0900781763435474,16.4,2,3.2470689745747876,2.759016828915757,4.0429807248239165,10.27668506174968,6.551868245804198,5.404702437100604,95.41987437445526,5,0
5,2021-02-07,SNF,5.393886604578694,5.416117907726325,3.4034352114479645,6.0,23.6,5,2.1282559788386948,0.874287902836925,2.8061199860046533,10.285051636871748,4.484040136203017,0.0,104.23836256080335,1,1
5,2021-02-08,SNF,3.9023083896696944,6.0,1.7200584851546985,4.516805918831424,18.8,4,3.8726798157278512,1.96507203455621,6.059790175862633,11.433457075971297,8.808081053623495,4.426577432307064,108.44142937821779,1,1
5,2021-02-09,SNF,0.0,6.0,1.8729248117034851,3.9769786590229743,13.8,6,1.810274370619882,1.7395874747297355,1.131122981014264,17.49690352007715,5.249756974201874,0.0,98.4804572932797,3,1
5,2021-02-10,SNF,0.422741916287684,2.519488591581582,5.871053033475404,0.0,10.3,5,2.787151400425015,4.307562423172309,6.920419910453858,13.271009768765479,5.800039518930392,3.9780851392368177,106.70316506269015,2,0
5,2021-02-11,SNF,2.946171443272486,4.869086985640663,1.9139733956995317,3.411234676839335,15.3,6,4.190713255849152,1.3409349718451113,3.296531791621866,5.828489581023038,2.7164012283050294,2.1803865536361284,55.879098007169695,1,0
5,2021-02-12,SNF,1.9112824542380058,5.6162792511237996,2.935298770881875,2.9257562231984213,15.6,5,2.7881866226391616,4.357299725858179,3.5149255399355215,16.965980582333838,6.704460273764783,3.373397016067596,120.0,3,1
5,2021-02-13,SNF,3.2409470970187675,2.9981562705065024,3.9015046310304307,2.5545604743272547,14.8,6,4.903337835925681,1.4138110635040428,4.82859635749554,12.153209862328971,4.739834275099151,1.8912995999721884,114.66145733393554,3,0
5,2021-02-14,SNF,2.495523126094587,5.2815038693772625,1.9402969426795074,2.863295379095343,14.7,3,2.982196632770122,3.0931187316048536,2.668892969848271,9.68799227963902,4.4251093888029525,0.0,112.31666230268092,0,1
5,2021-02-15,SNF,4.9769278623792825,5.974499417908272,1.5276986689331657,3.231661043574907,18.3,3,1.7641325984850933,3.1139343464001445,2.629922815707052,17.684070301748722,7.13968848921182,5.132515367065088,117.7969311199103,4,1
5,2021-02-16,SNF,1.4424949643756046,5.439674005034627,2.3843944139766644,4.341846573962292,15.9,6,2.238197135467858,1.6029003383508929,3.222464699885809,17.561712831592523,8.958599828932615,3.597460653353531,86.91141095379473,6,1
5,2021-02-17,SNF,1.429230919523569,6.0,3.5450269901934854,4.5372071952646325,18.1,5,3.553528629332547,2.052330361555427,3.4122686325904192,14.87791323239675,9.549307715402735,1.5441545678010282,94.8944908142343,2,1
5,2021-02-18,SNF,0.0,6.0,1.8635306685226707,1.6329711900589026,11.1,5,3.140850551733215,1.5550663543619074,5.436442826317643,10.291245779108007,6.200163754291519,5.636717219401381,91.62958714651423,1,0
5,2021-02-19,SNF,5.3742508322345595,5.108902342882077,3.287340880748957,1.1145670087204742,17.4,6,2.5268952784247443,2.794157388169899,5.25676981756675,16.681535508971134,4.455405924112649,5.0742367617012505,91.70032738790043,5,0
5,2021-02-20,SNF,1.5029928485523143,6.0,4.620594386323926,5.188424132591024,20.2,5,0.7330023820392692,2.299381904930856,0.4750388764852358,12.224308326967362,5.6400228576095675,2.7914315849351508,99.33999900161801,1,1
5,2021-02-21,SNF,3.832941154860797,3.115862460870141,4.55044449634923,4.970045118764737,19.2,5,2.0906671154763523,2.5581406670389466,5.542868214845544,15.757625093566494,8.488936848991981,4.46301235051056,85.00837389329666,4,0
5,2021-02-22,SNF,2.8328386117490156,5.88984524501203,3.674396634982828,3.603189160920727,18.7,3,4.378172192407326,1.8497969624343589,4.664858409470351,17.308990391585024,7.446319889993049,1.923599013917519,89.82535616568296,1,0
5,2021-02-23,SNF,0.9028165161437289,3.2501077348747742,0.868004846738381,5.482055902029716,12.3,4,1.5110366918389255,2.931078960030931,2.665255926811982,12.559534852458219,8.633694639415584,0.0,95.54707215433393,2,0
5,2021-02-24,SNF,5.6109384959898465,5.018193678858736,5.404960903048593,1.5138545009584023,20.5,4,4.382802102902043,0.4299390530225642,6.788604176508926,15.387636551514708,10.0,3.767937916462427,96.6690055406066,0,0
5,2021-02-25,SNF,1.9483258338196205,1.3090300047151806,3.719542097942935,5.200668417841813,14.2,4,2.452567273565106,4.345844867558957,6.374207505460152,17.57552183400901,10.0,1.3576257629201836,66.21507904832849,0,0
5,2021-02-26,SNF,5.162195522516097,3.23258787541155,1.7679950536937372,2.0142407750942906,14.2,5,4.509455389531454,3.4594985804770926,2.8172171236524175,9.880762786535827,4.8606005811311155,2.439577169774231,84.4738231088841,1,0
5,2021-02-27,SNF,1.8918170555475036,5.977724429924005,1.222142906544133,1.4155208667227364,12.3,4,1.665372398120262,3.192758242042461,5.637749011589499,12.507433238882266,9.92632661387965,2.7223363950691866,84.13295557566266,2,0
5,2021-02-28,SNF,2.6626328533727257,5.689082414491045,2.935368087698926,6.0,20.2,6,2.0319446202717444,2.1474186356811815,4.346879430900375,13.842055519963974,10.0,5.99588965298614,88.37366673308348,1,1
5,2021-03-01,SNF,0.7932415666560435,6.0,2.8130241910319227,1.6881891005956224,13.2,3,3.5045885457890553,1.8818279624006853,4.580515152768362,14.835441276809847,7.676857374738063,1.771470378958921,70.42382025209565,3,0
5,2021-03-02,SNF,1.6397284583946397,2.2943681149968915,2.39645402462559,0.0,7.4,1,2.7788242162429264,2.4090990928450413,6.252426213912297,18.12027994503656,8.970196121901132,4.726639996855596,56.56588565120079,0,0
5,2021-03-03,SNF,1.670969065998987,2.0554788253146272,0.7649138405698896,1.1276303097522118,6.6,3,2.611691673371555,2.8135898504941927,5.9166293902704385,15.94313219183655,6.137682353340878,2.0084412115980115,79.95956389483345,2,0
5,2021-03-04,SNF,3.7634395480176868,6.0,4.533833709143749,4.355271172610766,21.8,5,3.210360627737736,2.8603583109614883,4.9936755852626336,15.08017375149959,7.194848563516671,5.133198208687027,112.91898413383039,4,1
5,2021-03-05,SNF,2.921308537638672,1.9595240354343,3.0337405422880064,4.918875872778164,15.0,5,3.1264015387993362,2.734949788932795,2.005080822812666,9.985061705106503,7.510583340866109,5.263833477286541,68.76267360588655,3,0
5,2021-03-06,SNF,0.6350841728541177,6.0,1.724352034293155,2.4024704224087663,12.6,4,3.914558520089259,3.3871367834002637,0.9725885476975825,13.869463474573939,5.37027993814869,0.0,104.31242944087384,2,0
5,2021-03-07,SNF,3.368410927999241,6.0,1.4204270978402092,2.6876260886911343,15.7,5,0.7515256435435641,1.3611830744466322,5.3962661413403055,16.223143340267807,2.115837039923146,2.836627608866586,116.22754516753757,3,1
5,2021-03-08,SNF,2.633210402276174,3.811171312891986,3.3301884353434468,2.912843789867179,14.8,4,1.4277187166632994,2.1257492435700596,4.540258873508636,12.466183165573844,10.0,0.0,80.07874985438319,3,0
5,2021-03-09,SNF,2.0015407930905735,4.3093755829883635,1.2647282625109462,3.975497948914556,13.5,5,3.907541213328133,2.5188442812362766,3.433633383381159,17.528833169895044,4.583358200908414,0.0,73.8136450352844,6,0
5,2021-03-10,SNF,1.29778422107501,5.952103723358529,3.148476650723293,6.0,19.1,6,3.3689004485894083,4.172532732865113,2.9223844388934976,8.955617352666055,6.021756289901059,0.0,56.4505291569041,1,0
5,2021-03-11,SNF,1.8732765923786536,5.392144468690155,3.48459743913251,3.13844324964804,16.2,2,2.619366619924796,3.7205977144446756,4.978290188658234,12.828713605796331,8.789054115573963,0.0,87.27396627306523,3,0
5,2021-03-12,SNF,1.5382086393576084,3.4916560010020543,1.936875725170066,5.538391730011623,14.6,5,3.43902622321501,1.3238002233258426,1.7832179492734985,10.481995906491822,7.923388947035932,9.01151707830659,81.40901081366034,5,1
5,2021-03-13,SNF,2.218574755474922,6.0,2.130070313126413,4.230371072011112,17.0,6,4.666159981806689,1.6174273297287123,6.734840821881808,15.564353506612703,6.345664166582161,0.0,46.28118664302214,8,0
5,2021-03-14,SNF,3.7838453986871006,5.37109393353589,1.548256228772072,4.40350565867725,17.6,5,2.245794274395552,1.8640239719286238,3.2437347770171714,14.73594545508448,3.5566023030722516,3.2089159216783267,104.32835371416907,2,1
5,2021-03-15,SNF,0.6764078612657218,4.119385483057214,0.7165497603495714,6.0,13.4,1,3.987738609355978,1.8772613257208914,2.2869394703037855,12.22708097428292,6.582593013591566,1.9222446431365925,65.98990065251085,2,0
5,2021-03-16,SNF,3.3431645529738176,4.201755221624635,4.222004763254027,1.9382675487191596,16.0,2,4.738012764524604,2.410142508661605,5.273848978476913,13.113998257779619,3.1009541321410277,0.0,82.9126143642721,1,0
5,2021-03-17,SNF,2.823378701462971,3.1323725916292786,5.423593527994118,1.5511896833615053,15.1,3,3.6357712569118803,1.6616570224527232,3.425831369890893,14.242959567761826,7.486962342513363,2.873160635070465,61.92361612668645,4,0
5,2021-03-18,SNF,2.060796059183979,4.449177627359607,0.7207406867840891,3.5811815505584583,12.6,6,3.1864808237709545,4.116207234917638,4.669808942563276,9.405992972942826,6.864428564463846,5.008928037065999,61.858044388764874,4,0
5,2021-03-19,SNF,3.8816393212183318,2.95477821771461,0.8979111744067838,5.641079518109915,15.6,6,2.849276003434929,3.4486795097062246,4.639817268515877,12.392283327703014,8.425404493084638,3.461195896869847,83.53558582739812,1,0
5,2021-03-20,SNF,3.703420973067397,6.0,2.463154949968458,0.08788939827847231,14.3,5,2.810115793708416,2.2687800350281595,5.186221253409303,12.847770079656136,7.4122243735526885,5.1984086047469775,118.18791140275349,0,0
5,2021-03-21,SNF,0.0,5.191866467251506,3.149172466923191,0.0,9.7,5,3.877485565235007,1.2477228156196218,5.213800177141884,8.440813350117939,6.495231745281823,0.0,96.21522319753667,1,0
5,2021-03-22,SNF,5.07161275474403,5.764094026091577,2.0308340334009753,4.9795134446499265,20.8,3,2.353203914400247,2.096618690892206,5.686605410131147,15.950978860644252,8.900311133517787,3.942193130830037,73.91351014702309,5,0
5,2021-03-23,SNF,1.5086763597086572,5.82068569837863,2.2009337263663036,4.494235274373649,16.4,4,2.359285024757382,1.919198970467604,2.5759544104431535,13.543268579042909,4.716089085460354,2.3576607494195434,55.920860735243835,3,0
5,2021-03-24,SNF,1.8968277946973946,5.211908428488141,4.340248215098574,6.0,20.4,4,5.011338697803803,3.0823560142226207,5.589693094380835,17.55897509823121,10.0,2.67447610980941,110.76187615675246,0,0
5,2021-03-25,SNF,1.8838359631911588,6.0,5.871053033475404,3.2698638579217523,19.9,3,4.114485080698195,2.953935419494904,4.015336340482845,17.30096446964298,9.10777530105489,1.3802689134011636,101.6550366511325,5,1
5,2021-03-26,SNF,1.8982560128773502,5.101877147020422,5.253865370886725,3.6989642266332305,18.6,6,2.928919226280264,1.3752072541738158,6.261247487038348,13.7756621004235,5.211616728272383,1.2822022970781655,92.92128632821044,0,0
5,2021-03-27,SNF,3.235837748417637,4.5062622656147955,3.282603581458151,3.8789276999578206,17.4,3,2.4693238521410565,2.363408314640915,4.956636750464898,12.029364170677274,6.8816525004412235,8.10608708581973,73.26466569667713,5,0
5,2021-03-28,SNF,5.57959623731134,3.665949413045254,3.874965670373424,0.0,15.3,5,3.9560212245060264,1.2626209663201071,3.80768979582458,14.368167371592252,5.185101233673665,3.825443179936772,40.26840165015918,3,0
5,2021-03-29,SNF,2.2297701412989426,4.900472837406316,1.1965052964139453,2.3328305526631827,12.4,5,1.962697781695586,3.615084812482513,3.148161100788691,17.655203953014837,7.251858645671363,0.0,91.69780020434285,7,0
5,2021-03-30,SNF,3.5839827817779124,3.4152315853822506,1.757920274602244,1.0140085579298972,11.4,4,0.8222410113015233,1.4705369305524978,4.920849409396833,16.439206145743583,4.633935938723354,3.738783069427495,70.90847558589135,4,0
5,2021-03-31,SNF,1.9696902316516998,4.945675628212523,3.6024599131082935,3.869478999029261,16.8,6,1.8938213570285578,0.0,3.9173642999225784,16.29595698282396,9.05163089151858,5.541639310212217,96.34352641979346,4,1
5,2021-04-01,SNF,1.4360258294091397,5.153309847050439,4.8550745863890326,0.9100452117612261,14.4,7,2.7176164550906203,2.103136803001234,2.660943512263654,11.548279287165606,9.027597455688941,0.13914056559320098,115.42534959097242,1,1
5,2021-04-02,SNF,2.919801328996601,1.3223218246616948,1.945186380799028,0.3106455899000442,7.6,4,1.7863915320888988,2.0250293009968656,2.2144497514207533,16.58375202530737,9.398763469381912,4.203950088205055,102.32925920527705,4,0
5,2021-04-03,SNF,3.3244935777455638,6.0,3.4805274837250706,1.5958618792219341,16.8,7,2.3487890747026454,2.31591153601014,4.002153455603941,19.731073968328616,7.757149482349529,1.8693713928046742,115.39557804577589,5,1
5,2021-04-04,SNF,2.8266003753625846,2.1885224229582656,3.33215555280104,2.9439371292518466,13.2,5,2.542365025025301,3.451138157283371,4.635296492826717,15.917232993470783,9.972252680130332,5.2345389487893295,82.44558232471739,2,0
5,2021-04-05,SNF,4.009795342979891,6.0,4.691996725478544,4.966566448308267,22.9,4,1.1738150516803536,0.8480973877467215,5.104824489102548,14.936764991886037,9.890973266033964,5.304353293770792,44.34817081931665,1,0
5,2021-04-06,SNF,1.9773946306091061,3.4478845495758836,1.4189700578668343,1.2831130713592902,9.5,4,3.216554861570541,2.1545376870055764,4.701246286376701,17.105890669705744,8.910299765788542,4.619721081652324,94.40031265128847,6,0
5,2021-04-07,SNF,4.005035941129354,6.0,3.022235690150675,6.0,22.2,3,2.503632033701843,1.1373138686210584,4.193073809060574,16.62100664025934,9.302492247501426,1.9188311314285076,74.92054879839706,6,1
5,2021-04-08,SNF,3.4410934217783202,3.1294085493556185,4.709675213509759,0.4882025546110007,13.7,5,4.00509967946702,2.1289625172926803,6.913387697303227,14.36808058184996,3.587391041214702,1.7785627673430446,63.60383569584768,2,0
5,2021-04-09,SNF,1.8413551710357605,3.3653001796334223,4.95773833099482,1.4045303504845292,13.5,5,1.30314362240084,2.1904419736229848,2.687496519545043,13.56831605655084,10.0,1.9846742834340412,86.44189594321328,1,1
5,2021-04-10,SNF,1.6423064495848148,5.746144559909577,3.7441477894233404,6.0,20.0,5,2.784477394593718,1.5840062372122017,2.8141776652976307,14.51495110427535,9.65421857105271,0.0,79.49865030250686,6,1
5,2021-04-11,SNF,2.5088119804412248,6.0,0.0,1.9649728927248824,12.2,3,3.441815212973045,2.3274133749557233,3.917736599947642,16.958130833889005,9.452800770786602,4.020479012563989,61.67720062861617,4,0
5,2021-04-12,SNF,1.1892247520214478,5.428015776121807,2.0421156554112785,1.678926810077002,12.1,4,3.4514092968067134,2.7438732206670267,2.5544887027423826,13.28487035289758,5.155503895329291,3.7727302194412027,107.63419605559467,7,0
5,2021-04-13,SNF,3.8366344312381186,3.287655596702512,4.564071716938837,3.632589372943907,17.9,3,3.2211351044009975,3.455719163137729,4.943261121447428,10.240999141193907,9.252340257952314,0.0,74.21228366841001,2,0
5,2021-04-14,SNF,3.8174017672039726,6.0,2.1866380223426014,4.720195395103865,19.5,5,5.033631403944296,1.3303090235031567,4.227772157684197,16.25078991141557,5.378982075978918,0.0,109.35615962243965,5,1
5,2021-04-15,SNF,1.4695606458252422,6.0,3.8265231556351247,3.202073171186864,16.9,5,2.3876442280129795,1.2096614364643936,5.041473373060523,9.433207274921681,3.331992892688086,3.027121382646032,36.50529705576107,2,0
5,2021-04-16,SNF,2.8466748094229324,4.765532977501151,1.3352700263661024,1.3606775412205143,12.0,5,2.7871280886464946,3.7159391377460964,5.213928211251455,15.283710242383483,7.087394358223221,1.6050442959135511,79.34883933810931,2,0
5,2021-04-17,SNF,2.1789467611111406,5.64286157212319,2.460353009489241,0.2903275394149885,12.3,3,3.212152900318954,2.9465175870941325,7.274195035073806,11.430767407612844,5.374718500668085,3.411619497303824,58.118991508108074,3,0
5,2021-04-18,SNF,3.1771438924683006,6.0,5.048059405399238,4.367557352352101,21.7,4,3.400852458120532,1.3572868628069688,3.7042145716329746,18.472120812997453,6.352020849387366,0.0,103.9254333235998,3,1
5,2021-04-19,SNF,3.3829735825090244,3.841688053179703,0.8104637414109988,2.2349031622924724,12.0,4,2.906670291660539,2.8429309671638343,3.303700650491603,8.809995049554674,7.504650327963454,7.573838297194371,32.58847325234312,0,0
5,2021-04-20,SNF,0.607470015852391,0.8240405443238872,1.830147495875182,3.8367747759417306,8.3,4,5.601557289268828,2.375090934173874,2.9325017973002008,18.023708401505104,6.200969720383307,6.087736545546002,91.09737395631174,1,0
5,2021-04-21,SNF,3.0932554693604186,6.0,3.267989959122401,2.0106044066755944,16.8,1,1.3009642473217076,0.3319755245453545,4.35693840303313,17.77553783523381,6.423648445779555,4.697641200124253,99.15444728337478,4,1
5,2021-04-22,SNF,0.5651592373263203,4.094832907110354,2.8871008024407363,4.219694178356029,13.7,5,2.465903021341781,2.339041696016366,2.656243930242395,15.476231959043513,9.903849106308476,2.1068532295140123,87.36401100476235,7,0
5,2021-04-23,SNF,2.5076040236240713,6.0,0.838893726243616,3.8805327396839475,15.4,6,2.9067063673803597,0.690072512849028,3.575832048189256,11.117131543850807,6.407793481491075,6.294607513018658,68.8985003173807,3,0
5,2021-04-24,SNF,3.478134713069787,6.0,2.845513330458139,3.5121368979862737,18.5,7,2.7661171732886496,1.2352308569254449,5.476807778654704,15.305303796731996,8.456636648135921,0.0,99.20572337264288,6,1
5,2021-04-25,SNF,3.4368720342704484,3.375048172927758,0.0,0.0,7.9,5,5.38602995971149,2.4180058245774467,6.453421016093836,15.161398220713549,4.885426128826843,3.4654098631367636,65.8838008007702,6,0
5,2021-04-26,SNF,2.4917886795544915,1.5861693200271954,1.892128822800932,1.848330145739893,9.1,4,2.7014811007215975,3.1643253846338952,4.231581802042691,16.575758842563683,5.194714083981753,0.6907124368504034,72.08036868345182,6,0
5,2021-04-27,SNF,3.671414992866402,5.071977435832798,2.922273849976192,2.173522557146755,16.1,4,2.910282747382565,2.4556797367933187,1.363304337081161,14.96813572905801,10.0,2.470412778171003,74.04992935412376,6,1
5,2021-04-28,SNF,1.842560432300994,4.808079471261902,1.4515705852927756,0.4868528842924502,10.0,4,1.4041180628943235,1.205396079616045,3.758008858213621,13.232301775918014,3.5993597389478986,3.808832755792924,107.02390687349524,2,1
5,2021-04-29,SNF,1.427176200789705,3.796259115137116,2.1711160242881484,4.46780238020812,13.8,8,3.8343913460722847,3.6744194756721518,1.7873890367310992,19.13860689277949,7.259885126286192,2.5890462422051943,90.00819371491718,6,0
5,2021-04-30,SNF,1.5837684487954633,6.0,1.1267270129905484,1.6980853854565088,12.1,6,2.390098656192059,2.516419374629954,2.844919855584984,13.243553819987849,8.637084933526298,1.6522845323988542,106.67996627571978,4,1
5,2021-05-01,SNF,3.275309930906109,6.0,4.277427858196703,1.9125249367442012,18.0,5,2.9795824078680337,3.28041691264625,7.181447858882806,18.397270819000937,8.223001835825816,1.6306941996155278,77.28665078160616,2,0
5,2021-05-02,SNF,2.690891606445492,3.1402628823409966,2.5204936858821734,2.137003927768802,12.2,5,2.078788945849904,1.3439342125342812,2.582638500774236,11.423974361346657,5.1742689038531,0.598573760284522,73.10214223105548,4,0
5,2021-05-03,SNF,0.0,4.019150902601189,2.7825844781935363,3.6240021650059027,12.2,5,1.1774067152947096,2.558490939098688,5.916514993268592,17.594850612604183,7.962149432308246,1.7653526681184677,43.53427777833745,2,0
5,2021-05-04,SNF,2.1251605663822115,5.525752002703268,3.6175723937574684,4.64226669357321,18.6,5,4.096687090172274,2.7343393217884775,4.829088649702959,11.347423140037133,6.151030793644771,3.843697588113289,82.09141696283324,3,0
5,2021-05-05,SNF,0.11881032570158734,6.0,4.188812438418747,5.52476259099147,18.5,4,2.794055852220047,2.3485972197093132,5.396427190499879,15.087156549014523,5.415785993636346,4.730514414773922,44.55540178853539,2,0
5,2021-05-06,SNF,4.046230781183035,4.419679237044717,2.1669355104857515,1.594600718926861,14.3,5,2.830312938655604,1.8356198914800128,4.569087768908657,14.781390450068695,10.0,4.296587212905135,42.036401735601636,3,0
5,2021-05-07,SNF,4.222876231522803,1.7888302956257722,5.609945103837677,1.2991702647460288,15.1,5,2.019238111465088,2.1934278234525597,5.732499781933515,15.236233800115317,7.708878844996619,2.7834640527257597,85.1699624550977,6,0
5,2021-05-08,SNF,1.9469487286509621,5.427622287266179,0.0,4.204623407120805,13.5,3,3.4366836473373,1.7744843483868256,4.148798926989584,13.478597520648488,5.225392521288368,1.9148599381231826,102.40277877983765,1,0
5,2021-05-09,SNF,1.2492315024973657,5.307697598348593,1.759777912874393,4.079863210411825,14.5,5,3.0146446223506236,2.2158438879995983,3.009240994205265,13.775450362140383,6.3231450106325156,3.756375653571725,78.58908111477841,6,0
5,2021-05-10,SNF,3.300276325735142,5.471753842447162,3.8729087595532015,3.5476674472614143,18.9,4,2.969678306292407,1.4439114899740748,4.829832450893563,10.864860912036013,8.226282185929264,6.865866562497952,75.36400522740647,2,0
5,2021-05-11,SNF,3.6846559752664714,3.5382065926870747,1.1875130748070652,3.1226768799643647,13.5,4,2.4253872783706054,0.5093900471967476,2.3981648048304995,14.11949099998872,4.779304069643894,0.0,68.39069947239085,1,0
5,2021-05-12,SNF,2.9348932283589484,0.6759844078427268,4.3619314476307975,3.452645360957739,13.3,5,1.0689895133993823,2.3217770734209067,4.701563753610277,17.046284201456814,9.953275259675603,0.0,120.0,3,1
5,2021-05-13,SNF,1.4471453796093772,1.9543433038385212,1.8120423106951957,4.36816145605988,11.2,6,5.592546853527744,3.6269193618821336,5.555372741485959,13.949073257471788,5.561585247204789,1.3868448920590912,93.20091184419583,1,0
5,2021-05-14,SNF,3.022538174120453,1.6867245438526042,2.99231234113721,2.314155256244177,11.7,4,3.116729916533708,1.5158107683418802,3.3496199665995707,16.684254827009752,7.715031327049449,3.518051476845641,80.40597157478426,6,0
5,2021-05-15,SNF,4.953424888877288,4.329625135631053,2.6571160913191236,4.826219840559036,19.6,5,1.2000670625825622,1.6430708499453526,4.437044361607244,17.542021458784646,7.131640762746195,0.0,74.61206705155558,2,1
5,2021-05-16,SNF,2.384580805387423,3.7142403144715628,4.433742233013272,6.0,19.3,4,3.0893675407467667,2.0492925579284864,4.626043020247152,13.933412125231163,9.779410757752865,5.413760941879514,72.92030258680443,3,0
5,2021-05-17,SNF,1.1679087295394464,5.162087207459756,1.4845693321474485,2.783048664027323,12.4,5,2.4262148614173213,1.306087400338849,2.1291566450392994,10.218883590908975,9.513342437663429,3.221800243224491,72.50533962234252,6,0
5,2021-05-18,SNF,1.7802587396636733,6.0,4.038704268887359,4.67670384817278,19.2,5,2.621104988959117,2.496219675133936,4.04100643096824,13.905194972195147,8.967041866932425,1.6546611595819978,113.37455092249826,4,1
5,2021-05-19,SNF,0.0,4.1005967923159234,3.9536128405848725,4.4606991322207605,14.6,6,0.9179748377935265,1.9289651073397973,3.325393803850534,14.390013372231161,2.123120536329776,2.2352214410987585,112.69609182559196,4,1
5,2021-05-20,SNF,0.6598535944666697,0.39682420790570805,3.5787432121035967,5.519775651803878,11.8,3,2.8704445898924225,3.573063185361958,4.2460725054551185,16.83071198515791,5.408902546420838,0.7629381857599178,92.69523587373028,9,0
5,2021-05-21,SNF,1.3545314513000286,5.653651223001322,2.5139236551748634,3.061867256179996,14.7,4,4.146020720612667,2.3932217286104587,5.248826991165782,6.020091743275036,6.837252810346818,1.0022198940236509,91.59785464713272,2,0
5,2021-05-22,SNF,1.3587437737633437,6.0,1.444414222491788,1.3034301068779581,11.8,5,3.4978154600009717,3.250236106789812,4.136604906303328,14.045392898095297,3.3425956321418653,0.57204736841227,55.966044542142306,5,0
5,2021-05-23,SNF,2.8289341996636748,3.800716155757979,3.511923270944276,0.8853044650213786,12.9,4,3.9062050539170508,3.217646464191012,4.954850053128577,15.762839081445954,6.1122234198658205,1.3930595043875789,98.08064902148112,2,0
5,2021-05-24,SNF,0.9129546384387015,4.343615220572029,2.1957935805906574,2.5215753762105497,11.6,5,3.523393590873405,1.832347580125039,5.11746142570205,15.649310871925449,8.629778636143417,2.9617987181388923,100.0041495598797,6,0
5,2021-05-25,SNF,1.496016772927042,4.896161050429139,3.762976774574615,2.1175484481590927,14.3,6,0.8440304659528601,3.8892101960837864,3.2740175083614167,13.020779509485667,10.0,5.270931722392398,120.0,5,1
5,2021-05-26,SNF,3.1969627076789515,4.256535039222149,3.7806926836133012,1.1384988058710246,14.4,3,2.4776103652521386,2.4045150920999263,4.367037054633273,12.886787511587203,8.58643634420054,5.218418951440665,65.94736345512572,2,0
5,2021-05-27,SNF,2.3919272840849803,3.6712259195934687,4.024465793630485,5.084633194790849,17.7,3,4.7170012195642705,1.207998600733021,4.72441226613683,16.009728175087883,5.188032129883567,0.0,105.48910835204646,6,1
5,2021-05-28,SNF,4.576067576310068,4.8909461870281215,4.733267962571665,1.7592663479848918,18.6,5,2.640938941317193,1.787273075238198,3.8361104023087904,10.762174048252716,8.610937270422017,2.593101954954552,66.45847833874312,4,0
5,2021-05-29,SNF,1.352514870667792,3.3374503438496026,5.045434317960927,1.4812647385624542,13.1,4,2.0273261071477484,2.9618490660328054,4.925661112362931,15.6187402697618,4.000531047561537,6.6453548805024205,74.86930373699498,4,0
5,2021-05-30,SNF,3.558828557690778,3.6918498366180605,2.9784411961680104,1.001032995124527,13.1,4,4.291638358968935,2.221066968519292,4.857204595101184,14.805698362740715,3.8329802762810985,0.3810375225874565,91.12250769744051,1,0
5,2021-05-31,SNF,3.6711245221648383,4.601537099366282,3.455972564666152,0.4004514461130557,14.2,5,3.1054564121789427,2.7854611554127846,1.27375333007785,9.795191994750247,4.748795852336459,4.131266465201854,73.39749144451783,2,0
5,2021-06-01,SNF,0.0,3.1654414136593383,3.9098270896740956,1.061955137395921,9.5,3,2.516414905285064,2.8430480714450312,5.2944204379344875,17.314553569506366,8.901251176803175,0.0,114.85272081686107,3,0
5,2021-06-02,SNF,2.0228037480818797,6.0,5.761353170556614,3.2472147949442967,19.9,3,3.4028918402775927,1.4962563877246684,5.006435618318164,11.13959156132695,7.832147703637137,3.301257925240953,40.97856582965517,3,0
5,2021-06-03,SNF,1.9283259759499158,6.0,0.0,2.5675104921554697,12.2,3,3.054247539722426,2.2812589366676668,4.159821699768593,18.21410743661831,6.281947994729804,0.1696178037546261,107.78387453638334,3,0
5,2021-06-04,SNF,1.855499829549647,6.0,4.289627098783103,2.869991747726436,17.5,4,2.5997361049095895,2.976661823681235,6.383129999829615,16.19986515902246,7.316419580717803,0.0,79.2425721506143,2,0
5,2021-06-05,SNF,2.3569413106779136,0.6627317475850452,2.851385417125062,1.7435790085175114,8.9,6,5.008841867906321,1.902478480714374,4.386966487621618,14.397089463871286,8.257228423742017,1.8893693112191645,38.46380381863093,1,0
5,2021-06-06,SNF,0.656744925227072,6.0,2.077980470341328,1.5022561484445118,11.9,7,2.753634331239376,2.5834171282393603,6.417549202590108,17.17955431801358,7.05099051280218,4.797661948148856,95.3722599013832,0,0
5,2021-06-07,SNF,3.1775738072752278,4.715404710528794,0.921479674901321,0.7033764699437726,11.1,7,1.9271164907240095,3.5841571387893936,4.52864295110766,15.606000590931828,5.5789445655519865,0.0,117.25336850565915,5,0
5,2021-06-08,SNF,2.6954864723496335,6.0,3.5651579791028802,4.6287320113210395,19.7,5,2.1795471696793416,2.1376497486253125,4.386936635054391,17.22673043513343,10.0,1.7402807265744082,99.44057165088006,4,1
5,2021-06-09,SNF,2.5928377386879387,5.267703339890889,2.0214263205255363,3.2010357454062768,15.3,5,3.932641442082469,2.255219182055888,1.740856176583454,16.6365978692206,4.999928354838493,3.62970590281429,95.79234999327078,0,1
5,2021-06-10,SNF,1.5156163156886235,6.0,3.619852582704228,1.8898721594614545,15.2,3,3.758725870372569,1.9829667139308087,5.334475341315222,13.511886269214552,7.149949992302026,4.367876273379722,66.44339768952551,4,0
5,2021-06-11,SNF,1.3300788931648555,4.323909343910705,2.6695231722034714,1.6697980775688395,11.7,4,2.853413329853358,2.388050400767523,2.5614773253502734,14.928571563442487,6.701380974753211,0.005508645384815214,44.793237318433185,8,0
5,2021-06-12,SNF,1.612326875111251,6.0,4.268919384667592,6.0,20.9,5,1.4234467784136537,1.7514113966560423,1.5312877936994873,10.988349132284686,9.330624569477331,4.413396267898843,84.03882476386335,6,1
5,2021-06-13,SNF,0.2918830084958537,3.2459809504605652,2.135585172367877,4.129327271191863,11.4,7,3.7303863459981015,2.5123337382167716,3.8175374848555244,16.19835972769434,3.46290300464353,0.0,80.33234809509422,4,0
5,2021-06-14,SNF,1.8651992055175324,3.825536200808995,3.0921829423403473,6.0,17.2,2,2.679952911702923,1.686703755532442,3.157774004985988,16.556609251755734,5.6342500288519695,0.5176234182030881,107.42401050748103,3,1
5,2021-06-15,SNF,1.6564986181823003,5.332990500880293,0.0,3.1194058165474092,11.8,5,2.498151804641373,1.510993758400063,3.491707125067473,17.386804282186976,5.640848678200231,5.483473867223919,84.32897500226275,1,0
5,2021-06-16,SNF,2.7382620410769754,5.064483932954664,2.6985728704560192,6.0,19.3,5,2.2731361762462186,0.934598060038098,5.653364676597173,15.718382359066657,6.690990209405383,3.238022622964137,65.35942722012486,5,0
5,2021-06-17,SNF,1.8427066175511224,2.762531381940347,4.8535883512537605,3.6888723517584503,15.3,5,3.2130020575540925,3.389683079710232,6.751197854929543,15.500061842484595,6.353570793161493,5.345734360574685,64.06323906829614,1,0
5,2021-06-18,SNF,1.8793625701619832,4.349556217954506,2.500398190396643,3.3760844056746038,14.1,4,2.592672520807521,2.539573848382701,4.227496415564041,14.178286643385444,10.0,3.6890446651816147,85.6785887187108,5,0
5,2021-06-19,SNF,2.442773851087556,1.5093706453047053,0.0,4.05474216298202,9.3,4,4.362788938303692,2.680456597431434,3.321931659376423,14.60701971564242,6.27662304455126,1.7310953855450961,76.9424208929858,0,0
5,2021-06-20,SNF,5.2878214493722755,6.0,2.497456315812733,4.446360629916743,21.3,4,5.599821579800577,2.9782660216980696,3.97225056789424,14.796121536142905,5.173678505912992,3.1217978509461957,95.06100333462562,4,0
5,2021-06-21,SNF,2.803063386317313,1.9124810059046553,2.1185303594285463,1.2724669207099009,9.5,5,1.7630450281278445,2.4993044709870893,2.838229909538212,7.6497178115407785,4.345260835553029,3.0394193288885742,65.97278679576968,3,0
5,2021-06-22,SNF,3.554911129689954,2.5321476216852083,4.807830799871766,0.7476119565532975,13.6,4,3.9653304995320764,2.119166936994285,4.635307761846087,10.390395819440709,4.3053194064426785,2.5230508295446805,106.40337406232644,2,0
5,2021-06-23,SNF,3.2916281255891744,4.401372450950681,2.7962671575913105,0.5688357465611471,12.9,5,3.434573899262343,2.6309018659469383,3.7357715122908774,16.793273926277784,5.402866374293156,6.168389458872899,82.31350013223381,2,0
5,2021-06-24,SNF,1.3150731328146046,4.525202424925492,2.320193881005248,5.197838127834452,15.6,2,2.859384047978908,3.9247335590611065,4.984082639222071,9.6733986100036,8.747423740223338,2.711301420399607,60.4147905221298,8,0
5,2021-06-25,SNF,1.2213214238827175,4.283066125531605,2.038379674616093,5.785457846195644,15.5,6,4.549112482148162,1.3971165180492924,6.8948216530974555,12.104595016895153,7.721776082250995,2.8474651571085485,44.477637315575755,4,0
5,2021-06-26,SNF,0.0,6.0,3.1180797393333326,2.9208395068995987,14.0,4,2.6292085617362795,3.040217471684422,2.319429190226839,10.374578575419239,9.053313513968446,1.2087563571682223,48.67371786735639,6,0
5,2021-06-27,SNF,3.136359292643979,3.754350798130437,1.123332843971174,4.765221092591827,14.9,5,3.0947061933076077,1.8591569297584511,4.618474488200712,11.595974189358802,5.21874139930167,0.0,99.56533890620594,2,0
5,2021-06-28,SNF,2.0352338804208476,3.385897155331362,2.9644953330529726,4.229638227710021,14.7,5,3.5979421070834294,2.7494404269468364,4.822895992446926,12.001957570079743,6.893771946759893,0.0,106.10013530630073,4,0
5,2021-06-29,SNF,2.733008566497361,1.494493025759906,4.188007730618663,5.250586342908717,15.9,4,3.1174782177573372,1.9889208491541006,4.746330056647854,9.66689740475776,8.229280566671996,0.0,67.81630333253163,3,0
5,2021-06-30,SNF,2.3959104875431025,2.80690784502292,4.015441680511806,4.266198720982267,15.7,4,4.5341708367235265,3.0570931686172425,2.7036351062942443,8.192043218750316,9.564718128796601,0.5130758036993242,120.0,3,1
5,2021-07-01,SNF,1.1353217840061283,4.261703852794572,1.384832460527527,1.0152160816263254,9.1,6,3.213410394351688,3.5898802087673785,4.475847862226169,9.533107080235986,6.331205808960515,1.3536197127422156,67.77199598267019,2,0
5,2021-07-02,SNF,2.537718897237086,2.4611943302309824,1.7076855493998404,3.9765853870275647,12.5,6,4.4640268001631425,2.4368079024491243,2.9993769932125978,13.961206118813646,7.296293207305752,0.0,115.17596830454369,4,0
5,2021-07-03,SNF,4.627608735105113,5.008558144555911,0.0,0.7295161750463937,12.1,3,3.0759597838416073,3.586078426136956,5.918659320257278,15.922266024895222,6.8131429304899145,2.0007814119411904,116.45361995746535,5,0
5,2021-07-04,SNF,2.103104135066058,5.569495993752341,2.013949767586638,3.930598338377357,15.9,4,4.211152821314632,2.599460424323235,3.570912659294306,18.89518006340173,3.8673774625302135,2.7488495182427397,99.65198057216196,2,0
5,2021-07-05,SNF,3.615995447069509,1.9681851846766483,4.42112074136374,4.056148066917532,16.4,3,4.863059311788685,1.850920791445419,5.445052463174089,15.584833132959286,8.937964913778961,1.0592187194609388,76.48716632881103,0,0
5,2021-07-06,SNF,0.6237128329169463,3.5392818418903826,2.5818805802193614,1.5613196187871998,9.7,5,4.621040610458689,5.521428851155889,5.052186901242496,8.153670938734363,8.438406737698603,0.0,99.8041636816857,3,0
5,2021-07-07,SNF,1.970000005086896,2.1810302699047583,3.191598630466094,0.0,8.6,8,3.1226530762210203,1.8235297866112534,4.205753964267756,12.84991879286837,5.505147528975932,6.299730024363762,97.00527594804488,0,0
5,2021-07-08,SNF,2.147019716841374,2.58679637805064,1.8926193990943299,0.9424919997312957,8.8,5,2.065897505194743,1.892930156972937,4.573507842393554,16.089993931426445,5.472760462105352,3.231346971684601,62.940439219223414,9,0
5,2021-07-09,SNF,4.090624323050768,4.176079845493627,3.7404107182339263,2.9313191124531155,17.4,5,3.373317800249602,3.29116203303803,0.0,9.998573488175676,1.5928758917734882,3.300066160093903,104.1025721530845,8,1
5,2021-07-10,SNF,1.1734313822943225,0.0,1.3803535115898247,1.6875469518198707,4.9,3,2.155161252756437,3.175553633652407,7.825033269106387,12.970711542908452,6.3552544432499865,2.544147058554496,70.16442586352824,2,0
5,2021-07-11,SNF,2.2256812192234805,4.8077971800885475,2.1073559571213827,4.690732290730105,16.1,4,4.504080701020407,2.3475174742455054,5.831298931242592,17.691840279588405,5.238175710535294,3.0190365057615987,91.67864485407173,4,0
5,2021-07-12,SNF,2.7684380598798186,4.45801204380248,2.1317164745546093,6.0,17.9,4,2.266453214588344,1.1027859877428607,1.8533218629718418,13.582947168804466,6.39748194404763,5.252325938947122,86.30060476383976,4,1
5,2021-07-13,SNF,3.0451798051084236,6.0,5.014483919456215,3.7521737729799294,20.8,4,2.831564615810119,3.734259923793669,3.8451791967398568,13.912473331706517,4.618239945079624,3.6290783627971432,74.24279108705925,1,0
5,2021-07-14,SNF,3.773647519349177,1.9181126183648483,0.0,0.7822599283662253,7.6,6,1.5700286652487103,2.383457827228418,5.776278762254424,14.938018763044804,9.589178555004437,6.365140231176328,68.27444150494878,1,0
5,2021-07-15,SNF,5.000542096753877,6.0,2.9028366562030534,3.8565218608395324,20.7,6,4.054379525513642,2.339555247631263,3.483112927177179,10.495659365901453,3.7100560298095973,3.402502814165186,81.68396205198493,3,0
5,2021-07-16,SNF,2.727866718808966,0.0,1.2080698559721024,4.407346461909854,9.7,4,2.6362185946405234,2.5745984803344064,5.987877885605855,16.00473415107467,8.614753502710872,4.449286419309386,63.16945111281568,6,0
5,2021-07-17,SNF,0.23909010133347697,3.0378799165601444,4.6597595593106025,3.1102301290207026,12.9,4,3.170614219549705,2.6617668326182775,6.47299061490201,14.555362135866066,3.6615354189440055,0.0,57.29162450244854,6,0
5,2021-07-18,SNF,2.2021730778712225,0.7434802824263325,4.839518237853574,3.5548457886249683,13.2,4,2.1860636065316226,2.861994307078669,5.921756822474676,18.992187860630267,5.557235806324111,9.504003514372997,87.29817410155776,2,0
5,2021-07-19,SNF,2.832992598827836,4.9447180400276025,1.2796758609420937,1.2038477764085915,12.0,2,4.144610906444699,2.7904906368945332,3.637053842904937,17.377756256649693,8.052317101791362,0.0,93.04835275354657,4,0
5,2021-07-20,SNF,3.923279889826229,4.227380536811864,3.931385029705268,3.2955576538134315,17.9,4,3.2298302064383257,1.0719920726081007,2.149083225578783,16.521148799083456,3.5418718117053727,2.1510276309391374,72.11772238537765,2,1
5,2021-07-21,SNF,2.5739048223724934,3.974879752452945,1.4370108903150334,5.03738755493322,15.2,6,2.4588693077587687,2.2113983813392175,2.171849303537803,19.17867874793471,7.276025466116823,2.863866508901127,90.91902676633792,3,1
5,2021-07-22,SNF,3.8382141405909778,4.476616984936581,5.204686952144976,2.030585520233471,18.1,4,2.9995513711304254,3.0589430872784593,5.658741645798065,17.559398002416696,8.879032100771722,3.043100053365828,62.87663541055769,0,0
5,2021-07-23,SNF,4.6696978526117014,4.155663778174979,1.359388746802414,5.152796444740821,17.9,5,3.09569794219899,2.2947807076375395,3.6242747182810238,17.18609907027026,4.9718501520779625,3.9919177564792516,99.83632744295389,4,1
5,2021-07-24,SNF,1.2805707883730368,4.092833946949872,4.292638291362034,2.2535856300218198,13.9,6,3.049009280473673,2.8317286507352826,2.3017637080800815,13.616543563765399,10.0,4.6633930892169655,83.26786155836172,2,0
5,2021-07-25,SNF,2.8703887103182835,4.24345856816946,4.845738888995703,6.0,21.0,4,2.1848794716664774,1.987515214365629,2.7910877842523423,9.647330731472469,8.37445547592331,0.0,58.99814155056578,3,1
5,2021-07-26,SNF,2.445001507777942,4.531505610620381,4.737868937277488,2.685282265048783,16.8,5,4.255264162769557,1.843764692211681,5.736858372877,10.140358892156195,8.346838738105447,3.3048761744177986,67.12608660945362,0,0
5,2021-07-27,SNF,4.471979250429258,4.248860799831693,5.315871825720245,6.0,23.4,4,3.988962033692887,2.14057117698977,5.591128296759472,15.242330903777725,10.0,3.943249682227295,80.80640598607658,6,0
5,2021-07-28,SNF,1.0170236971164015,5.7484896622910675,0.0,0.0,7.9,5,2.8825591722818884,3.2154530053228267,3.260257842866016,9.976005510903454,7.463399640240722,2.9390626619139115,119.71366783181375,2,0
5,2021-07-29,SNF,3.409061809792732,5.164372431380357,2.873312971036725,5.665693029658313,20.0,5,1.2056503638782905,2.324371817826916,3.3505889113777356,10.292681682373031,4.424648139637071,7.876131059198394,118.46553307351853,3,1
5,2021-07-30,SNF,0.7676997977914981,3.6480473025925892,1.1602504810672043,3.0196043384835503,10.0,5,2.632495327336872,2.9232983685820155,2.7506074200763844,13.446192737019578,6.818036082664208,0.0,62.80943978810958,6,0
5,2021-07-31,SNF,1.4769119463590277,6.0,4.056973401462242,5.841415601945798,20.3,5,4.8306708576910005,1.2449943977739983,3.6326733262564463,19.486767457679324,7.719570097132945,0.0,100.98966282939054,5,1
5,2021-08-01,SNF,3.1208061271222385,6.0,4.5408457961795134,3.356101730300761,19.9,6,3.086292763950358,1.236219868710696,3.9008984409914658,16.335663755316542,7.719187284992283,0.0,112.96208765064338,5,1
5,2021-08-02,SNF,0.908900711364534,3.4549367555387875,2.2697641524663665,2.849167807669808,11.1,4,3.0539447199453225,3.685306635178173,4.547433208185251,10.285383920825534,6.304561750599808,1.1121997040601088,50.01598373221235,1,0
5,2021-08-03,SNF,1.8336403246033326,3.888645972747328,5.8252295104286445,0.37505042327040744,13.9,4,0.7489279074575761,4.345416735245035,2.1810942064050467,5.919359322882363,4.63323045273503,4.875577442156885,96.74346896161575,6,1
5,2021-08-04,SNF,3.173504217007479,3.8574596393704663,1.357544407670696,1.2400836630239973,11.2,4,2.378183182015045,2.713488876697276,4.5083400886611695,1.426065729657712,9.472169744107592,3.641480853150404,111.59884139416525,2,0
5,2021-08-05,SNF,0.9060719135899269,3.6589806552957107,3.055217639983579,1.8057524912176224,11.0,6,5.326777848553951,2.058477143226148,1.979437221688279,16.509312030105644,7.8663852173859565,0.0,118.94106247533962,0,0
5,2021-08-06,SNF,5.5746119391969415,4.6690721949728715,4.88628089354269,1.8463362492115478,19.8,4,0.4918465875342859,3.0371124314877154,5.904346999573851,17.319602019779452,4.132259546651634,0.6999812193827855,71.86303003861818,4,0
5,2021-08-07,SNF,1.2351439533063495,3.479918913263134,3.2143748059600075,1.7060273731407,11.2,5,4.099671518505093,2.3863702386355734,4.092780715328847,14.834377669536234,6.566468026112516,3.732120529380911,92.0690962790594,1,0
5,2021-08-08,SNF,4.043193607394819,0.0,5.1182067034530085,2.8413876435690257,14.0,5,2.943967736374373,2.885795922996992,4.077272687411885,7.147671774469905,8.633311313114591,3.980928814899731,80.76868644447474,9,0
5,2021-08-09,SNF,1.7020296291560995,6.0,1.8456743945798753,4.0201242256356835,15.8,4,3.0313957134698772,3.2544756901639755,3.684829948567872,10.724665952095236,7.9227706890151826,7.756321240388555,83.00858955577914,0,0
5,2021-08-10,SNF,2.8987507209860253,3.5340250839903553,2.5432106530064997,3.0484363480053394,14.0,5,3.08099507536163,2.3046490573768352,5.030729970537888,18.500432227575892,6.41704963300998,2.859553627278386,51.89275937478384,7,0
5,2021-08-11,SNF,0.3813986318667595,0.7708823561172693,2.4527673946443316,1.161269861209368,5.6,3,2.060524459336389,3.584186367651339,2.9998328939311474,13.591773941948178,8.690796019977359,0.41761872970826364,117.9466000920274,3,0
5,2021-08-12,SNF,3.4257771874570584,5.022432634976489,3.889958293730267,3.929322740393478,19.0,5,3.593933586608982,1.5674750872569407,0.9273824848752136,10.661112229278109,7.4587563176317735,2.960150818355542,90.66422024190423,4,1
5,2021-08-13,SNF,2.981718542939043,3.881970902953078,4.518718493101206,6.0,20.3,4,2.7846244058487906,1.1728127144329692,3.6123792405914354,15.81438679679462,6.047577026137406,4.323049449102396,100.24082117651001,2,1
5,2021-08-14,SNF,0.8650050946424805,5.2385949334470725,0.003171618834002965,6.0,14.1,4,3.433219439332695,1.9956949105160358,3.9970999635127162,14.236318682005653,5.950989556103524,0.0,94.93212952673647,1,0
5,2021-08-15,SNF,1.2150693727232054,6.0,5.013086999895316,3.984922935586054,18.9,4,1.2509843046532931,3.1860002472578213,2.491403021073752,16.034928434818955,6.279640917780828,1.3148376884258406,56.4084045732896,6,0
5,2021-08-16,SNF,3.527569995200354,2.0515550247157877,3.2278783830231683,5.069661489968955,16.2,2,3.5644417142758726,2.1299858341231857,5.2414026320125995,17.460946871934386,9.093073796102932,0.0,69.27383994410698,5,0
5,2021-08-17,SNF,0.04720040779389323,6.0,4.43494923693164,1.8584161156610268,14.4,5,4.96608523350922,1.1787416389810148,3.101430053020359,11.597161732091259,8.310869742591452,1.4190488185209864,99.92950849268622,1,0
5,2021-08-18,SNF,1.902396564094972,2.7090394025843736,1.4894107511104167,4.487295194881902,12.4,6,0.6228649464747085,0.5760400794025092,2.84958594766459,18.985690650656295,6.440102308050857,7.456926546652529,77.53788740261206,2,1
5,2021-08-19,SNF,1.745234635458204,6.0,1.157678988344559,3.7268715982500744,14.7,7,2.2301700555376534,1.9377806967997862,1.5290258691896987,10.470242585985176,4.468289516453798,0.0,97.4148655438469,3,1
5,2021-08-20,SNF,3.6020948450463948,6.0,2.7058713495472038,0.9623908847138136,15.5,5,3.338333527241048,3.010107903498397,4.348614774967967,10.848080399794329,7.823377920673102,1.8096652332585714,99.29032325206548,4,0
5,2021-08-21,SNF,2.688007509450316,5.438340898420976,0.9328279368484765,3.1485328310738003,14.2,5,2.435448859024492,1.658422165750865,4.189001491773898,12.563686677977536,5.567414811096319,3.400613406755954,80.04920755703029,4,0
5,2021-08-22,SNF,3.09722440288702,6.0,2.5753980435911954,0.3944264880762221,14.1,3,1.8027757638233726,1.7128023219656185,3.412850714285568,12.050777870712615,6.140517121895856,2.0874712367139,53.59299598329365,5,0
5,2021-08-23,SNF,1.7599348348788773,4.149458189683952,1.2535168244930923,1.9925981257122496,10.7,5,3.0615545194516525,2.3004528485834115,6.589811016856882,17.70084241372794,7.532705011729614,1.4165104004132014,120.0,3,0
5,2021-08-24,SNF,1.984123540065578,5.211367980846974,2.798862439382295,2.9356302692301006,15.1,5,1.1872413164715134,3.427282318686042,4.454100899580404,10.207419581618053,9.284657449427279,1.722867123086413,110.61166630213728,1,1
5,2021-08-25,SNF,2.6497934490061934,2.0511143347783323,0.6933329902764661,3.304557731133911,10.1,5,2.00990028470643,2.6529291133139297,4.0380174432612,16.73419777005575,6.808063242760911,6.365420350488329,115.83320741292654,7,0
5,2021-08-26,SNF,1.0789794070476901,4.597046657166951,4.751096483904764,3.6267360201561543,16.4,5,1.4367411242658823,1.096121631118978,3.4962411930966217,13.423493585758413,10.0,5.113035914821092,58.00765984857481,1,0
5,2021-08-27,SNF,2.249701444561821,4.497981795006503,4.34234785673743,1.7478626895388332,15.0,5,3.421625583286729,2.185410349021386,4.319217489407731,18.371001551260807,9.707240442587777,7.015200370684534,79.332868373601,4,0
5,2021-08-28,SNF,4.184982258038981,2.9111504086088864,1.8406279711667541,5.025582477715437,16.3,2,3.6761328458727913,2.8947902591069927,2.5949327721293587,17.399004535901355,8.329496342827559,3.1451265752937596,91.56034719104153,8,0
5,2021-08-29,SNF,0.40214846242636826,6.0,2.5150660527793556,0.8283031107147549,11.4,6,3.625967841042039,2.7569201128794614,1.8276054243264652,15.193297287253305,6.07141207518147,1.1165479145718367,57.20607991920949,1,0
5,2021-08-30,SNF,1.597306942234663,6.0,1.5290669125892808,2.245350050658275,13.3,4,1.367960969902411,1.3553722367352354,3.5400066337328573,13.256043941179193,5.158937862560246,3.781397786089457,102.73678702300455,1,1
5,2021-08-31,SNF,2.0007303215422443,5.452940638265786,4.5769519003288135,4.54537687026354,19.3,2,2.6231238374995303,0.5036180845625338,2.4667172607167314,7.628370423639281,5.973880181752912,2.4558814880554687,91.92813400329861,2,1
5,2021-09-01,SNF,1.5311922676792646,1.383483988868216,2.3586525601248454,2.3940457940864355,8.9,5,1.9869196265081006,1.0757696240210137,1.6534534149687798,15.05967922478735,9.208944018725639,5.850424481812218,101.15978166448356,0,1
5,2021-09-02,SNF,3.6839175744333903,3.821485851244221,4.208970593275126,4.108920291215375,18.5,6,4.133652907708906,3.4728973386568187,5.650107029444096,10.863669680823888,5.2528297545337646,6.407694252010747,106.997174074369,5,0
5,2021-09-03,SNF,0.0,4.239473450018422,2.123386652857341,5.87211565105958,14.3,4,3.422764168068776,3.524015599334552,6.119965716031231,8.937536802091012,5.684670087356755,4.961116826636711,97.77323846765125,1,0
5,2021-09-04,SNF,3.646255289230666,6.0,4.667306621131566,1.0753704796149326,18.0,5,0.5665464404347547,2.0500631801968034,5.061216831024201,13.255473261658608,8.84868575317515,0.0,52.293721739469234,2,0
5,2021-09-05,SNF,1.61113613348309,4.273659142635964,2.513446856551786,3.4681481394261247,13.8,5,1.524261650836717,2.365213979514585,3.9708033630642583,14.046560165903106,3.443105945739669,4.35681113748115,118.35886058232781,4,1
5,2021-09-06,SNF,0.8109468786302753,4.780625703662519,1.3766789911086372,0.0,8.1,2,3.0604471219236906,2.293693380865468,4.173733211989198,16.378897589847313,4.3900250576623625,6.7937612418913185,60.04087892620119,2,0
5,2021-09-07,SNF,2.4573668811107483,6.0,4.425482606957097,0.5476622641537512,15.7,7,3.699663471235666,0.714747620369917,5.527336545262054,12.864855095883474,3.8869557202430784,0.2700818606097828,106.07305217995525,2,1
5,2021-09-08,SNF,2.006836792397318,4.622995285610054,3.196437411696868,3.1481883898626335,15.1,5,3.768634345806502,1.342677898319623,4.53732956787628,16.846141399941608,6.942232927096732,7.014602085552244,85.59129391824277,5,0
5,2021-09-09,SNF,2.635634596790027,5.255384391779976,4.854847792862392,1.1253921566486151,16.2,2,4.095186955584994,1.8847237908318668,1.8442228365878413,18.75760024399662,5.445292860122587,0.12451538041132215,99.73601775434716,5,1
5,2021-09-10,SNF,1.1138571056363122,4.6543486694770815,2.9266920670298884,3.130697698935095,13.8,4,4.049278721964361,0.25084650952017795,5.403538636812713,18.05502750492755,7.081191469874284,3.647545579353138,100.32893383147827,2,0
5,2021-09-11,SNF,2.075810890606831,5.6423270418333225,3.8634162753152808,5.132308138774746,19.5,3,1.972498102292945,1.3332696207545045,3.4973705822536507,19.469630319584873,9.44263352712756,1.3164571799757052,102.16580988046867,3,1
5,2021-09-12,SNF,1.382464909464185,6.0,2.0064849661280837,2.6653166775540384,14.1,5,2.27668785254659,2.991929325540118,4.071399373403569,14.032453145257902,3.9240977132224906,0.0,73.22520786546352,2,0
5,2021-09-13,SNF,3.205821337073704,6.0,2.1200216385945447,4.816177878238019,18.8,2,3.5367614472289683,2.1338020611634585,3.4429661490930505,10.928445424325595,8.529362490991787,4.4398846504924006,107.93992431434961,3,1
5,2021-09-14,SNF,2.8108297350390985,2.9653541237262253,0.7630665057833035,0.3515021225105768,8.0,3,2.2951872451892847,2.653154919822296,4.747678081976899,13.909519189511458,2.740907217028214,1.8001353758117409,89.35347087593456,4,0
5,2021-09-15,SNF,2.9862472077441047,3.5775072775877765,3.0935639489032862,4.478983907713946,16.5,5,2.6109099046703905,2.7170228953802846,5.748906285789532,17.797638262112283,7.8392522103822415,3.459977252510667,69.09957213669765,2,0
5,2021-09-16,SNF,2.21570901197801,6.0,0.0,2.9740411404856886,13.1,6,3.300333004486351,1.782533570044679,2.4151371372641917,16.057187470954037,8.047244475082731,2.2187951569458413,57.708346132444845,5,0
5,2021-09-17,SNF,1.2469576397441362,3.655591909627069,3.1949436741606227,4.192736624343683,14.3,6,3.5550360195433393,1.434297499783669,3.492183704981866,14.363159898485502,5.593535011872786,0.3801434871969973,95.14973578260573,2,0
5,2021-09-18,SNF,1.4958426570517238,2.854521727220197,3.156025196220985,5.354685495362972,15.0,3,3.390796772428432,4.678701850894378,2.5946517015524906,18.32759616427888,9.03338020896921,1.4400969128998522,88.68506435470692,2,0
5,2021-09-19,SNF,3.516911950374084,5.948460486816814,2.015909938467493,3.120589454481036,17.0,4,3.42511484264074,3.4835671915299473,4.426945189103103,8.129447258390583,5.111120206801262,0.2214621716266909,102.92053783560979,9,0
5,2021-09-20,SNF,3.5115932738862634,3.686773329837605,4.512629217482924,2.8471844367677432,17.0,7,0.5885711706520971,1.0537452992424337,3.6951016458756283,13.51212878130163,8.791048108433106,0.0,86.90114130542386,5,1
5,2021-09-21,SNF,3.4471730696006726,4.908017243829859,2.1292317067707804,0.9703258546400346,13.4,5,2.8029685179836275,3.632255292266741,3.254622282987948,16.834103507689235,5.400111376408753,3.869489648297603,62.13854544634419,6,0
5,2021-09-22,SNF,2.461899892698744,5.447426334900413,4.997915939211138,3.0001549937618224,18.6,2,2.9985475886738464,2.246550371178639,5.878549715661084,16.20816791770398,3.1906538461353224,2.3271070428364347,89.20005957189201,5,0
5,2021-09-23,SNF,1.4718707618506837,0.5294423866529163,1.2045356735886288,2.071206757896774,6.2,5,2.551505050124388,2.6782832925303834,2.043070053588267,13.808228973344935,2.3369622224302495,3.373470651733622,108.06513173410777,0,0
5,2021-09-24,SNF,2.3299369225492663,3.527356421891659,2.36537778727574,2.9009930466371,13.0,5,3.5544026238158293,3.851732644731287,3.4067094840986476,10.07103849645925,10.0,3.2327040794451256,73.73271672949332,1,0
5,2021-09-25,SNF,1.7048689814145632,5.041765683317326,3.336035202485783,4.395232458677263,16.9,4,3.794529300527314,1.8441858307025039,4.664461697325492,12.552315800845763,4.232059816954401,2.8616716228394594,79.75458104681525,1,0
5,2021-09-26,SNF,1.8796865547746622,1.7992165593396932,0.734612620836821,2.9051260644970074,8.5,5,4.8852042549575,2.321735118026612,6.587607759315677,13.88914335219056,10.0,0.8930480613757512,54.19134902610889,6,0
5,2021-09-27,SNF,0.842167148005089,2.9771423245184554,2.2509474461054513,0.9255390699622004,8.2,3,4.576356449266354,2.832283262446217,4.741471971894349,15.298103478130274,8.907251348746108,0.0,67.07910187597196,3,0
5,2021-09-28,SNF,1.0680251136941785,2.8640488274491753,1.2104586205620407,0.7861303567540461,6.9,5,3.7263748796972243,2.851372984758092,6.022153082756605,14.738105441012886,8.63654967889068,5.283244441530755,120.0,6,0
5,2021-09-29,SNF,2.0726934726470274,3.5400899959642937,3.5169802264839385,2.4720176023308067,13.5,5,3.1434916271970055,1.1089797317872945,4.395455772067766,15.056622422393193,5.650928593704858,1.346499066709594,76.85889692101085,4,0
5,2021-09-30,SNF,2.604453178275315,4.081364642586942,5.199360819669037,3.8284404728390693,18.3,6,2.117045421946697,2.142800740902331,4.3403047627214235,13.184603831756432,10.0,5.8452340638668785,95.35000227132339,1,1
5,2021-10-01,SNF,1.9951402935138756,4.908946298000254,3.311043817482931,0.6716528047278989,12.7,6,5.028397537638517,3.4724248394918877,4.5681655059834325,8.832831053025055,7.074897425639982,2.9293437152742827,69.23582465418724,0,0
5,2021-10-02,SNF,0.8300965270973761,2.0636784660330894,1.9117297869900516,4.5849404302548455,11.0,5,0.2589237195743209,3.391518356294059,3.9629250369779823,9.607179818980006,9.446128393539123,0.0,108.64957592985103,5,0
5,2021-10-03,SNF,3.775845152729001,3.6576892400491676,3.6860182381614246,4.688720460095443,18.4,4,1.5549139951156112,2.2560388293110485,4.778733169006477,16.511134145376268,5.646796010281616,5.329271603734016,92.54952340242174,5,1
5,2021-10-04,SNF,5.996634959208795,6.0,4.955041115155851,3.111907035628003,23.4,5,1.483022095963373,2.397482191211638,2.5814209782295165,16.330574805477777,9.600027654361902,2.093453178558506,97.20475984231629,2,1
5,2021-10-05,SNF,0.7216630483482206,6.0,1.6044551572621293,2.067240085593564,12.1,4,3.18007048553195,1.9003046413983222,4.624429518889096,16.745465742280487,6.8560464063670175,0.0,57.12693554203901,6,0
5,2021-10-06,SNF,2.7895357408702273,5.956111741750675,3.368113776933824,1.8796129799980514,16.3,5,2.382795712211914,2.334470018386548,5.971239272862361,15.709580205058005,7.37256134291972,6.684594711718017,81.74135755392903,5,0
5,2021-10-07,SNF,2.515886999697538,3.643269940417267,3.785668782678991,2.51278552477197,14.5,5,3.482580421174615,3.8465871565606444,4.896353376007502,16.053736514808037,10.0,0.8502923594791505,87.93092393414219,3,0
5,2021-10-08,SNF,3.3120357407091467,6.0,4.884327737245505,1.1625708739906937,17.9,6,3.9329934810467826,2.3219223176161723,4.756100118285352,11.641953564046975,8.82669415880422,0.0,111.49347152045618,2,1
5,2021-10-09,SNF,3.614178486793479,5.631686206771759,2.370434062573778,3.267169399894789,17.4,4,3.695140725532819,2.187159731269654,6.119816033843461,3.3517232773733983,4.519269559301547,0.0,81.29930155729888,5,0
5,2021-10-10,SNF,1.9519024767088746,6.0,1.8861624126252825,3.381107583277528,15.4,3,1.9776510758273385,4.590848944883575,3.652219853604869,14.829087305950907,8.89256202543888,5.58916858303939,118.09706751433207,3,1
5,2021-10-11,SNF,3.050450666329215,0.8165319147932628,4.25423025355403,6.0,16.5,4,3.7461824671202932,1.619583934895171,4.716704840410463,5.5363070577588935,8.860221940245808,0.0,87.47332103919794,5,0
5,2021-10-12,SNF,1.59156361653346,2.715544679924341,1.9965318038876352,3.3616382646510683,11.3,3,2.5967640866074735,3.1939601360779717,4.4272608165968,12.206056466693722,5.073146223307233,2.789739244578552,54.81068586137792,4,0
5,2021-10-13,SNF,2.641318562225694,4.743971721153149,5.260345177134536,0.0,14.8,4,3.366010020688382,1.8540033747308031,3.637418172809227,11.080158866263393,8.123078456680833,0.0,111.65704247830415,3,1
5,2021-10-14,SNF,3.118619458835905,1.2511853657870855,3.588626422216165,1.830597810593693,11.4,6,2.8376120074843625,2.6436619736664664,4.832084575152709,13.70355216362152,10.0,2.2549975411560164,67.44906962090242,3,0
5,2021-10-15,SNF,3.5250263893696183,5.440800519735623,0.55660389685493,3.474391792390975,15.2,4,2.72283849552839,1.8060246269356344,3.5673418251977593,11.977307606454994,7.774703113750459,4.054205845968957,40.96251747944697,4,0
5,2021-10-16,SNF,3.7483143290364564,6.0,3.1602694621285625,3.1296566365678666,18.7,4,3.2895456950662068,1.283346854455468,4.517690180988961,13.45443682213979,5.137541047604137,4.803735455453112,85.48995539315057,4,1
5,2021-10-17,SNF,2.640454351326499,1.4230820742329175,5.871053033475404,3.5507388607970896,15.7,4,3.580056227481944,2.585206259118213,6.055496302951728,9.280086830757956,5.993319348746558,5.099668794383492,76.20373278334633,2,0
5,2021-10-18,SNF,0.9743444701035097,3.6931493142667673,4.8709766494146125,5.481913869488597,17.5,4,3.181060852116135,4.623729245769769,4.4499705790775455,10.021237570471147,10.0,0.3746192664748902,112.69882513270255,3,0
5,2021-10-19,SNF,2.123871448060336,6.0,3.123524491452744,4.885167286416741,18.8,3,3.537657962967788,2.3859035771590547,4.736555376657343,20.0,6.499300664343087,0.0,97.5685468181912,6,1
5,2021-10-20,SNF,2.7772045292431504,4.481107228853938,2.185712467715503,2.347491577394554,13.8,6,3.7873191266062554,1.1900603115052095,3.342205971063472,11.725028214028956,7.425354504867257,4.715434519713532,69.4819630615988,1,0
5,2021-10-21,SNF,3.5686537715200055,1.607507067163262,1.9640086259247393,2.084233704634322,10.8,4,2.6083953391852486,1.7932852473927292,5.129558604435634,13.049138501149422,9.961215160787527,1.5878794542904249,63.370066600580714,5,0
5,2021-10-22,SNF,3.8942129856006056,4.90674774667058,1.8581533116452325,1.110540382436208,13.7,5,2.5386368833561797,2.5784339117012016,2.1307156489718295,13.147814758343566,5.2591729109672265,4.034536313160642,79.71107494781113,5,0
5,2021-10-23,SNF,1.9606276532433677,6.0,2.632995644987206,4.527701192197236,17.6,4,2.2574111147686544,2.6215970993935676,6.3714469265976605,13.371680948016833,8.956254466814492,3.9110694401754604,70.11270579304248,1,0
5,2021-10-24,SNF,3.632614708400272,3.8413840765723597,5.871053033475404,1.469309053171056,17.3,2,4.266919384094327,3.0690503580703545,5.581381942954304,17.889091200885225,8.470364491627103,1.0484463707351934,81.29513774363322,1,0
5,2021-10-25,SNF,0.579593670931765,2.2419307342623562,1.5516218728306115,1.8959307195694963,7.3,8,3.8908951708550488,2.4213995856365704,3.7927094415760156,15.629548442194533,7.554788929568605,5.497847085403401,72.82847358660187,4,0
5,2021-10-26,SNF,2.074060812186157,6.0,1.8908350824420888,3.8539274878875376,16.1,3,3.5417959189092287,2.9270976119782084,3.762781864548097,17.080524671213446,10.0,0.0,87.87608508842447,4,0
5,2021-10-27,SNF,2.02511101053751,1.9042348874380917,4.5974698835668875,0.0,9.9,5,3.4996582652756434,2.3359534389707157,3.505828893366482,14.617139976394517,1.6226235552166592,4.360056579079105,120.0,5,0
5,2021-10-28,SNF,2.1577027849014687,3.6545293726468686,3.387619828144922,1.3367735667117597,12.3,6,2.9583092744342454,1.7867049694964954,3.0443701774240837,19.071215428675167,8.041665100925039,6.061635073868752,82.14008693988758,4,0
5,2021-10-29,SNF,2.440243398575662,6.0,1.7847698224183086,1.6203675066693657,13.8,3,3.002383947393904,2.5980494930487765,5.716006532443317,17.744939422794534,4.26124147308084,0.1849327153421907,97.36470924246166,5,0
5,2021-10-30,SNF,2.742790465570943,3.7739495727730468,4.089920333866862,5.52134417573154,18.8,6,3.059042288307477,1.1511252595544297,3.6589256186784516,6.970306459467402,3.936244593277834,2.249863281047021,81.32458056675084,3,1
5,2021-10-31,SNF,2.131712268684135,6.0,3.7205286196518186,3.2293708195248096,17.6,8,2.3433087710748306,3.957336807565628,1.4114837322320544,13.646213500164993,5.8511608193528755,2.59176805346883,100.70320504244336,3,1
5,2021-11-01,SNF,3.693143897080571,3.2658640763595876,1.8611677986220347,4.227514929622147,15.2,5,0.0,1.9191916621939904,2.47903725286727,17.125319488334963,7.256824194125833,4.148608354946204,92.15463132237754,4,1
5,2021-11-02,SNF,0.6307922922300779,5.0290817417852685,0.3610535860931776,1.6968859555814844,9.0,7,2.8118359608163748,1.908879786613571,5.5361474874556365,11.050426616906327,7.110408838236176,0.0,91.38109954619334,6,0
5,2021-11-03,SNF,0.757006234220849,3.233906436461922,4.109125466829149,0.973451060318891,10.6,3,2.259210365636374,2.2737697579617366,4.767943434078715,10.099418560145399,4.671581448450604,0.0,120.0,3,0
5,2021-11-04,SNF,0.6441577296297223,3.45661535252856,4.10393101379545,1.8336550782786978,11.7,6,3.1053211482286507,2.6485627202984316,3.9892190798257277,5.239366200129442,9.097116994730442,2.608372980690097,110.87377492101054,4,0
5,2021-11-05,SNF,2.828586240204917,6.0,4.370424453399456,3.5010640705433964,19.5,5,3.5347577059692323,2.163206922529602,5.06355867929557,18.808049228940742,8.409364316819275,1.231669497230426,74.73677402792063,1,0
5,2021-11-06,SNF,3.5506264898740354,6.0,4.967947266139969,4.113422191488564,21.7,7,3.4293396630045834,2.1262610932527677,3.0362485248562416,13.666460486314747,9.412221628745444,3.6125385905051086,74.2989963245138,6,1
5,2021-11-07,SNF,2.8091964240376015,5.330613750054597,2.540297053042023,3.180805768801139,16.2,4,3.4165160021261065,1.449418451659604,2.512751919487069,17.740888141108087,6.869717613120374,8.783825097069528,106.32104236177624,0,1
5,2021-11-08,SNF,1.5803324612524443,3.4579032665307174,4.826632798734034,1.2903800858807917,13.0,3,3.951937567078791,1.5150211415465256,5.583816570682452,13.86272158134867,1.0,0.8503705775981398,47.61326953702894,6,0
5,2021-11-09,SNF,1.9010376275393908,6.0,3.67375732612245,1.7540239755552964,15.6,6,2.23153071600013,3.326208698902058,6.984394636130029,15.79638525768068,5.627892076849259,2.621338598555692,87.18475367392925,0,0
5,2021-11-10,SNF,0.6037244307061159,2.796384628687037,5.368338318896544,5.696100255259779,16.9,5,3.3473891944831933,2.055036463626888,4.28092737424621,14.804403217032215,5.957767296667743,1.718360127203346,34.01615078894409,2,0
5,2021-11-11,SNF,4.457614078062775,4.633925240621197,3.3669802110606355,4.10084932864722,19.3,5,3.8970842427464945,2.3069467859002426,5.941763764061861,17.753013040031444,6.250524246630216,3.8978060607684615,93.41742565062641,2,0
5,2021-11-12,SNF,3.1078519059985625,4.092678126522132,2.999621980035129,1.9920894804785751,14.2,6,2.741958686121101,2.015197891562019,3.018056396553467,12.435357454299174,9.230400217898302,3.590449315897561,86.53265673229342,2,0
5,2021-11-13,SNF,0.0,1.2503892007564614,0.0,1.8298524087651253,3.6,6,4.219065001903539,0.9603065218022235,1.3010284658397957,15.364870557393074,6.825292960057247,2.238328893233861,76.04930026263958,0,0
5,2021-11-14,SNF,1.8255645388866037,5.33749997126191,3.323900790719357,1.4868431663109374,14.0,4,2.051082361009005,1.0175828510251055,5.278363686977042,15.537821518090661,6.1823699309151525,0.07340462979546913,83.94495196727497,4,0
5,2021-11-15,SNF,1.634225791114148,6.0,2.6074383450227843,6.0,18.9,6,5.190771427803479,3.6345401914911872,0.9471374782970308,15.31091524213249,6.54194645437627,2.201347619187704,96.8689110575562,3,1
5,2021-11-16,SNF,2.8613718831444466,4.5669544978281005,3.997173231631414,3.989857840140653,18.0,5,3.4999011091139742,2.840851159804363,3.441265690298414,13.506006590926306,10.0,8.912509961708988,80.55509285359643,5,0
5,2021-11-17,SNF,1.184322125383487,6.0,3.639781252572931,4.332576816755115,17.7,4,2.5068656301839956,1.8428054674383143,4.9977673437659185,15.808842401663407,4.606465186610258,0.9528315929289608,94.76182906096963,1,1
5,2021-11-18,SNF,4.342687266009743,6.0,1.2003962397474346,6.0,20.5,6,1.9550869353745581,2.3503393548545457,1.0723397615629149,7.538954357440016,6.684771215863321,1.5259610178794047,91.02359466448745,3,1
5,2021-11-19,SNF,0.9066855490319632,6.0,3.8463982234170264,3.6141634011827817,16.8,6,5.8229619398671995,3.047707098523416,7.443722259845542,9.6814383035011,10.0,1.1102538589111153,108.03929033333614,2,0
5,2021-11-20,SNF,1.3460173089863765,1.4139984067273155,1.3069539428272288,0.8176637797659776,5.7,3,1.996772284746175,2.6413362253488466,3.435896181549209,7.9393792967433985,6.421689653127581,2.4259409990879477,80.63632534561059,5,0
5,2021-11-21,SNF,1.9155915950444682,3.5224923413395404,5.081988641032618,0.8301386459880042,13.2,3,2.590817256243292,1.9637028261589187,5.037665641478016,16.988550559794067,4.853467979390397,2.7366786645393866,98.13216778467392,1,0
5,2021-11-22,SNF,2.71402952682074,3.445464060895041,3.5559130794722082,4.928389840498355,17.1,6,5.376523695283735,3.8712941419124194,2.202090174657872,17.413286718997224,9.000834791622552,0.5694918006221465,99.38995024457589,6,0
5,2021-11-23,SNF,2.019414771825197,5.090019718076806,3.2009815618205306,4.609468777225771,17.4,4,3.065209475050731,2.7862083480246045,5.890643640364351,17.13953908774312,6.363122648196163,4.162556901933957,65.35087951056879,2,0
5,2021-11-24,SNF,1.3916264894631702,6.0,3.5543596743867276,4.095870298345469,17.5,4,4.268743674496859,2.9776339782576824,5.383021882475066,9.582074834942262,10.0,1.2308283846312076,95.08891419134483,3,0
5,2021-11-25,SNF,0.587180353400806,3.0243183590593232,1.9853508822798274,2.484225125667208,9.4,4,3.928349100512522,2.2022665772888574,3.3582678889360755,18.278121019149584,7.632722366219577,4.272559585634315,105.33543685460366,3,0
5,2021-11-26,SNF,1.8795810984923618,5.864519971268301,2.337608724391192,3.7935564129968498,16.2,6,4.928868728392765,1.9081553798554434,4.189187674744394,11.429019684412282,3.640445742679045,0.0,80.39598359496088,5,0
5,2021-11-27,SNF,1.2023326493307303,2.6617346122611587,1.7443586050335536,2.5514034344712018,9.5,5,2.398224880276133,2.973706013053948,5.059716421393128,14.861243082798648,8.64344185363627,7.866952604338912,57.50560085273531,3,0
5,2021-11-28,SNF,4.747613298382083,6.0,4.747351678835123,4.624977976523478,23.5,6,3.802412709245202,4.302528931412897,5.547458996485959,11.449827594852788,8.422657769503202,2.1182398664396844,42.663334095898776,6,0
5,2021-11-29,SNF,2.9767967443966867,6.0,3.400736073766405,2.76148661177003,17.7,3,3.8434539658688442,1.2530818245650135,4.31748965807047,16.21353048160161,6.7022513223371405,3.160607108354421,49.24355405943027,2,0
5,2021-11-30,SNF,1.4061660813523702,5.720688309206161,2.39739979280328,3.221283974104823,14.9,5,1.2641518808394423,0.6595506411003265,4.010643892435334,15.01075040610392,8.077958435623529,1.296206827063195,81.36627921070331,6,1
5,2021-12-01,SNF,1.960235132583723,3.956323793050819,4.318368820191895,3.6885343211815984,16.2,5,4.263856476547207,2.150181679486211,1.314767501378972,17.51097975133258,8.137993694126658,4.521935023366903,40.14849978895318,1,0
5,2021-12-02,SNF,0.945595006046291,3.7161429887846493,2.7160832133349366,3.687781709369755,12.9,6,2.5044688038238885,1.6765791471827183,1.5435619281465118,11.817734448851361,7.074669158158437,2.3835686674516205,67.64340075485127,2,0
5,2021-12-03,SNF,0.0069330256443533855,3.965801153330425,4.527046576385035,4.531480713610657,15.2,5,1.5992422081191477,2.87334857630145,6.217496693326125,16.210259245625164,9.200668344911612,1.3903484506709916,76.7565620964691,3,0
5,2021-12-04,SNF,2.207840095397504,3.2334826241981265,5.276054511804161,3.890616476460737,17.0,4,4.120359857332166,2.562220665077941,4.886051153981174,15.623933029504569,10.0,6.555980331912911,77.84664923774457,3,0
5,2021-12-05,SNF,0.10462544892691361,2.7690193834829566,3.3404749982446167,5.350803236652773,13.5,3,2.134193878320457,2.5345445225698557,1.471246461204435,13.880531227547115,7.931778224275783,1.0111165250802396,48.53794659129228,3,0
5,2021-12-06,SNF,4.103742612854738,6.0,3.4191083330364402,2.0529971252753647,18.2,4,1.8032276793126933,2.575758279558862,4.294803814765114,13.971685980780185,5.379681017964627,7.578016203516661,109.93018728068252,0,1
5,2021-12-07,SNF,1.021316334765986,4.102931579754269,3.0952530882923255,3.247501810637056,13.4,6,3.149272315010995,4.636517620976727,4.187343056292985,12.577060723267847,8.146774366029593,4.1975666628124255,58.2081935498193,0,0
5,2021-12-08,SNF,2.5350294315094937,4.298220774312346,3.259706443621627,5.058627848162425,17.7,4,3.685568991623603,3.593664036293068,2.7662817635999533,10.644692552413245,2.930593697429999,3.379420195726288,96.304607768353,1,0
5,2021-12-09,SNF,3.7091163790516104,4.463673994955845,0.472702178800405,5.789998946217899,16.8,3,2.878912006517973,2.2597594976028956,4.563346073487839,8.854007884471544,9.97737909591958,4.690890022746377,98.89253175162679,2,0
5,2021-12-10,SNF,3.573295852161098,2.249709814189196,4.117055807701334,3.784498772249223,16.0,6,1.9229982322768109,1.6312751078178893,1.7333329113493248,16.991097341170263,5.9477401419230755,1.8806055800333215,81.8012178858611,3,1
5,2021-12-11,SNF,1.762798933950926,6.0,5.871053033475404,3.9215293901513673,20.5,3,4.362583724903079,3.461590019421447,1.9308364399417763,18.347970668466573,5.409621285862007,4.063097165032808,113.95197499894938,5,1
5,2021-12-12,SNF,0.7911895428245628,1.5405037090593634,2.8886193980087436,5.500370719356703,12.5,3,3.6937558805135464,2.8466347128607596,1.8407535954933856,13.92594759297268,2.439104040710698,0.013668059309272174,76.15880699631518,4,0
5,2021-12-13,SNF,1.381703190360945,0.0,2.9811321152542485,0.8010729934370213,6.0,4,3.5518283654237615,2.339562737565915,2.756483813095573,17.60053591877928,2.00515327179539,3.9425823994983937,65.86715020162738,1,0
5,2021-12-14,SNF,0.7657802424263513,3.412382584025336,4.321455432165742,4.799239773261871,15.5,5,3.068663988721156,0.0969584424005363,3.6948888253970225,13.277923419780471,6.652271089078895,1.9492337709850966,120.0,4,1
5,2021-12-15,SNF,2.0840942687695128,5.220429957830502,0.8590701226782063,5.439408332470995,15.9,4,4.66470038246117,1.0146755769682327,5.142666718913043,15.922758460412258,7.344222921753301,5.752331109613481,82.94082329398,0,0
5,2021-12-16,SNF,2.1567811827295946,6.0,5.073577890542024,0.0,15.4,3,0.7647877741409747,3.089163173821579,3.6276665470242064,18.160000231373367,6.844609384448241,1.2682119842999962,102.68979092207154,0,1
5,2021-12-17,SNF,1.3043740577963163,2.5098279295369035,1.405206462943864,4.170934144785447,11.0,4,3.8520439188478184,1.231857197750484,1.5462705367537941,13.848989554747229,7.031733567106814,0.0,92.22635595651877,5,0
5,2021-12-18,SNF,2.241856323832976,3.7244563680982816,0.0,1.368287026482192,8.6,5,2.3001359449597643,2.328154852365484,4.082319706699533,14.334866788283247,4.045903705256841,3.224230621227182,51.355406819987174,7,0
5,2021-12-19,SNF,1.565969112779563,4.131161485415823,4.055520034619691,5.147305861535043,17.4,3,4.970474723963216,3.8625304448978692,7.083945968795076,12.51686484250104,8.846416844523471,4.340855428978293,75.13684721547526,0,0
5,2021-12-20,SNF,1.601822145394437,2.522452639067626,4.1044674612527725,0.0,9.6,6,3.287796592722259,1.997268421765552,0.5813493373649473,11.483609799852324,10.0,5.549425393223183,54.00922835301834,3,0
5,2021-12-21,SNF,3.160656746680587,3.092393013878236,3.3976254603578666,2.920299215027948,14.7,5,3.346787064778207,0.7532007442440645,5.534991517924747,13.153444865130576,5.483420853688914,7.473553527618911,87.12948335431923,2,0
5,2021-12-22,SNF,2.2144552874187244,4.684823681512077,4.42707743617814,4.683622234726608,18.7,6,4.052189295921488,2.086303658580622,4.93026692435242,12.896048087514544,7.204557918744566,1.0081522144049218,106.46604550710866,4,1
5,2021-12-23,SNF,3.3673277485300446,6.0,5.672442421254944,2.284598080961318,20.2,5,2.6797230194947685,2.3646917472247115,4.407042718524952,15.438342276126425,4.77582502355016,0.0,49.11179812194314,5,0
5,2021-12-24,SNF,3.249582086709997,4.48296519666347,2.0076263534316774,0.0,11.4,1,1.013243975937179,1.746962016339681,2.7797854864045837,12.248258595722822,4.536677189090942,2.9182161893450127,65.79669988251362,1,0
5,2021-12-25,SNF,2.1234585079984214,6.0,5.871053033475404,2.692970638294972,19.5,6,1.9012783202991577,1.1179868315194,3.455862060011065,12.966308593189098,9.546996683374303,4.599646709181069,68.6701000896856,1,1
5,2021-12-26,SNF,3.0274711229015203,4.368082852901863,4.959639880027952,6.0,21.4,6,4.601559983383366,1.7254903385023581,5.314972319141763,16.208795811042933,4.648455001970015,2.5612051367303668,60.415251441183635,3,0
5,2021-12-27,SNF,1.465870274571891,0.6421910043499679,1.681780737460236,2.7005005990055015,7.6,6,3.4044654010753694,1.534687341159113,2.3326602842671855,12.690364058653005,4.157305967556059,2.521703738792947,72.0699297101672,1,0
5,2021-12-28,SNF,5.182482915066325,6.0,5.074246926485955,6.0,26.0,6,4.05450831253167,1.9700735381299816,6.738192657249808,14.856191172145156,6.456849518486221,0.9057498686247589,95.56659012795251,7,1
5,2021-12-29,SNF,1.2757782078574618,6.0,2.658089806954723,0.0,11.6,3,4.042287486007634,2.3371009008732115,5.089251274285812,14.90298903606786,7.584255477823999,2.769534544947213,85.8160764254615,0,0
5,2021-12-30,SNF,3.314769471067982,3.4043652113017746,4.591507564112322,2.44589523087346,16.0,5,2.4734252756746433,1.2377580196663005,3.533752139325152,18.23568715645337,3.911178832523973,0.06689188277205549,120.0,0,1
5,2021-12-31,SNF,2.3896547183504295,4.725037720904799,2.330956918402447,3.304548965351499,14.9,7,5.719977412988659,2.3913930756780513,6.874606506603927,14.740688220218374,5.717669042495187,0.11816151334542013,67.74550008921372,5,0
5,2022-01-01,SNF,2.6123398420132276,6.0,5.189441967618634,0.7620401517263242,17.0,3,2.7146774861415937,2.178772844080644,5.866312741898884,17.084220141209457,10.0,4.447109481983191,108.29833177243114,2,1
5,2022-01-02,SNF,1.4392849347715007,6.0,2.9773612110833785,6.0,19.2,4,1.8523270750005205,2.05452418683688,4.240084785941624,19.003142703735406,10.0,2.696619986072868,56.95584960436176,1,0
5,2022-01-03,SNF,1.3701051387922587,5.805889972126061,3.3403852551019892,3.7489070712943793,16.6,3,4.85979794931575,2.501769178120952,6.59187221440796,12.273448289637436,7.73572869290773,1.2465748895638704,39.260559090465854,4,0
5,2022-01-04,SNF,0.0,6.0,0.532581809035177,0.8250878059233859,8.6,6,3.6240732660275636,2.9157180358828825,4.83353726796952,12.525502668489702,1.4604614309265749,5.883973611207257,57.789602303116446,3,0
5,2022-01-05,SNF,3.2991909451904884,6.0,1.164768664104331,4.468608147338513,17.4,2,2.6513403610863264,2.5404738270900067,6.134558009542005,17.169268189838803,10.0,1.390344844835981,98.12242993530158,3,0
5,2022-01-06,SNF,2.8108268435004593,1.7444267422850288,1.0214357122654316,2.989669105473236,10.0,5,3.5597117905218587,2.36723079123562,4.072249645964814,8.414680281696956,4.6171037298531585,2.9650957739802357,92.80757347124795,7,0
5,2022-01-07,SNF,1.542779414619796,5.186728942722052,0.5395948415876167,0.6773058906605296,9.3,4,2.071907280753766,1.4522053601574632,3.3308626288637915,19.406237747922667,4.234885958531338,2.5553709381750225,80.17196798189653,1,0
5,2022-01-08,SNF,0.8487304425075105,2.100996435951035,2.9501115118555625,0.6518734179286817,7.6,4,4.404594274201287,1.4653106930191953,3.4611892908297968,7.01724314171105,3.4051544372576275,0.4582531776614558,66.88309951836582,2,0
5,2022-01-09,SNF,3.9404917608858194,3.237700766068795,2.9150356277448153,3.0171379299354855,15.3,5,4.005283799771603,3.6736458475289036,3.312989632045378,7.957683298122392,5.695004790191817,2.2336590210540432,95.28862811238066,5,0
5,2022-01-10,SNF,1.3548299459610327,4.185345019604548,1.7436666945211965,3.4535763611460304,12.5,5,2.8443676241604314,1.468175906040125,4.14074023016154,16.243497686162712,6.078424288926236,2.9193750907752967,115.53658979945189,6,1
5,2022-01-11,SNF,2.7430768855455265,5.157888043244055,5.406406435570915,1.6001866174604298,17.4,6,1.2123334620121586,2.050207569860998,3.84688165781467,15.683332527314267,5.076693555378457,5.008969677539814,35.25553078477676,2,0
5,2022-01-12,SNF,1.0396941897032697,6.0,4.9889283668680005,4.421477218758258,19.2,3,4.173695750541868,3.15488577115849,3.461990751755383,16.062236912015454,4.016415837817428,1.4268532922094899,82.28772346492177,4,0
5,2022-01-13,SNF,1.7337882767232857,2.4308088501926037,3.0387853133515583,3.698226657244854,12.7,3,4.329357038034718,3.0882071787692267,3.462726254749761,11.09432374582762,9.151415647785663,1.2812357043524047,92.02166502907433,5,0
5,2022-01-14,SNF,1.8730820743086782,6.0,2.2883500470399065,2.824526758866474,15.2,4,3.073166702792577,0.9527901976067941,2.9222389893382097,10.036066959009768,3.4459039271508725,3.4743542842446913,102.03042924508995,7,1
5,2022-01-15,SNF,2.0909558811887194,2.969078390864232,3.5177749159204854,0.8228389125355138,11.0,5,2.1185858048179798,1.4201841029403472,3.7777765486577572,16.28583852037552,3.598280257826162,0.6877424119695927,102.14137602834064,2,0
5,2022-01-16,SNF,1.7356187196599664,3.0093874180638203,4.914711518814213,4.344733956401867,16.3,5,3.579015202961519,1.4480202994208726,3.2195149619301215,16.15109211994342,6.883802983057516,1.0101700356164467,115.0050690348278,3,1
5,2022-01-17,SNF,2.5953437006376063,5.131055331452586,4.020783060482662,2.7997357808084384,17.0,4,3.7145424843852837,3.857252145746331,5.671182411672253,15.267740337385913,9.615368774763677,4.142458644457269,83.63119421453888,9,0
5,2022-01-18,SNF,1.1724330516210069,5.6844759685718715,3.8525963759984956,0.12374429068603215,12.6,8,3.5104084739925665,2.4161821018021548,4.647565749998537,17.173761004795644,7.967025971499963,0.0,108.70030725422555,4,0
5,2022-01-19,SNF,2.711627748542982,3.256020391621015,0.38562219879799065,6.0,14.4,5,3.4948324378475304,2.4891713475675514,2.9210076980798805,14.467342980693656,10.0,0.0,79.19497409047042,2,0
5,2022-01-20,SNF,2.4491162300280465,1.1476565634862197,0.474561375109538,2.0210080408373554,7.1,6,0.5132623611293333,1.692714131500638,3.950254938761573,13.478136458105823,10.0,5.3409473018996625,45.09613705274078,7,0
5,2022-01-21,SNF,3.138928826599626,5.267845773733092,2.1251801213781762,5.94847762941769,19.2,6,4.327027885498963,1.0830192456454066,4.160934278388821,16.246633506445622,5.9288449291589345,5.556343591698057,101.73426607573116,6,1
5,2022-01-22,SNF,1.5123476307910193,5.8241384741334095,3.290058787228532,3.7460099618321108,16.8,6,4.519423690447153,2.493465942532354,5.519844825682984,16.922468057342243,2.339269491945522,4.587449796944426,52.11897160322916,2,0
5,2022-01-23,SNF,1.0811972067696654,2.0944790940810476,1.707190318692181,5.184186974189014,11.7,4,3.9318265909743086,2.672073667098106,3.2295070979557066,10.950307018409699,7.0482674208204985,0.0,42.5847730671035,6,0
5,2022-01-24,SNF,2.044878385862387,4.891227754646925,3.172893063018156,0.0,11.8,6,3.2291854053349276,1.5046303802343943,4.4725116113509324,13.305336069187911,6.390493568400949,6.655666273646306,77.5423402453602,1,0
5,2022-01-25,SNF,1.6049105068072553,4.77118660604229,5.412392168464241,2.2700546478889496,16.4,6,3.4177958449241626,3.3804266044970883,2.6044408862954924,8.17570546400025,4.711518402832561,4.837930487796234,103.08008474103804,1,1
5,2022-01-26,SNF,3.5804367227206706,5.983663042659964,3.790367968656574,0.6056103400040117,16.3,5,3.583224049446495,2.6624176466039944,4.1078667868786765,17.96430576766586,7.167991027420886,3.333538602326275,66.0075112628876,2,0
5,2022-01-27,SNF,3.061788983413969,2.7098503976281325,3.0252516071255124,2.096274521580968,12.7,4,3.6807587926500878,2.301065607956673,1.1357151829801546,14.468154674079173,10.0,0.0,113.98887012550622,7,1
5,2022-01-28,SNF,1.5151435532358575,4.310807322912922,1.2601665788973893,0.7828494267350831,9.2,5,2.9080346316576287,1.4279500933817615,5.789267306359265,15.926200727710448,6.637282260414331,5.41172047681893,58.996627976205396,1,0
5,2022-01-29,SNF,2.231922388930662,4.49669906590671,1.2851920991759693,1.3404283250106577,10.9,4,1.5971356750245675,2.9270536987594364,4.123743472091617,14.218874473212082,10.0,0.07010375382912715,110.65041259800637,0,0
5,2022-01-30,SNF,0.24106641814926855,5.2733393874673355,4.475629932719659,3.7689470848397573,16.1,5,1.5878267130035963,3.3358843478096243,3.5548893082397077,13.507387746826318,6.79074025302207,5.919386514982666,73.69124896451035,4,0
5,2022-01-31,SNF,3.647283516680505,5.012037730641563,5.3680395597276105,3.42110994759563,20.4,4,3.1806211244578453,2.8098683749831364,4.453051594214574,7.888612707972415,8.86607422550128,2.39344935963765,115.28319398026683,4,1
5,2022-02-01,SNF,0.0956137159715007,6.0,3.809995250951221,2.413731673457465,14.4,3,3.256448719712053,1.8563262395708569,3.668264465370309,17.842417338954988,2.8929043897083853,0.0,64.92969557311956,7,0
5,2022-02-02,SNF,3.9442906051115996,4.750842547562257,3.011483693282416,3.5047206984319113,17.7,5,0.6859074393198186,1.7538156500181035,5.9651389690336165,15.19619507580231,8.42256822650429,0.0,77.16108786756317,7,0
5,2022-02-03,SNF,0.7441411950876479,3.9759841683248403,3.5550353342865098,0.09026820016120451,9.8,5,3.805786361086083,1.9131618277874645,4.910070232489074,15.862587296453134,4.614991329934504,9.228113074293677,73.71341802712816,4,0
5,2022-02-04,SNF,1.5849030029795477,5.475369436099727,2.9911220690162685,0.2100794156559761,12.0,6,4.0195485394320265,2.7477404080966186,6.024915795736333,15.669076117679527,7.8776229033000895,4.989229579124729,86.16973324582125,1,0
5,2022-02-05,SNF,1.1239803540324225,6.0,2.818996039731766,0.3992541607427258,12.1,3,1.6020388889314257,3.099674461500351,5.298942729568294,12.05610930080719,5.6901057123697685,3.6693085242543946,120.0,5,0
5,2022-02-06,SNF,3.0147230398337106,4.703255933535464,2.7133635146290596,0.6766012763725942,13.0,2,1.7274558090908465,1.6373242861435486,3.8159400576001272,18.316730882097087,3.3900648497486587,3.3939271422154773,83.14637379309565,0,0
5,2022-02-07,SNF,1.6651554323954587,4.794490103868207,4.431618328711089,4.830196953699217,18.3,4,2.7299937599284316,1.4921098567602253,2.2841004370759945,13.045874940251297,4.544350992456986,2.2824827704661255,35.33011420819923,3,0
5,2022-02-08,SNF,1.2448102610835812,6.0,2.7471229438824674,0.3212296336817526,12.0,4,3.366931666701159,2.5634142439591905,1.8967582265703657,11.257751100546722,5.722099141114972,0.0,99.97343761309283,3,0
5,2022-02-09,SNF,0.2211864987354013,4.933693214681919,2.6625343579744523,1.132228990210044,10.4,2,3.559011225584214,1.6514575848512663,4.566509864307221,12.18538140896114,9.035672145908766,4.000725795670136,88.6576659249828,2,0
5,2022-02-10,SNF,0.0,4.684997031508111,0.20751710074328966,0.0,5.7,6,2.22851042973585,1.038337931683627,3.8951418788756307,20.0,7.779192168485179,1.2215253317129497,91.51562676738332,3,0
5,2022-02-11,SNF,1.7298372089995429,3.789792530899703,1.9921240545076253,0.6658348306770187,9.5,4,3.534014856384977,2.702690501838651,1.3248341498714216,12.419835885603769,5.035202931229792,3.9213978207359848,80.3232062877887,5,0
5,2022-02-12,SNF,1.2367601501579748,1.4140319119513136,1.7081646482138675,4.79235855043119,10.7,4,3.77855633391563,2.515669975708051,2.9772627010827994,16.19177815354055,9.484962053103969,2.9258648564778724,89.65777454009275,7,0
5,2022-02-13,SNF,3.1877935007257534,4.971536082940082,3.0487956226648336,3.130173679099735,16.7,5,2.9081616629460942,1.436159782735316,3.669862331821867,12.851626851288097,9.83964971315468,0.0,68.40274736669974,5,0
5,2022-02-14,SNF,1.996683262979413,2.632229070299741,2.316633367521334,6.0,15.1,5,3.836577971915447,1.2079111725609653,3.0359733828815805,9.082167247046362,10.0,6.9342704772475585,98.63898344861971,4,1
5,2022-02-15,SNF,3.2102781795173825,6.0,3.4142733950338844,4.450601334329114,19.9,4,4.54437230386557,0.7033802205494972,3.9244914613174506,16.587274408863745,6.0084165979078055,6.475378498400969,64.52876962379534,2,0
5,2022-02-16,SNF,3.711206980796301,3.9005572863586795,3.221115915470024,3.8194742658447973,17.1,5,1.696023422387465,3.711211604938739,4.429173609671391,17.717356087960564,8.18817249911449,6.8689514623165415,65.28603566836983,2,0
5,2022-02-17,SNF,2.447262985408188,3.2556966935936753,0.9797127798062686,4.150716320494714,12.6,5,2.5466335212531286,3.166316914832381,3.46467100781063,14.000628271455248,9.058256124218929,1.971964664939514,99.17672746066256,2,0
5,2022-02-18,SNF,1.2258531733497646,5.15784164316592,4.5581108613745345,2.137247483987663,15.3,4,1.0427426567829605,2.9122523018520914,4.726511929571006,14.591040932187349,7.601095138281314,4.322840929733746,117.01081117029085,2,1
5,2022-02-19,SNF,4.7855925870118305,4.90328370860969,5.179446094247117,4.014085214707004,22.0,3,2.879498486697504,2.95974683456423,4.1927230925439005,18.39800278857583,5.554944035983432,2.7204555929850063,109.6744012630742,5,1
5,2022-02-20,SNF,2.2911095832552344,3.9791338540802066,1.4753943529497646,5.732772677844601,15.7,5,2.6569810807512666,1.4053447184990082,4.877449594468862,18.721973807178735,4.4618538395632426,7.262989458436716,118.19698433515957,3,1
5,2022-02-21,SNF,3.3589620484901626,4.523960363160858,1.8968512377382298,4.274279214973795,16.4,6,3.117895594148782,2.977852654895339,4.542598794646127,12.054056397699318,9.0531193020649,0.938364080208703,64.73431744474026,3,0
5,2022-02-22,SNF,1.095591593289886,3.354680389670957,4.218211909269351,1.7940872656976987,12.2,8,3.073629945160165,1.6391164652020944,3.9971291806321947,12.581111295516422,4.050049086110472,4.440638634759048,114.10252396578943,4,0
5,2022-02-23,SNF,2.9397413441101734,6.0,2.401786735921721,2.3726827765350937,16.0,2,0.43235035019988033,2.4263746709727574,4.977139184044574,14.30974430219803,9.466906640772304,4.26037565939533,120.0,2,1
5,2022-02-24,SNF,2.179353829764789,6.0,5.780140070673081,5.090891423019188,22.2,4,3.3736894702192255,0.9756107200951523,5.687168286029326,17.32181488265051,4.620704275987817,0.0,97.39705317714248,2,1
5,2022-02-25,SNF,2.939973078539094,6.0,4.189451455220932,2.376052703036838,18.1,5,1.964664943151992,2.695282176388407,3.676783629935745,12.451971318903075,9.751417319378042,3.2972573940797862,93.72406982849299,3,1
5,2022-02-26,SNF,2.354538973444896,5.840846943400745,2.8403710502589465,2.0142355058126165,15.2,6,2.1316993951188743,3.7986798897861913,5.422688364267465,16.388787322097944,8.786651800311658,4.950639137660251,89.02466132179956,3,0
5,2022-02-27,SNF,1.408302342715428,6.0,1.5631663021438897,2.4547408623513984,13.3,6,3.1339885459446197,2.0665670464488533,1.668410607198855,5.227039261760481,3.444882226568594,0.0,42.734865727236105,1,0
5,2022-02-28,SNF,1.9676908500674037,6.0,4.673016635298744,0.6661377166973226,15.5,2,1.4605962151951728,1.1381863077264271,1.7277022211995734,13.811122359394167,3.516594031269379,3.7128565176426247,114.75637955954666,3,1
5,2022-03-01,SNF,1.6976541605236044,5.332440225719296,1.0920902207547432,3.983762733972976,14.1,6,3.757335048864834,0.8826206577298719,2.3800482397748457,16.47031982562311,6.556534804912142,0.0,64.36390040261043,6,0
5,2022-03-02,SNF,3.505333808168573,4.881248211170233,3.6056307412019173,3.544853573514339,18.1,6,0.969975785279483,1.7027952777381121,5.177042906230643,18.60296207641017,7.803490792392422,0.0,34.00522352652462,4,0
5,2022-03-03,SNF,2.5097908871419863,4.433939442317479,3.1471506920244714,1.1158825678604845,13.1,4,2.731120897777779,1.186787280552514,4.746625448793628,18.749961139273232,6.328841077907771,6.3394688423444645,76.08561086998378,2,0
5,2022-03-04,SNF,2.5780590379012,4.311400529269722,1.198993394226362,3.9192220037349204,14.0,5,3.443551491561545,1.8216970263700782,4.122175063494981,18.111115728115575,7.749475591140893,1.3837332319641733,43.12856593046246,6,0
5,2022-03-05,SNF,1.786292614008566,4.493930767016438,5.643512106603257,1.5275115351681108,15.7,3,4.253267837088767,3.5359469085435546,5.87023032050601,8.159700947206385,4.141398954385547,2.2702088949130443,66.24784066463111,4,0
5,2022-03-06,SNF,2.4840475840420515,6.0,5.871053033475404,2.031143450002984,19.1,4,3.775577440400026,4.518570143389443,4.340940917641351,16.987431799715672,8.34019293899192,3.8756822134315305,82.30358420124522,2,0
5,2022-03-07,SNF,1.1712684947626375,5.9516254955164065,1.9622028771915936,2.169972946371437,13.1,5,1.1355373652025713,1.7186236051537183,2.7005595938116946,13.647846369406485,9.725238192630737,0.0,74.05198339154653,4,1
5,2022-03-08,SNF,2.7706517539781035,4.2068971629727105,4.452375862358828,4.44158722189058,18.5,3,3.547127240931307,2.8074914979023844,5.667116797534266,10.150161076447647,10.0,0.977311110380592,55.26970239577928,8,0
5,2022-03-09,SNF,2.090421138368896,2.64928762957066,4.819752512001748,2.3334791654215445,13.9,5,3.3745937315318097,2.0743972953596788,4.602454274839918,14.145211370396035,8.844125591155123,1.736808910475909,93.61925689580293,3,0
5,2022-03-10,SNF,3.5381805655990872,4.840360321082388,1.5670747178387945,6.0,18.6,4,3.1430722990415743,2.561579423013345,5.006456378475274,16.193969406012663,9.623936584290227,0.0,49.409244865640375,6,0
5,2022-03-11,SNF,2.4972041307882833,6.0,4.638453422366802,5.795417057038758,22.1,4,2.9883507693980027,1.78136087199645,2.7592562182261893,16.880096448593655,2.8660117591675967,0.0,70.24867402160662,3,1
5,2022-03-12,SNF,3.8273157737394836,4.8525657289683135,0.881090138278797,0.5335355451130437,11.8,6,2.35473939605904,0.9390914214784811,4.384175999724798,4.901004451677317,8.567783082058122,4.234859076137359,60.02030490182986,1,0
5,2022-03-13,SNF,0.7443766681904869,4.271380316818707,5.871053033475404,1.9925629732801895,15.0,5,1.4822420302948822,2.132460459914284,4.353687586612917,8.247815364230815,8.228184455951228,3.4719979217322305,66.6128413221751,4,0
5,2022-03-14,SNF,1.894979227806416,4.14251876858069,2.944769936729172,2.1616801522364755,13.0,6,4.380876208816222,2.4984199567676098,4.774691745013398,13.193035417967094,10.0,2.145936641724285,49.04348995656651,3,0
5,2022-03-15,SNF,3.204137601012808,5.043506576004595,2.6791486856941935,5.0244823020015215,18.6,4,1.6634473903706843,2.800422856351683,2.725284239687174,16.28914522511552,7.864100442444654,9.136991030103434,120.0,2,1
5,2022-03-16,SNF,1.1552838145277857,6.0,2.3421278600650295,3.2594303279052097,14.9,5,2.0429758110456784,2.891707521849009,1.5158413537020903,15.748649647717249,3.4343832590831003,4.803323595425277,111.39683071863107,0,1
5,2022-03-17,SNF,4.439071674562385,5.734493717822204,4.931713978166164,2.3632974838434575,20.4,3,2.8752983274405906,1.515413973416471,6.370294359549665,17.365759879233714,7.123166520511904,3.7326601024677952,90.50713929938101,5,0
5,2022-03-18,SNF,1.4904320440774874,2.515965923152563,2.7603836922082152,2.1647596054203633,10.4,6,2.632848527647785,3.1075089389099926,3.711514810006955,7.680371545867872,9.286067751734734,3.1583103389963374,75.3607536929382,5,0
5,2022-03-19,SNF,0.9368333437951692,3.848105294312818,2.4306020393407097,4.321537264667526,13.5,6,0.7494181369796249,2.170781557632003,4.472941798758102,9.854959251014257,6.835326021946295,1.529132571981231,120.0,3,1
5,2022-03-20,SNF,3.6080261026967486,5.871870706070691,4.67549007081116,3.473236959948747,20.6,4,4.318895823507252,2.075386829037377,6.174966119589348,13.863635503008236,9.640649642654118,2.791645252930412,120.0,0,1
5,2022-03-21,SNF,3.463057338102992,4.487640789088818,2.5734360805571868,6.0,19.3,6,2.6676774237720404,2.2433998659498426,2.351916810417279,16.264316281906734,6.861566510765436,0.0,87.60119470848929,6,1
5,2022-03-22,SNF,0.0,2.1700644048449935,3.9145504110987477,0.9246863641756607,8.2,3,2.6149929636940152,1.78971878974159,3.2085063894428822,18.12825511402545,5.328359115912074,4.69481961049486,116.9513508419727,2,0
5,2022-03-23,SNF,0.7157048194950493,5.390149184461289,2.1280383107474052,2.9276821392270223,13.0,6,2.389477677193476,2.4946368630724174,3.479212692908675,17.5502880794668,3.992586400354265,0.0,109.08935610272681,3,1
5,2022-03-24,SNF,1.1359283642931663,5.318474223929538,4.117337943669594,4.147309038162319,17.2,5,3.4940461867940815,3.1553953450907644,4.909003419537399,15.080592283081394,8.992626484925177,0.0,47.19552499035112,0,0
5,2022-03-25,SNF,1.6982491826018657,6.0,1.3278300961184404,5.526726376989073,17.0,4,1.6615389612173586,3.121904907791766,2.978905713154172,13.212518540623295,6.374172427014625,2.5161961941621374,109.5974008121083,4,1
5,2022-03-26,SNF,2.105450384337248,3.802028241939282,1.8364201988352662,1.6631256588880254,11.0,5,2.45212411665445,2.839366066183368,2.756752441807098,17.02014927260798,8.00850913879319,0.0,120.0,4,0
5,2022-03-27,SNF,1.2852652519856702,2.585389745881308,2.2636898675185235,0.6846902627728746,8.0,5,3.3624708787649444,2.1062768046749722,1.8089145445252903,13.124862623822322,5.344106976685228,0.2267316590088697,63.895626248164255,0,0
5,2022-03-28,SNF,2.006595149843398,2.289354773542785,3.9598574135128732,1.6849572747282158,11.6,4,3.0542970575503796,1.9050789628351419,3.0245760448435455,15.78706088052945,10.0,6.004817592613627,119.23994472557733,0,0
5,2022-03-29,SNF,1.3387422935002542,3.11932726738047,5.871053033475404,4.124502311097679,16.9,4,2.2832160541184767,1.1120516929654105,5.731202711112949,15.471828417747156,8.560762816021587,3.8735485512739927,95.7260315399987,1,1
5,2022-03-30,SNF,1.4554237005655701,3.9443782963006573,4.186335103249691,0.9478411059102501,12.3,6,2.459212255708541,3.399219696330726,4.2723622010793925,11.153165184895432,9.404881819099025,1.5875734653738522,75.68979141718772,1,0
5,2022-03-31,SNF,0.0,3.1863129075225007,1.9690711704982018,1.2019266840870746,7.4,3,5.0239355350709545,2.9108409825692187,5.700502895246033,11.409585456689175,8.948276755142958,1.1247359236454484,80.12403841651007,5,0
5,2022-04-01,SNF,0.35290777240253624,0.8287922184513921,3.395376006052007,6.0,12.3,3,3.755590972239448,0.49643854163003953,4.073188863760497,14.587914030337489,10.0,5.74865383627146,60.72917090856799,6,0
5,2022-04-02,SNF,2.672504996034641,0.5749759534420384,1.0604167239291171,0.2626354291608119,5.3,5,5.219409728537517,1.678202846559305,4.1248293586537255,16.243216364524752,6.080566976702647,0.9334806244708809,79.05083900435656,3,0
5,2022-04-03,SNF,2.181069666013496,6.0,2.4547706202829818,5.28122247278352,18.6,4,2.601343700122802,1.046210749451695,3.4614043932999428,13.076916554799885,7.473723188639912,6.33507947276801,45.75908214456163,2,0
5,2022-04-04,SNF,2.0049287095114936,6.0,1.8145124316875156,4.8002535769292525,17.1,6,2.6955347196071835,2.475795381822367,4.203205859860546,11.546603659877078,4.607589729708789,0.0,107.96210908390756,1,1
5,2022-04-05,SNF,2.5387154267387033,5.217536475316719,3.6827948896396707,4.033478348091805,18.1,5,1.8352121543688193,2.020406006434956,4.83506097161272,16.441080592825298,2.209666431515023,0.0,101.49224060688245,3,1
5,2022-04-06,SNF,1.3337351751414293,0.0,3.1469997400877405,0.0,5.2,5,2.3031615751937093,4.153608901966184,4.325054243385044,17.033026078038038,7.048924774801683,0.0,102.51920449408603,3,0
5,2022-04-07,SNF,1.001032935184261,2.919932523761603,4.769483293831842,0.49390937605482965,10.7,3,2.8685731796568636,1.7140867322836915,5.831337967768072,16.207489263407634,10.0,4.621368474175559,58.11496491651485,0,0
5,2022-04-08,SNF,2.333807329201204,4.1095440465711714,5.226380385740116,5.680481911449057,20.2,6,4.625608819962863,3.0295959579140495,2.891650804300479,15.296303374996334,9.077098597362577,2.5583319162829934,102.2786450608865,2,1
5,2022-04-09,SNF,1.6017684722833063,5.870292076637197,2.9688014629327664,1.5846947853675206,14.0,3,4.674179288967471,3.81784064577114,4.80553204281331,16.164552428781814,8.639085729122108,4.300145781591483,50.07492696252908,5,0
5,2022-04-10,SNF,2.7747386084275463,3.475997852465039,4.8740332395841035,5.331898492955444,19.2,6,2.221535100553623,2.6086186776979714,3.8545622865616216,13.794914455548986,10.0,0.0,58.278184639098974,0,0
5,2022-04-11,SNF,2.1517727693699618,3.912388179965705,0.3455224484064142,6.0,14.5,4,1.6109622380388677,1.7725101529814207,2.885904035339979,15.520646289706608,5.630217001992126,2.4364623814324986,120.0,3,1
5,2022-04-12,SNF,0.7360043018211871,3.865727513096336,3.4249702009384655,3.001272373036718,12.9,5,4.12823252390515,1.5767008846203485,5.36613260975563,12.846029103994628,8.31102184994564,1.1211839855879686,81.8446707845052,0,0
5,2022-04-13,SNF,2.7171550302109004,5.60784660604622,3.2799748620332947,1.3385387912367395,15.1,5,3.0736516862250016,3.3077346951927806,1.6749297415713182,15.785427281910891,5.487378962104909,0.09549755264328663,81.68318489937752,2,0
5,2022-04-14,SNF,2.14956510168214,3.786064527494063,4.278178753839596,2.288831914601658,14.6,5,2.743424486712255,1.2215573772820376,6.766537519974518,17.464131096900825,9.935392605214629,4.213581867463397,49.9077258658948,0,0
5,2022-04-15,SNF,2.77749434986042,6.0,0.9355783511851903,4.0561458238787,16.1,5,3.5397961811458702,0.8604355030190097,4.248161362407516,12.551331012079865,4.116711981226401,0.0,72.1598785806753,4,0
5,2022-04-16,SNF,2.442693660733715,5.419799810353279,3.2412823597004565,4.10672305707042,17.7,5,1.4838280877617016,2.496345353849359,5.493454411805567,17.504366289351758,7.5126719014661685,0.0614987774876572,75.11091645914772,0,0
5,2022-04-17,SNF,2.613137472515752,6.0,2.0010154555479476,1.3392764050229924,13.9,1,3.369978685798173,1.7556076303483283,2.217398835186661,9.636994505577594,5.992401057356987,4.766622863100133,67.83911543625481,5,0
5,2022-04-18,SNF,1.3225690483547172,5.249220368478079,4.062970171837815,4.869494952881571,18.1,6,1.461607497280001,2.291097687594311,5.09316097657843,13.375189022779185,9.280926623049906,2.4169772406929573,85.8414867488739,0,1
5,2022-04-19,SNF,3.1603701746605792,2.8224487256132162,4.8129405463066846,0.8165305396900366,13.5,4,2.224598790040229,2.883082014809756,3.8560737952215947,13.86966221099369,7.100117009574232,5.93129086979795,97.5300688014656,5,0
5,2022-04-20,SNF,1.741013177118338,3.984616461523973,5.009622357568981,3.876374127844002,17.0,5,3.8704488084127266,2.225312145638057,5.498095582311451,11.456412275724672,7.4202578721069115,9.967314995341402,51.52658734969298,4,0
5,2022-04-21,SNF,2.522208439857071,6.0,1.5311112554796937,2.919521731880289,15.1,6,4.063951937621584,2.929516419009331,6.391795419531704,12.503325523957976,4.252049248126923,0.06578231479272123,95.16733525681815,2,0
5,2022-04-22,SNF,2.435285649198814,3.6259607390679385,4.90201080240323,5.743618617592809,19.5,6,3.109238644237138,2.2288497632941895,3.5721381495074427,16.295148593716455,6.565427682012094,1.906855758381625,97.84152462731794,2,1
5,2022-04-23,SNF,2.7435241140955307,2.1977271594865133,2.133480452106255,5.527373478998094,14.7,5,4.347014893875742,3.3500536619107644,6.228616456615187,18.532274309462434,2.405983046376471,5.364998455165516,50.26029820450687,4,0
5,2022-04-24,SNF,1.7643976961991197,5.2418727391113835,5.595826246452766,1.2369273555309839,16.1,5,4.12074383976917,0.4900377768077005,4.830534977922631,13.930248747439856,8.736672280372057,2.0213883393094645,120.0,6,1
5,2022-04-25,SNF,2.4518735792753366,3.871695484345576,1.652132485093359,4.808623073122275,14.9,4,1.7059503287959148,1.7904241652210375,5.621944871930683,11.401606389217676,4.519011245431902,2.9684410288807586,106.44963593417614,7,1
5,2022-04-26,SNF,1.3647665606559694,6.0,2.224481794154914,2.411568177159774,14.0,4,0.47249478047017823,2.2552163901010442,2.2491313377014297,18.194204624281262,1.0752271932116813,3.6725488380637485,109.89330286658536,1,1
5,2022-04-27,SNF,3.8744696079855,4.9625625094251795,2.1776775185802557,0.0,12.9,5,1.743326383412707,3.794607895276094,2.257298341079903,14.471579301078489,4.7737759759849725,3.3313152270726123,120.0,2,1
5,2022-04-28,SNF,3.1515536397677266,6.0,4.70952416580761,2.891666161656635,19.5,4,3.106916381020503,3.112838574605653,3.2495198371739633,15.71340349540043,9.379704833994044,3.4769003559453586,61.97081948988478,7,0
5,2022-04-29,SNF,1.9662536502121624,5.129476611269288,3.527640323484439,2.943038682995379,15.8,4,2.16860277649994,3.317957859736255,1.8438267677173958,13.958913031376966,9.357736955562812,4.085006304220831,75.29951713837873,1,0
5,2022-04-30,SNF,4.409973126668986,3.8107792426925835,1.9457153493888721,5.029175639695714,17.7,4,3.1608490071998756,3.604342974240259,3.280910387730227,2.3922477046553494,3.0347694678416914,3.8393677299149367,111.76539599317468,6,1
5,2022-05-01,SNF,4.567155485925662,6.0,2.930738091668348,4.0872447492348805,20.5,6,2.683905146138795,1.178168498553285,3.0741798338083104,4.701437555136309,6.530206358931242,0.0,35.76967260121909,1,0
5,2022-05-02,SNF,0.0,3.957111625015735,3.1033499618020746,6.0,15.2,4,0.6266458531261221,2.181615598204279,5.631106536281412,18.20976578552105,7.137407051065426,0.25089438722477153,62.012300029878176,3,0
5,2022-05-03,SNF,1.427408890409195,5.6793844727132825,2.6755924857635125,3.348005084709814,15.3,5,1.945256160557992,2.0906027576126287,4.364808015089721,14.708924823640695,8.150677308041619,3.964175760813778,49.41043562590865,0,0
5,2022-05-04,SNF,4.270027065744149,4.456057464886119,0.6598103660401722,1.3039097100809247,12.5,3,4.18890750409619,2.9514212436919864,3.9951740942572274,15.005530455892494,9.682310162118137,1.8254037899165176,99.85263459016812,2,0
5,2022-05-05,SNF,2.5799621149556087,3.7124352735432575,4.608578347012121,1.1717161398973577,14.1,6,3.7636815489967352,4.648362722835064,2.6112992330650453,15.486500067373868,6.498536135066727,4.414966357331237,46.58620249115261,2,0
5,2022-05-06,SNF,1.9631835199732965,1.2449453287099361,5.871053033475404,6.0,17.6,3,1.8499321953592136,2.9489257758742973,3.268110001455973,12.046680949864323,6.172065287795768,3.5692070332376304,76.2304354426113,5,0
5,2022-05-07,SNF,3.513147028091299,4.55339186237355,3.9055399085885756,3.898600041946602,18.5,3,3.1073731311387665,3.8272028598918943,5.680840469548615,14.96257174129898,6.179489354681939,4.866967162680556,81.8683876783123,2,0
5,2022-05-08,SNF,2.447909531309537,6.0,3.173650380640329,5.31968161510451,19.8,5,3.3749392756164633,2.8658585125652336,3.508236321965927,15.953679159711053,3.9890170202457287,0.0,103.07723143707909,3,1
5,2022-05-09,SNF,0.0,4.245268603234312,2.9150054207039453,4.458104004340976,13.6,2,3.8880422793939915,2.6933925530173517,5.0026733141139035,15.95740010744795,3.5674548963435653,1.856262028640546,120.0,0,0
5,2022-05-10,SNF,1.7689545357638607,6.0,3.402415896078121,4.09570470568755,17.8,6,1.1154158652040482,1.9210386289379442,2.860689212845804,14.981777310767095,10.0,0.0,107.93388545453206,3,1
5,2022-05-11,SNF,3.766163704440872,6.0,5.241272825856137,1.4794880234228651,19.2,2,4.473665932649309,2.1656899262972855,1.7456002352690576,15.706384524117443,8.307884923226691,0.0,91.06859547870786,1,1
5,2022-05-12,SNF,4.649744313441982,5.318443165532999,4.949685855079059,1.0395968984712192,18.6,4,3.0267696241709805,1.4579536195999188,3.631300771761966,18.730322687354935,7.04267975827671,0.9509823203278671,83.53397589324176,3,1
5,2022-05-13,SNF,1.9769465051148334,4.364949782102802,1.8967318145747332,3.692331611783826,13.9,5,1.4710646447184472,2.228079653961418,1.298459824227982,9.757058067953388,8.692677417630495,3.698612967006789,84.06463540475512,3,1
5,2022-05-14,SNF,2.794191723523113,5.657914086493546,3.0878111431942656,4.234675855460745,18.4,5,4.699497000810334,2.762421868261344,5.543363490617855,12.829190472280693,5.9211322657731555,0.0,55.056258729556355,5,0
5,2022-05-15,SNF,3.8205538701676685,2.7254505865186296,0.7238189183988337,4.526489677326115,13.8,4,2.7067781668593716,1.2136224574867918,4.527239770623196,12.794611843140705,3.8239079430925136,0.0,68.00489432629487,6,0
5,2022-05-16,SNF,1.8607968748664976,5.039768171092325,1.8772759331451043,0.8259768648300555,11.2,6,4.351991272951843,2.3737508724276566,4.331958484918304,14.58699925543744,7.046897016457006,0.0,81.34676954992351,1,0
5,2022-05-17,SNF,2.86968991896346,6.0,1.9770599122065775,2.6953832723432893,15.8,5,3.777245775390046,0.9044025242422313,4.5459100592699375,15.915917611401495,2.6509963749025185,5.369237129242684,98.30596765629754,2,1
5,2022-05-18,SNF,2.31553602560936,5.514357442945801,3.5095883421959138,6.0,20.2,4,4.479371634912578,2.5950221592800378,5.297028000048641,9.540000170712243,10.0,1.7716011581374946,99.68073088186354,0,0
5,2022-05-19,SNF,3.031421585004827,5.938662145941922,2.7494414506903486,0.980239190365408,14.8,5,4.861339162331858,3.1254216941330144,5.066182609657428,15.313939985792352,6.93247667221838,5.8934861816828725,61.88584606872761,0,0
5,2022-05-20,SNF,2.4053116127597858,4.184432466203367,2.931550073762121,4.8164168217190015,16.7,6,1.1851912987292264,2.682770630165455,3.2911144576779003,11.208180485807475,3.3908856996830044,1.9659874208783572,108.10514340412372,4,1
5,2022-05-21,SNF,2.823576370987633,5.443971673665368,0.793964230357973,4.715860274064269,16.1,4,4.387104961582739,2.339899723519709,4.436526584064629,17.571376332640625,7.637676024138133,0.6106883147020183,78.22176718301729,5,0
5,2022-05-22,SNF,3.749239338549723,3.041015760597955,3.1787050740083203,3.956374238799053,16.2,4,1.7267837146716736,4.13636596794971,2.443263961085515,5.705340877105207,8.69210167080777,1.6177842545109147,42.18615432238353,6,0
5,2022-05-23,SNF,2.9035255825922897,5.816782936736011,1.2940642763698453,4.991979511918997,17.5,6,1.8613060889785549,1.1568044055288567,4.486573480351034,15.626327194183746,6.634630775146222,4.464253546750806,46.423831878730496,6,0
5,2022-05-24,SNF,1.9691275350870332,5.443068068358986,3.666260785622966,3.020711970849284,16.4,3,3.453747271020881,0.7678152686469755,3.92708144617099,18.659050834878123,4.231172929936917,2.802312680825482,93.29641325223427,1,1
5,2022-05-25,SNF,4.00177026658392,6.0,4.782249557856863,1.9487340146002488,19.5,7,2.0457851605647357,2.2110650116963924,2.822114957262148,16.015937021425206,9.540472384301701,4.939642130441902,85.61647962300181,5,1
5,2022-05-26,SNF,4.414066515195163,5.032658395363964,2.788588728217144,5.208498892254165,20.4,5,2.2645189542893838,3.047839170227629,4.1454134275887435,17.408970822480168,10.0,3.7752772893019557,73.87559500558284,1,0
5,2022-05-27,SNF,3.0283024593070005,2.297632886332118,3.178246967154908,1.0875282322838364,11.2,5,2.839222299564915,2.166331963461679,7.421548511108417,15.472316456111633,10.0,3.0124941582951204,115.94857914982195,3,0
5,2022-05-28,SNF,2.1740032114054975,6.0,0.3745793766461669,5.389888898672097,16.3,4,3.1547350138384314,2.3580016197867524,5.030338301254625,12.883936141680346,8.976937633937524,2.543791115213445,120.0,6,1
5,2022-05-29,SNF,2.9064044561112063,4.188516775845798,2.9667472891026243,5.384703470143678,18.0,4,1.34850659909546,0.8844971942572875,2.2320108647974837,14.131560415008593,7.564758280997264,3.4377314073080316,81.40298550934597,5,1
5,2022-05-30,SNF,2.2474751908402917,6.0,5.6414424610054965,3.446543460198689,20.2,5,0.7419072099028194,2.913507859661179,1.7238694916810375,13.477274280600998,4.752824496271565,2.024213914350248,32.01092651918152,4,0
5,2022-05-31,SNF,2.018650434527462,5.358744534829527,2.5820698406374,1.8372885838756376,13.8,4,2.1119775840872737,4.433689124311748,2.270483445262612,9.361606032736193,5.885814872498613,2.5947204220905613,108.62672169297817,3,1
5,2022-06-01,SNF,2.8233789478999975,1.5283753562740734,5.406794538166766,1.3607617388202873,13.0,6,2.3719240464399993,1.645582866240936,3.7445626575927946,11.018354497826063,7.485742615784159,1.1773787455496618,39.4452091982149,1,0
5,2022-06-02,SNF,0.5134164986904168,4.444069251974157,2.4821725614452554,1.205301129313652,10.1,5,2.2021604547668856,3.1135986611950135,4.668552204493633,14.657422764788361,9.325290274711813,0.0,97.90294998759377,0,0
5,2022-06-03,SNF,2.1779611677211843,5.391852285533787,1.2089821525188127,4.6613637985004575,15.7,6,3.843309375590764,1.2772245251132448,3.1452989720808207,12.622591284228067,4.509998569188133,0.20297233477565424,66.01391986436118,1,0
5,2022-06-04,SNF,1.460900553274982,3.980854794525293,0.9936547469123203,5.7264777021989755,14.2,6,5.168505808598497,2.9183067635019704,5.207596474167392,14.847219196544128,8.770723429712076,5.858728548984385,107.96079747067027,5,0
5,2022-06-05,SNF,1.6516226166478452,0.7171620757854318,2.3647223158165493,4.4627757032284165,10.7,6,2.132404757121032,1.770226376691284,4.183521468240664,14.29102783072698,4.733232076047117,4.525942386800069,120.0,2,0
5,2022-06-06,SNF,1.8933281730834437,1.1406902916910269,3.954265620236269,1.9004137492004556,10.4,6,2.2190257282894534,1.8197867660976232,4.6062386911715425,11.318854733711667,8.549100394124546,0.0,64.60107727274912,0,0
5,2022-06-07,SNF,2.4959550848704852,4.357855505617801,4.23168928877757,5.461002059746334,19.3,3,2.768803159864351,1.1927999891400516,1.3163112945971156,13.585476257670352,7.475277238235633,6.081760609923102,82.67329871411305,3,1
5,2022-06-08,SNF,4.711206425884964,3.945333837356513,2.424910711368744,4.772284114366511,18.5,4,2.3028876462193226,2.1839045543450353,5.596893507141703,9.602348390354585,5.266738977968855,1.4812404979080913,73.61211377068868,0,0
5,2022-06-09,SNF,3.994250656144253,3.8971233420907923,4.364679486111255,1.5577214605041219,16.1,5,1.1857803301409549,1.7483301765850583,2.3596348528680218,11.809671588217931,6.297577756830367,2.8308702989970764,78.91424293662824,3,1
5,2022-06-10,SNF,1.9435772396843656,6.0,3.6198364118637545,3.4375850387048006,17.5,4,3.7073529452802525,2.028935431640279,3.2569039053082944,9.961174404379042,7.164992840386537,0.0,73.28219714956472,3,0
5,2022-06-11,SNF,1.642920683712213,3.7511348186164724,2.865983216492456,1.194612347795411,11.0,4,2.7717803221955086,2.724310091507433,4.232283081730713,10.58790174168111,7.363967597959631,3.727791050927504,84.51947696340065,2,0
5,2022-06-12,SNF,2.2083367420062103,6.0,3.2604452665155668,4.865490451426867,19.1,6,1.1513003623388718,2.8049296968428177,3.659998897929562,12.555990349753051,6.1116023270001385,1.4838364570052582,99.15096247388374,2,1
5,2022-06-13,SNF,1.7370783854438097,4.716408456721375,4.2310914698800675,1.7835598608856578,14.5,4,4.545314013983864,2.3808451762755816,5.7081049683590965,13.295202047616582,5.421674944218957,4.28803472493296,95.87256718789902,4,0
5,2022-06-14,SNF,3.1944148625051647,2.5162794113391964,2.0305426067324426,1.4021069299140803,10.7,7,4.490348205629488,2.7839855156454174,4.7338054824840174,17.00845344731711,4.580657805486412,4.785420583841577,48.82908905501524,4,0
5,2022-06-15,SNF,2.3846262269201146,2.947666627891812,2.55909965787142,2.4449642726471934,12.1,4,1.9045408230949266,2.334639053454087,3.3057312272723194,10.675777750227006,5.819112715816783,3.431861634451997,85.41247930627166,2,0
5,2022-06-16,SNF,0.9471939954021482,1.7345558229375322,3.938085202877179,3.4980490043468784,11.8,4,3.409430162240947,2.9631971933134276,5.603532354569657,14.569094337892764,5.669789362649612,0.8465103553801727,44.178965676679994,0,0
5,2022-06-17,SNF,3.8156472881149344,5.468302753541986,2.5303139947197395,6.0,20.8,5,0.9374890419784261,3.1523182123695337,3.089660929896951,13.60319365073051,5.898933591303714,3.9145979131432616,104.8008822128392,2,1
5,2022-06-18,SNF,1.797537576250614,5.668886764386635,5.425895901128719,1.6800384835665456,17.0,5,3.9582504827260334,1.6191182488618054,2.952337743762876,17.58469964504901,7.9292363738102285,5.955377139030947,70.73929013671034,4,0
5,2022-06-19,SNF,1.6208985078019646,5.302420604389192,1.2493674984166898,1.5982303432148028,11.4,3,3.1283591338945755,2.297858449238879,3.3272985611003856,14.75521198628839,6.103010312387311,3.4600354822542845,93.0184843155761,3,0
5,2022-06-20,SNF,3.422810226415522,4.99410059146416,5.295180381594441,1.1867379115253391,17.4,2,2.545588398151943,3.306481897651325,4.8337623348072185,11.975839961065327,7.878988286859245,5.9863808495785555,116.47324210386735,4,1
5,2022-06-21,SNF,0.6301450194439786,6.0,2.125394856372568,2.952737157772556,13.7,4,4.314821967195772,1.9435205338867405,1.8889338692594864,17.65156678630236,7.107710294702682,3.871463805892462,94.01400349207405,1,0
5,2022-06-22,SNF,1.1182637513329527,3.381920229934313,3.6045476354961297,4.358218171008322,14.5,5,1.226833268499626,0.9787945226456587,2.276181129584981,16.49813951792514,10.0,0.0,120.0,6,1
5,2022-06-23,SNF,2.1668168811214414,5.601762034686725,2.72413852981953,4.742515404927781,17.8,5,2.6101116642076536,2.316544447026211,4.576566831837616,17.55544914671694,8.753839037306099,0.0,61.42261015102348,5,0
5,2022-06-24,SNF,1.7372468993300958,6.0,3.7421722350055004,1.1861789825225888,14.8,5,0.9997745861963593,1.843243282783218,4.57820151079914,15.867184618176537,8.498685312689938,4.478092970161121,89.66096718723686,9,1
5,2022-06-25,SNF,2.758382087397598,2.727046831503811,2.8282949430732165,2.098717021363809,12.1,1,1.9118720832772922,0.5686092568737418,5.925387102008021,17.975345010058742,8.83590567041763,2.4113977590369773,66.44773552871605,6,0
5,2022-06-26,SNF,3.176594570421903,5.800294716153884,4.302283946604439,3.674260370413837,19.8,4,1.7761358395311924,2.7656538992759683,3.885208783550361,14.993389514986784,7.734407340411874,1.6203397254792051,36.79997179144313,0,0
5,2022-06-27,SNF,3.4385884556317503,4.626625734449588,2.9828397282227304,4.111785989032547,17.7,8,2.8132721051013454,2.791823273149839,5.108045303132366,10.069252886255224,8.191206440566111,3.094823192123874,77.71011451661651,4,0
5,2022-06-28,SNF,3.682528127514421,2.8729204207002352,1.9578882759852707,1.2930477039893071,11.4,3,1.575865256015713,2.6478761015116836,5.078744545716439,15.063477199883346,4.7688840944744175,0.0,87.80209479706288,2,0
5,2022-06-29,SNF,0.0,4.070249382651212,5.549725236691965,4.243040600000615,16.2,4,1.1334223238643206,1.396585377534691,5.150561069570123,18.753651060929514,10.0,1.0153260900859555,120.0,6,1
5,2022-06-30,SNF,1.5879428390549404,6.0,2.44626757051403,2.842571675276375,15.0,3,3.849807789639772,3.1191982340611686,4.400855077299501,17.4194875610697,9.309706470634543,2.7713271457488364,105.69495105260235,5,0
5,2022-07-01,SNF,3.2113880186926798,6.0,0.9146542955378603,4.136699440898904,16.6,5,3.6654318201124885,2.043532333797642,6.535820846122079,11.264068870694619,3.2009337466308514,0.0,81.93532296061301,2,0
5,2022-07-02,SNF,0.95033338033669,3.7927813538568413,2.4047397071845835,4.252434024683601,13.3,5,1.85651023168483,1.9526092196665936,4.436351074199356,14.72621001566671,10.0,3.760186529297334,55.64478219650388,9,0
5,2022-07-03,SNF,1.4540500020118639,3.4568441141439816,2.34714363002951,5.751977140767709,15.2,6,3.7260925526131334,1.8819350762591849,6.478334119741405,10.424250621644976,9.172289449738532,4.354779951193618,110.77631238798612,3,0
5,2022-07-04,SNF,4.0424332881057365,6.0,4.846230040610082,4.491769772670592,22.6,4,2.4763796874238237,0.18491889806367334,3.1707594198302114,19.83895245982083,2.156076974144337,3.324944728199626,86.75569334467582,1,1
5,2022-07-05,SNF,0.0,6.0,4.535823224721998,4.7191637795049335,17.8,3,3.5489505049201915,3.308464462872647,4.452444542970279,12.17210492786362,9.057197110016553,6.632817750754972,105.00102157238221,2,1
5,2022-07-06,SNF,3.2513268272726963,3.3972748925656826,2.944884034590673,2.6410655445206754,14.3,5,2.5771192116707775,2.4585369229573715,4.383297258525483,13.162983808815989,6.783898123764288,0.0,81.4987465222786,1,0
5,2022-07-07,SNF,3.030732710684642,3.9877155328142893,3.2786685544689886,3.508922944340406,16.1,5,3.18176065423291,2.744392622088113,4.903531648673509,17.019605375152867,5.473892189322828,6.1008994843612525,91.58678932160771,7,0
5,2022-07-08,SNF,1.2019627025662036,4.1162398724891975,3.276697130752459,1.436699526355468,11.7,3,2.5770746776573983,2.4870378573134135,5.041553939872111,9.447676399648179,4.720494252959785,2.491318399980246,106.93670203748432,4,0
5,2022-07-09,SNF,3.6226236366642945,2.4248205832636396,4.350415197773625,0.27640100994991723,12.5,5,1.3599637156417907,3.3239648922116,4.087586267707983,19.4567585975869,4.722606581796288,2.6794823263788436,100.14965180581878,0,0
5,2022-07-10,SNF,3.0372741305665154,3.7237902411983352,1.9248173585642394,3.462123696456829,14.2,6,3.7027929351340205,1.960712555418689,6.32244384589444,14.722406595497848,10.0,4.776768163348697,45.587281477735914,2,0
5,2022-07-11,SNF,1.9528732846126355,2.587498740379578,5.109538731199228,5.949217132864048,18.2,3,3.809845088120251,1.6462021120816044,4.4348487487333,11.681456535255705,5.422571252420001,5.113302890932405,94.69991597181779,1,1
5,2022-07-12,SNF,0.0,5.345361587372504,1.515250262408377,6.0,15.0,4,3.7459078517428335,4.848085977201524,2.496585515831643,13.922669302878885,6.2457057823269055,6.526083479153549,44.330409267849774,3,0
5,2022-07-13,SNF,1.8976652301421402,0.3035303960915128,0.8366535133426074,1.423327845109681,5.2,5,4.017536419073581,3.221681611436663,3.811597602808653,7.756633933009234,4.4370535700535845,4.739965311821309,68.04054234096182,3,0
5,2022-07-14,SNF,2.9834867230724327,5.111380772435128,4.148105127130395,3.85235383000615,18.8,3,5.48577462936089,1.2828219725504777,2.9370088888789296,18.599329233178995,10.0,8.310806403703205,71.73531226406186,0,0
5,2022-07-15,SNF,0.9805391537920038,5.591593401991176,4.738498896975932,3.500723639211123,17.3,6,3.514199982440301,2.9433457568705137,5.871357428310545,12.62818767890374,9.211262644506629,1.5201378152276595,82.98831102162835,1,0
5,2022-07-16,SNF,0.9130448758836491,5.175805260967671,3.632910385726534,3.789835461241444,15.8,4,3.515141538629802,2.295486595201614,5.732816297613722,13.676723246925356,7.649196735538225,0.7920459372412294,70.21660914876007,4,0
5,2022-07-17,SNF,3.546450515099426,0.6821850665684341,1.6410778574897018,6.0,13.8,7,2.9544582888817374,1.7382402489084332,3.7784582823494155,9.42301547581851,10.0,3.4567268652101006,88.42873823376603,4,0
5,2022-07-18,SNF,0.6047858996758854,6.0,4.7502660459604495,2.591415492069512,16.3,4,1.8648036594382913,3.46467657282957,5.4347903676520914,11.802333651169333,2.8567508005761377,4.2684803688903,104.20866375434771,5,0
5,2022-07-19,SNF,2.172465283781147,3.444066217141799,0.0,0.7081256721155487,7.4,6,3.5196840522072685,1.5420743461088167,5.209936208443855,12.76536922366925,8.14063560810248,0.0,108.7287814834522,8,0
5,2022-07-20,SNF,1.6938195233286613,3.363577401014961,2.8610812089264384,5.476627427066598,15.6,3,1.811035973654013,1.5464727056274141,4.333679292752226,8.931203970499176,8.690595892956823,3.3435284548983413,90.59167622451578,3,1
5,2022-07-21,SNF,3.3820433967317745,5.602937033856655,2.5705160914642753,2.0672261412475503,15.9,3,3.345050683950234,2.556189321456928,2.4444671340005395,15.539054480457983,8.042256825377672,3.790360189329509,89.76301729469245,5,1
5,2022-07-22,SNF,5.541900533984261,5.15050905218007,1.8146376803711828,4.827369092559268,20.2,5,3.378137039970792,2.2697554821671426,4.175523614628849,10.394023934210363,5.7971828441400435,2.458548882492425,101.33818993074095,4,1
5,2022-07-23,SNF,1.5616258301210273,4.6007295566087265,2.0156174733954653,0.3498568388411889,9.9,5,1.3774393641359297,2.7925551558245543,3.520736722175761,15.317391615493852,6.124839997932135,5.0562899964117225,76.07651717187163,5,0
5,2022-07-24,SNF,1.3106908633405083,3.887666616322608,3.3910246940246096,2.0366786174028766,12.4,3,3.4229492357664815,3.659645450216954,5.067354825607276,19.23345669320265,6.456379180437171,3.341471619228615,40.631535476926544,5,0
5,2022-07-25,SNF,2.5114057302078128,4.090937208029627,5.551506278414584,5.060343684112398,20.1,1,2.724081515773785,1.7453322030670144,3.201340680500543,12.282499192515843,6.088798446272156,0.0,95.39422633633095,4,1
5,2022-07-26,SNF,1.7925162543057698,6.0,5.4425566005493184,0.1773457724989882,15.6,7,3.2400600960266535,3.144684725712466,5.353472597781511,15.980526304716827,4.136379483944822,0.0,91.43634383750316,0,0
5,2022-07-27,SNF,1.7533924668909855,6.0,3.7055182629723458,0.31492630607144917,13.7,2,3.042912177355935,3.72068896063866,1.6562572757702823,14.223331355773954,7.653662732159709,2.480497491629748,60.95270665340471,0,0
5,2022-07-28,SNF,2.4640846311676587,3.9306139872267805,2.9490593274947567,3.54036212298774,15.0,4,1.7267639175365979,4.0492500964249905,3.207359721366161,15.313060772425242,7.910191407588467,0.0,89.59577974794266,6,0
5,2022-07-29,SNF,2.868401546651479,4.601190733346075,2.720127364139591,4.114533941132423,16.7,5,2.5106661162294635,2.397601836200488,3.457040671386871,17.299434445768448,6.11713802431263,0.0,94.55671923068186,7,1
5,2022-07-30,SNF,0.8828132121547012,2.10752010120669,1.7450834805347764,0.0,5.5,4,1.1317018159120904,2.2466125213418815,3.474146756832681,3.6525401854489887,1.8720438939965938,4.649000053621355,102.4218321016215,1,0
5,2022-07-31,SNF,3.6116510056068494,2.8019617066681928,1.461015922436705,3.9018235045720773,13.7,6,4.173481479426613,2.3996962637695374,3.417570009051083,9.126703954516097,2.4902787167894695,2.8643704706554676,65.3235909613372,1,0
5,2022-08-01,SNF,2.425290081170031,4.444994791572577,1.4358256982803335,2.226893478428903,12.3,4,1.0300567740307984,3.021232572664138,2.010905259427784,16.511038790325514,4.95466858986097,3.3273644568471115,84.91999890453243,2,1
5,2022-08-02,SNF,1.0490293745071788,6.0,5.482746864206009,4.95607655815518,20.4,5,1.6692896223364553,2.0661749820717783,3.294932671118155,18.402438340012875,7.185556450809573,2.2182873596312316,68.19439742721954,3,1
5,2022-08-03,SNF,3.167323719249076,5.165820711061111,3.8795791810284976,4.4759993883561355,19.5,4,4.613500987210113,2.33188237621749,3.571864222039859,12.705678984489955,10.0,0.31095452767545284,108.14888841255222,4,1
5,2022-08-04,SNF,0.6569890877643325,4.871058245382237,1.4520912184049708,4.9639648040962525,13.9,6,4.3344174720746365,2.246641651144613,3.4064443935813564,14.162418898573025,3.225713772405067,3.2000036866289356,75.08822764345815,0,0
5,2022-08-05,SNF,2.3628466019944403,3.774516268977536,5.543678886670811,4.085327561104773,18.4,4,3.1585539631658204,0.754024579168053,1.3953561262978547,14.294140327588181,8.2234397053296,0.5684722553033077,63.691080321495306,0,1
5,2022-08-06,SNF,1.7697713210990949,5.68237807201535,4.231163585802179,2.6647022256024853,16.7,4,4.7430019240994,2.1823300049298497,1.6617612320881332,18.452456478901247,5.191461775670347,0.6366205445500404,81.29161379335345,3,0
5,2022-08-07,SNF,3.6060069259545773,6.0,5.435246978895307,5.036660245785323,23.4,5,3.579641743976282,1.9571496003600999,2.6053650562136563,18.885078043122533,9.745689750300755,0.0,110.10746684126279,3,1
5,2022-08-08,SNF,0.7125412097430717,3.1400676368963305,1.5298857522342217,3.766900157638231,10.7,4,4.763040225723412,3.8594996883621926,3.5780716412017814,10.739893659076051,3.8662837194100357,0.0,62.81657894699301,3,0
5,2022-08-09,SNF,1.4715183664595506,5.770146806048384,4.624076119547628,1.532999584900758,15.6,4,2.7609251298937494,1.3987504244992348,4.706071376294161,13.615450332892612,10.0,0.0,64.80046766837413,1,0
5,2022-08-10,SNF,4.331945595329424,1.061141516812673,5.871053033475404,3.7788049533481622,17.6,4,1.6359255916095035,2.5683186465719086,3.194699023355703,11.61028402702598,2.8550722351972895,3.207284533573477,77.03690267196053,5,1
5,2022-08-11,SNF,0.05538485448786057,5.362660665393118,4.347717883116259,0.6028543769606538,12.1,5,2.0540890612905347,1.8248940783341114,5.013108554186744,15.171042267479901,8.975740789908038,4.801050271341096,91.47034828024795,9,0
5,2022-08-12,SNF,1.4133739144640434,4.654879525263553,2.988090513517511,4.698386530002492,16.0,4,2.40944645386599,2.1206214378419515,2.0396467932910345,12.856811325728733,8.601184935911117,0.0,29.07587282969662,2,0
5,2022-08-13,SNF,0.8566322407111997,5.0600806601956805,4.385179491591454,2.5159408345757552,15.0,6,2.550595026432331,2.182462111989606,3.9871158764356753,17.22831218736248,5.210666124179543,4.012388868161734,94.70554397866405,4,0
5,2022-08-14,SNF,2.3909260071332605,3.8984637102773467,5.627705361315016,4.855449787184016,19.6,4,1.960516524526791,3.0199789061001034,2.7584057173019985,12.976720659212821,6.668873694883505,0.962606665457078,94.29422998978063,6,1
5,2022-08-15,SNF,1.2764170084284368,6.0,4.259242593024275,4.376652013874571,18.6,3,2.846261289903815,2.1810995067273544,1.8141386788824752,15.340249661323838,8.001192162695776,2.530712914735673,118.00459202209728,4,1
5,2022-08-16,SNF,0.7154187625793296,1.8404246695430118,4.371161338122818,4.7227132303221495,13.6,3,3.2233998349762287,1.5667812498045237,3.094444994800716,15.25456677902876,10.0,6.088364995041434,104.08044096976946,0,1
5,2022-08-17,SNF,1.6807916766242437,2.8763108753241733,0.977208899600611,2.3451731906618294,9.2,6,2.861889427078849,2.0044314499423104,5.133905823188831,11.746711743325669,5.656783535130122,0.0,55.50033409285949,1,0
5,2022-08-18,SNF,1.9051142652706126,5.639474570492457,2.2711180722463897,6.0,18.5,4,3.8292908781899686,1.8649435051347591,5.3453719942778815,19.50692031819189,10.0,2.2440967011289334,75.00768030540169,3,0
5,2022-08-19,SNF,4.11629399944127,4.9239609281182615,2.0634315852553655,0.7386212241247422,13.8,2,2.3880771817418265,2.328237724959153,5.446090744158263,12.552952961168032,9.778189112810125,0.0,80.6152235299649,0,0
5,2022-08-20,SNF,0.44625902178144794,1.4297310505442316,3.720748985018271,6.0,13.5,6,3.8484743017294756,1.8349857646044585,3.25534359255192,11.628788796023116,2.9467197056525665,0.0,91.51707399078818,3,0
5,2022-08-21,SNF,3.962709792438021,1.939203020637121,5.081415530375838,2.15882873206817,15.3,5,4.675609738814571,3.373397828210403,3.9582178275055346,14.972547233146864,10.0,1.6518222451776543,71.60769259950982,4,0
5,2022-08-22,SNF,4.17946467217646,6.0,5.121243205621912,3.2652958247220933,21.7,6,3.5338139140412683,1.814015159861606,2.995192527556501,11.404186465601978,9.319402901635,4.592720876312045,46.21776204806042,6,0
5,2022-08-23,SNF,5.996634959208795,3.806302647815137,4.603313482937976,4.1436630556975285,21.6,4,1.676611369102457,0.5478944441860334,4.495286237766413,11.92969553836721,2.6342011332224384,0.0,120.0,1,1
5,2022-08-24,SNF,1.092013251914758,3.8321920728517633,2.327898449518421,0.8218028657862583,9.4,5,3.9792673586001124,2.6029367746202743,4.207593561000275,14.643025179744146,8.412782808779578,2.983214783468819,105.31717223421836,2,0
5,2022-08-25,SNF,1.9825467950623268,4.319796673391544,4.969824477428677,3.049470049063178,16.7,5,3.7003334408904807,2.717859518476086,4.0867575126476705,13.660339942082649,9.784118093322828,1.8533756283908103,96.44530785158376,5,0
5,2022-08-26,SNF,2.3862904340266615,3.2029520524990573,0.17935533750947652,6.0,13.7,6,4.02943379785178,4.330331735753855,3.4260443620669068,5.968303587572152,5.567941730297892,1.3263126908923342,69.62815310975776,6,0
5,2022-08-27,SNF,1.734905873535165,3.8543472812245976,2.3389456027165347,4.943656867614255,15.0,4,2.058628372076811,3.0974919151684257,1.7528850857649945,13.712537465101859,6.093945832662229,3.094270246874339,74.04173142195047,7,0
5,2022-08-28,SNF,4.885751569205926,4.341401174751989,3.455832829911453,2.3569956829061534,17.5,5,2.5263127115590716,3.070919991417503,1.7338338854588111,16.19607973678853,9.786067631088873,0.0,114.63797794209106,1,1
5,2022-08-29,SNF,2.1840240915418088,2.654580610762414,4.181013390105695,4.135935632809076,15.3,4,3.8996105531493974,1.5070717039270487,4.366621213830215,14.344354831759142,10.0,7.442849338586733,93.13405345944179,3,0
5,2022-08-30,SNF,2.1380147465801334,4.936910641141362,5.089788008140967,5.299775269889996,20.4,4,3.2095842677348783,2.1398846069572506,2.4287428348658446,17.62350589732768,8.321665606579423,0.0,87.82602478642285,4,1
5,2022-08-31,SNF,1.8141039177721927,2.616645897894803,0.0,4.103464737778705,10.0,6,2.5532556152392014,1.3930117459967488,5.009957549488202,14.840629613709677,10.0,0.3608192295059798,86.36355765358492,2,0
5,2022-09-01,SNF,0.6435409052157688,1.4818855693141764,1.790940706988325,4.252927235982964,9.5,3,3.8748185470836467,2.985654378713028,7.034571109925881,13.394517797628,8.211266761776221,4.772299843772929,68.22920003228111,4,0
5,2022-09-02,SNF,3.490321007480755,6.0,2.680402143974017,3.0913422122293257,17.8,4,4.480944179717897,2.1150292674422566,8.128578490831826,10.61298748465722,7.759626634032169,3.3850964439874405,107.270140670233,6,0
5,2022-09-03,SNF,2.505671432036232,4.513636866917388,1.4252958530406319,4.0532078907602145,14.6,5,0.9492795988079126,1.38356054310999,2.112848296032472,12.61617455662158,6.023532701974426,0.475193950533646,35.325419789963874,3,0
5,2022-09-04,SNF,2.998279744750683,3.425795566089291,3.5432362790193976,0.6672086066668659,12.4,3,3.6927719285492953,2.5525818503315127,4.978826043268229,16.6355007140825,6.993173349270615,5.521420737110996,107.16036439870958,3,0
5,2022-09-05,SNF,1.4037205213077062,2.607585441819256,0.013134052405780139,1.4640807873019077,6.4,3,2.49337485204037,0.8560049419216189,1.6160427554583174,11.654631083033568,10.0,9.974593651115159,76.68277185572688,3,0
5,2022-09-06,SNF,5.340251068637238,2.460990815389384,2.615220756603138,4.178187759249718,17.0,6,1.9940401930612621,0.98256759150701,2.9228470807412203,17.09994705687817,3.346199145734031,9.361474725879596,94.45425290792427,2,1
5,2022-09-07,SNF,0.24953034880966452,6.0,1.438025936984752,3.4313618236212737,13.0,5,2.492090652706181,1.3605254969789793,1.910367079296455,7.198355964436333,10.0,0.0,96.88106640440509,3,1
5,2022-09-08,SNF,1.7170598521683473,2.496110118378751,2.8679437551298568,5.121606799385609,14.2,4,1.6566803480672643,1.2065479896534848,2.0960116290950186,11.839228445034403,6.162841014180913,0.9839915315486305,73.16234712728563,6,1
5,2022-09-09,SNF,5.475943506014556,4.926383938278192,4.872810160033721,1.245525407694878,19.3,5,3.11092620720186,1.9442144921379791,3.864465206570242,12.087442914022846,6.18734668649774,2.9961258529322587,89.64570695193477,3,1
5,2022-09-10,SNF,2.7845172446014064,6.0,2.8498881705562256,1.1289526025200989,14.9,5,2.663523906933534,2.0669008759980887,1.2329530904117356,17.504892221230264,8.377227591114863,0.9914528489437753,97.29692743705631,1,1
5,2022-09-11,SNF,2.4483340523094568,3.4857667598381386,0.7075305377935733,3.508856249397188,11.8,1,3.8433932824924044,0.048233638538977885,2.4600812611855294,12.671519386587791,4.335280746253902,6.638791678914938,92.8802876570474,3,1
5,2022-09-12,SNF,1.5198735245427086,6.0,3.7139388514988836,5.146535169682876,19.1,5,2.794092532183704,2.4913836933738045,6.0599757410703905,16.790184901612772,9.554821728978789,4.0663926877813275,88.28709229432896,2,0
5,2022-09-13,SNF,2.802893206974828,4.995591906246885,1.7573891888150626,0.020240082983109142,11.2,1,4.306910510552036,2.7113546503776784,3.9389300486157026,12.85305691381808,6.375053491911154,2.393252679926749,106.75057748515378,2,0
5,2022-09-14,SNF,0.8820829853141274,4.514078036502252,2.5708860903914896,3.226169894261624,13.1,6,4.102447889998009,3.3436798942290054,5.573697890632952,17.537018879371896,10.0,3.0759159056799916,89.74082113389906,0,0
5,2022-09-15,SNF,1.7222212292080148,6.0,2.1887501387795947,5.096252166872719,17.5,6,3.452570977599132,2.400837499523657,2.869449624781768,18.149249391806695,6.71313579758238,3.42222273173648,72.08751680336889,2,0
5,2022-09-16,SNF,1.5555580432712963,4.049088586916142,3.8771079551961454,4.541021759507563,16.4,6,3.198508549256271,3.393988305162417,3.2132258964836655,17.67757763371031,9.036569316132837,0.0,113.18748010890681,4,1
5,2022-09-17,SNF,3.2075729067849315,6.0,4.968413898027379,1.5563792123501465,18.4,4,1.8156806650166761,1.5293297207146213,3.211710009220242,19.434546727828774,5.35756896969371,2.281258222849561,109.19343516721418,6,1
5,2022-09-18,SNF,2.060427160635968,4.442371403463166,2.4036382218259287,4.228834111052146,15.3,5,1.052559404941,1.8090393586531643,4.0673687483355945,19.92496738115031,4.900980348909773,6.452690905718265,50.82827494136373,7,0
5,2022-09-19,SNF,4.198814780199806,2.1865732475804722,4.967792092138609,4.033893061615601,18.0,3,3.7302180553494537,1.928993460750735,4.618182632816859,14.689595500156601,8.251158264415624,0.0,87.56333283420378,4,0
5,2022-09-20,SNF,3.413576710142288,1.5131858852485314,4.55227352966404,4.122425352893359,15.9,4,2.1120610188108264,1.3036484970763493,3.3640040500642043,10.811729550920106,8.943015550245809,0.0914342422971397,46.57011279452743,1,0
5,2022-09-21,SNF,2.564561471155519,5.303548865529164,2.509211299001895,1.7221277213103265,14.1,6,2.3299581979816018,1.7685788987380924,3.845113495281209,17.50974233024705,4.179571954170889,0.0,79.91662036645707,2,0
5,2022-09-22,SNF,0.15981896781155602,3.3475424393603403,3.7746724102770397,5.127449110169971,14.5,5,2.640352377116156,0.7238639603205672,4.837116721523207,17.299392023048874,10.0,0.0,89.24566513731784,0,0
5,2022-09-23,SNF,2.1152352627987954,6.0,2.5029896434597374,3.4560036079141243,16.4,6,2.410893852004847,2.4555987507348918,0.9934854239497862,12.181340720149816,8.476950648142417,0.0,91.6715953718208,8,1
5,2022-09-24,SNF,3.0282270696849807,4.2191535468376395,4.000517481969327,4.749398887704411,18.7,5,4.730207650160452,3.0979613901493637,4.241000108348322,15.595338156225656,5.416124455825271,3.0316229006749347,120.0,3,1
5,2022-09-25,SNF,3.218598194940885,3.7706495961237634,2.8458047320166706,5.804249430147799,18.2,5,3.1535515011112016,2.2758897467622337,4.026490170905686,15.803174906709328,6.769664306958146,3.4234211476875154,82.57244702964398,3,0
5,2022-09-26,SNF,5.681830805872115,3.668658162145707,2.024381667172063,1.2978206602637083,14.8,4,3.891311626459107,1.4622774352093106,3.1652781657999025,13.185287353716244,7.0977268166304635,4.345003665526062,53.419783087154585,0,0
5,2022-09-27,SNF,0.03666495787791346,2.8152129411985465,4.987824610947969,4.405008712696097,14.3,6,1.5935043802716593,0.9132693678800639,4.739731855232872,16.345001119856796,6.467723297539497,2.1938675305647384,68.14557963481624,8,0
5,2022-09-28,SNF,1.6226394394474835,2.693553911102618,3.8344785060680415,4.232009123664371,14.4,3,3.2839803484778365,1.45309676750511,6.086806638810178,9.468656485196004,7.164153088028485,1.9020807647650542,90.60213494195236,4,0
5,2022-09-29,SNF,2.1056354013804124,4.93697004522217,4.661771170806401,3.9127838335799536,18.2,6,5.034029063672545,2.621310596335814,6.551487580267699,9.699613671232852,4.8634761913176385,2.775638693236756,105.5514721843662,1,0
5,2022-09-30,SNF,1.7086474583784244,5.67904399549648,4.440715180897324,1.495354668051947,15.5,5,3.3647652475438856,1.1488522404669472,5.438368783694061,13.284936663210354,2.466211046768908,2.085771418189644,65.38565879102143,7,0
5,2022-10-01,SNF,0.6551931938073912,3.498670639460405,3.9777762582635097,4.602261110415094,14.9,7,2.5748505024028803,1.4710101916519758,5.735465478840676,17.639001516431378,5.730289003248592,0.0,41.14537694213995,3,0
5,2022-10-02,SNF,2.880453592044885,4.251482324433935,5.521246359779903,3.200281888165639,18.5,6,3.828029001769879,1.4191105376547841,4.279169539742577,11.629616613154983,10.0,5.416507263142958,43.83087549353105,0,0
5,2022-10-03,SNF,1.970544079345988,6.0,2.7259278558099367,1.410974237369502,14.1,6,3.850834250333712,0.09162727684060423,5.739003691425235,14.36710125498914,6.057318386840496,1.945124072373229,58.20317969805942,3,0
5,2022-10-04,SNF,2.935316378282158,4.174081494510674,4.259961743445331,3.681597371310491,17.6,6,4.456626339187832,1.9765094385953463,5.193817070541247,12.022345678133611,7.399614027080794,7.759379613757144,84.19028963542296,5,0
5,2022-10-05,SNF,1.1703719392573178,6.0,3.6105784550327003,4.306613374000463,17.6,5,4.552255313028773,1.9319931156584778,6.337527231546019,11.721836943184647,10.0,2.5667120701871364,79.49136481044883,4,0
5,2022-10-06,SNF,4.219090491798241,3.8228934657128413,4.876642068220485,4.333008849061497,20.1,5,3.1630881967871285,3.123559536952591,3.2785356267573036,12.204801814839321,10.0,0.0,46.666314615656006,0,0
5,2022-10-07,SNF,4.556277078123993,5.810278595228704,4.3716214858680935,2.8725062930021883,20.5,6,3.6579540711271705,2.6070617413814166,3.4003691695559306,11.272502063582182,7.17560119900129,0.0,65.80094198552578,3,0
5,2022-10-08,SNF,2.0807529180027355,4.426250009722086,2.40952827333114,2.938482974515547,13.8,6,4.05489907537433,1.9776845595555208,5.176869767151528,16.303823325722384,5.0608676000307575,2.358053153092615,98.16709795631952,1,0
5,2022-10-09,SNF,2.673931847244416,3.115333032146567,1.8178388105346188,5.13514691388426,14.9,4,1.872449776372969,2.490202468462904,0.5325279464537311,9.499875619906131,6.038613787766726,0.358277199241555,100.55738756924838,3,1
5,2022-10-10,SNF,1.5442271120234679,1.0791894706736498,2.32599219870261,4.160498285031743,10.6,6,4.586168589894597,2.147681259414986,4.484820202807155,15.16339216309576,9.084715763990793,5.009662717050306,93.07478218595169,2,0
5,2022-10-11,SNF,1.1310626450190673,6.0,2.776184264696041,6.0,18.6,4,3.7201888685844384,2.321755763252602,6.346399070902758,12.751139048302099,8.731531996773386,2.255101830861877,68.80349699055107,5,0
5,2022-10-12,SNF,3.2734231961406497,3.9654364360233285,3.42312938678457,2.4193499405209193,15.3,5,0.8039433984497544,0.399721818522802,3.1850785594894564,16.705477789591697,5.711552368031217,3.029208248255136,115.05112414350015,5,1
5,2022-10-13,SNF,2.8904102096557516,6.0,4.071789708056034,0.6138059810328502,15.8,7,2.3943451150008106,1.863258539403398,4.91052301373513,10.561605972944934,3.9716745957745836,0.0,84.05944631362824,2,0
5,2022-10-14,SNF,2.308659886882825,1.732680380377245,2.644511542642588,2.376656825752282,10.6,5,4.013546883426592,2.18463455082293,5.518741893624536,8.150977782411907,4.8630242523934335,1.0880187287829268,83.87310005725381,3,0
5,2022-10-15,SNF,1.094297939630057,6.0,4.921442728892158,5.018414684244233,19.9,4,2.618669022226522,3.469731881716658,3.3640527225200354,13.861116645910403,10.0,3.164565782400823,90.4045890321394,2,1
5,2022-10-16,SNF,1.5291012874218017,5.040731023983088,3.591018768860032,6.0,18.9,4,2.844100979114397,1.3991100899542466,2.355802448758186,13.280469115852874,10.0,0.8425130903999634,35.21805576477511,1,0
5,2022-10-17,SNF,3.959338992464877,0.0,1.9637500047768905,4.520395595343594,12.2,4,3.3841461734089755,2.325179759077369,4.78297720402573,17.25427909856519,9.988258412084097,0.0,96.43995516042114,2,0
5,2022-10-18,SNF,0.014658283060448252,5.763319635728288,2.9026386777057436,0.40726747768480354,10.6,5,2.7665630996354382,1.8635148288968355,3.6127606324307946,9.161994437313222,5.524731080767045,2.9669050752688455,115.94231050391363,2,0
5,2022-10-19,SNF,1.3190765867060517,4.578286206132617,4.625220050219356,3.1143575304366475,15.9,2,1.252628660808789,1.5336898906503633,2.22270370262507,12.046885056962578,6.824713944134464,2.272970519726753,98.90185748754628,0,1
5,2022-10-20,SNF,2.043855847585437,5.656180806126644,2.7479001887174643,1.1353438178561435,13.5,5,2.6897066884624663,3.4278288518666273,2.6267355098278538,17.53311925967692,4.831883607547378,1.0128023582922516,97.09097035681839,7,0
5,2022-10-21,SNF,3.5747253434974606,6.0,3.309710944534568,3.3952534763375697,19.0,5,1.6415147349521493,1.9780895714909275,4.095204859917349,12.885026020647397,6.112648298890679,3.0477558089617656,80.66715041884167,3,1
5,2022-10-22,SNF,2.3940631559572534,4.882240825491973,4.5897420297406315,2.1385811900040648,16.3,4,4.430765922317315,2.368389280513896,5.0781496518363385,14.243297319734054,5.905003499119281,2.9642095167852798,101.52573792538695,3,0
5,2022-10-23,SNF,3.849483703743245,6.0,2.242385910103252,2.492234053092425,17.0,4,2.6639853263174063,2.5014407887717436,5.184080281648718,8.165559474588543,8.627946168729308,3.5380048130190875,78.70768385769745,0,0
5,2022-10-24,SNF,2.0968416448316494,5.388305741902646,5.366721586009023,4.145624488028855,19.8,4,4.150297158609777,2.3911924573025747,2.2615085091058313,15.731329641132804,6.42264614954351,0.0,96.07931913250096,3,1
5,2022-10-25,SNF,3.2094445202243502,6.0,3.319003135295964,0.0,14.6,4,2.282965208902284,3.1759852239514927,3.3858495293092523,16.55776662462605,6.366694431478356,1.8899871885362791,61.179511982339186,5,0
5,2022-10-26,SNF,1.8695747374642795,3.653302100242707,4.207776532877453,4.051157132053184,16.1,5,1.8799028412846672,1.3489439509339718,4.239727077626708,18.754962395354585,3.2595976637849557,3.4608681306841658,102.99927463415332,2,1
5,2022-10-27,SNF,3.7346055048496627,2.3655848459979083,2.0376622461208918,4.461409519017131,14.7,5,2.5360377895780704,2.218425641363857,4.323603123856284,16.278401378300593,9.474688971518653,3.3456606999241023,89.90551850948238,2,0
5,2022-10-28,SNF,3.6545165172488874,3.733813472184501,3.7546825395717764,0.0,13.0,5,2.1468879333592223,2.2885429578454843,3.4219373937142272,14.016579985280329,6.445542167418622,7.6441369927919025,74.45485390034081,0,0
5,2022-10-29,SNF,2.2849856162747475,6.0,5.309766310692029,0.0,15.9,2,2.205948523990905,3.7019166685425295,3.6353851931499235,19.25904950980453,7.035899116117331,4.399233669927333,106.97450379061371,7,1
5,2022-10-30,SNF,1.797310251750177,5.675644430238546,5.619269134683105,4.5301469784965045,20.6,5,3.5328973079548125,2.7665287450549862,4.02841449065974,11.643760702361078,8.534068323631555,5.07143073110176,91.44268638191612,4,1
5,2022-10-31,SNF,2.772230308375659,2.8092638227890907,3.9132209573734613,1.0411961866576642,12.3,5,2.4885037871362097,2.0250345035327477,5.538425133522328,11.609331539691526,10.0,3.8129652693481075,71.47657943914741,3,0
5,2022-11-01,SNF,0.2194239154123443,1.350188996285297,1.7681644927705418,5.157955487419667,9.9,4,1.8899301859118052,0.6013006976507747,2.631764696080514,13.598241898646288,7.35044725771217,4.760464005934423,106.3090298803312,6,1
5,2022-11-02,SNF,1.2910950309736897,6.0,2.672347162158652,5.2968450304897114,17.8,4,3.3371104927636543,2.125524962277648,4.039021951279341,11.732054879956122,7.125681723474744,2.1775741629542864,78.3351965793622,1,0
5,2022-11-03,SNF,1.108652220095496,4.428619875674019,2.682601230953959,6.0,16.6,3,3.2148796294446638,2.4813868888612967,2.455890016653334,10.058539540863023,8.180530336384106,4.97008075181465,109.08587421348693,2,1
5,2022-11-04,SNF,4.577254004617156,6.0,1.2489249320082565,4.549927774758965,19.1,4,3.320779259341408,2.0562119054348136,3.2326983942938705,13.700033026932957,6.742386234175501,2.4960683019071315,99.63626634972188,5,1
5,2022-11-05,SNF,2.515241976082039,2.844433411266624,1.8575127555264785,0.6908922153612308,9.2,5,1.3263722951420338,3.015896799874367,4.847442408181822,8.781839103336441,8.735143261333379,7.350838127792484,99.46206352969425,6,0
5,2022-11-06,SNF,4.795022511869563,6.0,4.35835819408618,3.036761987792679,21.2,5,1.9223041787769195,1.6762434174273322,5.47803126574631,17.246825205475123,9.630993395260946,5.427295799973246,63.62724615174653,2,0
5,2022-11-07,SNF,2.1809445296909304,4.395883554827078,3.46564632522512,3.5383073768992737,15.8,5,2.4197082040762248,2.311809891706677,4.756679445368459,19.78452708665331,7.72252786375422,0.0,60.536658419584754,4,0
5,2022-11-08,SNF,1.710791127595106,3.2773447688090753,3.6212723021457944,4.237310673621467,15.0,5,3.1508199109836976,1.4514510015732234,5.204912035692531,15.83894763395726,3.091504198229294,2.125938454206788,70.97460981623583,4,0
5,2022-11-09,SNF,0.3613351000197078,2.6286607476317543,0.7053089943423477,1.4200469682192396,6.0,5,4.643386362121244,2.439025261042473,3.179385683874558,17.245891326984385,6.140316757570554,3.1682103468230367,61.27561645242227,3,0
5,2022-11-10,SNF,2.7675845140181616,5.173485965842857,5.004097619632126,1.9145167870852162,17.3,6,3.800951319098943,2.8831812331341693,5.243065220153742,9.029239980418284,10.0,5.803802739234685,102.43840003953193,5,0
5,2022-11-11,SNF,1.3961354281584086,5.012963448467711,4.46937473021652,1.940513173063565,15.0,4,1.9306919315160767,3.058686675294504,2.7519238601133753,16.082970278223556,8.175980650281307,3.3938596507977272,40.4624312598179,1,0
5,2022-11-12,SNF,3.6528566630392234,2.2445243047468098,0.8568226282882934,4.129668863420364,12.7,6,2.02933456502015,1.5483061100330267,4.989541127619661,6.043811423404764,3.272974035340294,1.6036919681132251,82.60808444275048,8,0
5,2022-11-13,SNF,4.0958244829235335,5.9642484795812445,4.622509978060011,2.9592790665652835,20.6,6,3.9524862486576957,2.011767454203366,4.018481420518261,15.284864579458734,3.394573956736226,0.0,91.11934487576748,2,1
5,2022-11-14,SNF,1.2807298231439717,4.199106068887312,2.7390833526111384,1.189355834358261,11.0,5,5.9012265829042425,1.88372093835119,3.8424887902817297,14.90437718457655,4.769159449039347,1.869948568916321,120.0,1,0
5,2022-11-15,SNF,0.5157308037697568,5.2663437260311,4.743349546477949,4.76941426877721,17.8,6,4.824194572064462,2.1334985875344046,6.489767428396583,14.641582173930525,10.0,2.7670255423729713,120.0,5,0
5,2022-11-16,SNF,2.787587867959427,2.420721128869663,0.728343560044306,4.51821676644617,12.2,4,3.06080962037004,0.6963778564417373,4.426032427574588,10.538912960345874,8.591806392884349,0.0,118.83609695984232,2,1
5,2022-11-17,SNF,1.2435202895551365,4.208111060122825,4.9596014930493695,4.448327525041059,17.3,4,2.118005295935602,1.5241032535061938,3.9809262226099014,18.159365065966437,9.2684213285351,1.6525898448508016,89.3441628640908,2,1
5,2022-11-18,SNF,1.8683676602329973,5.743071684844211,0.3545677037756636,0.0,9.3,5,3.4165658018883116,4.162400104076804,6.116516329264196,4.700685032281486,5.54058867958557,4.472605729574616,87.2443674649595,6,0
5,2022-11-19,SNF,1.2456989758232757,4.128087022376048,3.1655170003022,4.512304363736338,15.2,3,1.302722320793298,2.3661574141172554,3.790997847948384,14.020785784856528,10.0,1.212838499927103,120.0,5,1
5,2022-11-20,SNF,4.440894710672211,5.86448963687582,4.709941455526424,5.9242687447833084,24.4,6,4.390496397975376,2.654531138095492,4.743144149349763,6.921457886748148,7.516169954950537,3.487692081136893,91.11583131393155,0,1
5,2022-11-21,SNF,0.36720467453808947,4.380373637803502,3.6869137612276437,1.410241440560227,11.5,6,3.340107278077884,1.296728788558803,4.483158219123815,11.424454329641826,5.3047800396104785,0.0,61.60374369482478,0,0
5,2022-11-22,SNF,3.67562973258742,1.9214240727868845,3.488411140381575,2.416620901439736,13.4,4,2.10525735660455,1.9081902579080283,4.5024032999639,16.803378117390892,10.0,1.9379889087688968,96.31652384488864,1,0
5,2022-11-23,SNF,1.598471084782259,6.0,3.146356251647452,1.9488710501835147,14.8,4,1.7366561029573293,2.703633635935821,1.1404512381931742,17.46763689632236,3.9207336808393722,2.4083040515477636,85.96612079319499,6,1
5,2022-11-24,SNF,2.647621978379312,2.4395809635853976,2.369655225680975,0.8268719762219139,9.7,5,1.4148456195535772,3.199971244897107,3.2651798716702256,11.113915871280653,4.9315359171314705,4.236655994568504,79.52143604244023,6,0
5,2022-11-25,SNF,2.3800527327933865,3.3498946403329066,4.687703776048753,2.156958047872245,14.7,6,5.052991703964745,1.6793296529682524,3.731527853365551,17.905895189902502,3.710986867588399,2.85701816811219,66.70891856025553,1,0
5,2022-11-26,SNF,1.2483073182437994,6.0,4.707217626079151,5.793944764942436,20.7,7,0.34473476651095636,2.902693346940472,5.0631326012784506,17.139294531094468,8.406797584473463,0.26880083693505386,72.70167191811522,6,1
5,2022-11-27,SNF,2.6148234157182557,3.0642266503358724,3.6336861809659275,2.992666697429307,14.4,4,2.828907150760405,3.024535726837748,5.753637663717143,17.916070568590115,8.007057902633303,5.847966787424468,103.03112703453856,1,0
5,2022-11-28,SNF,3.5671012635326025,6.0,4.119168520061981,1.3455248725291944,17.5,4,3.8728933644101313,1.090542181452778,3.9929281098586835,17.805823238088838,6.908406912285033,0.0,78.32955161517343,1,0
5,2022-11-29,SNF,1.616779351698461,4.023733325246708,1.5337358992299313,1.5006913885737163,10.1,6,2.5321725933442747,3.1241254467399027,2.607237205273349,14.67067976450137,4.786551199956998,1.3065661935466077,120.0,3,0
5,2022-11-30,SNF,3.4435697594194954,2.4983054601668826,4.121881648522624,5.991530568315245,18.7,3,2.7631109094838937,2.2194141801887928,5.558988258268388,17.253147189935014,7.010210934368992,2.2016907956608494,91.11802185279551,5,0
5,2022-12-01,SNF,2.1100928494859534,5.323127997013902,3.7075976723532267,5.421985066137375,19.3,4,4.184727716449564,2.8057370803066624,4.799887998490502,13.950294083614072,2.5175287334312,2.4513454145788716,77.29533726315577,4,0
5,2022-12-02,SNF,3.1351203067859807,5.026340427439589,1.4561656478562917,5.009327813037012,17.1,4,3.0340117134860902,3.065656208189342,2.479209046465278,16.28724201124409,5.713440997573621,3.4124323680225745,72.59862953998746,5,0
5,2022-12-03,SNF,1.227727374043338,4.629367746484106,2.7591041367907523,2.361513697455326,12.8,5,3.910152864253261,1.1099818272313526,5.128764504120453,13.65466674899862,6.596487832003227,5.108237273976024,81.12655665509533,1,0
5,2022-12-04,SNF,1.8008372722061525,3.5951416730416224,4.595951833362442,4.50320907813957,16.9,5,3.0719305693542434,3.0148612013235896,5.45584010737943,18.73766552416973,8.545794152449822,6.067270353576168,40.03589974565869,3,0
5,2022-12-05,SNF,2.288665063232994,6.0,1.854583171740706,4.144606843522119,16.7,5,2.202133667359947,2.656437961119426,2.2357567987379863,13.246587035196537,4.186130718581298,5.173400277848299,114.9590155083082,4,1
5,2022-12-06,SNF,0.9239560936393336,6.0,4.346769928746899,0.6746766962564763,13.9,4,1.3118858538096099,2.131380231345237,3.8055535338761515,15.087482663272448,9.897766510509655,1.223507928473448,81.51039102247245,8,0
5,2022-12-07,SNF,1.33220719478168,5.553704539138582,3.7847180176111546,4.342102401382931,17.5,5,3.5862194177108826,2.163359265555548,3.016965501136637,16.293460729452132,7.5782900899486965,0.0,104.3562912925066,5,1
5,2022-12-08,SNF,2.0075092290171543,4.2147159879764144,4.913128104568722,3.3396094912598873,16.9,5,3.58821006735473,3.7078303799713455,2.4524966919620823,15.135213326361038,6.3980681783742055,0.0,71.10974317339749,6,0
5,2022-12-09,SNF,0.52945457957098,5.34476431432489,4.230887074474083,0.9227415187426311,12.9,6,4.414668536703329,1.9704856777552604,3.6853341271398112,12.617806962022026,8.912076123727772,0.6686697476354508,56.486452912969774,2,0
5,2022-12-10,SNF,1.657603345559917,3.4304156001091988,3.908316371589865,0.0,10.5,5,2.8720379119414337,2.6068968602398237,5.338744366457344,15.673281450873201,3.8475431952488757,1.077375953501173,91.04665948821489,5,0
5,2022-12-11,SNF,1.4755742065187023,3.5267063232309637,2.603642814443499,3.7863374555733627,13.3,4,3.143595485672603,2.2912858268980036,2.790542784309591,16.797823502618904,1.6154903606568167,0.0,101.71206368191591,1,0
5,2022-12-12,SNF,1.2202300958572445,3.0692292588769154,1.4697909918747685,0.9287342401368738,7.8,5,2.396878114280707,1.4256477845905222,4.590584208356777,13.339332811660988,6.635410439959621,2.8168814079339515,58.44872898189864,3,0
5,2022-12-13,SNF,1.6271467695415907,5.686647216998887,4.252465102505845,3.2201265217217907,17.3,5,4.85025332721966,3.3749039211299543,5.607048172582738,15.385610996938802,6.99970111630965,4.359777878918408,93.57803440100642,2,0
5,2022-12-14,SNF,1.9956168410943662,6.0,3.4296871145765673,3.060788799380938,16.9,4,4.223842904197763,1.8683700765751923,2.029186571037836,19.127567773550478,5.26183689428642,4.092064600908379,116.67944945880913,3,1
5,2022-12-15,SNF,0.0,4.805572136211574,3.054638993502012,3.784060575828693,13.6,3,2.4941877135119643,2.818464745917062,1.2619314932914882,17.414475487441415,5.224092621807265,2.8757029790524147,104.35795333643118,0,1
5,2022-12-16,SNF,0.3338506629960807,6.0,0.4151895706193599,1.1105574196576573,9.2,6,3.019941381528083,2.46806289878617,4.5586367860707275,19.596770896097564,4.359089058960836,2.7176080645953724,64.2987455961384,7,0
5,2022-12-17,SNF,2.8601994209062034,4.422300143032955,2.192891617805694,0.6077433857008825,11.8,7,1.9387473552825043,2.099523999666514,2.847317899240164,10.846976268700155,3.858769906520231,0.6087144719629451,85.2776038754864,3,0
5,2022-12-18,SNF,4.147383070302329,2.8397881584554887,3.4410101680880834,4.749188942475957,17.7,5,0.0,3.622863525707465,5.22962318150587,13.376701504796252,9.962002379802689,3.932032855596618,106.6850494328578,5,1
5,2022-12-19,SNF,1.8834802405859519,5.816098639156273,5.412761608602153,0.29082162061601546,15.6,5,2.8043769848295623,0.7926965272945113,4.360953008851947,13.790946740222553,7.4044193003058165,4.366577187480258,75.22829714605098,0,0
5,2022-12-20,SNF,1.7736019912863221,6.0,4.37908981421316,5.498106017097608,20.6,4,3.7129793599336383,1.7299167795161137,3.859987301042222,16.20740409111731,9.662976780341687,3.3446541869097763,42.90791831790989,4,0
5,2022-12-21,SNF,2.0535570781137924,3.6452231529759875,2.410955677800169,5.296604903531705,15.6,5,2.1448393048936536,3.5369104226554673,3.0189948688098656,14.348272133527308,8.724142560506461,0.0,78.76323292712411,4,0
5,2022-12-22,SNF,1.5428630374412413,5.232499599825426,1.7425318534919723,2.502466232524071,12.9,3,2.1309512791252567,0.7692219459398544,3.6687279547811418,12.780427671432456,7.497736374462729,0.0,101.02090721099425,0,1
5,2022-12-23,SNF,0.0,6.0,3.7652860060370807,4.563528359033983,16.7,5,1.9040248873387258,2.084947940364846,2.1739006966624133,13.380168768103873,9.626517352737642,6.123067279203414,95.06550934065326,2,1
5,2022-12-24,SNF,2.474467615028211,4.480172178521154,2.202783049735295,1.6288361174279198,12.6,4,4.059263831726416,1.3001362925850497,3.174883221748822,11.513510807080053,5.346776022506127,3.8399741163016143,27.17697704907486,2,0
5,2022-12-25,SNF,1.3863302818962493,6.0,1.6068857703686266,4.142095154600723,15.3,5,2.8279032337261936,1.86555630507912,4.084053540982206,17.838952334104196,6.674626872114336,0.0,61.460195949490405,1,0
5,2022-12-26,SNF,3.5716104827465975,4.657288723671966,1.9975789118104843,2.390248677531246,14.7,4,3.192693119702255,2.961995096773846,3.1066347305175737,16.462815017652805,6.857546370251162,0.0,101.48242781058985,4,0
5,2022-12-27,SNF,1.4557590490788663,2.495187132176876,2.810687254683288,5.602337325434036,14.4,6,3.778408527104595,1.2588516694491951,2.9851785687331467,18.505563191298698,7.565581886573173,9.261628561760158,96.12225378960066,3,1
5,2022-12-28,SNF,1.3829336827590182,4.592282017718308,3.80234178657892,2.629786690212969,14.5,5,5.876598584491207,3.865942121645369,4.308510145274841,12.206522928982642,6.09935170568622,1.6230370553283437,55.58486677959029,3,0
5,2022-12-29,SNF,0.8275582204454546,3.2733952155306,3.545944409180346,4.959370895655655,14.7,4,2.1778385690187276,3.7422733964013117,6.316482848036021,9.104940929248212,5.358008073177286,2.2628226923263473,75.7465285101087,1,0
5,2022-12-30,SNF,2.6215902304932928,5.194189213516818,1.8063498735285326,0.09809758082265319,11.3,5,1.0672236778905937,1.9583345947258823,6.205997051783608,18.822827463554574,9.8910881215414,0.0,46.402024023913945,4,0
5,2022-12-31,SNF,1.6675150053162384,6.0,1.9489719156042178,0.5733920407477886,11.9,5,3.942194591456597,2.661305274243136,3.0683091597150924,13.913801574650407,6.127022733194341,0.2876288366563182,35.33869248480683,3,0
5,2023-01-01,SNF,4.822357218726686,6.0,2.11033221837174,0.8491736059261397,16.1,2,4.647731186680916,0.6246048594008576,5.544270328300797,15.340595936613402,4.428326926300033,3.33648501030231,105.02890890871466,4,0
5,2023-01-02,SNF,2.546338749678016,4.186486496293847,1.8877937329750467,5.476743622238982,16.4,6,3.7439975387695776,2.567469089174668,2.9189304457156053,14.09383198861568,4.146491866744814,5.9323909343110985,112.61049146213492,4,1
5,2023-01-03,SNF,4.744145549741354,6.0,1.7447205908041519,3.2581763267105246,18.4,1,3.3057991889981495,2.709301376917934,2.665620875069542,10.718088816543249,7.755836753257713,9.198977836357509,85.76138084141519,5,1
5,2023-01-04,SNF,3.816378072439776,2.3468161735826785,4.063735022460209,5.263074281545589,18.1,5,1.927270555356311,0.6242866148272302,5.92115829715745,14.584235924465785,8.482467951646392,1.7750516446079072,52.83568041409975,0,0
5,2023-01-05,SNF,1.8492598812653578,5.466294905316792,2.0673921354513225,2.593272899811989,14.0,4,4.456276682899909,2.0447170494778013,3.0447370852274416,15.668359508464583,3.3435596294085594,2.869175790190276,68.52391100137031,3,0
5,2023-01-06,SNF,1.6032280175337998,6.0,2.9394627459294806,5.2290589825313205,18.4,7,1.7889732050604943,1.3191081849398745,4.279714123946089,11.774711039390166,9.909685221555524,0.0,33.71178894914048,5,0
5,2023-01-07,SNF,0.8025067342161605,6.0,3.6687864499369125,4.479945779024226,17.4,5,3.852541935318405,3.4039593851356176,2.3556485680924424,11.268486571699592,8.139785340272269,1.5810114788093288,114.88912482409982,3,1
5,2023-01-08,SNF,1.5678989980010793,4.492184114631586,4.447520845737236,2.3577084082473134,15.0,5,1.9906222297848843,1.6858116854451346,4.70986040551777,7.866707993946677,8.423283621276509,6.986219769320223,83.8905202479518,0,0
5,2023-01-09,SNF,2.3991790967381523,2.4541665197803635,4.182198783048588,2.1179332045442187,13.0,6,2.723069819306163,1.0829836216268924,2.807019403596817,14.492547260761883,6.775655461319916,5.437232089827753,50.40518231341433,1,0
5,2023-01-10,SNF,0.9315544532657387,1.7804269646377404,4.420343536620986,0.4912182665764298,8.9,2,2.6661484961978386,2.178087393628024,3.7612860656326563,18.097454073144633,10.0,2.7226830478759245,105.94879760254975,0,0
5,2023-01-11,SNF,0.0,6.0,4.322195775427417,2.7419231342719863,15.2,2,3.1703396542768636,0.6805191664869503,5.691955957296626,16.782242258403738,7.631440762272264,2.610859042972012,59.98299877522382,3,0
5,2023-01-12,SNF,2.4608822427821457,1.681501211559975,3.0980378367656907,4.280286206267498,13.4,3,3.458040259416567,2.5819240233966894,3.9672002208555144,12.321428203456918,9.915524184459782,0.0,55.260572016315336,1,0
5,2023-01-13,SNF,1.3179531607974768,2.929358094624071,4.829429039558183,0.48042680563615453,11.2,5,2.8163731802317122,1.4859075277261824,5.446910411442666,12.189893246087045,6.643812294352146,3.1987234299414484,78.89621335462492,1,0
5,2023-01-14,SNF,0.759340350318876,0.33402060667095634,1.8344889911579414,4.581526821004988,8.8,5,1.5703659749019354,1.637649376585813,6.150857732903756,12.379646298471638,7.27252149160925,0.0,95.2794559492028,4,0
5,2023-01-15,SNF,1.8725309979195193,3.8493808787091717,3.2525964740517113,3.0987907850805176,14.1,4,1.4590201542009238,0.0,4.112649734322439,13.988039597673161,4.526629985494883,1.987373248162461,80.6847690005979,7,1
5,2023-01-16,SNF,2.9672598666001604,3.28115402285182,2.2363845658305834,1.3570696470719967,11.5,5,2.6653156402979183,0.5321610319051082,5.699350426745566,13.50389761831129,3.908065839063723,2.9957784700438723,56.55968467338255,3,0
5,2023-01-17,SNF,2.1551602017816593,4.517642081986817,4.449840354924593,2.560842957485224,16.0,3,2.8796375568645467,1.5180965436209013,5.504064875122774,8.319227167897363,6.448668515730587,5.838880392980883,88.3102051454127,6,0
5,2023-01-18,SNF,0.0,1.8396961947267017,4.659554259944592,3.2905512303812063,11.4,4,1.5565740107104422,1.4351275950754454,2.1994950525490458,14.467442456357023,5.00812736384281,5.979000989082227,77.96624083540733,0,1
5,2023-01-19,SNF,1.8407104012867912,0.0,0.0,3.448685649742342,6.2,5,4.927760639292237,3.0630239497645952,4.641410812716281,11.964960659411597,3.4532113930610557,4.361393107946542,80.65800154948249,4,0
5,2023-01-20,SNF,2.1358843947938246,5.6833935961038895,4.8430489048369445,2.7916279680380756,18.0,3,2.679125622747606,2.5214931848302293,5.700454023821176,13.490429180995353,1.931914518416693,3.592187026127988,88.08548800444495,5,0
5,2023-01-21,SNF,1.2936844358802964,6.0,3.2154036916227815,0.0,12.3,6,4.097778914595323,4.806200062347392,3.3633101060964026,15.842735400873712,3.598891222793806,3.5969137551358035,116.62758771604658,4,0
5,2023-01-22,SNF,3.796324359173712,4.488866339198812,3.5355453534758823,5.397336337742317,20.1,5,4.29742801131265,1.4566431206373323,2.6634453938829936,13.289400133786456,6.942181313309815,0.0,105.49889299848888,7,1
5,2023-01-23,SNF,3.1932426841515005,6.0,5.871053033475404,5.395861818542761,23.9,5,3.19208285605381,1.839138125304075,2.4206585795425952,11.386635108097957,8.617426159729662,4.619239100686002,67.9644316955349,3,1
5,2023-01-24,SNF,4.2697052261075195,4.617869143094087,4.755863969084346,3.1356537626547167,19.6,4,1.953755557079785,2.2926734670723303,1.5606304860240074,7.703473673675112,6.732318706488276,2.965071702200142,96.17792647785771,6,1
5,2023-01-25,SNF,1.7008803005855875,6.0,2.239496331590186,2.114934583097193,14.1,7,2.5100176225074726,4.288499711012721,3.020134342057286,17.54738103052805,6.968849993661334,1.6754274509240767,90.2636824616788,1,0
5,2023-01-26,SNF,1.8197875621227888,2.7945311742542636,2.0064400192267677,4.335661215156901,12.8,6,2.793720964978204,1.9095380938758488,2.5435043110297224,2.0157830221067496,8.126167398087667,4.704955806203396,86.22806658179002,3,0
5,2023-01-27,SNF,0.8989563276835526,5.4752939660652125,3.4050757984559974,1.5508315327774538,13.2,4,3.288992284927047,1.6663704927174052,4.075961964575229,13.868268269047812,10.0,3.826445862431433,95.8900424924729,3,0
5,2023-01-28,SNF,1.4767790397920808,1.8931286354945769,1.441124310195466,1.5101715145700763,7.4,8,2.981357658203115,2.193043013963491,4.393031255583399,12.475894635683506,5.965749358926681,5.253172440960295,117.17630861535996,1,0
5,2023-01-29,SNF,0.0,5.69110172583398,2.208474533417464,4.900915235646899,14.9,5,2.8376579672107782,0.838807695900281,2.7226691888507006,14.691907197487453,5.577082711756001,1.9857948408512844,97.3423569868169,3,1
5,2023-01-30,SNF,3.2516062196231608,4.034134637802163,4.626771897182724,5.59783066977061,20.4,6,3.948376033304679,1.5981008068809381,7.448775987493298,12.654802303476583,9.374789834353667,0.0,32.44286679111457,2,0
5,2023-01-31,SNF,0.0,6.0,4.378973906449766,2.4318947595489577,14.9,6,3.3521332654298064,2.820452789585563,4.591094151502076,14.862002490800469,9.368100470607281,3.3834645853730567,67.4136042558629,3,0
5,2023-02-01,SNF,3.5775192219733274,6.0,2.0766490440620147,0.6946301018687842,14.4,3,3.525637337644285,1.5129660720524427,3.2795054205609397,15.39254290939382,5.951870431400232,2.531371914601696,63.210764996876975,5,0
5,2023-02-02,SNF,2.873534113605907,6.0,3.5963292326955116,0.7963401109465562,15.5,3,5.3903155541227505,4.30693753646873,3.482017992712068,13.21984883632128,6.572658911986876,5.128388175176592,62.67841025449754,5,0
5,2023-02-03,SNF,4.429651693195681,5.420976963426689,3.408664419321065,3.2957724436401175,19.3,4,2.9741328814343984,2.1767447819812835,2.326740887646918,18.546359555788175,6.6064400366467355,0.5626554450210302,58.356244048691615,7,0
5,2023-02-04,SNF,0.8204164275876931,6.0,1.005143338746822,5.762468867633512,15.9,6,2.1640243180713994,2.2560074215500627,5.454960186571471,11.922791472650678,7.5739913577755615,7.41525713161543,81.62902792430876,7,0
5,2023-02-05,SNF,3.0728578324181663,4.580142981924325,1.3844435979069252,1.0611080714425496,11.8,6,3.643004729720221,1.9870261871974075,5.6863756429346966,13.37332044913797,6.418763052532429,1.7060208128158578,80.72291458049976,3,0
5,2023-02-06,SNF,3.7965483630324366,4.583587681096937,5.123096524556173,4.465160163115325,21.0,6,3.1911060008692758,1.5274182489187758,5.988742588292094,18.378266674199374,8.785389022542562,1.300222587196581,106.80581608125016,5,1
5,2023-02-07,SNF,4.1771738438807775,4.573559769527064,4.401933687601982,0.3136774728189513,15.7,5,4.433978395523084,1.703967187445745,5.655279721299969,16.667492689807084,1.4343121624125477,4.633732421840436,66.64797377367665,0,0
5,2023-02-08,SNF,2.5806856137316525,2.8195916080841767,3.263536600052016,2.708336943233168,13.3,5,1.4203958409338502,2.0567708422777464,6.574289591898795,13.932465753183985,6.372578864023641,4.6941670589921625,79.5306202910541,2,0
5,2023-02-09,SNF,2.2395761967245233,3.5864474099699466,2.9629862127525075,0.0,10.3,5,1.7725879710424104,3.242508357315009,3.8033177516090797,9.82032863197449,9.276056496409485,3.6249866597706832,92.87902703866253,3,0
5,2023-02-10,SNF,2.617557022663441,4.869244088374257,4.7850435978586665,3.2548376290016923,18.1,5,2.7213065909296725,0.9995412363401851,3.5520136382658127,18.06781190174637,8.39430601971901,1.262120500848532,86.14828975384368,6,1
5,2023-02-11,SNF,2.361008733227902,1.9965368043371674,2.7827100045393847,2.8313743894399312,11.6,6,3.3975259748611593,1.8670771820570946,1.7639977543267866,18.190897033786435,7.758803861727927,2.071188700310756,104.18651093505551,4,0
5,2023-02-12,SNF,1.2194965115508805,6.0,4.510188965747561,2.91957055638258,17.1,2,2.8111357524240828,2.127818875197288,2.2654316482500487,11.463573131656213,4.178061062775875,1.9003162616341898,57.475046619997926,1,0
5,2023-02-13,SNF,1.5295487652213695,4.206095828287251,4.176421373639437,0.9832834851511305,12.7,5,2.4392418788757437,3.1074956248569787,0.7344135730921448,14.100658029638755,7.5965405478799894,3.557565074659585,110.1479493652214,1,1
5,2023-02-14,SNF,2.1483252830960424,5.790871151332562,3.1187420407127235,4.351922970765304,18.0,5,3.4590884688281376,1.8266443619631656,3.0803077574492046,12.855615602304146,4.920875036543766,3.621974923419086,104.5912846941412,3,1
5,2023-02-15,SNF,2.6273692878002137,1.7581144433542166,5.123467951687048,1.546690251765173,12.9,6,2.9973058399254056,1.3999259501311974,2.002183431247528,13.926245986116616,10.0,3.990022403731812,83.50663513349188,2,0
5,2023-02-16,SNF,3.7408874542260353,6.0,2.586943560655465,4.635477724649799,19.8,3,3.1370834878676757,3.144498819311827,5.361951635012975,19.494255556858157,10.0,5.27418644201756,82.7529890740251,3,0
5,2023-02-17,SNF,1.8232731532341588,3.8534286255015266,4.087753340803417,4.0426051524468285,16.1,4,2.494094111970445,2.265676692506112,6.527524244246563,15.491785660094251,8.682298769068325,0.0,51.220149820708436,8,0
5,2023-02-18,SNF,3.578003317523632,5.179293356141823,1.9996750236795102,1.7423665269505477,14.6,6,2.3036908098821063,2.9927417301514074,6.38025643700981,7.929286195946503,6.279731106421741,6.111093848735778,96.64156309710579,1,0
5,2023-02-19,SNF,3.53128116152893,3.5423529609947715,2.9850176520675435,1.2399859770090917,13.2,4,2.499674969427045,1.925782941260125,4.318206392649784,15.650282896210436,7.83975120065875,0.0,77.1885857843209,2,0
5,2023-02-20,SNF,1.8600505234763043,4.84186671295381,4.121006213456994,1.2752081548477383,14.1,5,3.327566553240254,2.7024687214415897,5.491906316525259,15.462998783672282,5.610200576228972,2.884669779616818,81.76543602996732,2,0
5,2023-02-21,SNF,3.3926462212733624,6.0,2.2998422455893963,1.2236480718776876,15.1,4,2.3369426161580265,1.398781921283514,2.472744046183185,15.4686634259271,3.1252067047342225,2.6641373702475795,93.01545909906606,2,1
5,2023-02-22,SNF,1.3626444666486126,4.307268178346868,4.39008804717472,5.27859633045332,17.9,4,1.9589320225484608,3.072119956991176,1.304914155129325,15.809474254716438,8.226659994317078,2.0958596218894057,69.64383159846402,0,1
5,2023-02-23,SNF,0.6826889282573011,4.10874561773069,3.5573127109131866,1.5351076833093935,11.5,5,4.3349628406009355,2.178355355712086,4.179947523674368,16.22716030001804,7.268856971898541,2.331230819490173,120.0,5,0
5,2023-02-24,SNF,3.579249192739363,4.210134696398869,2.0407093120022495,3.768618622164327,15.9,4,1.3496386946310277,1.7880953339440238,3.384317887476252,14.493131051332133,4.84132692898568,3.588982705497069,55.41793384054246,0,0
5,2023-02-25,SNF,1.3317390501847375,4.932076692285298,2.867071709914325,4.949501407029786,16.4,7,1.3176309573786353,2.9680992109680235,1.5113616845825235,9.596345744386857,9.402163097480145,0.0,60.99474870078129,5,1
5,2023-02-26,SNF,2.616455477627604,1.2676614828377473,2.510232585506796,6.0,14.5,3,2.4247206817738967,2.2302644622853887,3.1434866574636,18.646398984233016,7.6338280482326315,1.7692088100741512,78.54533285511674,5,0
5,2023-02-27,SNF,3.1590577194734526,3.4860521871351806,4.243750726970704,2.3267181172977924,15.4,2,2.4591045849782462,0.3071389283965018,2.8416493226285864,11.045400694125915,3.547192348869292,0.0,70.04309953756115,5,1
5,2023-02-28,SNF,0.0,5.0300171799758076,0.5924589747040061,2.7767075347831067,9.8,6,2.5012297108658084,0.522362301124044,1.5537087159533831,14.49428936027732,9.230737139347537,0.0,120.0,3,1
5,2023-03-01,SNF,3.300368127766171,6.0,5.1801547551323095,4.520272880159392,22.2,3,4.27597667034536,1.5548149569658198,4.718919401666125,16.679241814218166,9.069543920989785,1.1585218951930714,52.521717197271556,1,0
5,2023-03-02,SNF,1.4993239147223254,0.0,1.2915204324153668,5.012202475762856,9.1,5,4.923817348496768,2.8814458091843074,4.173379106451169,17.730359814142926,9.376904852644198,0.0,88.6478149023835,4,0
5,2023-03-03,SNF,1.30361200349693,5.067580581758156,5.1694951856746325,2.1645619918654693,16.0,4,3.3049882849878136,1.5479011817571102,2.6774002536460566,14.300018146679713,7.914289733033514,5.0926071899378025,67.15419356147797,3,0
5,2023-03-04,SNF,3.5605704041570796,6.0,3.914815141830969,0.0,15.7,6,3.3637193982455877,1.142513893892298,1.7456700733810782,18.448019931702067,5.418236755718971,2.3054916742298834,101.83812035683003,3,1
5,2023-03-05,SNF,2.655211925583277,4.809264504803649,1.1099421738329807,1.0966805065753873,11.3,6,1.8576588382828008,1.893573751297776,2.1691865852561767,15.290746272862377,6.96130412248539,5.767379943647854,82.48878962019779,1,0
5,2023-03-06,SNF,2.6758936127041903,4.859151827796883,2.8483306223206237,0.38003378500967777,12.6,5,2.030114512997412,2.6587389927965925,3.5249586136375086,17.08322512164705,6.84000310115841,4.10974002973033,104.51200772848512,0,0
5,2023-03-07,SNF,0.0,5.193352286006943,2.421104296269018,0.4176810967726685,9.4,6,4.53069435825461,2.684367111162534,4.53053649603307,9.522338010937034,3.7031242699100444,3.150983982712842,61.471023891227965,3,0
5,2023-03-08,SNF,2.23637178256291,6.0,4.327075853850296,6.0,21.7,3,2.2895610024358874,2.4327839549160144,3.600126739542138,14.435881697269576,6.223362272847741,5.573740330250725,80.20430965599016,5,1
5,2023-03-09,SNF,3.431306399808061,3.700409149209183,3.2422243864880373,0.09944800380605151,12.2,6,0.501722620727919,2.2048731608191363,5.65319923565173,9.326470573523869,7.386112839305605,3.060177665494409,113.44675034364083,6,0
5,2023-03-10,SNF,1.1278043928697374,2.7348566642555667,4.8235693697866235,0.6803942499590205,10.9,4,3.204436571450162,2.3118046373343955,3.8996154503930884,11.876715906968329,3.6025603832194846,0.0,117.78785729291214,6,0
5,2023-03-11,SNF,1.6623002348504579,5.334216489618655,3.8490597830549516,3.472626796654759,16.7,4,2.7731867359769837,1.326717145208728,3.5307973303678444,10.231669600585384,7.682373919564969,2.647160252985327,101.27207620549783,1,1
5,2023-03-12,SNF,3.5257661547320573,6.0,4.591231956744253,0.38117773642784414,16.9,3,2.7071652156660857,2.9594918200459976,4.8469918481531105,11.85111664777755,4.573659396860283,2.461184756992643,83.92652492050745,3,0
5,2023-03-13,SNF,3.840101146404712,1.5021459531577326,3.0876863433434756,3.1866713624121292,13.6,3,1.3183315174669294,3.0722417218729694,3.483632258485576,15.002160804787183,6.465657401335823,0.5975668961282796,99.96730348187518,7,0
5,2023-03-14,SNF,3.080408443053895,3.4144182372227068,3.540813833390133,3.371589225515911,15.6,5,2.07706770697831,2.203164887183566,4.911051950091217,14.60349636622825,9.363433060997076,8.957545447065419,68.68857594258574,3,0
5,2023-03-15,SNF,4.2384635254894025,2.072052620325352,5.594477318423717,5.983400117672678,20.9,3,4.4004947479891445,3.601129862236368,4.46043239295184,17.13290063888113,10.0,0.0,59.21093464005159,2,0
5,2023-03-16,SNF,2.686906096425163,5.228733772374781,1.3279300339213662,1.036833765102402,12.0,5,2.8250697376553586,1.9041179062072353,4.1748504263718695,12.453136521551794,6.000122142311813,0.0,58.03309753640507,0,0
5,2023-03-17,SNF,4.025620885646992,6.0,5.101726909530514,4.4391252666510885,22.8,5,0.7609875410337585,2.8202569207282435,4.344336022169127,16.946144787935268,7.019372856070435,1.75390291487376,120.0,2,1
5,2023-03-18,SNF,1.7557098439386218,4.6489140948813406,2.9861715821513286,2.620213182240331,14.0,5,1.8371886043824692,2.913924804061437,3.3552039598679273,16.471602279869217,4.825962565868253,3.266900589309898,98.28082628647394,3,1
5,2023-03-19,SNF,2.933731957765091,1.8158067388347359,3.884774942380619,1.5633265638071718,11.9,4,1.2639068979156975,1.9838863278278995,6.1991552771612,14.958886750446378,8.410567724415246,0.0,106.22593144492305,4,0
5,2023-03-20,SNF,3.0105959447451487,6.0,3.55058361359936,0.2800449467588737,15.0,5,1.1114916856911323,4.7358153730095776,3.186521616726316,15.762753712717364,6.074759353087485,3.740786144825221,78.0173579246134,4,0
5,2023-03-21,SNF,1.6298559294576436,1.7103888480272111,3.7326138278309737,2.9816692902983433,11.7,5,2.889660204725557,2.413697547099643,5.3611609394996,13.46497392100251,6.760270637290137,3.2987481693849383,101.81422279671968,7,0
5,2023-03-22,SNF,3.8706697939656207,5.327440037401969,1.6049699234221382,4.630197663989632,18.0,4,0.35877364028763525,4.005766215009471,3.6035390589142287,16.39969840574888,8.435259601872918,7.101752791754751,95.82716764032148,0,1
5,2023-03-23,SNF,2.9562220361419285,3.1958940763669688,3.9543291422170257,1.479662836704799,13.5,3,3.5282367028723947,2.0496982271894093,5.619419069821516,16.457353417471893,5.887134956470165,1.6237178435605317,120.0,6,0
5,2023-03-24,SNF,4.417875110711362,6.0,0.7927635256407984,0.5115628869700503,13.7,5,3.2443564356470693,2.664946310286753,3.1729908204706434,15.643358113931871,4.732979489587105,4.4689250642293965,89.37021878660173,6,0
5,2023-03-25,SNF,2.2349193533525384,3.829708137687203,3.4702777823049797,0.35231115178203387,11.5,3,2.1798761759996985,1.6463952072183043,3.945247842310328,12.3040686510266,7.923676006702936,0.054034889474365855,79.44827484478738,2,0
5,2023-03-26,SNF,1.3204194819394686,3.7871771078195735,4.493588403588928,3.1127431943587913,14.8,3,4.045575735121393,1.7111210641315304,4.924122452295377,16.050900164559625,8.019426680130756,4.832242344946992,106.16727623070528,4,0
5,2023-03-27,SNF,2.6144489719581285,3.5766091702766127,2.902630929036573,0.0,10.6,3,4.05925680254484,1.0797582869125646,4.842627992248111,14.887296740965725,6.2432542658761525,2.122734184271492,88.08256695335099,8,0
5,2023-03-28,SNF,0.0,5.228869183943019,0.9449384045390601,1.4423970333417917,8.9,6,3.959189959478034,1.854742762421046,4.948805118171385,13.977910696532806,3.7419618745293146,3.99137704738523,75.89915212532365,5,0
5,2023-03-29,SNF,2.8798045278055397,5.0619313516643745,0.9745130008540297,1.9802051611527367,12.7,4,1.7636656525905887,4.247877444896765,5.356642946480061,15.866736601130818,10.0,7.618131672612046,99.65831019895072,2,0
5,2023-03-30,SNF,0.8871132686546253,1.5361723514045411,4.262554200361233,0.25240202223658903,8.1,3,3.451049780051104,2.4873880666001207,3.5333783131119447,14.918121687177985,2.682678153141594,0.0,62.31707420754585,3,0
5,2023-03-31,SNF,4.574348354301469,6.0,4.3680076660486975,5.188406031835527,23.5,4,2.5199046159982013,3.001456775764403,1.7263854019672138,19.761697729012386,4.499564013026559,0.0,49.288760096896226,2,0
5,2023-04-01,SNF,2.0517672426180753,6.0,2.1061017628046623,2.637753761548608,14.9,5,3.001502084649215,3.257624343361876,5.672991287184509,16.359342036400495,9.502415976951783,2.980404697672231,116.47081262595137,2,0
5,2023-04-02,SNF,2.507142367005648,5.644386068431525,3.170262794671868,2.399689123476887,16.0,4,4.058987874871087,2.2356931321444002,5.429176889176047,12.675332272524754,8.840887963111456,0.0,66.15316363125885,2,0
5,2023-04-03,SNF,1.171349519134829,6.0,2.7256711626569023,1.8179337540812457,13.7,6,4.385249802648027,0.5154553379396942,5.235836586497845,7.236180166055676,5.762307586299143,0.0,73.23631649856833,1,0
5,2023-04-04,SNF,1.1184608807848349,3.5996496700566434,1.984736139871322,2.8672174466633966,11.2,5,4.521431489804243,0.8618583681386052,3.055840258899019,13.764518544704586,8.267540027801246,4.686185335925429,42.48089526053499,6,0
5,2023-04-05,SNF,1.7966552359886725,2.872711102767254,4.186482850494017,1.9874338339271076,12.7,5,1.691391905308996,3.076375828142236,3.9121756290298717,17.795749778708064,9.283069326896639,4.933166746100721,80.70491014603044,3,0
5,2023-04-06,SNF,2.2798040035278317,1.2247191798046477,2.609609688393857,2.652029128333127,10.2,6,2.2325949041788427,2.814714920142743,1.0919952196837839,13.213059077836531,5.014569439904744,3.2106355434749667,117.2959154114723,3,1
5,2023-04-07,SNF,1.6075909071539476,6.0,0.46315238391766367,1.8813270393706536,11.6,6,0.440604481615833,2.4917808378198822,6.004851494108009,11.016980271528377,6.382053745245635,0.0,79.70735768185845,5,0
5,2023-04-08,SNF,1.3748109269903048,6.0,4.323926657998094,0.8207752564087317,14.6,7,4.036796988928061,3.3108247005969735,5.076694818701117,17.895851363629387,6.907924114461774,0.0,98.75345174856537,3,0
5,2023-04-09,SNF,2.3737468614097965,5.080606556780557,5.365907794908678,4.984073954020987,20.8,5,2.534162443925443,2.4240450794704222,2.8693533456879337,12.408223393151582,7.32942198610379,5.099750798631948,99.58607503146561,3,1
5,2023-04-10,SNF,3.4584595963382907,3.2967375579921283,2.565137077326789,1.47859827621282,12.6,3,3.2823614921231146,2.187468856757149,6.260597567196775,17.074042520399253,7.5481056550762125,0.0,76.73093553303207,0,0
5,2023-04-11,SNF,0.8270878279358844,5.768527728742276,3.4039283216424017,0.38439528901538667,12.1,5,5.410090552238593,3.854005945614028,3.6899563808474722,10.781323361898512,7.032301081458128,2.6860934570914994,67.95144915076679,2,0
5,2023-04-12,SNF,5.299570337674018,6.0,2.709274049689328,4.284142210251172,21.3,4,2.3063910695770744,0.751382955647535,3.98869425772846,17.181344311517673,10.0,2.8766833476304856,83.62838576224738,2,1
5,2023-04-13,SNF,1.2314442180635008,0.8008540735489984,4.027635479243287,4.980831117988663,12.9,5,4.007843487289288,4.137007425544903,3.7292392995015344,13.32791805523082,9.41376049787091,2.1533683584330303,39.275198767781525,2,0
5,2023-04-14,SNF,1.592015030865861,2.0185866052941144,2.4964178415123284,1.7175822787389141,9.1,5,1.7352692597407047,1.6449290800409992,5.352047263157419,12.701265052783672,6.216507487335695,0.0,83.94832119437561,3,0
5,2023-04-15,SNF,2.56299889472837,1.3251187695213207,2.229819690606873,5.612220040521642,13.7,4,1.2434636062951339,1.460589456363027,3.17314607532386,13.887885266984997,6.246441743512301,1.6067709658945808,108.60967531716769,6,1
5,2023-04-16,SNF,2.1166892612788213,2.583261327963875,5.612276491859365,5.6983082554827575,18.7,6,3.555115812557609,2.7779509511777363,3.039135494520902,11.026619439772418,9.604801118860388,7.523096245648913,117.91621589783468,3,1
5,2023-04-17,SNF,0.6292976603789623,2.112472252477514,1.6366888707099108,1.0289757664890562,6.3,8,2.8274976468462634,3.974397777483546,2.7360812826907375,8.711590538569155,7.4437610491531325,3.265304833862458,86.4537038126981,3,0
5,2023-04-18,SNF,1.4688570431565888,6.0,1.425015541643834,4.792119914862323,16.0,3,3.1148935739092556,2.3936806971894713,1.9450184414317966,9.107110472159892,7.000871523913501,2.252168193846478,83.24824032892903,3,1
5,2023-04-19,SNF,1.099266883271591,0.0,0.5284033040328389,0.79214332071573,2.8,6,4.170779790237131,3.1205149660361444,3.1635756447582293,15.027191870783135,4.389582775082464,0.4936551992960547,77.00457823393576,1,0
5,2023-04-20,SNF,3.7093978411491904,3.6588181718160966,1.1412881015368677,4.194546025082565,14.8,4,3.7339143768216285,1.72954780089462,3.2688900515545045,16.949072614781965,9.84859158378965,0.0,82.51053621011472,5,0
5,2023-04-21,SNF,3.23547445609798,0.0,2.794507486404791,2.111755223277051,9.5,4,1.8985588435963967,3.1345830678978173,5.435976126042857,15.565323840133432,10.0,4.309638780466008,61.7538639748941,7,0
5,2023-04-22,SNF,4.479810917425004,6.0,0.959615989955735,0.9166332991042777,14.4,3,2.080608001458404,3.4559799644328795,2.822610486388202,10.674994682177553,6.91308308884507,7.668623280890902,88.45038468985136,5,0
5,2023-04-23,SNF,1.722408895840586,6.0,4.673334628348053,1.81423093441498,16.6,4,4.361108087507484,1.9943496599569976,2.9625423753603437,4.872407173009766,10.0,1.9377990015518867,94.53954400602221,4,1
5,2023-04-24,SNF,3.257077916940043,4.65254330216878,2.885694516849563,5.033601787174675,18.5,5,3.459214992541707,1.2792138134822195,2.6375581189908353,15.85544736930728,9.534464935012565,1.6013778181924,115.55995029439804,4,1
5,2023-04-25,SNF,1.479260542409407,3.879930070386016,2.035622455979264,3.8739104099973685,13.1,5,3.1545111838133786,3.31421150445982,3.259337587007295,11.56889132707547,9.764008208214696,3.77383590592778,90.51607396880621,1,0
5,2023-04-26,SNF,2.8329265536680706,3.2935395128970772,4.943725343544548,4.945102683187386,18.7,5,2.900807409395977,1.1203780211086152,2.546332451822117,17.56017606880375,8.60138512072016,4.809522691559444,46.164620093089766,5,0
5,2023-04-27,SNF,2.4210415591840735,5.766443228897064,3.9312891941400867,3.282035290321894,18.0,4,4.2085951867438665,2.504941218771868,4.823714426589415,16.131105128094756,5.318894959469405,2.6079035479662935,81.11982279143615,2,0
5,2023-04-28,SNF,4.586189596469088,5.039648146823831,1.6877918923344486,2.080586635079755,15.6,4,2.2918216782258294,2.9524407518045885,6.809012724582658,17.387748733402425,10.0,2.7731798681647413,61.1611450523405,2,0
5,2023-04-29,SNF,2.2310740420974127,3.9769268956460553,1.1573879592270755,4.78241304133411,14.2,6,1.938988407656101,3.460447295279673,2.8622439334763827,12.996880089570428,4.654614259920801,1.7065651579391146,110.33395521149097,3,1
5,2023-04-30,SNF,2.938868985610363,2.777127341875379,3.4341124006661303,5.977276621374418,17.6,5,2.120636248946921,2.56844515373617,2.1308808755026987,9.338353990185619,6.841934999270075,1.685549914901594,99.53034567635555,1,1
5,2023-05-01,SNF,1.6871934301395948,3.7582400761127484,4.526344173034876,0.910080255972755,12.7,7,4.189660392097834,1.5975603261822977,3.5754732764317856,13.59574632945719,6.090242083257034,6.189871007558881,70.97147267148341,4,0
5,2023-05-02,SNF,4.229056588071055,2.947108380079608,2.5975281998651356,6.0,18.4,3,4.755622633526438,0.6776483077609612,3.9385991788322374,16.048785832098442,9.630899580776221,2.6811770447813497,65.49653483255841,4,0
5,2023-05-03,SNF,1.5998413123537516,1.414771636828562,2.3067800600501176,5.77059230879597,12.9,4,3.1480884607763375,1.2984792964850713,4.89863492255359,10.794908661209963,8.000551044315763,3.9661962116504483,46.22173160496481,3,0
5,2023-05-04,SNF,1.932700260401345,6.0,2.479053028290616,3.174227987485035,15.9,5,3.3760710488146586,1.26775377576868,5.064838730125899,16.523451813081493,8.551430469391594,1.85989119607455,112.16131138782788,5,1
5,2023-05-05,SNF,2.886447105225846,6.0,3.9764612977450104,1.0111317062200036,16.2,4,4.126791872603246,4.140069754374978,5.770457140990508,18.173933775132703,6.323352818316904,0.0,53.60335328278133,5,0
5,2023-05-06,SNF,1.4936091288841635,3.9069733683452403,2.975913162090161,2.9987513123954628,13.3,8,2.8919507943663865,2.145176994604355,2.6747880746589594,17.9482601768931,9.780981240703731,2.1748313003517734,99.67439089685033,5,1
5,2023-05-07,SNF,4.164335748948856,6.0,2.0475312887692727,2.7429406107388847,17.4,4,2.7761900446237915,3.1460690158937425,2.0189254574473554,17.884594728578506,3.6728660035992706,3.706976996925596,30.426308734509497,4,0
5,2023-05-08,SNF,0.934334332662214,4.847284143565696,4.361344878013624,5.483240242751518,18.2,5,3.2652728866821437,1.8436503299304134,5.8088313260827915,14.272544810918209,10.0,0.0,97.32990056681079,1,0
5,2023-05-09,SNF,0.0,4.306289171544508,4.220416505487526,0.5047947164272558,10.5,6,5.705475589449693,2.9905878067916443,1.6072610234008664,6.520543919646616,1.4985314581814215,0.07859681573841071,56.108185014197126,5,0
5,2023-05-10,SNF,3.26663994444847,1.5309677362752416,1.7974927727492145,0.5824655434307286,8.4,4,2.1785417060727656,4.187125039121116,3.5008905606171488,11.544334045918086,6.038014672330549,2.3654786771104312,112.07769474304662,4,0
5,2023-05-11,SNF,1.9459475623678824,5.688294139411565,4.383293140530915,3.114057534708403,17.7,4,3.284993716714575,0.6172467673034103,4.646490977407239,13.217531874941084,7.8536466974701975,0.0,78.35618049385616,1,0
5,2023-05-12,SNF,1.5728086114697262,6.0,3.1826395098035123,2.473952598314972,15.4,5,3.2232216673662353,1.9974479374276555,4.236527304941857,17.63259060868418,6.501168790248357,0.0,101.20490063641721,2,1
5,2023-05-13,SNF,0.8146308622124399,5.787706610157174,2.980084767313119,4.860503628295368,16.9,6,2.7262870296745505,2.7938765100001777,4.449256536002885,11.183138722619502,5.321132552931051,4.704641277409222,88.87070069195265,1,0
5,2023-05-14,SNF,0.5089099695316859,5.060866226217151,0.0,1.3533761927438182,8.1,5,2.094876931188654,1.829497933789992,5.586592638832077,15.911677174884058,4.853809223645965,0.0,61.66903919998583,1,0
5,2023-05-15,SNF,3.0479965080180875,6.0,2.2967696318270323,4.4140986337688615,18.4,4,2.6694965818279606,3.858348607918584,4.456433336259265,15.906018642619467,8.205212800752669,0.0,72.79751346049983,7,0
5,2023-05-16,SNF,1.153607543851506,6.0,1.6304656601694245,3.0295356062703247,13.8,6,3.192374820680206,2.7610350496230436,3.2284503136161415,15.180339490463433,7.767288684495219,0.0,65.08747291482383,0,0
5,2023-05-17,SNF,2.3908496582218692,2.6868888467678764,2.429329390146433,3.1037918869285024,12.4,3,4.314002629306783,2.957584887912303,5.585264238468252,14.14119393435387,9.232113348795465,2.341948111609093,83.15186208364817,5,0
5,2023-05-18,SNF,2.7613788723765365,3.2346644575870718,1.2329835541358358,2.4872842343311397,11.3,5,1.003646067418353,2.3046786628759404,1.1378351267341436,17.293008729037673,5.523494984374718,0.0,56.94777826366919,6,0
5,2023-05-19,SNF,2.2515873146916423,5.8449432179147935,0.0,3.1279492342931334,13.1,5,0.3852865090303048,0.5240931034571339,3.5396774790005114,13.388522277101567,1.8434074993051404,1.7160718334065983,55.65853412310092,5,0
5,2023-05-20,SNF,4.336831660615962,1.7895189924290003,3.716409843766141,2.6762885952241193,14.6,5,3.134708307343018,4.200966203958081,2.200568648852701,8.410079395971756,5.110737038703448,2.016625409794816,65.420909909146,8,0
5,2023-05-21,SNF,2.1977559095195085,4.889909661109834,0.948155937042348,1.1904126056599367,10.8,4,1.496866312485251,2.4922027839333953,6.19018918421333,8.052628760621028,8.521717162437056,8.306193314839735,51.66685999225187,2,0
5,2023-05-22,SNF,2.3395595121012818,4.574686568993222,4.834182061377342,3.763380023039296,18.1,5,2.8529988455071966,2.7052580949004748,5.157232870571552,12.915802264849265,7.902674455683601,3.423678277371946,85.46874053208695,1,0
5,2023-05-23,SNF,0.6318708026271561,4.112104224450862,2.6321173041520667,4.456160883311379,13.8,4,2.3897667556822513,1.6157612318403285,4.9695363454716714,12.421671141126346,10.0,9.81498607305366,57.6543804702839,4,0
5,2023-05-24,SNF,2.7871380218211432,2.8063141848649424,4.004032993891895,4.915585073807236,16.9,6,4.289366750881257,3.528596345835828,3.140805892691618,18.385264648120007,10.0,3.4027637861786855,80.4643854010094,3,0
5,2023-05-25,SNF,4.037727768723984,4.177223869024719,3.5951517702414995,3.448735174587732,17.8,5,2.200905430796946,0.2538218004293791,4.496088909128941,17.133544134198875,8.074494187402667,9.448606181458388,59.18713385089667,6,0
5,2023-05-26,SNF,0.8145856793035933,6.0,0.3871012946958019,0.5895961244522228,9.1,5,2.9602276925233064,3.546225463131499,5.9480898550190755,13.00665695278958,1.066992287489903,3.6387105305467795,67.38053859209366,2,0
5,2023-05-27,SNF,1.4460812483164305,2.448557767434838,1.5256179575441167,0.6178725910842537,7.0,5,1.6801848953359295,0.8928874701876087,6.5952868059343,15.920791811011322,9.635856244555166,0.06440361532309291,48.550782941104615,3,0
5,2023-05-28,SNF,1.1635720080695418,5.31242536087491,4.292573005360122,2.7483832532129773,15.8,5,2.5923676232262824,2.004081209617522,4.601856225269998,9.471525716942999,8.984360389061305,8.270452852165828,99.94994787884437,1,1
5,2023-05-29,SNF,0.8004203180987339,5.616303889140513,3.2911710912434105,3.871815547010576,15.8,4,2.79514427288735,3.605356640786559,3.8698896532881095,12.220859122784978,10.0,0.3206342679487273,95.42872362827971,3,0
5,2023-05-30,SNF,0.8163034018478703,5.710502092496117,2.1826374468054723,1.3353770350356235,11.7,3,4.2427678594939175,3.374014105546151,5.5810950852127235,18.835380136810084,9.370072373780292,0.0,106.067178210582,4,0
5,2023-05-31,SNF,1.2114604091353471,6.0,3.052488198932945,2.721208741673785,15.1,4,4.681667443642024,1.8109339158832563,4.394207136129642,13.836682013188748,5.162240869345458,3.458224069770238,113.39187906063455,3,0
5,2023-06-01,SNF,2.829235297111324,6.0,3.225112925387048,6.0,21.1,6,2.056376435762606,1.9661418424967598,1.8243070943708926,14.12223725229125,8.62009438678769,0.2113849457936423,89.37098671172701,3,1
5,2023-06-02,SNF,4.297864252601734,6.0,4.818328611313184,4.814912034348209,23.3,4,3.0511391856246175,2.6766709587010995,4.180872037713007,13.767766093839727,5.021255807637562,0.0,65.6114210018617,0,0
5,2023-06-03,SNF,0.15994829401741817,6.0,5.871053033475404,0.6432938139871298,14.8,6,1.4948016541823212,3.1138702530712514,3.3916936623844607,13.371884112516268,7.767909513317617,2.7992044336501234,75.46693014629587,3,0
5,2023-06-04,SNF,2.362023980186116,5.593308422441396,3.3045443448926397,1.2606562877638279,14.6,6,3.383102741621688,1.1469395430673444,5.482908321075679,18.82154065080583,4.810709147853611,7.1922723155098005,117.72461148939114,0,1
5,2023-06-05,SNF,1.8464485154994044,2.379067643191104,4.961385709261608,4.011192159680114,15.4,8,2.826991848911656,1.629303296343076,4.8289842925923425,15.514684118583427,9.188728816603984,6.06077982496197,105.47510750517702,9,1
5,2023-06-06,SNF,2.3069471922901297,5.601617885213823,3.509895889484918,2.410872082917077,16.1,6,4.388132327192224,1.1124004726654877,5.061440693286842,18.06384372901914,5.31298255799836,0.7806324692818136,48.40064957123435,0,0
5,2023-06-07,SNF,4.455973688859888,6.0,1.4377847805376913,0.6599454358369298,14.6,7,2.91577167259392,2.874468894187459,5.348762164799416,18.658741600648113,3.890829483266641,5.125951661618703,100.61702328050467,4,0
5,2023-06-08,SNF,2.406160537717977,5.567035824720089,3.4505844916678576,4.0009644416635,18.0,5,3.4309285699201846,1.2944112957753662,2.939281156788584,14.77729877943548,2.769095264231786,4.804517350065681,97.76394738626126,1,1
5,2023-06-09,SNF,0.033796267493337195,6.0,3.2834347188145925,1.59013814310755,12.7,6,3.950869609315526,2.2832888491573735,6.508547644391331,13.306018091355687,8.929794985245806,3.206773935623281,84.74443482686993,3,0
5,2023-06-10,SNF,1.084772184202721,5.962528533100523,1.4992358826968555,2.381031193460668,12.7,5,3.8371870286267535,2.2588246223146475,4.537394690679042,12.033721682303513,7.613396542815463,3.4424956493650347,98.91099444554497,2,0
5,2023-06-11,SNF,3.1422451087050987,1.7923961539562299,3.7487257440022956,5.794192829585768,16.9,8,4.853120323230798,2.5925734082553222,3.754477515613421,15.089811598331321,7.074051809876635,9.26792679994191,101.85992619821343,0,0
5,2023-06-12,SNF,2.050844146356154,6.0,2.1802191528546695,4.615063947037713,17.3,4,2.2835422935380096,1.805728849663263,1.8993824129604777,18.082538846499705,5.184031846187628,5.067539467327367,45.40663860447824,1,0
5,2023-06-13,SNF,1.8851567259194077,5.037738462503571,5.6239755021581175,1.3559889009473398,16.2,6,3.207775873038296,1.6097370219478613,4.522471377378738,18.16869723582119,8.892275203076643,3.480169483076278,81.5492749424879,2,0
5,2023-06-14,SNF,2.514950816803686,3.7388420879625217,2.66077939795794,1.8377251951883506,12.5,2,2.1432095201159025,1.768059662902452,4.888842441327606,18.559559507038895,7.6187231251760394,2.4656153988460505,120.0,4,1
5,2023-06-15,SNF,3.03442977800861,3.00365467509981,3.2925880171625828,5.031275635825706,16.8,2,3.1786701260848655,0.5734929852358363,3.4155890428043185,6.976592045083143,4.6086903266286185,8.248785284138425,96.57397566071728,3,1
5,2023-06-16,SNF,3.540700981788755,4.685502014491645,0.6961897351052868,3.517848977311209,14.5,7,1.8549714942754318,1.5232032395033712,4.5311474468065045,18.06643167982794,5.492798758259497,4.654118129154996,52.118166517324255,0,0
5,2023-06-17,SNF,2.434207103988597,5.95177321357122,2.8064425337116052,6.0,20.1,6,1.2304564657450197,2.1096372135021957,5.330926232124494,13.370843908430686,8.700102796549691,0.3858617475544399,113.01190352435367,1,1
5,2023-06-18,SNF,0.0,5.866641662165374,1.9022056764822695,4.159489532847365,13.9,4,1.373973066445014,2.7007221555911802,3.927496655309778,13.296891456450965,8.502834032837367,3.881504175111609,58.2784056830336,1,0
5,2023-06-19,SNF,0.11326468799892342,3.504377296711638,1.8008180399265716,1.1771518072603453,7.7,6,1.792778161484795,0.5513259988966503,4.2130934475639155,5.648695059501151,8.513409757102748,1.5388585746901402,97.02280018480735,3,0
5,2023-06-20,SNF,1.5088548663321357,2.2148117291062426,1.8078075592912106,0.7703482417872893,7.4,5,2.145600821819716,2.991060868782908,6.895331654649923,11.201769923122281,7.2996998260069255,5.650023695146601,108.91766040717839,2,0
5,2023-06-21,SNF,1.4063920644555237,6.0,2.185500701979118,4.5559930803617865,16.5,3,2.6482749275026327,2.4386466048433206,4.600816362481769,12.602501431379652,8.112846062676214,2.7658565082839552,99.90054062703979,2,1
5,2023-06-22,SNF,2.7998104226100065,6.0,4.068497753236535,1.1315167510380277,16.3,5,3.1059246945192664,2.2238227443207705,2.417306010963147,13.424161684535855,3.794861375828369,2.4411047326448125,74.79081277143945,2,0
5,2023-06-23,SNF,3.538178194160503,6.0,4.4252100556434675,1.8552335900342964,18.5,5,3.670808983395834,3.2873009747418482,4.617079729109236,17.226379844769983,6.162405559932674,0.0,87.99709751836247,0,0
5,2023-06-24,SNF,1.0850799907892617,3.278394573393771,3.672293613959595,4.2296418437180865,14.3,5,3.1912422070416055,3.280800671566377,3.68845279480251,16.65202797329289,4.845508716184309,0.0,117.5706459368142,4,0
5,2023-06-25,SNF,2.5161046256160473,5.310358889141089,5.35477430740344,2.6622579407915947,18.5,3,3.2136206120959683,0.38234286270415807,4.844018116123697,12.573602212273403,6.032791594399367,3.727481465904485,120.0,5,1
5,2023-06-26,SNF,2.45399857165144,6.0,2.495136314959808,2.8753287909994842,16.1,4,1.426160948567405,3.148947598736947,3.0721041179295394,11.693323158009512,6.474164989358726,2.670182856677038,73.76432112367425,4,0
5,2023-06-27,SNF,4.019800093567649,5.436472257952427,3.3022320151449396,5.0672513984184535,20.8,4,2.8291267223553715,1.4002462855521833,3.7201630030046666,13.221641220664246,7.51434843987268,2.9335671324679904,78.82942320488789,0,1
5,2023-06-28,SNF,0.0,6.0,4.328304134646258,4.35063491996247,17.1,5,3.9402613361621657,1.0131788897095522,1.9406761950871454,16.86905264145955,5.543127569270757,0.0,67.01447536850057,1,1
5,2023-06-29,SNF,4.143623681446545,5.989868563750095,1.6056006405310006,1.4884651478667021,15.4,5,0.776483801731875,2.567719694517461,1.4929003039188515,15.522385868547081,8.319217254192235,3.608429769904452,103.43367091633496,2,1
5,2023-06-30,SNF,4.378319800629183,3.2892441479014476,5.003052842721537,4.817246770221912,20.4,5,2.352452950502891,0.9162778569810198,2.8690386258658442,17.13013314222216,9.148958630255255,2.4963949056648476,73.0584900959374,4,1
5,2023-07-01,SNF,0.11219757952719855,6.0,0.08687623011649959,5.769857768459991,14.0,4,5.07142596129703,2.790580225586648,5.167364351661715,14.187237246973172,6.910720926378547,2.531115741186354,52.188250074753945,1,0
5,2023-07-02,SNF,2.846976469521436,5.8886896246115725,2.449121296987581,3.6645876769464705,17.3,6,3.0733770021175224,2.468528725722376,3.3420401067404293,13.038491698184819,3.4426458390648524,2.1291811413694464,43.21262006078991,2,0
5,2023-07-03,SNF,3.954869984554237,3.8356643499396874,4.381136178833073,4.209421896604276,19.1,6,2.0910325284628626,2.9787431257092956,4.335176455463749,14.83550143862035,7.479471402246024,0.0,67.9647009366999,3,0
5,2023-07-04,SNF,2.208237382403447,5.150033504483146,4.4695750075823835,5.6947644201025724,20.4,4,2.767310488339528,3.0971785005329653,4.17883510684717,9.70339438245684,5.757906690285525,2.577401530255032,94.70303069523688,3,1
5,2023-07-05,SNF,1.8493911494948367,6.0,3.3505622379599505,1.4077429796700764,14.7,5,1.960831892858845,3.0666730861678793,3.7947364520432445,18.350579566936645,6.46706976020999,3.270708300342693,70.07566960424005,0,0
5,2023-07-06,SNF,2.4451723918982573,3.1786445789666753,3.33056764990775,5.819747099955903,17.2,6,3.248402863564549,3.196178507778839,4.626585864753341,15.172492366215815,5.641519140633015,2.9162154133355527,66.68453682648406,7,0
5,2023-07-07,SNF,0.15680642233472386,2.677242113447624,2.85303265828329,1.5221878024508413,8.4,5,4.799131429408767,0.7348780041761722,2.3648113050570436,10.289015016763102,3.2344038723073885,1.563699502189396,65.69612541810893,3,0
5,2023-07-08,SNF,0.0,1.44030882709345,4.798314333687207,6.0,14.3,4,1.3274864674935882,1.7854807356934235,5.633897341856816,10.96337824371693,9.536251729959245,7.40977787054779,104.4830997206932,2,1
5,2023-07-09,SNF,2.1667125533555573,4.283788037495872,4.550258863704644,5.349167745809308,19.1,6,3.890426341419387,1.7713763807664125,4.145001390889248,7.380887760245502,5.015971224071901,0.0,92.06789942101375,2,1
5,2023-07-10,SNF,2.816374379386053,4.6836977188146465,3.9140271003692404,4.57975842098507,18.7,4,3.419156006165692,1.8395290055289042,3.591314676187312,18.114285201692493,6.406890853220976,0.0,69.82145420881521,2,0
5,2023-07-11,SNF,1.1145272246486237,4.49598185184208,4.512074386906679,4.690284869998912,17.3,4,1.433374002392291,0.8930228723128367,3.843952202744715,15.825745595005065,10.0,0.8100891780047625,107.13610726834021,0,1
5,2023-07-12,SNF,2.1057537244730744,5.932724912959394,2.048913685910311,0.4485436050703364,12.3,4,3.997798190535029,1.45113424617597,5.494159587488876,13.79631956446358,7.83496867653038,3.8105008267138833,80.59088608908638,0,0
5,2023-07-13,SNF,4.418867774457792,0.9953429300602019,3.5683296014929753,4.402412480631179,15.6,5,3.282422455072833,2.0106204378568147,3.249943947002449,14.482507650076839,9.812186659417883,3.746596167666772,75.2489125496249,4,0
5,2023-07-14,SNF,1.7309350148797182,5.861614045736198,3.2571616228453695,5.856805455627357,19.5,4,3.0864366727689374,1.8432414335639637,4.99968624420775,15.438976079391942,7.021298940301068,0.0,89.42683228377255,2,1
5,2023-07-15,SNF,1.6681665015001466,4.969028896603708,2.765741777167481,2.9627014567024528,14.4,5,2.707337829464558,1.2187046984979126,2.090704576232482,10.752139931251476,9.855800107937608,6.108739632660402,65.50029340736077,3,0
5,2023-07-16,SNF,5.51528650805731,2.6665699540843217,3.3094208074754126,2.7972631544938724,16.7,3,5.135678229012765,2.334161812067321,6.116116715069838,15.818523076125839,9.01868507964008,0.0,39.91290804373352,3,0
5,2023-07-17,SNF,1.3201132574871854,5.592425840734187,1.3658953421526356,0.0,9.7,5,3.1788149448749006,3.373559063991244,5.869434354128937,15.64302710351496,4.081964235147201,3.6628284897084518,111.28793220394913,2,0
5,2023-07-18,SNF,2.014920478734744,6.0,3.047369751273087,4.3233631076729395,17.9,6,2.7597518275624244,1.3775094867686404,3.473653741801252,11.87096120698198,5.158731136900712,0.10905958608857524,66.35005170638338,4,0
5,2023-07-19,SNF,1.4707445290265488,5.242902881270229,2.091304027839101,4.345102124380337,15.3,4,3.5177660774099424,0.8271708696232367,5.40546305063303,15.224964198052112,5.387744818696775,0.6069847127621397,105.27654199650209,7,1
5,2023-07-20,SNF,1.3046279971568189,6.0,2.7228210269059643,2.633684012636802,14.8,3,3.2503072331160565,4.116002935706243,3.893665079780872,12.163090953468183,5.531886729581522,0.0,99.38610501260754,3,0
5,2023-07-21,SNF,3.0039412738417637,3.5924007042982646,3.357931091103077,1.6909024867702074,13.6,2,4.337314829076471,2.603511106113026,3.4067859815842985,14.943975366676792,2.8758593258166387,0.0,93.16254192050236,2,0
5,2023-07-22,SNF,3.058531994561033,2.4428092602003395,1.1473035929688313,3.1509661442089962,11.4,6,2.0484137970283554,1.5229937860710336,3.189346202328536,17.888497365809826,4.788107285499736,3.4911943809620563,83.57707910112288,0,0
5,2023-07-23,SNF,0.8440540049918434,6.0,2.1568081449892427,0.42849288033012645,11.0,3,2.509007932886509,1.39905877493248,4.669535066899234,18.62751983917553,2.605351837732,0.0,120.0,6,0
5,2023-07-24,SNF,4.699250724644873,5.009346177758025,1.0639246914718232,2.1369430479506044,15.1,7,4.527921459485386,2.0276406047657742,1.772983154529891,12.55388909547925,6.390643871907695,2.5477479026521297,69.10646119687317,1,0
5,2023-07-25,SNF,5.420476063349064,4.23894228968434,3.4505538767275037,2.0913137219986915,17.7,2,3.9876409015555874,2.4880915130304615,3.5192303244842194,16.566672840104992,9.087322003149911,0.0,86.37602139329084,5,0
5,2023-07-26,SNF,3.935841593204894,6.0,3.7954620847257194,1.0717203344224508,17.3,5,2.612319746425155,2.3690388035579146,6.512333092727798,16.178985829983727,10.0,3.1951337831922233,85.93662269075638,1,0
5,2023-07-27,SNF,3.972795189556888,6.0,4.45145000641172,4.480199381723156,22.1,4,4.001436192489683,1.4815920029045209,4.550260739700452,10.508443995819762,4.302238856581207,2.9951112154065176,60.36054199869462,1,0
5,2023-07-28,SNF,3.776176881322759,3.3062703164734786,0.8793412223788166,1.5385426366681878,11.1,3,2.2200458997931856,2.7376583467350346,4.1091172521328785,17.028759865909624,3.6602967732939855,4.676042885181513,90.06911959006027,6,0
5,2023-07-29,SNF,1.880424578978348,0.0,1.0295185667044815,2.504522020842214,6.3,5,1.7353868310156233,0.9802353871339746,5.828659005136456,18.321033143642364,10.0,0.07824571163743288,53.143115982414734,3,0
5,2023-07-30,SNF,1.1701995459884666,4.084754507944203,1.6342610551875738,3.9152424951833655,12.6,5,3.9725319197703337,1.087766419370447,2.879178324650992,11.831781483051678,6.222392529738099,7.292757783408432,83.81937949242835,6,0
5,2023-07-31,SNF,0.7313928112663299,6.0,4.866266214156701,1.7195737914318354,15.5,3,3.5670910906571613,0.7552645949313463,3.9730885353600707,18.334064802972826,7.737932424182389,0.0,76.27385787063798,3,0
5,2023-08-01,SNF,3.871166024210278,6.0,5.35389138003338,3.8733601851221664,22.3,3,4.904763006537773,1.088796271554705,3.4607192043513924,16.936573710714967,3.4802225362059453,2.9374795539858027,94.24004534600812,3,1
5,2023-08-02,SNF,2.157583728681106,1.9006983104508457,3.2915873334132844,5.493543896843162,15.0,3,3.2759468513782544,1.1863857842644197,6.115832662757335,17.100591555961305,9.508388305135338,1.6733130149629218,84.13027903910955,3,0
5,2023-08-03,SNF,0.0,6.0,2.9209902059616253,0.0,10.4,5,2.6159350608060716,3.0099262100099624,3.357658791206533,17.58986216076559,4.1719907678310495,0.0,90.85001752036507,5,0
5,2023-08-04,SNF,2.0917143450821167,2.953145824931775,0.36337431673358267,1.9145129098546474,8.5,6,3.761698899207542,1.5084437008719986,3.858601656399326,15.921364704267058,10.0,0.0,73.43693227174391,0,0
5,2023-08-05,SNF,3.3464064770184114,3.0238354592619396,4.075564343806548,4.8084215409394755,17.8,5,2.9750042680699913,2.0821689468221845,6.879867323285658,16.15025606537077,7.631260400454097,3.765690964176627,97.08334326836592,6,0
5,2023-08-06,SNF,1.640949417990742,3.9459835948642756,5.253496091356418,6.0,19.6,6,0.892212335772193,3.437258347871643,5.138951823827217,12.782171866849025,7.3580264654652945,0.0,72.52115762106075,5,0
5,2023-08-07,SNF,1.98050094747158,4.411535803540858,3.2959304595804424,4.139702973074087,16.1,4,3.627270043936776,2.308765184912405,3.2879906990056713,17.129929074531237,8.484996387180615,0.0,79.78627924855462,4,0
5,2023-08-08,SNF,1.703100376250435,4.679116556318256,2.183113993958543,1.3742855397394422,11.6,3,2.682162522670706,2.0249654182295886,4.744067101374132,12.106051297935739,3.949804147662525,3.0661515230875867,74.95733933118711,2,0
5,2023-08-09,SNF,1.8100479263079319,5.561890569429293,3.6334379970619812,6.0,19.8,4,1.7132194858424972,1.8310112220550674,1.591946160020827,13.83616596076271,5.203693795100383,0.0,107.01515166772197,1,1
5,2023-08-10,SNF,2.7771083112963986,5.2614329992326105,4.90602779988084,4.352196965525765,20.2,6,3.299167089769317,2.961110769074685,3.6621698131776306,15.825254898209602,6.679275514305154,6.515863905342311,82.12538676831441,4,0
5,2023-08-11,SNF,2.269950369779524,5.762774833417477,0.0,3.644454459672642,13.6,5,3.4851258231074733,2.7430616290782694,3.9528278391220515,11.915324216544233,6.701944249968084,3.772169079326056,88.57864902048658,0,0
5,2023-08-12,SNF,0.6576694212086668,3.4178236758056784,5.175126454879504,0.976550575697779,11.9,6,3.3981450862959335,2.0580068026828267,4.4039177107719585,17.000231462962276,8.672352218842995,0.0,120.0,0,0
5,2023-08-13,SNF,1.564372773013113,3.6659814305305707,2.2238222171512794,4.995601546663693,14.5,3,3.5113949541105827,3.5129257450584093,5.504693273253032,14.008552862280489,10.0,0.0,89.38133389401162,3,0
5,2023-08-14,SNF,3.4925088042910177,2.5967792383350514,4.825770010251054,1.8782779730136743,14.9,3,2.5229980414907716,3.3613102758227456,6.594255612919325,7.888740570850278,4.273752428348234,0.6256967216093456,61.46161286308789,4,0
5,2023-08-15,SNF,2.8653651171910384,5.9768990370076835,2.407866947856386,4.18698491651943,18.0,4,4.485425353630117,2.9984660324328374,7.088981134331472,17.226801608114123,2.3145476006697083,1.0038770597482398,94.3426352557634,4,0
5,2023-08-16,SNF,2.389553971150561,6.0,3.0546665982502654,3.7499243950964267,17.7,4,3.956846716252848,2.3406323450768496,4.472290690714787,12.807679570076091,5.178109734838037,3.5946512075423036,64.44559301029508,0,0
5,2023-08-17,SNF,2.3148998213414576,6.0,2.4079279139115224,1.7515701877359504,14.6,6,3.9200696458291957,1.7576492332933316,5.087579576628096,18.030183393602176,3.256420760929924,0.7476556111686228,87.53344988851408,0,0
5,2023-08-18,SNF,0.7096331972040759,2.8403083077349836,1.2615015269764738,1.9029093179161727,7.8,3,3.4058810842936733,3.0929239103775097,3.798214017421114,9.95454017149533,8.508234377429819,0.767658912113653,75.56799640890372,5,0
5,2023-08-19,SNF,2.5161913239665727,5.687587868102703,3.0045126046583164,3.3896128869088704,17.0,5,3.456729770196735,0.9981351579613258,2.786416302800741,14.45022212200656,5.440345450507806,0.0,92.91667896442,3,1
5,2023-08-20,SNF,0.0,6.0,2.4004987636891215,4.107042175090605,14.6,3,3.5409094420950202,1.5137846685828895,4.162343358265893,9.391699457641202,9.980999733857882,1.9729453840665747,102.67454491102197,4,1
5,2023-08-21,SNF,1.6662291974282908,4.188000298694376,1.555745336711338,1.958729687557549,10.9,5,2.5066094259135023,1.4850029552799953,2.5259401401282,17.83906907427571,10.0,4.073879540656666,94.86948657301507,4,0
5,2023-08-22,SNF,1.133713280057602,5.401338547887234,2.5352372724299,2.67423944306283,13.7,4,3.9637675668247865,2.0753651111375784,1.4699871339515262,16.183334222705895,6.775936588367734,0.0,98.89567015550062,3,1
5,2023-08-23,SNF,2.0091205113585024,4.391502710857276,3.6083192338322396,2.232742702940782,14.3,4,4.406474781238268,2.0864825933889786,5.786879864668629,17.74778654252347,4.832337668156377,6.599765324859105,99.39886933898273,0,0
5,2023-08-24,SNF,2.341907679293417,4.021787212378056,2.005995031971822,4.861748631189368,15.4,2,5.079613849937291,1.6129316990598728,6.611424215594561,12.467952011835214,5.372677572376109,2.9223950847111455,76.05674086717977,0,0
5,2023-08-25,SNF,2.47393519896251,5.1701940595593046,1.9298788959380575,3.7934576165197433,15.6,6,4.038569884730887,2.894993395995804,5.079795215883204,11.498875353150996,8.598571002584771,5.919961714246446,103.19304417358816,8,0
5,2023-08-26,SNF,2.4094913365615374,3.7440657117753773,4.965731547308845,1.5961193334646198,14.8,4,3.954474195276552,2.9268775691870252,7.167283260436646,9.832327307169525,9.680399615027609,1.9224643892295123,51.05977505985769,3,0
5,2023-08-27,SNF,1.016544499946504,0.0,3.5662348968144104,1.3282603849966295,6.9,4,3.49867473885321,2.8227409542383324,6.65954793433894,17.712406314716418,10.0,0.0,102.48811704912973,2,0
5,2023-08-28,SNF,1.6700834415848458,4.691981213601705,0.9925222554782919,1.45277425328555,10.3,3,3.378677877499673,2.295995837739721,2.8277129379405435,16.105414556584087,7.117144150685518,1.0814597131103394,89.6374985824884,7,0
5,2023-08-29,SNF,1.450888209121194,3.550465866086346,0.0,3.227507402235545,9.6,5,2.779593859580281,3.530335199889132,2.207902766794867,10.596925623483338,4.045242341497699,0.0,108.23646186863482,3,0
5,2023-08-30,SNF,1.4575494415985368,5.610909037568714,2.8273896079389904,5.815400475817379,18.3,5,3.053952284938441,2.8045923913526316,3.6952734648066743,16.669834856802698,8.148324361668871,0.9760978962610023,76.96516858260311,1,0
5,2023-08-31,SNF,1.1749761686211675,2.3659119393551,4.750300396441456,4.2479241312267115,14.6,4,3.1508344301037443,3.4795520037439593,2.655357979629625,12.960663554845238,9.731390714234362,4.657856213892783,84.87557521373522,6,0
5,2023-09-01,SNF,1.4016323420447594,6.0,4.10280879504421,4.9883735610200794,19.2,6,3.476918584809462,0.839706518221599,4.9458353118930605,16.718449807195277,6.749661854660206,2.4793630923756416,87.06532747200214,3,1
5,2023-09-02,SNF,0.8401640584133847,3.685735792286975,0.007596302647173925,2.516912105608246,8.2,3,1.263707821622868,2.0246593654074387,3.9648960279329866,12.562263429347531,6.521078189534642,3.7637963184876115,83.24652954555091,3,0
5,2023-09-03,SNF,2.936688184272002,3.9754238122124814,0.7488808265309281,3.6151585972823397,13.2,4,3.098731913416004,1.6865669348512244,1.3351776739374976,16.681684940874526,4.947197492063827,3.017954836076972,120.0,3,1
5,2023-09-04,SNF,4.058168411389678,5.721775916485516,5.682193792125412,2.2072364170127736,20.6,5,2.167684870276198,3.878010156449291,3.219908384200597,16.450543809583486,9.249356862416157,1.5719057818926183,66.40921075362542,3,0
5,2023-09-05,SNF,3.742317440901548,3.196446863626389,2.247098941267936,1.7968751982696436,12.8,3,3.538354040604525,2.5795118468835785,6.1243922051816435,14.387843332852452,9.085833574941617,0.13451361828682984,38.09104551594017,3,0
5,2023-09-06,SNF,2.789012571109218,6.0,4.449944380831509,3.4242236581036694,19.4,6,4.694531326705897,1.9380283197653925,0.9410018760833341,13.6047871772933,5.276399631545049,1.9481563527364694,110.76225708475954,2,1
5,2023-09-07,SNF,3.32876354248008,2.0376857391067467,2.1139659137149085,5.413282057927521,15.0,5,1.9541542931609788,1.3183066243386141,3.1457445081235256,10.671361553939292,7.06098828130648,1.7734843457269367,81.33799438397126,2,1
5,2023-09-08,SNF,3.156773068011775,5.805791710241579,3.3896714156449885,4.39753894780497,19.5,8,2.78603849827731,2.2046902974210987,4.080788787714743,13.408187483201656,7.28061243456789,0.0,98.3211533130366,7,1
5,2023-09-09,SNF,4.571590207431319,3.779757562891669,4.438036244018992,3.426985806130607,18.9,5,2.7170735255685137,3.864923229775573,5.321167027720515,15.561953018417697,6.224271387411774,2.868823360795793,73.36713495901603,2,0
5,2023-09-10,SNF,3.964588956948031,4.3607759808510105,0.4649144982999287,4.661091757243079,15.7,4,3.083506304193218,1.4411228141804215,2.445161450219118,15.509752381316854,9.571948488653902,0.0,75.75321550756355,4,0
5,2023-09-11,SNF,1.7153899063937361,4.133981989766623,3.6507904076002022,1.3113495170880785,12.6,4,3.020995310564044,4.728074574382634,0.6949271552359261,13.82354735023438,8.506078348840038,9.88025144747461,79.92521685904767,2,0
5,2023-09-12,SNF,2.1347965931376485,6.0,3.030474671949306,3.0688658895682526,16.6,6,1.6820728181431668,1.9351186508768101,1.4204937123622547,8.406124374657214,6.060044069399222,1.2198317816254294,95.14091708499625,2,1
5,2023-09-13,SNF,1.6177892035676105,3.4478826485074787,3.471708047946855,4.102810009471764,14.7,6,3.8609854530888423,2.5584938893902307,2.795361737873276,11.620157473451549,6.828136794915348,2.5262993601244492,92.54686642530396,1,0
5,2023-09-14,SNF,2.4563880849325193,4.263246931849247,5.8682234796212445,4.037445952673874,19.4,5,4.02853432061714,3.0752945840421937,5.516667024946949,14.980637931382098,9.085153828591473,3.7398486797336568,61.8233882204119,0,0
5,2023-09-15,SNF,1.9639388800619595,5.461241059989744,5.871053033475404,4.293370972516419,20.5,4,2.852252330066104,3.270477442451084,3.628769291567567,16.221896426096063,5.835132308756664,0.0,69.11471345195297,2,0
5,2023-09-16,SNF,1.181745442154571,4.279128447840515,2.2395169217907887,3.3739969489982657,12.9,5,5.202024848466433,4.2820610055546116,3.184451321013115,14.373117058677746,2.2421442794876714,1.415076963153421,77.079291490819,2,0
5,2023-09-17,SNF,1.157885408515258,4.939031525829814,3.168489471969228,0.5431713351801619,11.4,6,4.309689908891271,1.7614018634832747,6.752729258334533,16.25371217868071,3.494720291385562,5.303613218270874,73.44805999227411,1,0
5,2023-09-18,SNF,2.4003061563693424,3.859019210712021,1.1955066195242763,3.740348963215067,13.1,7,2.31046431362556,1.5695989927589267,4.949445724258255,10.341423211574883,5.2894180363891685,0.1449845666316225,68.85854155713959,4,0
5,2023-09-19,SNF,2.484844372353657,6.0,2.654373501708826,1.1214599039296127,14.3,1,3.8420800534834245,1.807565284188391,2.73819615550154,12.87512732851832,5.592420584735989,3.0292546242630896,105.6634368438148,5,1
5,2023-09-20,SNF,2.9817980720646906,5.943290193474968,3.8302767994250235,1.7673735842529377,16.9,4,2.7209320359383407,3.2598260924310334,4.993116651708353,12.49634196423386,7.999287554632366,2.545282861653925,78.97626753056126,5,0
5,2023-09-21,SNF,2.5481682722379224,3.444054823620439,0.5082779655550614,1.2918527509922537,9.1,5,4.534873067658172,2.820640084194478,4.524098039471296,12.158726204013512,8.61149193246349,3.6571828586761637,98.68031007979626,4,0
5,2023-09-22,SNF,5.944004178021491,6.0,3.908471250074399,0.9974419483835157,19.7,4,2.95688801625507,0.7975382250295362,4.045799625465256,16.16308371968955,7.076495317291487,2.857757306610947,53.655399623344074,6,0
5,2023-09-23,SNF,2.5536000062248605,6.0,4.40641753021326,2.9596775636964407,18.6,4,3.7298814689238995,2.635066305884464,5.283189137913364,18.056904124926323,6.81976345664571,0.3499880337242458,91.08847793115234,1,0
5,2023-09-24,SNF,2.588667274712626,5.828473817569531,2.939720902605539,3.871633300204121,17.8,3,4.7391352681402825,2.0990732289295035,6.143241063253253,16.17956475607652,6.764039577375282,4.81342177205707,87.98572574420979,4,0
5,2023-09-25,SNF,0.9138261262459466,2.649601769241807,4.679002403543434,1.025808483092849,10.8,6,1.7948886710350647,3.265422407339049,3.6586436121966894,12.762045769286745,5.8907538563494235,4.390312698475853,103.60638976115406,2,0
5,2023-09-26,SNF,3.312440655875277,4.618398624852814,2.5801789847221857,4.788268249261139,17.8,5,2.728282119405543,2.344519707211389,3.7418292013983088,13.41033836750614,5.490246959634918,2.4136973864833338,81.63917276580464,5,0
5,2023-09-27,SNF,4.3394071419098,0.5547019978621792,5.5482721142044555,3.5546447137335777,16.3,2,4.611372281531613,3.1333201276174716,5.346159028959964,12.37986755853369,4.332702121176357,4.1533283007636435,36.73443868218233,2,0
5,2023-09-28,SNF,2.76411186375725,5.493448617201382,1.331214675922796,5.0598782600300725,17.1,4,2.967470575003152,3.394155292055755,4.2594024131270185,16.738056306012368,6.956018534523388,0.0,97.15498102629824,2,0
5,2023-09-29,SNF,0.0,4.935814159961428,5.359454730864851,4.560674835880485,17.3,5,4.386479728211562,1.464109967816287,3.2664013189280476,18.756440329420972,8.99277543206713,0.0,37.97421042179656,3,0
5,2023-09-30,SNF,2.2134865702836284,2.9413971040320543,4.356210184183291,2.133821272082445,13.6,4,1.276972110069754,3.2825962127196817,3.102501497516416,10.652664406427158,9.525053902545741,0.26449609003329,101.35919871950867,2,1
5,2023-10-01,SNF,4.301190372733649,2.3183361459456595,4.858792272657879,6.0,20.4,4,3.6386146985569887,3.4994251044639246,3.6409960480976786,12.768531661021616,4.964137747136417,0.0,47.20358676769554,0,0
5,2023-10-02,SNF,2.7914739163376163,1.5684880903764737,2.3541533931578353,2.65185638886761,10.9,3,0.442254165233946,1.8841510567739623,3.885259258194203,16.013464691811837,4.395931578259966,7.206068543832183,40.35472355164206,7,0
5,2023-10-03,SNF,2.5299386721004797,4.607367440635562,0.0,1.3473134703376153,9.9,5,3.7875041741230397,4.029375521287852,3.120349680227286,13.43066483390243,5.41828968247533,3.115113590935689,78.9819131005298,3,0
5,2023-10-04,SNF,0.23412093543240498,5.784613860362391,1.8708775031977711,3.248962746081653,13.0,6,3.6306854602684373,2.8678565411811814,6.22989132172391,7.294718139490868,9.200519224872261,0.043885440568571354,91.6538554048636,4,0
5,2023-10-05,SNF,0.5427650467882065,6.0,1.1584205965206684,4.225873929142008,13.9,4,4.3760140651812,2.887713574589048,5.475438054368233,14.602355243186684,8.345972654805909,0.0,53.09870810226027,4,0
5,2023-10-06,SNF,3.861077598989231,4.880983301317395,2.2963337811860303,2.3520059870314602,15.6,5,4.436757782988542,2.8343742270496173,2.812482200627481,17.133482449848003,7.454844032134298,4.373568192704326,90.6500512206296,1,0
5,2023-10-07,SNF,3.2815586032291275,6.0,1.798451874337295,1.8737308678558962,15.1,6,2.361886232360752,1.32542657986925,0.9635912758596241,9.288147360693253,5.409543608101468,2.4111307100597807,56.10759622227639,2,1
5,2023-10-08,SNF,2.313960806855611,3.469316409309019,2.2033795937900194,1.9408007601689916,11.6,4,2.8488307281817664,2.251120375271941,4.002506473711962,12.933250176675724,7.824360283308682,2.8493456429994697,45.49592586011607,3,0
5,2023-10-09,SNF,1.2252871838577217,6.0,1.6466124338455912,4.780942552369021,15.9,4,2.6244550792079,3.205229285349904,4.881120603910141,13.084492229508706,8.179946408453043,6.831124567773322,107.99759937715142,4,0
5,2023-10-10,SNF,2.368741862722497,4.1325767331639085,2.4513218973459616,1.5328890212945636,12.2,5,1.7723602104436755,2.471795029779313,3.9168339822918465,16.59564131629912,9.789362686886257,5.542737575526762,94.62291553435863,0,0
5,2023-10-11,SNF,5.996634959208795,2.0632201272843598,4.247205664884174,3.979639769345786,19.0,2,4.228369406368821,2.956479238604164,5.073390677068551,17.343470899572747,8.473049591268126,2.944637139864023,91.91502586082888,7,0
5,2023-10-12,SNF,2.1119232934073118,1.9400512271662769,3.833695074045104,3.2385103311342727,13.0,3,3.453637795540197,2.5531007746144825,5.754333817554346,17.180068890348124,7.025167112035746,3.690671148658782,91.01922911822702,3,0
5,2023-10-13,SNF,1.8694327194720632,0.5517660129477675,2.6083576598147,5.431638713396879,12.2,4,2.7547015670805064,2.9422815607909096,6.328432705102703,6.810942503403486,5.1974778103941075,5.250402473261421,73.49993157788879,0,0
5,2023-10-14,SNF,3.182288540460955,4.544301219231631,3.156832094882058,0.05763348631108167,12.8,5,3.0061383156587933,1.5316693255643006,3.148212114967858,12.99737298161459,9.169988068103974,3.90644366019596,90.54487310953812,6,0
5,2023-10-15,SNF,3.4846041334205644,3.806575079552148,1.36003243038842,0.4207556400133847,10.6,5,1.5790924914259126,3.5361242993245154,2.3099575214828554,10.482953874180026,7.377952541390929,1.9254364799921337,59.075906021605476,7,0
5,2023-10-16,SNF,1.6490837800780422,4.942612033879682,3.80334893507663,2.2028993884113643,14.7,3,4.167699283782708,1.3806010594072413,3.504471439434611,17.302970074863417,4.726371239963796,0.8809607540994244,38.132831167539244,3,0
5,2023-10-17,SNF,2.015055743035328,5.441948418076102,3.5135472853518235,2.07635511522458,15.2,5,2.6437424547638115,3.0883437087522276,3.2968051606047593,15.739199446586088,4.062038544841814,3.4952397167929954,71.65792565420814,7,0
5,2023-10-18,SNF,0.7506158095218973,2.697128560735192,2.635407706287921,1.6411714675911098,9.0,5,2.6480847290643292,3.1644395685915896,4.351930497137298,8.813910098998994,5.520608092777317,6.08947058621648,64.44146053642538,2,0
5,2023-10-19,SNF,3.597446026877953,3.1741280364776028,2.006554485885943,3.875539890653938,14.8,4,2.253859743620125,2.1176210449407744,4.563227195132318,13.302119968109986,9.273016147729143,0.8185938105076698,72.78949938529003,3,0
5,2023-10-20,SNF,2.2422532396273898,6.0,3.614779783643382,2.3903865759289653,16.6,5,3.1077779669476513,0.5187178702768056,4.023772856417447,13.94106134507877,7.978599166804451,1.7149664560283635,85.7397579176048,2,1
5,2023-10-21,SNF,2.9109692276890105,4.757227434013771,1.130310511415466,1.9960386704400854,12.6,4,3.9167611651382868,2.41892801497962,5.295396117208055,15.647121977518118,10.0,8.614435387189848,95.85993000430724,4,0
5,2023-10-22,SNF,0.0,5.160564597108942,5.0014530343546975,6.0,18.9,4,2.00807338807921,4.109422841341117,3.899863377488765,15.6531858823544,6.8380429637794204,1.274008171573756,64.85096244677837,4,0
5,2023-10-23,SNF,1.1395499470084867,3.2260572175773206,2.9256745595800977,3.902630397030985,13.1,6,4.30242151976536,2.940920816742745,4.553321958586544,10.150727128654939,6.4513343368097615,0.8003589559848989,75.17560046308414,3,0
5,2023-10-24,SNF,3.510658347338359,4.634916499361177,2.3954778733470103,6.0,19.3,6,2.67860985776418,2.845234556769852,5.612374471198755,12.763175008155995,7.858676289839579,7.457250624081674,89.72663571433563,6,0
5,2023-10-25,SNF,1.3390876485538203,2.847307813849629,5.277705212307485,4.241025037105413,16.0,4,2.405492894919464,2.2298544329978567,3.5267104871290895,12.109692856571975,8.826925741611639,0.8073907945183318,80.80968814910716,1,0
5,2023-10-26,SNF,4.290596708663962,3.470535647119398,1.8051806514543003,0.493402871965656,11.7,6,3.0723703531614137,1.6708256968807498,3.834813482267829,16.758447580335517,3.478567768565435,2.3634398517291952,80.43130677228808,5,0
5,2023-10-27,SNF,1.789498275043418,3.6183669592775374,5.352660989997357,1.4706307640433038,14.3,5,1.7753760105836158,2.6322272339943416,4.696455355219132,13.457891601104036,5.215564235302557,1.3931290354542836,93.69951048787783,9,0
5,2023-10-28,SNF,0.3618385450502142,5.271726378233687,4.0141981134498685,3.4001814057905357,15.2,4,2.62134846334032,2.3767699022243023,3.1345288636599586,12.580433746507802,5.002795168360651,1.4131759514299818,56.72863631573536,1,0
5,2023-10-29,SNF,5.085074375438117,3.12839963545969,0.5218769768079182,4.032256323404766,14.9,6,2.7966343004739365,2.3149549646223857,4.449582783535196,17.659662442126457,6.943119161526105,7.808345217288285,33.988444707778655,7,0
5,2023-10-30,SNF,0.8501547035056239,6.0,1.0439338163665308,0.6304982585145733,9.9,6,2.4256863315990245,2.3603771951444883,5.028265525041448,10.359894225617996,5.8420234783844895,2.3993458925397118,71.34562944378784,5,0
5,2023-10-31,SNF,4.13531335782527,4.254961063256119,3.1570876734954063,2.268777622370313,16.1,5,1.497417357766119,1.1565757234868634,1.9590920191338241,16.798351075024136,6.332134472571783,0.0,98.42545992514873,2,1
5,2023-11-01,SNF,3.1495573811283784,4.29735048580297,3.6236724571522942,2.5951303678212674,15.9,4,3.8693185723823467,3.528040505251072,5.993540392216749,16.01531675672872,5.622201111372234,0.0,106.98313946298089,6,0
5,2023-11-02,SNF,2.6264104707726386,3.0219749916671645,3.7216516393246986,3.3643290647906294,14.9,5,3.2630001876312553,3.259652647907722,4.77809230624899,17.06655841594039,9.440737620238956,0.6382432205601822,49.76586544439387,7,0
5,2023-11-03,SNF,4.404800825336272,4.351778739000615,3.439373297360159,5.2045405193157706,20.3,3,2.2028701646102418,2.745088911518195,4.519584492931602,16.56664625211378,10.0,7.817783479778054,47.35435077791254,3,0
5,2023-11-04,SNF,0.8323928883851601,3.1479711528017855,3.0418134045870193,2.3156379733783696,10.9,5,3.0161050903612936,1.653480780539323,7.30437873129535,18.30985771615309,7.080398614870895,0.0,60.676864880432724,1,0
5,2023-11-05,SNF,3.5440333325346822,6.0,3.0166419414625896,6.0,21.7,4,2.6411981039927213,2.65869807658509,5.7627789953026936,15.40843737189503,9.401649886369778,0.0,84.54506862723673,5,0
5,2023-11-06,SNF,2.210672881611254,2.013370502608354,2.206213477595731,3.183573432706182,11.2,8,4.338199625766487,2.7308351607077768,1.7519651984450189,15.692506403700175,7.085449261225442,6.288237264970368,88.18947233014507,3,0
5,2023-11-07,SNF,3.306430039814507,4.740825820749001,2.9882401632012154,0.7605539531872668,13.8,5,4.148213491932658,2.871855230069313,3.1648837578254567,12.465759489917502,6.454727697459021,0.0,87.82985870107296,0,0
5,2023-11-08,SNF,3.905185184008588,0.92018083090922,0.0,4.840073423797643,11.3,3,2.768837211890785,0.5534820043835976,3.748616570733004,17.08239949088543,7.0910248500454465,3.4225323047342116,106.93913146120993,3,0
5,2023-11-09,SNF,2.3908443590430553,1.5961544115567419,1.1823450619789324,2.200478834486782,8.6,5,2.5718195913245325,2.2172969817418937,5.244467651154254,14.94565862851153,7.971670579509734,5.4038115525931705,69.24040813513491,6,0
5,2023-11-10,SNF,3.139430900240786,6.0,4.558115280734664,4.979105558940241,21.8,6,1.2474075379290224,1.3369623409491371,4.047302459996662,11.019473030033017,7.20284999577725,2.0244749839922163,119.21503294562254,1,1
5,2023-11-11,SNF,2.9816899084478083,1.706036304924644,4.907463380808823,6.0,18.2,4,1.6845583858117406,1.6959653634496112,4.631490634764959,14.69544449425229,10.0,3.284243799449404,58.43597218451987,3,0
5,2023-11-12,SNF,2.083325836458321,2.9130920651317638,4.823582627867012,2.874109935167712,14.8,5,3.560418255068496,2.834938318983795,6.221525996196893,19.015361828409937,8.925065975840418,1.2666491576239598,63.22995127180983,3,0
5,2023-11-13,SNF,1.205742443789897,0.717079538832234,2.812449435670095,0.9048195784115585,6.6,3,3.538608630990776,1.7109883610317962,4.367988692201419,18.40663721482156,7.002149304713651,0.0,100.37105683071775,5,0
5,2023-11-14,SNF,1.6819288473929621,1.6483789731517164,2.033645750843297,5.161391177215435,12.3,5,4.960338448631952,2.8984861171887526,3.704350483651014,18.24455550701524,5.144136577297277,1.7117681821585737,82.75135477316398,1,0
5,2023-11-15,SNF,2.4165914809711904,5.631387724728862,2.8258885346019023,2.3101251613911424,15.4,3,2.785824443941625,4.199143079734628,5.4311339961841965,12.483389416479653,10.0,0.18550911168653972,83.3302117074952,5,0
5,2023-11-16,SNF,1.522502499836242,3.1287183230682603,2.797075862829988,0.0,8.7,5,2.452606628919454,1.2908606222838197,3.7413652361621814,19.025605235860006,6.216565370103179,4.332228767866164,68.80029010646528,2,0
5,2023-11-17,SNF,3.1156002138553323,0.4373191114047015,4.695307287027124,5.312515759561338,15.8,3,3.530367043359828,3.444426822691284,5.202006562363066,15.860893140616936,9.548907303158487,3.5035489361015566,75.01649286800381,3,0
5,2023-11-18,SNF,2.5543731958833886,4.653012663346367,2.6801924346641273,2.4403298460446132,14.4,2,3.260494203509731,2.985496363624511,3.0915721877757147,8.756659555354437,5.137618131742272,2.095312308166555,62.924101081983665,3,0
5,2023-11-19,SNF,3.5311264255075603,6.0,0.8227563924909027,1.5077132193226819,13.8,6,3.849190529460674,3.1135979345656786,3.3070250991336083,11.653316829482316,9.46268166669294,7.410374294279116,64.89016690092637,0,0
5,2023-11-20,SNF,1.529744834837489,0.9210389941439474,4.396784731291231,5.767125430222935,14.7,4,0.8823846657439023,2.4428768011398754,0.0,9.177960607673706,4.994138923257438,0.009127499204510947,120.0,4,1
5,2023-11-21,SNF,2.437128428151375,3.8856400304585774,5.643788949960996,1.7104975114467562,16.0,5,3.734863272984533,2.5366456392784964,5.1179402737125335,12.52998593534187,9.289989127949596,1.5014669403245557,110.42496535795684,3,0
5,2023-11-22,SNF,3.1459757502890815,5.4520079016114344,4.466188773323242,6.0,22.2,4,3.546547763777769,2.5902464275189363,1.8829915556422223,13.960695886125709,2.134782655161576,3.526747099788549,78.51174585079332,2,1
5,2023-11-23,SNF,4.4214663418230735,6.0,3.4522106345760104,3.172712577979868,19.9,5,4.325202207118399,1.1200697464752736,3.979137664636611,10.677535502310572,5.7156230940117485,3.335827466474072,82.30096092794184,2,1
5,2023-11-24,SNF,2.3301586728803443,6.0,3.5601392438074893,1.512737767935799,15.6,6,1.5961901833145744,3.673662170186378,3.917122489851788,11.556507210718877,7.883803779032965,4.323493405025318,48.80088940571226,3,0
5,2023-11-25,SNF,1.1746333874544541,5.369975705729056,2.886146991393118,1.4097001241529579,12.6,5,2.7437085794976586,4.1056138771457,4.066964522881225,16.01542338812425,6.658690373583621,3.611479553755898,99.66129572488086,1,0
5,2023-11-26,SNF,1.8714766884431902,2.5963470280392396,4.3073406989924905,4.242956377253613,15.2,5,4.5333830934010715,1.483269770282815,2.966331492202469,15.583986870768257,6.008848886526796,5.953367949918078,80.19084599625869,1,0
5,2023-11-27,SNF,3.8735349842478137,2.625381998837388,2.8020336378118698,2.7784647640354945,14.1,3,3.4852571390689002,3.7272838260449213,5.992239747515761,17.458144996145236,6.495383843613961,2.977990023505766,114.13698346182176,1,0
5,2023-11-28,SNF,1.6766746700040165,5.297691824628836,4.460546455718045,2.888136483116753,16.7,5,2.60794227915656,4.041616250670954,3.826230694866175,15.398966144027847,8.208609818498461,1.4070274740059459,71.50574851935838,2,0
5,2023-11-29,SNF,0.0,6.0,0.0,0.4524725011258603,7.5,5,1.917486918116083,2.2843372224274763,4.8032805569585255,13.804910049051111,3.5988081610912563,2.086480452100356,95.15734826995816,2,0
5,2023-11-30,SNF,1.5550361498606686,5.019131543149598,1.248726362122443,4.453447188871922,14.3,3,2.0070233670624824,1.8219822122463807,3.8721358294703467,14.223182957724468,3.570145571275817,4.832962078616815,88.82471386020806,3,1
5,2023-12-01,SNF,4.020089025854689,5.5996153513964835,2.5199397528948366,6.0,21.2,4,2.711115262984377,2.1559961716788845,2.2026758766704795,15.51561794029955,6.958111760326112,0.0,57.805813403590186,4,1
5,2023-12-02,SNF,2.3258303617786087,6.0,4.940336296965323,1.2871033231965474,17.0,3,2.855118275691779,1.629286024752321,2.5667045682895506,8.84856118783803,5.506059017364818,2.068455460503503,45.78886183784392,6,0
5,2023-12-03,SNF,1.8027416456668068,6.0,1.4660854176948392,2.897088209928352,14.2,3,3.4984450918156247,1.485791857547262,5.304378996596002,17.023964727293578,5.906338923876202,0.0,91.66896886754496,0,0
5,2023-12-04,SNF,4.103263671412703,6.0,4.526104850917463,0.4970547051903482,17.6,5,2.153915421880907,3.158311377721699,2.975734269531978,6.845542298198923,6.955310374375747,0.34094534330834403,105.06894039828198,6,1
5,2023-12-05,SNF,3.748307442224639,6.0,4.586976715579668,4.793162459989423,22.3,3,3.490787851890412,3.198143065579364,5.266400352799234,11.211020526579107,9.146644872741208,2.3606102018194868,93.95513739978361,6,1
5,2023-12-06,SNF,1.8444300582891393,4.340118368608495,3.9078326525357023,3.7970985581171792,16.2,6,4.50509970787614,1.7076489409114133,4.555151661741487,15.7549648463753,7.799270073368185,0.0,87.30312407742686,7,0
5,2023-12-07,SNF,2.1291836272352707,4.061723100822021,3.735044409756812,4.155814983620359,16.4,4,1.863785330606495,2.3473548020058117,2.0494994445794648,13.53204128316836,8.74219006267921,1.7890245171871477,95.57990184682293,3,1
5,2023-12-08,SNF,4.657971051128617,5.426933676662153,2.6580944711102683,4.17478049256375,19.7,5,2.288188709839491,4.827072471809421,4.264220863973589,15.078436500995663,8.500130191910841,4.7226069404365205,45.80430390215612,1,0
5,2023-12-09,SNF,0.9721573669592938,2.355155548799776,2.975408908526219,3.3525685866055177,11.3,4,3.950388930640432,2.015685024085821,4.616204000872896,9.873667430542907,6.437016218836955,0.0,70.00742155541498,1,0
5,2023-12-10,SNF,1.7640238561357675,6.0,1.1568003195288463,6.0,17.4,6,4.975696906077983,0.3542683250778891,6.360685450963979,12.443008716826732,10.0,0.0,95.4553625014328,1,0
5,2023-12-11,SNF,1.1670572272065858,3.1680191654726153,3.473259092692267,5.141763003306435,15.1,6,2.5186236307497634,1.4478520372437835,5.317779887754023,7.023132746109052,6.463663566679857,3.168596119811901,87.40099468149602,0,0
5,2023-12-12,SNF,2.59537440748627,6.0,0.39990073513809565,6.0,17.5,6,2.2645972852459826,1.19238652383877,5.990938238731117,17.31005737328399,9.009782440592721,2.2272261164358547,86.01118083170925,6,0
5,2023-12-13,SNF,1.8109116167520647,2.2057033493362135,4.323477590744947,5.234370418865257,15.8,4,2.662569945063428,2.1116247020966337,2.6817765821182786,5.823359231466806,5.070261847192224,0.7479839160550963,99.83022111213967,6,1
5,2023-12-14,SNF,2.165463016637011,6.0,4.884752196697933,2.200220778408874,17.8,2,4.631007523911804,1.1050956648901795,6.185620449143935,16.21426468831914,4.962200074608744,4.019823379773128,76.26121016697105,5,0
5,2023-12-15,SNF,0.0,4.2591289676313675,5.063422708249044,3.622308461139623,15.1,5,4.996970235679628,3.5081727960768836,1.3895057040154193,19.803180321778893,6.971995216418539,3.666324081440559,80.50630317200645,1,0
5,2023-12-16,SNF,3.7137117512165854,4.588792953535266,3.7542693293996785,1.8366307456468123,16.2,4,1.517092949920166,2.0895111424325887,2.637826066588498,18.2144190022778,7.59535525011746,1.2541674068341904,73.37702730180692,1,1
5,2023-12-17,SNF,1.0417879709552484,4.778076426460063,0.3875012510718734,1.7495580426198383,9.3,5,3.7038993404099654,1.7627072814726068,4.660709886996653,16.25626695751035,9.821021199503026,0.0,103.57991205504361,3,0
5,2023-12-18,SNF,2.3129074815124904,3.056686996665328,4.044703550263006,3.2855103005966377,14.8,5,2.6163017698847293,3.0896223121610427,4.821317683603874,13.509405600524108,6.697197759111495,3.674467319315899,116.3211529366563,2,0
5,2023-12-19,SNF,0.575061888478658,2.4726702791372004,1.4927648346273963,2.0988432803120647,7.7,5,2.4168887148122833,0.8928174456899447,4.604752244168575,14.833449920228666,6.077934666271881,0.0,31.274297342061463,4,0
5,2023-12-20,SNF,1.0469236322515911,4.467932883597591,2.9243811936622306,4.739458686220164,15.4,4,3.2599425419997137,1.9636034229394057,3.0789084131599758,16.377599474391292,5.782615179076918,3.309236937807758,46.10522736948534,3,0
5,2023-12-21,SNF,2.2654087085769574,4.171337304353777,1.3604342267930234,2.405048586797389,11.9,5,3.030340729882863,2.3206338692952397,3.9398245296673635,14.088733690916019,5.290626075858577,1.4566291179624675,120.0,2,0
5,2023-12-22,SNF,3.060618356962672,6.0,4.509413932108787,2.9321958698352755,19.3,4,3.0122394936386936,1.7531006782053513,3.4001704816646168,16.247613612767175,10.0,1.5677715782938644,120.0,3,1
5,2023-12-23,SNF,1.9295662744629105,2.7486546148717594,4.60181110137399,5.209265853802011,16.9,5,2.510668851160051,2.350231883993888,3.0459602797404144,16.853852908074604,6.351251548140742,0.1815550379933848,86.45421252413055,4,1
5,2023-12-24,SNF,2.703436479174525,4.011951324093225,2.4552381936066716,6.0,17.7,3,1.823477679910841,1.2453538984021868,7.474682700322932,13.07099544729686,8.051886958795633,0.0,103.01700237799973,6,1
5,2023-12-25,SNF,0.776345442335552,5.628119519456405,4.787406147607838,3.1835052177755454,16.8,5,4.092852070062483,0.7048599867430803,1.9736789936981451,11.601197028687109,5.6125261433946605,7.154488940678772,104.17440752385112,4,1
5,2023-12-26,SNF,0.08714089857963092,5.771489230785489,3.198132462824722,2.8541749353397794,13.9,6,2.659594708489838,2.249054031099348,5.2693985300543735,17.383422279485703,9.772333567088713,3.6933703435191028,81.00521482223346,1,0
5,2023-12-27,SNF,3.2936555365551814,3.12929945955562,3.8388245449952842,4.450504867273716,17.2,4,1.898686024187522,1.6115089646077008,4.242106970321905,12.361393464542893,5.111016558789128,3.7914874450780847,92.6942812365959,0,1
5,2023-12-28,SNF,2.305089661257526,6.0,3.2732471395363207,4.958576034754342,19.3,6,2.33610793499938,1.4550247872408997,2.850950103678925,13.916148917945934,5.802489769755718,0.0,81.35986494301906,1,1
5,2023-12-29,SNF,2.417765035143339,3.6781909119064475,3.121586623525486,0.3288941405971575,11.1,4,2.3256758191774147,2.239817259311468,2.2687416539150917,7.845901606971213,7.7680401100412935,2.59656900885664,48.18064413853733,5,0
5,2023-12-30,SNF,2.3873032963544096,6.0,3.628564045479282,3.3167561743662253,17.9,6,1.0534608073294156,1.5236622895430159,4.796488267942081,15.310202197809677,4.655551342387019,3.544792886027355,90.34771701051802,2,1
5,2023-12-31,SNF,1.9195987583610852,4.46356693680664,2.8519920998528243,4.653731608299739,16.2,7,0.9797380861664134,4.224670368664874,4.768748721618847,15.245045002884536,8.510592554005383,0.0,99.68559127100994,4,0
