facility_id,date,care_type,adl_eating,adl_mobility,adl_toileting,adl_cognition,mds_adl_summary,rug_category,nursing_hours_rn,nursing_hours_lpn,nursing_hours_cna,medication_count,fall_risk_score,pain_assessment_score,resident_census,incident_count,staffing_mismatch
3,2021-01-01,SNF,1.1601355679944487,3.2463387847332923,3.3974899667939,2.205018256841767,11.7,4,0.9525151158551023,2.9711743227904575,0.6418979114240482,16.36925552957398,8.60160138446488,6.510588596188425,74.42143812420488,2,1
3,2021-01-02,SNF,2.3532767392716236,4.148287278499343,3.1158528693845238,4.122317157424248,16.0,2,2.9390777680972335,0.93839466891522,4.288702179203705,12.411073625073536,7.756667397714491,3.2567430092914913,98.17425427668091,5,1
3,2021-01-03,SNF,1.8234986047839277,6.0,3.8658186997456188,1.2093403067185426,15.0,4,3.9157151876154703,2.105660732358352,1.483579631835264,14.773808570290536,7.785215477642937,9.451206278824117,88.00281285313034,1,1
3,2021-01-04,SNF,2.6062744969471177,4.186505407655586,4.676010609262431,1.3450223801684529,14.9,6,4.881961192848923,2.4688739054312134,3.9697702137037085,13.041387241803102,2.8000011193256458,2.23704246454515,120.0,3,0
3,2021-01-05,SNF,2.7124166059661117,2.8664968134203295,1.7985737080608621,4.411844076794862,13.8,5,1.9354359679684134,2.290872797617087,1.8345818710624024,8.502161280806682,3.566433839298598,3.070266108392631,101.53182227964287,1,1
3,2021-01-06,SNF,1.9820616930931791,6.0,2.2187605934230854,3.2635139760096736,15.7,2,3.112983502329489,1.5244111185430935,3.4273440868876555,19.031222209732547,6.861816234482363,3.2123067046655787,75.18023178415197,0,0
3,2021-01-07,SNF,1.6715551749466115,5.360622816988229,2.70326077840397,0.9930773556955166,12.5,6,2.9578938866760165,3.1961471923783167,4.444577006906172,9.466786776839175,6.628280618222122,2.447073696123989,59.58058969432752,2,0
3,2021-01-08,SNF,2.0419833687737268,4.479583565217644,5.871053033475404,4.777822945548627,20.0,3,2.3012511131606916,3.0422819423623024,4.284140372196024,17.564500809832268,7.458588780465966,1.213621113153688,72.12359186133695,5,0
3,2021-01-09,SNF,4.455979840106874,5.977689779213184,1.6386781449394432,5.105453772764285,20.0,5,2.7610712802856927,1.846842134774787,3.916532939582987,15.540772030583895,9.27363567137532,3.2714834251230656,85.84394655462816,5,1
3,2021-01-10,SNF,2.9786314873952895,6.0,2.7329559944626878,0.0,13.7,6,4.532523213692824,4.247308160917303,4.240920356341446,12.638581208998758,5.640322178022888,1.9640772650331826,120.0,3,0
3,2021-01-11,SNF,3.0786379495608496,4.082943228771107,1.4037940756225122,4.4359176264305935,15.2,5,3.5002977462967406,3.173091533894016,2.8514444897203197,7.377399329224127,10.0,9.41022437884445,68.05955880151939,7,0
3,2021-01-12,SNF,2.8296496928945816,6.0,5.871053033475404,3.2134163542482796,20.9,4,1.5040062349996783,1.3334591417072463,5.322662407060551,14.888392190372583,8.714490532316383,6.574114665791948,94.84553810546272,1,1
3,2021-01-13,SNF,0.0,6.0,3.758725751890154,3.9076352559259364,15.9,5,4.353791797309572,3.383750645297833,4.265104595247646,14.335334858686064,5.693988406590052,4.920801666856094,90.72903077372835,2,0
3,2021-01-14,SNF,2.7544384054043274,6.0,2.478069334739402,3.025846405274484,16.6,6,2.3694130620100964,2.5333534499211146,2.3313667380343435,14.527448893020194,4.120578101917581,3.1024759683650887,61.56409138363458,5,0
3,2021-01-15,SNF,2.1336411071972488,4.074505657853461,2.4350347121251543,0.31605594514784524,10.5,4,0.9736541126149687,2.1546736557707007,3.618741878846533,6.547704399281689,6.52910176471315,3.6697843653357953,97.69979649832956,4,0
3,2021-01-16,SNF,1.9273707611174093,4.172358215354699,4.849451160343291,1.3837040899122868,14.4,5,2.2004568719180027,2.5398630067963013,2.3259213693129204,15.58783821556627,7.383358047362075,7.793678748961945,62.47455635312708,6,0
3,2021-01-17,SNF,3.5132408066416114,6.0,4.315951320004593,2.3928960121205045,18.9,4,4.435143764501345,2.2309778040523036,4.481019901273035,17.38376906749015,6.275592893956381,4.250030725560752,68.56255089549823,4,0
3,2021-01-18,SNF,4.0987902061980845,5.832719463629413,1.2693258848334341,3.286660381964458,16.9,4,2.956914968478732,2.569457620276758,1.8859114396139738,9.272225941795124,8.342792217211194,3.0017225803085523,68.16879848439689,3,0
3,2021-01-19,SNF,2.283636331794863,3.5857359076958386,4.149803065380107,3.834462988187327,16.2,5,2.998504935698644,1.542768868510121,2.0276894112076422,14.107241098600253,7.936762178102983,0.0,103.1764326755512,2,1
3,2021-01-20,SNF,2.8360983676843903,4.566939517353752,3.743565337846287,4.116559533297959,17.8,5,3.793653897707783,1.7441043677827517,2.49490215922043,16.42074754016649,6.659153375203127,2.5617989937275674,113.28524998870894,3,1
3,2021-01-21,SNF,3.6435027040018015,5.449073605403833,3.729153302264332,1.7201294900143351,17.0,4,3.0943822711159994,1.4946616628355591,5.045841636293096,12.197731256778026,7.291371923675451,2.0728460516622147,72.1338872349743,6,0
3,2021-01-22,SNF,0.5660761670834245,5.249056363826119,0.8685294074266429,4.101738999446906,12.6,3,2.204804497258208,2.4393506721172185,4.123838240852945,13.122132294752014,4.525523865021631,0.6185457752059351,98.20930374241851,3,0
3,2021-01-23,SNF,4.0421886174496375,5.740957959734482,4.688654695903522,6.0,23.9,4,1.9643404758020875,1.606839353721086,3.6679303142101127,16.349531831623587,8.368107968902446,2.5196444213903417,98.14393449886308,3,1
3,2021-01-24,SNF,3.4549546665886726,4.253282546454984,4.073512957186487,4.857963503163596,19.4,5,1.7524796831975264,2.396345294473752,2.529698917369737,14.835881880678455,4.65343173413619,8.734208966962807,102.94072438611454,5,1
3,2021-01-25,SNF,0.0,3.143017807726319,3.231923975547332,2.475129860964495,10.3,6,1.9473646623987257,2.501339019162014,2.3205380646108464,13.376033475376495,9.384505724345052,3.479881220619326,106.2086919978456,3,0
3,2021-01-26,SNF,1.0379861886689523,6.0,3.840596407087161,4.4075581973277895,17.8,5,2.0885748727958116,1.9894915132314352,5.1503179038744555,15.557172744644134,2.9379660454909025,1.700599982184721,100.8222588556597,4,1
3,2021-01-27,SNF,2.9749590618489714,3.710299291045101,3.3518573756031795,2.9838136880413453,15.2,6,1.4624497010062458,1.2979131461718523,2.075627748894191,15.930833862404125,4.818088775412533,3.7015536768547075,83.00790085466842,1,1
3,2021-01-28,SNF,3.9602596792620757,5.353025531768248,2.2584995582187144,1.9654995097188634,15.8,5,3.748293194684363,3.7244719978676097,2.5189254357156834,9.263068248910681,10.0,0.0,65.83943159204371,1,0
3,2021-01-29,SNF,2.1954989514113348,4.303628611495395,2.6361726699053176,4.457736136957917,15.9,7,4.077545209749007,0.1051698751655139,3.977791686438555,17.752488762251193,6.713504195521159,0.0,90.85080449126244,5,1
3,2021-01-30,SNF,1.8732576317511531,6.0,2.928559138381946,3.7595932188604557,17.0,4,1.7514033772595905,1.7013381148975666,5.048407712840137,17.2835280783513,7.033618557976117,2.446213935984556,88.2317648222591,2,1
3,2021-01-31,SNF,2.8772492827070515,2.8885709251279112,0.6571912925234913,3.3555816399483827,11.4,6,1.6463226226234582,2.3744603329861844,4.64903726491169,13.205045192184606,9.526724686311642,4.904452394504554,77.53405070756031,0,0
3,2021-02-01,SNF,2.491977578029588,6.0,4.850140772564581,3.3139625321941804,19.4,3,3.8539387873270208,2.8448422344997883,4.602981247785409,14.645882029036182,10.0,0.8161705268656627,112.17754474700175,2,1
3,2021-02-02,SNF,1.3673262154264867,6.0,3.6164546974047447,0.851069045860268,13.8,4,3.1056811780961127,3.688822406452792,2.7628052368162392,10.589252107452019,8.210792152241357,6.061851833529565,72.97957672006129,3,0
3,2021-02-03,SNF,3.5370259979385352,2.690694488173465,1.8550911972755801,1.294491023383297,10.9,4,3.474845038358377,2.579021207269722,4.43626453733385,16.027108916991867,6.413529143968842,2.9836505246208214,72.97253073569067,1,0
3,2021-02-04,SNF,0.8953843783526765,5.164024382209512,3.706464608680053,4.211368098526185,16.3,5,1.8480427886635327,2.9955209456136087,3.8676198206436556,15.164043447664971,7.051025080196636,0.0,73.62325095371583,1,0
3,2021-02-05,SNF,2.2856205439996327,5.610847542959828,1.5405390215861279,1.8874693462437688,13.2,6,3.1669568715533507,3.5876407566720165,6.388989333937498,12.470576419166834,5.940215795353019,0.0,54.845728639447316,5,0
3,2021-02-06,SNF,3.445843788453706,4.7369018926592386,4.151276565994709,2.3490093450821874,17.1,3,3.9112795774743647,2.9078703148825156,4.205675705808269,17.126504091582735,5.8962043284010015,0.0,83.25471341882798,6,0
3,2021-02-07,SNF,1.0720615738993817,5.2815050134630095,3.285336148510263,3.1272529088523644,14.9,5,1.6859772206223822,1.8440243394849662,4.710958765887268,16.47810673397626,8.209459150288186,4.706393944668866,41.57652817338262,5,0
3,2021-02-08,SNF,2.59348191932667,2.9223667392481505,2.7786178151645737,2.895936662026783,13.1,3,4.651528414601771,0.4332347924350225,2.6871969036156127,13.564548318701494,5.208288440702639,2.7058349580564727,93.3006791539236,6,0
3,2021-02-09,SNF,1.8881868161051432,5.217980740222543,2.9865425824121905,4.547685315189618,17.1,6,3.8640426429686165,2.4353744166367526,4.09814530333461,17.389153285623827,6.40386894758302,1.4093988503123085,73.69685532106554,3,0
3,2021-02-10,SNF,1.339637097694281,4.653011943812265,4.216282241492881,4.749749399419471,17.5,4,2.954408524183541,1.416621058256065,5.220782008168632,9.668780398863875,8.240747212135908,0.0,74.33296138272239,2,0
3,2021-02-11,SNF,3.701042171697778,6.0,3.3987561323262065,4.3068777792964035,20.3,3,3.5166888611571503,0.9805956782563301,5.725495201164167,12.085999734365856,8.889613592805123,6.832196312143185,48.4257651487782,6,0
3,2021-02-12,SNF,2.6805519268118108,6.0,2.0010171934423484,2.046823448561684,14.8,7,3.7187432414307158,3.6394685519112047,2.922629406324011,14.202846131092482,7.706815044985055,4.911642524224165,120.0,1,1
3,2021-02-13,SNF,1.7122059832138827,2.990674378755203,1.5879594588545025,2.589636697632618,10.4,6,5.080932706708855,2.8335386964031595,1.351743598315013,9.538999553295833,3.197376148857595,1.4596212153304697,87.84165329284956,4,0
3,2021-02-14,SNF,1.9362808003753238,5.746581875948971,2.4605149785304694,2.265560281332071,14.5,6,2.665020345444362,0.09898714181173862,4.7451586716864025,14.15884609616109,7.118070222652723,0.0,102.27023348933051,5,1
3,2021-02-15,SNF,2.180903044691072,3.902351954871008,0.9177205018540057,4.028042174868452,12.9,3,1.9450797492591487,2.1417336179501407,2.555269189070671,14.510536184318955,8.451238676591142,0.0,72.04708482799788,4,0
3,2021-02-16,SNF,2.2479093817844857,2.720132358101069,3.3858517325531556,2.3899443662443822,12.5,3,3.8614403683844505,3.2368367315337583,4.332752712904037,15.52673338836407,7.9733359052659845,2.533448356265812,76.60518747873988,5,0
3,2021-02-17,SNF,0.8434342573620788,5.059071004524213,2.2659767552543206,0.6461504424335636,10.3,3,5.177058515964237,3.2845862890617483,5.752859184345157,15.928782409505699,6.174754757383747,0.0,120.0,7,0
3,2021-02-18,SNF,2.693753063645467,4.557492801343205,4.267646097510392,5.504642141518081,19.9,4,3.3620350835942507,1.78169828159518,1.4714977976955563,9.338362409538313,10.0,0.986628459156274,76.59926656924286,1,1
3,2021-02-19,SNF,2.619385951900222,5.8294746570272125,0.5047958589173179,3.0424839165966167,14.0,6,5.114858992117383,1.9813950645065785,2.7436403043625734,6.411274749763961,2.418913546510026,0.0,108.254859001755,2,0
3,2021-02-20,SNF,2.8108641666806524,6.0,2.3043312960188738,4.255167603317615,17.9,5,3.4787019500208274,1.9720840518879545,6.215519640762415,15.223047023054392,7.5709378156233225,0.4100603435913701,78.32611096074552,3,0
3,2021-02-21,SNF,2.090345901451861,4.1266487005272925,1.9938376323528721,0.7638605279182863,10.5,5,3.9469015522325583,1.1566919801884379,6.14657691086855,15.086951903014542,6.980565864307518,1.2647232053367197,41.80361161305317,4,0
3,2021-02-22,SNF,2.78040732958543,6.0,1.8684657916000518,4.45625887712993,17.6,5,2.237607553954334,1.8788110028932032,2.941806998921533,17.0144554301486,10.0,3.3532071885217,112.58222993965526,1,1
3,2021-02-23,SNF,2.236298275382504,5.169861140855138,3.8737107729766826,1.2991546399835678,14.7,4,2.578186548420536,2.649187472946225,4.1420195136348035,19.745061288783887,7.279333951902685,7.289827848584415,84.94361772951063,1,0
3,2021-02-24,SNF,3.659536656447084,2.421694604801564,2.4900490664758634,4.964168664057102,15.8,6,3.436000534665508,1.534729389842433,2.187003624874881,12.266893728097259,8.186556374546688,1.6214739653146202,48.31842920274816,2,0
3,2021-02-25,SNF,2.419268851391309,0.0,2.891321818674319,3.3890975549031728,10.1,5,4.247059703082909,3.854403516033819,4.772813847320645,16.834057953161405,7.019203301899875,0.0,45.90708917174174,5,0
3,2021-02-26,SNF,2.617578153012176,3.883328664815499,2.227357805694794,5.645572726158759,16.8,3,2.592252273224969,1.2182548945356084,3.9857947782169414,16.012560754394784,6.492046640693348,2.206261227206019,94.91588648376893,6,1
3,2021-02-27,SNF,0.757409230077871,5.253240222514024,3.161870114835674,0.3208209352069624,11.1,3,3.1120197246546066,3.729142022066262,2.6056824265936074,9.234346430195497,8.99530613035902,0.0,72.23816093955988,2,0
3,2021-02-28,SNF,2.598935086599347,2.921633350539756,2.813442778298736,2.2507819226458405,12.3,4,2.8127691596354567,1.4295780129078577,2.022626850197649,13.72410737787302,10.0,3.4941034388101646,101.60659051106985,6,1
3,2021-03-01,SNF,1.6123507809698208,6.0,4.118712665989843,4.251943693990043,18.6,4,2.8403419682904945,1.4003577486662764,3.268002631218378,10.780438653688709,5.234186617394759,5.062395930462615,114.53999157186455,6,1
3,2021-03-02,SNF,2.166103800909459,5.559239942292265,2.6454087224234946,3.1519963024793407,15.8,5,4.187745314706719,2.4689553466022343,4.266489235376123,13.708885356594745,3.3513855665929526,4.33888016660026,79.13439115126258,1,0
3,2021-03-03,SNF,1.2600890048453093,3.9447041238422695,3.5820632368778322,0.8442496353256554,11.2,5,2.4149868250793998,2.413168693793633,3.8083372935070603,15.736091345605702,8.219256417787715,2.4141360305283692,90.85444099893373,1,0
3,2021-03-04,SNF,1.4165093879405994,4.551545062256619,1.8066156237048232,3.6914905283080026,13.4,5,1.4934471255030728,1.6326738159648695,4.263148107231857,14.651330375298011,7.693464872031241,3.4653259890281918,85.1553387382174,5,0
3,2021-03-05,SNF,3.522449777225127,2.8178487143525093,1.9934885346428448,3.8751429652264537,14.2,5,3.254288239146808,0.5482964219581318,5.3862347023120325,10.13084325001741,7.033302171394938,0.0,104.47571999153651,2,0
3,2021-03-06,SNF,2.3257911100041078,3.5622730059107743,2.277893508569207,3.695947478354949,13.8,7,4.686563762189064,1.9757398902625254,4.039078310696698,10.100584363274308,2.777666108394988,8.484351635440213,68.64333204741408,5,0
3,2021-03-07,SNF,0.7576322219522309,4.161889812204002,1.1636574970821503,3.3991042746145856,11.1,5,2.4587066201377743,1.7699194467492625,0.9469603124549444,15.934074288361279,6.042751173623133,6.650823257089977,101.4931488241775,6,1
3,2021-03-08,SNF,1.963574143988515,6.0,3.7407954034451896,0.8930639361935788,14.7,3,3.7988445718682473,2.263825806497558,2.986075808947,15.727357012340839,6.36662664141646,6.76456132994372,113.11382323598845,0,1
3,2021-03-09,SNF,3.231410663031285,6.0,2.4803193555059972,4.509788452514078,18.9,5,1.2216121684712724,1.478764149059697,5.309990698469749,11.959194654785602,8.472495457823932,3.4175725179456284,85.63482179546837,3,1
3,2021-03-10,SNF,3.532656525538835,5.652964361522032,4.611090954125684,0.8229924727009792,17.1,4,1.455311937035461,3.169006656649178,4.424444540693059,10.300578374374048,6.321219481590563,4.4084142405363185,66.61184814604363,2,0
3,2021-03-11,SNF,2.599299121258232,4.899854141754418,3.7683514528295334,4.797028139078734,18.7,6,3.446881198880665,1.4615144956714243,4.414160155338507,15.06006928407874,7.210535837416391,2.2094148936883222,92.20450438088392,4,1
3,2021-03-12,SNF,5.519031818322892,6.0,0.5957435048844242,4.88800448206375,19.8,5,0.6810622599360946,3.5995131026367093,5.567994712928093,14.648902531467552,4.91115740116587,4.046800931002999,86.30442800586296,5,0
3,2021-03-13,SNF,1.2407980256958135,6.0,2.270307306892269,1.9454231696140676,13.4,4,4.1060767125873605,2.920968048488257,5.735611433434191,16.964242692937603,5.272415223172172,2.2274949177958563,68.78821918905727,1,0
3,2021-03-14,SNF,2.1189813075209996,5.628645865538414,2.1603995781743928,6.0,18.6,5,5.333369649022846,2.015535880455365,5.645647474746748,15.808674554833999,5.348134671401265,4.3379232655352755,96.6713682398445,2,0
3,2021-03-15,SNF,2.4401701638355378,6.0,4.228797721532911,2.499054972464309,17.7,3,1.399583558055582,2.4644407849557632,1.9512159863466567,14.506324384443419,7.30641559047605,8.186655645035627,100.97819477527685,0,1
3,2021-03-16,SNF,1.9228016577388412,5.631642214047747,2.3349880824559914,5.857391248933821,18.4,5,3.1845537156486294,1.017479271054232,3.3676561525417963,14.86943763268894,10.0,3.582504427607093,105.34476953665178,2,1
3,2021-03-17,SNF,3.1966139207136117,2.0823449879710787,4.509802634920167,6.0,18.4,4,3.765305556570916,4.318154712280828,5.923554861721788,14.674207109747197,7.851476966929107,2.6483715566965875,76.42645124946935,5,0
3,2021-03-18,SNF,1.5568951017886312,6.0,5.606882146957324,5.434336063638732,21.7,5,1.9410771060042755,1.7987663276206773,6.5430381013205166,11.705830176496013,9.921135967600017,2.6043626535079567,118.21260488961248,4,1
3,2021-03-19,SNF,1.32620776733865,4.12260850943426,1.4736394510274435,3.0325178367698022,11.6,5,2.3799051786355223,4.434800023312084,3.5804562743026414,13.472796547781456,6.6402793009746155,3.343676289117537,112.82079332177787,2,0
3,2021-03-20,SNF,2.0882646553767357,3.690147156890632,0.0,1.1150333766304064,8.0,7,3.745947682088623,4.044387810917003,6.314109717676436,12.042639059135691,8.910312105636448,8.262749124786467,72.70356641945882,2,0
3,2021-03-21,SNF,3.0705815318397254,5.542618845735672,3.5683068933332382,4.2079998866815655,19.1,6,4.623629634544468,2.7919447769120613,2.232574841203996,16.285250139807125,8.565596239524647,0.0,77.64623386710667,3,0
3,2021-03-22,SNF,1.8925315371122142,2.2285801203927686,2.885386653230748,2.5924605485335785,11.2,4,1.9851931032869539,2.7164259935088735,2.431402848531212,15.258955275843132,4.878651556471201,0.0,84.32130926210169,2,0
3,2021-03-23,SNF,2.092527855967158,6.0,4.012805512809096,0.0,14.1,5,3.920411842775092,2.0340897164272245,5.1231447993931285,17.250017700969895,6.891322043423117,4.2952306809142815,86.48998213767801,0,0
3,2021-03-24,SNF,2.7016194485615967,4.54964622547552,1.5892805149437692,0.832026366611081,11.3,1,2.188610101403765,1.2520018882987574,4.68126121797591,15.968175366318395,4.323391144592838,0.0,83.51323744868462,4,0
3,2021-03-25,SNF,2.161408728480226,5.094178748599422,3.369615386084381,5.958936362722991,19.3,6,2.7101451725606855,3.611946590374595,1.6461423520589156,16.599753090705846,8.156304683692847,5.968880163139025,79.61749374696929,3,1
3,2021-03-26,SNF,4.44836436644235,2.788312976861117,1.8804670124785328,2.0716694015742836,13.1,5,1.4716717740102934,2.132567332792423,4.689294869128157,9.93899349279785,2.154106213052179,5.411710775717216,44.33537074532714,6,0
3,2021-03-27,SNF,3.2385826851920285,2.0261087205714428,4.104922856226105,2.636702136003224,14.0,2,3.512590986087817,2.4217436921118862,3.5180503680809085,10.968998894657169,5.017948659792977,0.0,76.95626693910889,4,0
3,2021-03-28,SNF,3.835242815327395,3.2441018135829696,1.210871392366581,4.75013652625128,15.2,4,1.382993494733202,3.1918278115019376,2.927677945051746,9.39307983045462,5.432846105404691,1.7463887965170932,98.8957976672509,4,1
3,2021-03-29,SNF,1.169374028184081,3.473510474146764,2.238566397352309,2.022437019112977,10.4,4,2.6917643623097334,2.3474028155995814,4.699354207691614,12.62579494479719,7.656572315527176,3.1770298657398026,94.32415607475632,1,0
3,2021-03-30,SNF,1.196789254075925,3.7769966334557443,4.731704130776995,4.107115097919907,16.1,5,5.298347450122578,3.1598321011757253,3.5858583020051027,11.92536572250811,5.041878202900392,3.8469119533481235,99.26094475342458,4,0
3,2021-03-31,SNF,1.5332181437398693,4.929132995528622,3.595949584806605,4.60122226765878,17.1,5,3.9814305924717783,3.891473417415092,4.447286242354598,19.136419304331433,10.0,2.7333271523754954,65.05218873843465,3,0
3,2021-04-01,SNF,2.357988819285231,1.4279303880487513,2.7252214425437358,6.0,14.6,5,3.724727212580679,2.7982319377080227,5.141759340882393,7.628384678796534,5.703047048760093,2.1236802956707526,97.18288595725798,1,0
3,2021-04-02,SNF,2.630531515495403,6.0,1.318714156192288,1.2395989673536991,13.1,1,2.8688376597467315,2.784150843270189,4.911219282693867,16.266668815461426,3.6493557456802317,1.7455939027736278,53.25196901409977,5,0
3,2021-04-03,SNF,2.980665425777947,4.7738978649725485,1.6290810022184583,3.2388931769433174,14.7,2,0.7663962168540783,2.23412802506965,7.438004003488034,10.62013788860721,4.732720669187426,0.0,103.12696166758204,2,0
3,2021-04-04,SNF,2.5388149747519786,3.4948406469059785,2.069710893359211,0.7520256397767462,10.3,7,4.308824748118143,3.875994937911459,4.493941276574,12.972307806181162,7.47134183529873,4.821205927002928,80.32869986143855,5,0
3,2021-04-05,SNF,0.0,1.7069437883704919,4.725559792891039,2.4559966778202282,10.4,5,5.185551128455327,1.4247340853537735,3.236880556654227,15.514617518166375,7.061427670858778,0.0,39.545637490073254,6,0
3,2021-04-06,SNF,3.2149072578076328,2.1361159988315537,5.871053033475404,4.18255449919052,18.0,4,3.1615943136856948,1.4745080983832457,4.336172353625933,11.39023953063518,7.092831990518833,0.0,38.55714532839846,6,0
3,2021-04-07,SNF,1.488730402057747,4.7058126399496,3.1808977294925165,3.4709949892775818,15.0,3,1.7930311286269716,2.3970794996636013,5.335452172106803,15.262684332958113,3.4589659601955214,0.2752103322682711,88.73322851841893,2,0
3,2021-04-08,SNF,1.1044276397125987,5.751323327668702,2.925682990802959,2.8436802978117033,14.7,6,3.04403900228155,1.4783405370020382,4.318560189008114,12.433733584466726,6.942258692434607,5.2764275986198585,98.20438436413879,1,0
3,2021-04-09,SNF,3.2410481659865344,3.8237591370360535,5.387658346889149,0.0,14.5,7,3.338183662925822,1.8882859106720653,2.165155990489875,15.794407592433062,3.18861651626914,4.75312945625396,103.71706859096356,1,1
3,2021-04-10,SNF,2.686949081281882,3.7325438888356555,4.964515647460207,1.33499058251367,14.8,3,5.359704143217646,2.623820084217567,5.456356698521114,15.343137623203146,9.106210038808907,0.8985507038249858,87.23804577229538,4,0
3,2021-04-11,SNF,1.1863477521407548,6.0,5.090217690473548,2.5019771749666857,17.2,4,4.589210727343431,2.11740268433457,4.595472283594829,13.453113795018453,4.754297924522335,0.0,73.85036063650212,0,0
3,2021-04-12,SNF,0.10021841711059776,3.0961859950397104,3.8317354895877314,1.2168102043442302,9.6,5,4.8517377402390425,2.9390713464457985,3.2615894033520076,17.28609895145678,9.668290269151903,6.296376296422047,107.99607477011182,4,0
3,2021-04-13,SNF,1.669966708245828,5.23889468391271,3.748233990062976,2.065065214845319,14.8,3,2.9893222736481473,3.341231276420233,6.478790398682783,16.335544967908906,9.272716669112643,4.584854885542817,118.97314143090499,4,0
3,2021-04-14,SNF,2.2546377112733857,5.919203845164683,3.4057179241425777,6.0,20.5,2,2.9462247264912924,3.8888196764003915,6.305185854295988,15.469923193956985,7.616707909755768,2.037001255045035,112.32834324921544,4,1
3,2021-04-15,SNF,3.709687709673373,6.0,5.235806880896105,2.5281217393333315,20.4,4,3.338913051316519,0.6399425113722725,3.7553352111561047,15.319069288004574,8.502647669493342,2.0135290899637033,110.65701075851653,6,1
3,2021-04-16,SNF,2.278350628035529,4.9087796105154275,0.5302226742461067,1.4233013078456727,10.7,4,2.2821292193669644,2.6634871786270606,2.9313830566578507,13.602842248232324,8.57272376731606,0.0,65.98388267155714,7,0
3,2021-04-17,SNF,0.0,3.886620940139951,3.8168141095831705,3.5771266796484302,13.2,6,3.6681573345770113,1.4487724002990194,3.8726408102743934,11.479524046302668,7.289591527863344,4.655046063158533,84.74777107362145,2,0
3,2021-04-18,SNF,3.5060473804471597,6.0,3.8170732579584508,0.7556708086744205,16.4,5,2.4965803529641537,1.467101552856843,3.433010484320006,7.15652901698842,8.606113180906478,5.1521463370818745,106.96028296183755,1,1
3,2021-04-19,SNF,4.881860761751543,3.9540413773684993,3.6608186449436313,1.8834790066548646,16.8,6,4.339838635322787,2.6361404238031687,3.8402946317824385,16.112023929440785,9.101667233466324,0.8877943115424602,99.73419212732956,1,0
3,2021-04-20,SNF,1.0031063079532578,4.025313307662908,2.3249297874072066,6.0,15.6,6,3.6698260845483164,0.821356065736145,3.990956919736566,14.081561796640663,7.381365913390276,0.17701309075213523,86.9998041348606,1,0
3,2021-04-21,SNF,1.7850214945228993,3.9380887612808837,5.871053033475404,0.929088359753287,14.6,6,2.184581983171353,0.25691691697314023,4.4739169458421415,10.27398831401662,9.67951130418152,0.0,74.45174610221835,1,0
3,2021-04-22,SNF,4.2058821608507495,2.3932337850242726,4.281580449678283,4.357672033256967,17.8,6,4.571699187611803,2.1326968029483186,3.72550586409565,10.169237493665543,9.235463459298895,6.697544136133116,101.68481045686474,2,0
3,2021-04-23,SNF,1.2702799876986712,6.0,1.9100613591133497,6.0,17.7,4,2.3898561526079325,2.796854880213144,2.076805948629046,13.07923008772828,6.94557554283691,0.0,34.93294148895928,6,0
3,2021-04-24,SNF,1.5753369253844556,6.0,2.4418781917255177,0.5239312887802609,12.3,4,0.9751181728231335,4.362399104333073,6.299584701047352,13.478955181913149,4.372194951256813,0.9009153385927196,62.16632826180887,3,0
3,2021-04-25,SNF,3.7115970760595682,6.0,1.9532983185108863,2.0975688484031005,16.1,4,2.8152043835057006,2.8583723483130337,6.16971107572728,17.624170333382377,8.491573078082364,0.05968711689995443,66.23167350204265,2,0
3,2021-04-26,SNF,0.0,5.457579523859551,4.5156332676392275,3.1494243417667915,15.3,6,4.115399315719317,3.276177845486141,4.190756711147196,13.522321511923234,8.503673221596596,6.58939149809377,120.0,0,0
3,2021-04-27,SNF,2.7758420630559657,6.0,3.7044092654330965,4.14996334463037,19.4,4,3.9168739260510446,2.1776118786957066,5.609517531707564,7.460095641847709,9.146646454772991,1.9543669093125664,43.752295436089895,3,0
3,2021-04-28,SNF,4.427373056007417,0.4030084827461071,2.7252185800036517,3.2476972457445776,12.6,7,2.8696521324699242,2.0390025827760048,4.023994479401672,12.974537808354516,8.794275453270183,3.073044862305193,100.03220768032294,0,0
3,2021-04-29,SNF,0.9487192504699358,4.207638047322149,2.1054543767657083,5.021538208242175,14.3,3,1.2473205358902744,3.3546257521077143,6.055495441294671,13.230566221814941,9.751289035389906,0.0,94.34414783059621,7,0
3,2021-04-30,SNF,3.499582041528808,0.0,4.268883466451793,3.503699548570799,13.2,2,3.766277001379301,2.096358337851388,6.034540641445188,18.328127884906785,8.838539120523413,3.462551829055868,109.8586998377544,2,0
3,2021-05-01,SNF,3.6847810358864823,6.0,4.420134219654857,0.4130026431678525,16.9,5,1.494070264127971,1.2242889592525195,2.946669386426777,14.824876568317812,2.0539174731903107,0.13082329520985692,79.67452465529148,5,1
3,2021-05-02,SNF,2.093803374406903,4.990449269831355,4.791218533493662,6.0,20.9,6,2.028589978603184,1.908882646840381,2.217498017726857,14.262580602440327,8.383482115830885,0.0,62.973853853602954,1,1
3,2021-05-03,SNF,0.6165326954949617,4.909472535150615,3.670813931836273,6.0,17.7,4,2.9171418720196196,2.5364215929207514,3.5516331758282345,15.745447142167382,5.174645873799499,3.013586911873567,70.57839118026665,4,0
3,2021-05-04,SNF,3.285868219900304,1.8819137810917654,4.556631179251212,2.715254543339368,14.5,5,2.9357494478832318,2.0251778656822834,4.470060615723975,15.133101842773847,9.349697286760255,2.3194132718504212,78.2112981365722,7,0
3,2021-05-05,SNF,2.52575664453612,6.0,1.3135488334203138,4.2892679354812175,16.5,6,1.799759790399319,2.825821857773081,1.087254577967812,13.335665563686302,3.943362078631967,0.0,98.92231901040465,3,1
3,2021-05-06,SNF,0.0,4.995004416902957,4.420288673321772,1.9349581052809137,13.2,4,2.2882393508187775,2.4298872243591525,5.173572227221803,13.139585812780181,6.843072934596858,1.9553290625559498,52.17826397139504,1,0
3,2021-05-07,SNF,3.148120100847457,4.107623269613171,3.4055144199488394,3.489191390197726,16.5,6,3.5413201044747766,2.0132804611829402,3.9791986117665368,18.583982591994506,7.171622300078056,3.294424509614627,69.25541891376713,2,0
3,2021-05-08,SNF,0.6884893794020113,6.0,4.397753168980291,0.08842460129569796,13.0,5,1.163467900649044,1.2495746184292156,6.403838147769929,14.404555529992875,1.0,1.9094464486150629,89.14812515583088,3,0
3,2021-05-09,SNF,1.2588226525138646,2.340490427232241,2.637213051900062,4.924106317345043,13.0,8,2.8214077360809564,2.958540269044364,4.137269758186505,7.9641748795510345,9.089838382903762,2.2285998771829614,80.48371692047671,3,0
3,2021-05-10,SNF,2.8640412214553645,5.066298766229026,1.5492287094426862,3.6856747820041216,15.4,7,3.3267641278155837,2.0535458778098588,5.30962292174393,14.741342159595796,6.6013541604219235,7.68106969333726,120.0,4,1
3,2021-05-11,SNF,5.372285459707934,5.324773764360538,3.15764350847168,4.642176293371595,21.6,4,1.3763145609112992,0.7810272248882809,1.382022888190614,10.185970301971858,4.481594955693659,2.544800573731414,110.22013746684372,2,1
3,2021-05-12,SNF,2.192993234709119,2.966308190688837,2.997810544582094,4.757133212104175,15.1,3,3.1921770070444704,2.502852785806788,3.142526757240679,14.196490468323603,5.554048608785655,1.7647493974539512,107.47092570592918,6,1
3,2021-05-13,SNF,0.913593113783238,4.257723685429305,0.7066871215726289,5.834978748815088,13.7,6,4.276767311528,1.3850099999338699,0.42242141899760566,15.978781909390193,7.243144132348012,2.5447007332262706,107.65612905843268,3,1
3,2021-05-14,SNF,2.2820066072018843,6.0,3.2610553804393705,0.0,13.5,5,1.611087972943917,1.3573313270874063,7.280335566749111,13.269662133168538,8.04988875417724,4.561144451220845,54.85280379385756,9,0
3,2021-05-15,SNF,1.1048595116532196,5.8140205823314,3.2222431034030254,2.271131585490786,14.5,4,3.26344256674458,3.8935315670902866,3.580165394208308,15.021283960338481,5.9792170372911695,3.1764383492264843,107.67090926666151,4,0
3,2021-05-16,SNF,1.799465712410739,4.71172313956718,4.362716486693782,1.5588219463313786,14.5,5,3.611661711793934,1.434227955872673,2.7858697916414656,5.549499137418452,5.30672150901443,0.0,94.3978947856514,8,1
3,2021-05-17,SNF,1.4355355083427206,1.4869720342348693,1.952723550594058,2.476634450246163,8.6,2,4.340179422664324,3.6774866343840484,6.040197772504003,19.555783597117063,3.6135518139259784,1.3089198281562329,114.79918576654661,5,0
3,2021-05-18,SNF,3.407980701612115,4.229663039224967,1.5897936941882052,1.7542677015461408,12.8,6,3.321640515664004,3.1420938915018164,6.716490261885587,12.375521939438164,10.0,2.359328039542908,91.86552354822707,2,0
3,2021-05-19,SNF,4.4338348746532485,4.808147556407681,2.8234215144567,4.174743810042058,18.9,7,3.9557220644754474,2.7636281038423745,1.3614160599694343,9.472680363304589,7.682236915612572,0.274441586063646,105.24101643923358,2,1
3,2021-05-20,SNF,0.6484949933758237,6.0,3.439825729353405,2.3767231100607624,14.5,4,2.193339172815149,3.883170277180559,5.125912683683765,13.651537696249294,9.625971709975726,1.9774884077175452,82.79223352796613,3,0
3,2021-05-21,SNF,3.9009135696577504,4.241494971644418,3.7072120831819375,2.254123390224985,16.5,6,4.631840342330264,2.345682441066672,4.19984139876613,15.870916354757524,6.748301815387546,4.4775308576512165,57.91088887586037,3,0
3,2021-05-22,SNF,4.003772710930112,5.496093548724733,2.49845901538588,1.8801086156313338,16.2,5,1.4858984699813644,3.605728246823578,3.4764157868278573,10.731780638369447,9.970455492024978,6.412192769089645,94.58178600478661,3,1
3,2021-05-23,SNF,3.3567352578499516,3.9491943073326854,5.503504397853748,2.7792557055328224,18.2,4,3.401082262534069,1.0564953363736307,6.106551121147371,12.545092561096162,10.0,6.51119421434757,68.58291738266736,3,0
3,2021-05-24,SNF,3.133884306690333,5.1088253493780496,1.2582750658128805,1.9568911583905093,13.4,4,4.431822820267906,3.144226366558855,3.9698372928001016,11.989659849458553,5.303260972692557,2.257223943999458,57.825309636581586,2,0
3,2021-05-25,SNF,1.9517677680667003,2.0307232265317725,4.832957498297437,3.0083691103788563,13.8,4,2.3870830951567923,1.4369680820959099,5.149768125467675,6.22606279001296,5.5238897013045465,0.0,104.64661648398013,6,0
3,2021-05-26,SNF,3.271870048963109,4.055237627441138,3.577402519421376,2.0837399076944876,15.2,4,2.7054830222787962,2.521997106036359,2.433377219881257,12.213163192336536,6.9238474238335685,6.040303008713726,78.3796290421092,2,0
3,2021-05-27,SNF,2.471272626567399,5.206561104582192,4.518954719411932,2.034530911422974,16.6,5,2.7971186527020624,1.6707142404269981,1.319234655242647,17.092581927347346,7.7017758635842535,3.8191531525449838,71.05482525780582,4,1
3,2021-05-28,SNF,0.0,3.859402692486722,1.6882059339365396,1.0177968548915124,7.7,1,3.8863258762755946,2.6721502788408458,7.589267180296099,13.338554473406617,6.465737452144037,3.3371465215037315,120.0,7,0
3,2021-05-29,SNF,1.484406574955714,3.853567237368804,4.18540874510257,0.09537787638635997,11.2,6,3.613454809225709,0.537588290946926,1.9458482222849618,8.983313051335761,7.500151164539183,2.228589806339069,117.63539698670996,1,1
3,2021-05-30,SNF,2.276406056518442,4.614975410982276,0.9490207908916175,1.3030081187368205,10.7,3,3.8407284856965713,1.9119202963019055,3.9673121224258883,16.699961827418615,8.688905491996815,3.593961991441511,59.373286077243584,3,0
3,2021-05-31,SNF,1.6518808380611976,3.1874484109650743,0.5549402513766859,3.2939154648726587,10.1,4,2.009093540340838,2.0273121134074468,4.703251226515532,14.238138472684804,9.10803665270542,5.404117137297172,81.99784559796237,6,0
3,2021-06-01,SNF,1.9984063888352426,4.314559317856714,4.203139707790893,1.855085688310969,14.4,5,2.003073013524591,1.8437175473525325,6.751128910609515,17.835791217327387,8.57227083161662,0.22661570443425472,78.09689336573962,2,0
3,2021-06-02,SNF,4.4023854565059874,6.0,4.091375307749461,0.9943847232305754,18.1,4,2.894205392232543,0.2998990962852013,4.192395357324865,12.975316526367495,6.988752848527912,2.940249546905264,74.11179094542126,8,1
3,2021-06-03,SNF,2.6496735011082957,4.4685284001140655,1.12247096830594,2.8894298061815573,13.0,5,3.73043339366468,1.5099268828550976,2.1103184803914394,15.115343258215795,5.0229557903857955,0.0,93.89441658487611,2,0
3,2021-06-04,SNF,0.0,3.9452341372936717,4.771926550483787,4.41632561260224,15.3,5,4.423262619791216,2.866452465165764,6.554051837485147,19.428970370711394,4.808844241703384,1.9913630740673085,120.0,5,0
3,2021-06-05,SNF,2.5908577849035996,2.9592728717814545,1.0782433852686768,0.4462446676764724,8.3,5,4.410154957223695,1.4035842954556026,4.821867940499368,10.236457405783804,6.09845722491618,6.315933287476756,88.08577669308507,8,0
3,2021-06-06,SNF,2.833227991777215,2.7948593123474903,0.8563942166384867,5.485282805173602,14.0,6,2.8004893790928245,3.467806996110569,1.048222663857425,10.426765883853465,7.632295375841377,2.311463813448711,80.93102628738308,7,0
3,2021-06-07,SNF,3.2521849958846603,6.0,3.378442273536222,5.3975717935376135,21.0,6,4.676526636739412,1.9913340160607464,3.554311790105952,10.380473701259842,7.2088439025961355,3.909548531310773,94.10289167038795,6,1
3,2021-06-08,SNF,1.3718155283143956,2.1291497277561384,0.0,5.29976406926129,10.3,3,3.8111410833854653,0.9861110940425344,1.6233476600694399,13.005714078969724,5.936094094054986,0.0,94.59537653876974,0,0
3,2021-06-09,SNF,1.2482212667836194,6.0,1.0293379419396007,4.7112473450134,15.2,5,1.8076523545909955,2.9688009359213474,1.7955627727103343,11.225009754324171,4.799101156737411,1.3130092113449567,64.87447317531314,5,0
3,2021-06-10,SNF,0.0,6.0,2.655393657516795,4.503195505543514,15.4,3,2.413620618789939,2.5172763591382292,4.529344149841478,18.110278317667976,4.305422744009231,2.9417355168682655,51.816788954120284,2,0
3,2021-06-11,SNF,2.821627398567488,3.975563131074766,2.9638647871576405,3.3829362439934707,15.3,5,4.4117214383283665,1.819790978925611,2.488869802150467,7.336512321860118,3.7973000295252763,5.286257867142436,55.58828242703138,2,0
3,2021-06-12,SNF,0.6719882597354778,4.299034295505742,3.545315654761937,0.2178303191619353,10.2,4,2.087246376648707,1.968052010903914,4.892734913618285,15.86108407964043,7.5306854888325745,2.7447300192117083,74.50508672898337,2,0
3,2021-06-13,SNF,2.0583871016321895,4.0242463033337454,2.368518165712918,3.9358543851852845,14.5,5,2.5270870279940745,3.316483136059095,1.9092226328647686,12.555190218642224,6.782893641841149,1.905252683534775,108.93466678998797,0,1
3,2021-06-14,SNF,2.290696730539017,4.0770597256422665,2.050436942849902,6.0,16.8,4,2.0429195457631857,1.090665258296617,3.8697718946681103,15.264838663383715,3.671159959941857,0.0,66.33168612952957,2,0
3,2021-06-15,SNF,1.4197402416727452,5.021623361905922,5.48837230789071,2.663118721502282,17.0,3,3.714744076458227,1.5326151312170757,1.5032112883383584,13.56883331354733,8.227639287798846,4.355938618174684,77.4721760069279,0,1
3,2021-06-16,SNF,1.3296199842795604,2.2181112389101116,1.7661720644322076,2.4583295597433934,9.1,5,2.2185522830716806,1.7363703283284724,6.713335000683987,9.860365927259764,7.07814298361796,1.851616751328141,49.10030924562623,0,0
3,2021-06-17,SNF,3.0458622183363904,6.0,2.9676676765575314,1.8852196051930057,16.2,2,3.77969438662889,1.7106259004658937,2.779397082479005,11.997547598286078,6.5373020045696775,4.707083785029766,86.98903911811097,7,0
3,2021-06-18,SNF,0.8730827086112651,3.832856886421359,1.816450547701155,3.5142945619173203,11.7,6,3.598941126335192,1.032110890238613,5.170739908961145,6.644001022389942,4.276031124734153,3.3713332733007815,68.02497404086185,2,0
3,2021-06-19,SNF,3.322371840340383,5.9471038869160555,2.2180821123911416,2.2085335613796118,16.0,5,2.843478834904806,2.1842236371282455,6.20734794896098,17.838003144973612,7.411424022880084,5.26907002034153,120.0,2,0
3,2021-06-20,SNF,1.8642551861995076,2.120515884668625,4.343294694302907,5.338609312270984,15.9,6,3.1703118166895146,2.1585483964976233,6.5815445791753815,11.290875370122325,4.639431734329454,8.218122632066407,64.5202406631206,1,0
3,2021-06-21,SNF,1.689066462742692,3.876327761534785,5.581544287743334,4.79587568042578,18.6,2,3.4631276251362846,2.6784035999238225,4.436732956921758,16.289737304269337,3.369988498861411,3.282009863719637,82.06093022628878,4,0
3,2021-06-22,SNF,2.5182421061676035,4.591040398661695,4.5465749252767855,2.97298252844342,17.1,3,0.6530570670775009,1.38508221668818,3.452660090315667,14.39782763112208,8.73452638431658,0.7838594405062815,96.92216626048165,3,1
3,2021-06-23,SNF,2.279545062940212,3.7560467431784605,2.813102418005415,3.4627895870848917,14.4,2,4.845130192942177,1.155376021684148,6.19916532677851,17.429674696967965,10.0,1.7797619914366827,40.506078969889174,6,0
3,2021-06-24,SNF,3.3306876364561777,6.0,4.457253028021621,5.694083334786363,22.7,6,2.5784860118144857,1.6014094253395112,1.8602970875177265,8.758324715664264,4.414242109259594,0.0,57.919403349217404,1,1
3,2021-06-25,SNF,1.5102829084700427,6.0,3.4097101001916803,2.964392318126605,16.2,6,2.284008801989274,1.5122114580289288,3.975220613183528,15.730782118023601,4.604082639919149,0.13358593542002684,85.90644012149016,3,1
3,2021-06-26,SNF,1.334142303479456,5.164439607952061,4.544115350484774,3.334965637676051,16.8,6,4.667327492462544,2.833680836791249,5.634374911806605,17.20198857841567,9.327465252006919,1.5270434412272147,97.62761889150052,1,0
3,2021-06-27,SNF,1.7138165802038499,6.0,4.541491857607964,3.7003249590663794,18.6,5,4.6173673302098095,2.764946933186594,4.59139541676649,13.667940981293086,6.535429986360994,2.8711240984735036,110.98942900085652,4,1
3,2021-06-28,SNF,1.1023407788325472,6.0,4.648856997871398,1.8000592263695738,15.8,6,3.1418631423456618,3.4159091995452746,4.4498021303970345,15.517369776319732,6.953976981833771,3.136530186537138,67.93422887820368,6,0
3,2021-06-29,SNF,0.0,4.13001703034767,3.1410907986949317,3.4034176502665003,12.5,3,1.888509801728117,2.0002710256608878,3.123135319171926,14.961623509182205,5.118095661014407,2.3911164911649294,93.57830667442349,4,1
3,2021-06-30,SNF,4.494994187916827,4.043901312704159,2.273289772914528,6.0,19.6,5,3.5690890050513544,3.230387629324694,6.151965882394574,12.015498499513281,7.602918983622209,0.4517235557168604,120.0,6,1
3,2021-07-01,SNF,0.9719778005000526,0.4557922349246004,3.4113788606205384,3.396313620390739,9.6,5,3.0724283931083916,1.4010716922882183,2.531673444191236,8.727504150873388,9.00975799069564,0.5253268616186095,63.98897194652172,1,0
3,2021-07-02,SNF,0.9265203942954785,6.0,5.015462205084858,2.690209548271276,17.1,6,3.9523521745517494,1.2959804806221304,2.017921264001135,16.940535887811603,5.705654553544637,0.0,116.7161095900546,7,1
3,2021-07-03,SNF,2.298200227394662,4.151245543006432,4.829399510197318,2.9848488461895366,16.6,5,2.8608435520021693,2.376195541408009,3.0225996740836734,18.431957680901046,7.332559165016941,3.7692683773522435,46.83975265347023,0,0
3,2021-07-04,SNF,2.0142076473174195,5.282246095005438,2.8225670082663172,1.163003272356777,13.2,6,5.140055634520527,3.0953764694559385,2.812843618304975,16.47714361897317,2.864366475286443,0.0,87.65571964407697,3,0
3,2021-07-05,SNF,1.7533687424411366,5.836922902543728,1.7481731154652347,4.843318485681248,16.5,3,1.5768307271416833,2.2836517209395844,3.8394345652170396,15.609826954351673,5.359693824474784,2.7488512374105176,75.26980148253381,1,0
3,2021-07-06,SNF,1.1118508365373194,3.50340691443524,1.265565840091552,3.4619788824425255,10.9,4,4.370976514766981,2.61674895583749,2.05545911293601,14.19362813767158,6.232199502386915,1.5977834707156253,94.92941567862006,4,0
3,2021-07-07,SNF,1.3468597270126987,1.649845267130578,4.6432102609060735,5.001584630977783,14.7,5,4.998193193119846,2.756826034592917,3.1680140732793483,11.753774759628795,7.128179455183827,2.819641900194569,58.694195543763946,3,0
3,2021-07-08,SNF,5.009358753183864,3.0796717295510234,2.5845725882683213,0.11870264858278273,12.6,3,3.578361495665139,1.647893855708491,3.305143915166334,11.052214379123502,8.15026668384697,0.5663464686351167,74.02908205340478,1,0
3,2021-07-09,SNF,1.53048058796454,4.6386535291609015,1.9554140871728316,4.2707776719944555,14.5,4,2.9973302469964174,2.7844840865160254,2.9898973522470396,16.20483931061052,8.3158030714016,0.0,108.60515120404318,2,1
3,2021-07-10,SNF,0.653332360996044,5.165806545241329,4.327849744072954,0.0,11.8,5,3.376818510792734,2.134518332241668,1.2169457836226953,14.425311309605362,8.533586674055256,1.2615695591136715,67.93946175839412,1,0
3,2021-07-11,SNF,2.247070181116729,5.4180833957117835,3.6323134707890574,4.060985803573544,17.9,6,3.92281356922486,1.837383288409413,4.447587009703162,16.934899982101772,7.608691619843969,1.038709632268227,76.50833039634385,2,0
3,2021-07-12,SNF,2.324271154115134,1.5106329294101173,3.43773045045206,3.0050258917763952,12.0,6,3.5082722204587635,1.796004013968481,2.2658781379259323,16.00864399239154,8.81924770442192,2.7886923385824174,106.3516287600284,2,0
3,2021-07-13,SNF,0.506764709277423,1.7875808652048524,3.499967505582683,3.7128383738978417,11.1,2,5.273467429068362,2.918370489714094,6.309151807712456,18.84850276975907,8.909117988046729,1.676530405316229,63.81046344071324,3,0
3,2021-07-14,SNF,0.7830605928926427,5.198991833281988,1.8108841234050232,5.957992203960448,16.0,5,2.7767776017582944,1.1930419691964964,4.715064899266588,14.904413009399542,7.518326188597019,0.0,45.95179281059282,3,0
3,2021-07-15,SNF,1.8540057212286247,4.845335823502254,5.27163514141988,6.0,21.0,5,3.9243531591518255,2.1849740731570844,4.211404003971028,15.473269270512617,6.905603522972952,1.5151982258673362,82.73522455359694,4,0
3,2021-07-16,SNF,1.8119464706718909,5.483328740847526,3.5706177972227326,2.8953629907023632,16.1,3,4.01409559493074,1.9598107789302597,2.7785354468286885,8.553133697824011,10.0,0.5319164638471219,96.74214584641975,3,1
3,2021-07-17,SNF,4.127526100764829,6.0,4.805416460433405,3.5105195088469436,21.5,7,3.0226829877806125,2.020409906682609,4.058501957459785,14.957316349056773,7.060762248515502,1.551210687759896,85.95078397174152,0,1
3,2021-07-18,SNF,3.858075689893636,5.0343118329754155,0.0,3.2738048340992814,14.2,2,2.560848250490841,2.125441150611449,3.535813300042287,14.245161654055984,5.497891283280753,0.5040137454889266,84.16780514481637,1,0
3,2021-07-19,SNF,2.7244895718896323,6.0,1.961187830521875,3.920882004174204,17.0,5,3.12776824977769,2.8666494309380006,1.5880495607156626,8.741678527159722,10.0,0.81327483236619,71.7359715900196,4,0
3,2021-07-20,SNF,0.8624359504733472,6.0,3.6357560518898495,0.1517367421555511,12.4,5,2.82507692284015,1.7798418799213258,2.697357030494303,10.645607172307114,5.343932003970041,3.5941309522963687,57.394473832854565,4,0
3,2021-07-21,SNF,2.053166235182547,4.825541938035304,0.003210265321491601,3.7777038078728884,12.4,5,5.635960709737797,0.9924110098127296,4.914609680940535,15.100994528424296,5.285629703081882,1.7647121759581839,54.205950236015426,0,0
3,2021-07-22,SNF,2.9897242394810655,4.367579172348462,1.0277081356514757,2.055830895971149,12.2,6,4.255802310731617,3.5381193640615933,1.8514908501132445,7.857321507717174,2.5183611766503793,0.8820184008783238,95.78149942051378,3,0
3,2021-07-23,SNF,0.8881956637786688,4.362446485520811,1.5203472159158753,1.5992399422503634,9.8,4,1.7646356144650255,2.117599268457547,5.315114659927973,11.637913198464986,4.316313922390633,6.062316943133746,94.0640182451322,4,0
3,2021-07-24,SNF,2.1921564943743834,6.0,2.392565816341751,0.5227894111901181,13.0,4,2.4175721904122627,2.8205845598159742,5.844026990932777,20.0,8.59808947936377,1.8683675683660352,71.79871928474205,5,0
3,2021-07-25,SNF,1.7361906972899046,4.1154409406494965,4.362370656818054,4.3343593259928,17.0,5,3.109906117332793,2.637101986886308,5.3437212972294095,9.201141127016156,6.708683942667925,1.5755985562627082,92.30224068914222,0,0
3,2021-07-26,SNF,5.449556490063335,5.016424922294329,4.088134209294568,1.9699676379542819,19.3,4,3.462838618084907,2.7605303837455475,4.741080756329736,16.33294251546596,2.5457907385455427,2.339198115461185,93.99431621149697,6,0
3,2021-07-27,SNF,0.49548671227534835,1.7336509909716522,2.346157964963023,4.194599816440635,10.2,5,2.2486559901288765,1.970497470702839,1.9339518311637252,10.660263642718034,4.955780664243347,4.145192707647521,102.82624390211474,0,0
3,2021-07-28,SNF,0.0,6.0,4.567348931085006,2.033643848738512,14.7,3,3.391831784990868,1.3183323594021472,3.5939669781884795,15.527141806909238,8.231963376169405,3.389570578129594,81.62615300842145,3,0
3,2021-07-29,SNF,3.248294073840457,5.669820899312439,2.464592434735545,1.4955980910057713,15.0,3,4.425595112834772,3.0452228840135205,5.798764057502857,18.247023808092568,8.572360374615531,0.0,107.92784447068274,0,0
3,2021-07-30,SNF,2.4426962108443684,4.029445847571838,2.889187762892411,3.822104345000146,15.4,5,3.298176776272328,1.5772878066072282,2.31254685229995,18.89749759897247,7.148268302404522,0.0,55.759106535544475,3,0
3,2021-07-31,SNF,5.247871591317394,5.292357717192565,2.212346243735286,2.820927336763904,18.2,5,2.1664666767273877,3.153696013189941,1.9255551554910701,9.780187173412878,5.500781910782339,4.863768191591587,72.13182929776276,1,1
3,2021-08-01,SNF,0.46841513717452354,4.4753298451077015,3.295109464964814,4.269815331714867,14.6,5,0.5400652381174875,1.8379667463060347,3.1498435361033144,12.866800822345757,5.448096931634389,0.0,57.65106626923454,3,0
3,2021-08-02,SNF,1.649838156033497,5.665808111309489,1.4824423142051737,0.6939612286787971,11.1,5,3.9758665714824595,2.513724148488829,5.345739707102395,12.64668353493816,8.437261425789387,4.0070328813753395,103.90431697002678,6,0
3,2021-08-03,SNF,1.3363819641508832,6.0,2.762143682638089,4.55654584746126,17.1,5,2.6131102365950127,0.9705651505459374,3.3386804361170843,13.323209479319893,8.517978288227166,3.3971985874952244,92.4742309777736,1,1
3,2021-08-04,SNF,4.180951634762034,5.339496717813455,2.4466521803952905,2.5232948344769874,16.9,6,4.170387863647791,2.276227313957337,3.2725767235589407,14.234188485976242,4.569442016533479,4.303668417767382,104.9536865213467,3,1
3,2021-08-05,SNF,2.2870144447349774,5.960503018970648,3.836610144250451,0.9134862316210759,15.2,5,2.5050050021586445,2.3867741331523313,3.1989813906545845,16.84022497855681,6.061768642245741,1.653076516786804,90.4840420435927,3,1
3,2021-08-06,SNF,2.0146375621243466,5.148890485352614,2.0805622303969162,3.5525904710208804,14.9,7,3.5500897435586665,3.1671575846369726,6.114938717988356,16.517052789722516,6.229371225067069,4.340109746850267,84.64954193695382,4,0
3,2021-08-07,SNF,3.8843001146034126,4.956809760269309,1.2648342267140487,6.0,18.8,6,4.048071643786027,1.801573480071625,4.293802379313336,14.071580517243067,8.347751619738098,0.5817225921047688,114.43961993698188,5,1
3,2021-08-08,SNF,3.448304121474507,1.8581194075059004,2.744334735678334,6.0,16.4,4,3.419082255707773,2.2759148253831034,3.7995097394550106,14.694504414945428,9.607311711484947,0.0,98.94020332274343,3,0
3,2021-08-09,SNF,2.111109263838922,0.9281633608097728,4.303017459945915,1.674763804696843,10.5,5,1.1621109208636058,2.1170547959118626,2.611869186226731,14.979337431669812,9.93528534345975,0.6009801034432565,114.06994860839052,6,1
3,2021-08-10,SNF,0.9872754179560834,5.151941789173997,2.993927132308395,5.653305923373239,17.3,5,4.205852396341978,3.057592302514206,6.326689450392975,7.2515086975128895,6.083439771208895,5.472745327009647,85.14258448967168,4,0
3,2021-08-11,SNF,1.9096613152423687,5.851710504350743,4.291700382614574,5.734681723654208,20.8,3,3.2650685908012775,1.5911918992617196,2.6501166743854068,16.790610719972253,9.380013070488026,3.566073113176099,64.99436752434896,0,1
3,2021-08-12,SNF,0.5358319960196981,3.6410542332920697,2.917014842582031,3.2112609326507746,12.0,4,2.8284398899193235,2.9531713193695426,5.340748524333894,17.268797131484785,9.77785658306968,3.794323897804961,61.08845363968139,4,0
3,2021-08-13,SNF,1.1883070856559663,2.5730771105102,1.6178054244011832,3.0352024816905554,9.8,4,3.4371483298375454,1.6217387845445663,4.924735515996486,15.208669655349908,9.321495455074217,0.0,48.19961163965547,1,0
3,2021-08-14,SNF,1.0262247109656668,1.212751905043889,0.19446979473538328,2.888338434680863,6.2,4,2.9752162674775846,2.709379079060616,3.900970069115968,12.688262428102664,8.789112492546751,6.564659635382398,108.60023625500563,3,0
3,2021-08-15,SNF,2.460495913720964,5.076443447553904,2.317240088317396,4.9870109523438515,17.3,7,3.0189962534776473,0.8704229393307629,2.085907830766426,16.440447849153475,5.213981856682872,0.0,81.46641997711792,5,1
3,2021-08-16,SNF,3.5052736246377565,5.421421566304,4.969007096684746,2.007327498819015,18.6,4,3.903205671845868,1.9893321046886676,4.532504630342037,15.81675148158629,9.4838040058389,4.434269173142226,34.08867868123146,3,0
3,2021-08-17,SNF,1.4855421889755613,5.479545298733366,1.5754960597695993,4.1490635637419935,14.8,6,2.417662163496975,1.9729356724934184,2.9041784820212015,12.327414452463731,8.657204739131444,4.279607252541233,84.62338817991052,8,1
3,2021-08-18,SNF,2.8702437493892616,4.215261709195458,2.0253781324412374,1.5223305188131673,12.4,5,3.0138720779528807,0.0,5.477593927523396,15.833284080384281,10.0,2.655428296926322,109.85751626597508,1,0
3,2021-08-19,SNF,3.1904280253244273,6.0,3.106862660999985,4.181966000012071,19.2,3,2.9803565383509674,1.1610141581068487,3.1333099644142814,12.850351020575303,9.78158019793673,2.8381727158210026,84.66571977118463,1,1
3,2021-08-20,SNF,2.239901184972809,6.0,5.66800217156634,3.8594007568065813,20.7,4,3.8537231636185743,2.405376791003093,4.442432554376797,17.527455871479784,9.448978423795982,0.0,112.89951405152827,1,1
3,2021-08-21,SNF,3.013396276863786,2.93143992067448,2.5769628518855234,5.354523379828934,16.2,5,2.6237684212513455,2.0384060149436847,4.158704461469899,15.030564226181493,7.321858381139123,3.2385037214200167,77.98607489905335,2,0
3,2021-08-22,SNF,1.6661138635679782,2.627940336379245,1.7559501848929315,0.45752765513157145,7.6,6,4.983159482925429,3.0128117559295444,4.372014102954613,10.651142569191212,1.0,0.0,91.59772282875788,0,0
3,2021-08-23,SNF,1.2197281879210011,5.189362119471288,1.9524111821849126,4.452659261635233,14.9,4,2.6396913833361393,2.363590150715547,4.41578106812629,16.87436339432452,10.0,2.3689802315361073,48.838750853347356,4,0
3,2021-08-24,SNF,1.8319433516152879,3.5590576172326154,3.262546110963016,3.0536553927117622,13.7,6,2.9331274649743175,1.6017977215357622,4.270099386289453,11.273462436185314,8.602575441433599,0.0,42.93159208748604,2,0
3,2021-08-25,SNF,3.5815588616858194,5.0565039621300425,2.4222283104302087,4.585940859152715,18.3,3,3.1346986070935703,1.5825613083747214,4.235215755743976,6.726550333643981,7.7475167956131505,2.519142372334694,104.43063686260541,5,1
3,2021-08-26,SNF,0.0,5.41868087792817,0.28261758977869555,4.048357257008773,11.4,2,2.21008917235487,3.4285767352866685,5.904379479090533,13.427280235127638,7.658316239098259,0.939211993319411,69.30170368721437,9,0
3,2021-08-27,SNF,1.9669436658546253,6.0,0.0324056603910301,1.8906262436700823,11.5,7,0.42944210626980506,1.5489317241366525,3.4005062715950465,16.45661274149458,9.94891644570741,0.0,116.39129077579221,0,1
3,2021-08-28,SNF,3.6718873768063958,1.2016413520030587,2.8613479568626383,4.930249191845166,14.8,4,4.443522174272811,2.3788697349143546,4.118492449512951,16.772722340693175,7.935367775289552,8.072667295679535,118.7579044110395,0,0
3,2021-08-29,SNF,3.37828925131198,2.089064234561759,2.494414239223667,1.6684409733509382,11.2,3,4.214636127388295,2.8325432893169,5.607962729947641,17.96563375251552,4.819216833087844,0.7597036767633272,72.20116037693938,3,0
3,2021-08-30,SNF,3.1869092948893547,6.0,5.871053033475404,1.2571315913488545,19.0,3,1.898928227382509,3.6185931608727118,4.464001732574957,15.606511114736744,9.65613269976446,0.0,99.679663813889,2,1
3,2021-08-31,SNF,3.3353096180690542,3.243429162669266,3.6234360811291455,2.8130226999572647,15.2,3,3.470958284267997,3.508211160129804,2.1831892565601954,8.98814886972389,7.650943777578358,1.476470789565206,120.0,1,1
3,2021-09-01,SNF,0.06790977565113376,4.782556893728822,2.8505528699406866,4.544402179347358,14.3,5,3.505447151282682,1.2052627996774556,3.630936228884202,13.987722339647707,9.754486479826287,0.0,55.600240742000246,2,0
3,2021-09-02,SNF,3.417625460903632,4.370145497649079,4.389176802828486,2.9043186259831297,17.6,5,2.3255962434493522,1.3895188391958218,3.4356694167344957,15.955063274610811,5.900097233780022,0.0,59.341123982802145,4,0
3,2021-09-03,SNF,4.040598409590101,4.438137288279321,4.0909357975810705,1.2148769837344715,16.1,5,1.5111002174993855,2.1978819990229153,3.5974397822742272,14.684575235523997,4.917000586641004,7.24334623235786,45.30543906892193,9,0
3,2021-09-04,SNF,1.7143086354770485,4.086727342980387,2.0456479747273457,2.4826813460988975,12.1,6,3.0605210283863395,2.4490071483406526,3.8998177306808115,11.437455444100667,7.768836307086823,0.0,87.1017486688945,2,0
3,2021-09-05,SNF,1.649817216626501,2.5808326439251656,2.342381048358781,1.107148409374113,9.0,5,2.8266967155519183,3.632314372812785,2.5313212543871284,13.407061422681585,6.274005720570206,1.6031194408266267,57.37643676588763,1,0
3,2021-09-06,SNF,0.9681837921409646,3.672667007187403,4.405828951796028,3.5619465572596822,14.7,4,3.3615138339619475,3.1801873788427364,3.2036601369751785,18.941299395367185,6.81686112512887,1.9291055178473542,112.63966230184478,0,0
3,2021-09-07,SNF,3.29438761810834,5.8402793523683485,4.719348403375244,3.362543577408871,20.1,3,2.7798957157795128,2.288822715917362,2.726543194711568,15.163003744655185,4.799888201577316,0.0,96.29229621440841,2,1
3,2021-09-08,SNF,2.755927441531203,6.0,4.977444056931763,2.8472120381588617,19.3,5,1.450277118278842,1.643238085429298,6.787846187181382,14.82544894664706,10.0,1.5377886240135625,71.03576245684047,3,0
3,2021-09-09,SNF,2.969050931686652,5.897222232556343,3.4585405214367952,0.5643677183199918,15.0,6,3.2690533366537347,2.4220920001600224,6.070835906332403,14.059677641905877,6.904596667837553,1.9112556230803657,58.11279355497143,1,0
3,2021-09-10,SNF,3.643719213307632,4.696377724512504,5.326661492596145,3.076609088704162,19.5,3,3.042007256069089,2.008778093134087,6.763186075753972,16.651306441574373,9.647972393167539,0.295980542591614,74.30448084035584,4,0
3,2021-09-11,SNF,3.1277462343133666,3.837097974004534,3.5154792488083872,4.398131219006496,17.4,4,2.5552421280417237,1.982973130928575,2.237670741395697,12.427439867581006,5.222816163957976,0.0,61.000453587420225,3,0
3,2021-09-12,SNF,2.9429777228294616,4.448859739418179,2.094978133551731,3.4928186078873154,15.1,5,0.9534778822881065,0.8902413849848633,2.1925021899125454,14.438968278695139,10.0,1.2493206890038322,78.26799390761695,6,1
3,2021-09-13,SNF,2.420471462171877,6.0,2.158285065012484,4.4142262091078734,17.5,7,3.3507640093183206,2.029034160996055,3.6905114384537283,13.673634497573447,5.149686661197981,2.542478372508544,65.02158425482766,5,0
3,2021-09-14,SNF,2.716926099360325,0.0,1.5840150218404776,4.531386627616666,10.3,4,4.103744691221192,0.4936535889496952,3.4407378159898627,10.419380708239874,9.582044224476357,0.6515881318575563,61.5791568467604,2,0
3,2021-09-15,SNF,2.5497377924136244,2.1607705385485247,1.0992211635976505,1.813726004536093,8.9,3,3.087391830951256,2.81681492545829,4.550701958254189,12.859427606313705,7.31430735332713,4.419919854589168,106.5266661142114,2,0
3,2021-09-16,SNF,2.0214513219459844,6.0,4.38953758331905,3.36413651236119,18.4,3,3.0025337627819955,3.5117036659919516,2.8269201066549408,19.083105972146335,6.920907890128592,1.5011233337590675,94.3002953285597,7,1
3,2021-09-17,SNF,5.400344341531413,3.7527112279870574,1.8534534728076308,1.661694780665991,14.8,4,4.303208688334498,2.9448545214471613,4.35251852038854,12.284444865594205,5.3018662534727685,2.4271638017055874,94.76441258452155,2,0
3,2021-09-18,SNF,3.1557472467657717,5.729710738802229,4.085819277008376,6.0,22.1,4,0.7181567030630933,2.4878463519285248,3.365682191860039,11.730235624199642,9.083452037002628,6.586013475198552,98.00275167484521,3,1
3,2021-09-19,SNF,2.7267241180121236,2.3073407232101957,2.272001517390209,4.37841671084661,13.6,8,1.942077649362341,2.967722185072044,4.859167388540857,12.988089413405056,6.713478566841507,2.5247665589870896,42.431604543059116,6,0
3,2021-09-20,SNF,0.4930477092147445,3.3808806968588536,3.8739216969828583,4.073276856384772,13.8,6,4.175762421123267,3.9903711872459215,3.3367368653672016,7.759153461843531,4.673905832038745,5.304897300557167,120.0,5,0
3,2021-09-21,SNF,1.8040063239555786,2.020292254825897,3.9689107205239447,4.00529721957999,13.8,3,3.506569443560677,2.83962038804694,4.954126064520273,16.895145731590897,8.220763619467267,3.81131951896929,93.97407332393517,2,0
3,2021-09-22,SNF,1.510007740534406,4.433930478401946,3.1270763512767354,3.7389101348654137,14.9,5,1.9764944531422743,2.6692909344729956,5.9898188942778114,10.612199679513942,10.0,4.074805435302799,47.264830716353465,1,0
3,2021-09-23,SNF,3.1354852724987756,3.568249910643182,4.317458161303339,2.8839328038401018,16.2,5,3.8391052820867295,2.493237677436735,6.222344455762625,17.62025579799352,6.712702817556772,3.2865874155915598,104.0329135510951,0,0
3,2021-09-24,SNF,4.332078529015102,6.0,3.6399441146828213,4.711038603317891,21.8,3,3.235425923943769,1.1322147482546758,5.242960994540999,14.647982749822326,9.35845788744627,0.24416544055618372,67.93906416964961,2,0
3,2021-09-25,SNF,2.374601164737173,5.987821843871716,3.9441787307776526,2.4039455745215674,17.2,3,1.8263697916248955,1.7914337970943155,4.126719673320081,12.91654779423851,5.438509949054855,1.9554047152279996,105.05552479880416,5,1
3,2021-09-26,SNF,0.8897241558703701,5.0548138614607225,0.0,5.544932233139863,13.4,7,2.9651777837745907,1.050266647719336,5.7572386271321125,13.7961142054065,5.710358543990549,1.8688945013503435,43.56281531773457,2,0
3,2021-09-27,SNF,1.6889832810321044,5.3633049520609415,0.0,4.55240575929451,13.5,3,2.827088892344841,2.0459465259676994,4.897662706281577,12.263872467560294,7.241135189951209,3.7663743333683684,82.70835353607465,6,0
3,2021-09-28,SNF,3.994401758029724,2.867297284956982,2.4116801013213784,4.718382940131201,16.3,6,2.3648837122615594,1.7129468828492003,4.976627908991371,9.55275282251475,7.813489351912614,0.5148729306727615,104.29939003159328,2,1
3,2021-09-29,SNF,1.836592417687321,6.0,4.89629014159574,6.0,21.9,6,2.0953785919175973,1.3499487443887914,3.7853383910688705,17.695126533694154,10.0,0.0,46.03458472775463,1,0
3,2021-09-30,SNF,1.820969509859201,5.895142920106233,4.451979009621857,0.4379637086839485,14.7,3,3.536922028844126,3.7170996330393065,3.9309404654879776,16.47205216896941,2.929677370357812,3.477390211742879,78.60913458674267,3,0
3,2021-10-01,SNF,1.5037792371615006,0.0,1.5544320551412452,1.5008038243643849,5.3,6,3.975246700682839,0.49063156400701463,4.274497825292908,10.387150910081791,7.977418417383298,2.8929460610201034,59.69725998040482,3,0
3,2021-10-02,SNF,2.776920867040081,3.5316614735457934,1.1673601166202034,4.6973221038270125,14.2,5,2.462678598638544,2.3305098492320395,5.64106269748337,19.04762452355073,8.168176724801121,0.20261223226333414,63.12263042342428,4,0
3,2021-10-03,SNF,0.9772921198249824,6.0,3.831664679385658,0.0,12.6,3,3.5433537266137836,3.508932023982593,4.6576525402084,18.930417426800727,7.150710366215372,2.652430484606376,110.39547491839879,2,0
3,2021-10-04,SNF,2.1397593061459617,2.484020653675013,4.791995653102209,1.6179971222833456,12.9,4,3.0246829566396367,2.097943905818193,1.1962333772064726,12.847232576702611,3.3064404379525634,1.271363187346388,87.70048285272658,2,1
3,2021-10-05,SNF,0.984376379404204,6.0,1.6954602864432853,2.5739366107066717,13.1,4,3.515639272397725,1.84563069689459,2.340274113102918,10.805356866122873,6.9054481173430995,0.0,120.0,4,1
3,2021-10-06,SNF,1.9743892391960047,6.0,1.83354872500486,3.1788160052866616,15.2,6,2.66596259953595,2.6079324233884544,2.4698901432267135,10.084554761054752,6.59633042104628,7.20218531673562,86.9225163871041,3,1
3,2021-10-07,SNF,2.813739580365619,4.846998629634845,4.130630331539046,3.694815948057286,18.1,5,6.056395479181251,2.239152424424412,5.711485083167908,16.800300176317272,5.763898635663187,0.0,66.4916319506231,8,0
3,2021-10-08,SNF,0.3549290081373173,4.979605461592949,3.2630667417182595,2.4467154783355,12.9,4,2.679176042311198,2.6167242367150765,4.5436533762372475,16.71093382309844,9.525082379117833,5.002341579668993,73.87048756253174,7,0
3,2021-10-09,SNF,0.8831948249371778,6.0,2.2273384788656716,0.0,10.6,3,4.08907669326126,2.315630588415146,3.559650459034587,16.15425995387925,7.1138836227317945,3.826933949111436,96.93321822902891,4,0
3,2021-10-10,SNF,2.611127153330094,4.86312601287889,3.404061053106288,2.857104050087153,16.0,5,2.6002358757778725,2.661831741780472,1.7920359839130917,16.891774048591845,7.490917857029306,3.0098638853000272,59.037861243753945,3,0
3,2021-10-11,SNF,2.7143766620671888,4.6447280524330345,2.545922625611521,0.26979791402145015,11.9,4,3.1253759657785123,1.7595440530531095,3.8213719794445336,14.985683337772494,8.541371377849279,0.11800245502810469,102.03200551838165,3,0
3,2021-10-12,SNF,3.922334894838578,6.0,2.0714581137262313,3.2964518323410035,17.8,5,4.136396468611232,2.6249549680745496,3.755467258149231,11.060300957690588,2.487887181778857,4.3898578220222495,70.35488730260286,2,0
3,2021-10-13,SNF,2.064329199172055,5.622065690656246,3.024342393758208,1.7476704987102,14.5,6,1.612664513510012,2.715473961882071,2.844183410257614,15.68748568373422,5.0941252303736615,7.11150967480395,66.62174459648062,6,0
3,2021-10-14,SNF,3.1777442365776145,4.1849479311879545,3.575639998249773,0.0,12.8,4,3.1309478702606803,1.9780754720966809,4.6081827033758405,13.922240050432407,4.046552068053846,5.819541150715586,67.07117972369736,0,0
3,2021-10-15,SNF,1.0441229405458203,4.646794378575634,5.38685297667843,1.2389259470177818,14.4,4,3.186385334723716,1.6025287384868396,6.069463232438237,16.8403386073597,10.0,4.436540132378068,101.03962568669044,2,0
3,2021-10-16,SNF,1.3652837605082189,1.6161654538371721,0.9174960774525664,1.4597036366996605,6.3,4,1.8087404609579036,2.212327084671278,4.430739857079175,10.744139697827285,2.8122438642782748,0.0,86.09119823255074,0,0
3,2021-10-17,SNF,1.2245516518826427,3.839460010367838,3.2419130726989227,0.34133511552280826,10.1,5,2.05189915302285,3.8543488166560635,4.31158323439388,14.22751649616543,10.0,5.860800236508366,84.71714623301378,2,0
3,2021-10-18,SNF,0.1288813291768547,0.4012284973309763,0.25918154615533306,2.744259046413481,4.1,4,0.7214285921189245,1.8577850797647322,5.539502417595591,12.902461646590304,6.462989779619537,1.8666791920704613,77.94886835598275,1,0
3,2021-10-19,SNF,2.3095790729003762,5.254871022466393,3.546813717405797,4.85003050857248,18.6,3,2.769278940038825,1.9142017900769606,4.922408076248885,15.682703397253754,10.0,2.0459284585124653,105.42573007565431,2,1
3,2021-10-20,SNF,3.065190109930647,4.3439427652886335,2.6833767076179815,5.287784640970681,17.9,6,3.1348624930540874,3.1071385031089407,4.120525762104152,17.210904133140307,7.731270992179365,1.9073748255642429,110.91057832329389,2,1
3,2021-10-21,SNF,3.846479951110215,3.376722716391611,4.269284684958288,4.9889601451850645,19.2,3,3.301830302516707,2.8209252585472027,2.582425012635058,11.18198425073873,5.702263681940742,4.8081830063765665,54.77966385390993,0,0
3,2021-10-22,SNF,2.836270382813822,5.46740941413948,5.093048089756415,2.679969134319617,18.8,3,2.863134347032453,0.7244102651223707,4.947995324934032,17.493484588169153,5.974770025383706,0.7522823811580075,56.1441583156764,4,0
3,2021-10-23,SNF,1.7484682889815826,3.338785578082349,3.169052817717245,1.7279574648559686,11.6,6,3.421760433155624,2.699567065943857,6.452634594451113,11.307878963752218,6.152689274433342,9.316369655565047,110.31411042626769,3,0
3,2021-10-24,SNF,1.3723733492678922,4.535163393803316,1.3660597229047136,6.0,15.5,4,3.6341033424554907,1.2613211667505335,3.980839287265799,17.773750569810694,8.550383738306818,2.3434626684170623,111.25120628530243,2,1
3,2021-10-25,SNF,2.8251916382668463,3.394732018973363,2.267880500651217,3.348027527457446,13.8,5,3.263590345716815,2.0672587614827918,4.515536509043854,11.496431083062822,9.836766370822149,7.807553581685326,43.20160695440591,2,0
3,2021-10-26,SNF,2.534529605393499,4.979039948631377,5.74459190748612,3.305520539499789,19.3,4,1.9208906329812314,1.386644892729053,4.315133228505314,11.07842103711986,7.649053912505327,3.6257198848279852,77.17449529177618,3,1
3,2021-10-27,SNF,2.186232812819221,2.5288876062100334,2.2474136934423394,5.654473170776488,14.7,6,4.355528152458709,1.7354630110691982,4.638357110558738,12.2396123258477,8.391084308061936,3.1525400751472965,45.851398498368674,6,0
3,2021-10-28,SNF,4.365685845078145,3.5158356214330526,5.603094962373171,1.5640167383551828,17.6,4,3.5286717051706695,1.6279851697273933,4.018619623071546,5.327350185788451,4.277703949560729,1.7136649327530011,82.60084880074457,0,0
3,2021-10-29,SNF,1.6125038396737428,3.429229759491357,4.126989223552164,3.187842981049827,14.4,5,2.601341486395587,1.334247242016664,4.8514895420668385,16.037376485448277,7.481429660962271,3.579467182524093,36.598566800409,7,0
3,2021-10-30,SNF,3.501059341131219,0.32287038131828627,3.372401811759369,2.0153292135733034,10.7,5,2.7356318507012976,2.4539987457188266,4.154957128075243,14.113443363039371,5.132546928862247,3.2049860107843933,84.85379660211443,5,0
3,2021-10-31,SNF,0.8426651103619258,4.006474639899213,2.896992560800347,2.1356267628156633,11.5,3,1.9305572829254978,0.826043301458737,4.3015078901244665,14.609537713473049,7.045751153565185,7.239281908716615,69.90175830116131,3,0
3,2021-11-01,SNF,1.6350542798704448,0.6318343176939836,1.96706100947383,4.983286956777721,10.8,5,1.5908971920248431,3.387168821165475,4.3646738999312555,18.656070418871362,10.0,3.7903016697026635,62.66050647586247,0,0
3,2021-11-02,SNF,1.5908393630463737,1.4998278975967938,1.985830999146616,3.9141570197258906,10.5,2,4.967853582216759,1.6743051399425637,5.911196237623023,15.768100895278389,6.424020935162835,1.5523623866596217,117.30661643637615,0,0
3,2021-11-03,SNF,1.9184888379146914,5.418458941858139,3.0402819513655706,2.2097857826745244,14.7,7,1.5627859634189818,2.4392398757179192,5.065329121139386,17.584601564101924,10.0,1.3096920517031574,89.31184393483792,0,0
3,2021-11-04,SNF,4.952578503088478,3.5398201900425095,4.587673166560059,0.0,15.3,6,2.6751908317833504,0.9079237075161276,6.201523812710567,17.774284552631297,5.424574966680156,2.0837712174127634,105.85473354929182,0,0
3,2021-11-05,SNF,2.461717506917069,5.91300519412609,5.162055594656817,1.0160091320697893,17.0,4,1.9556257401822332,2.8498362224486273,4.881091808356007,15.187672794264541,10.0,2.677110857226839,54.58817865933778,3,0
3,2021-11-06,SNF,1.6852704338505367,6.0,3.1062973791356066,3.9161413037553943,17.2,5,2.7189339068736347,0.18085865061510487,3.8936194777014417,20.0,8.057172732686203,3.9663537366116746,88.2297304688264,4,1
3,2021-11-07,SNF,1.7914251736068856,0.6144939786122987,2.1046377995418,1.94762742786344,7.5,4,3.2100833303140486,0.7788605266213767,5.795379911723948,16.782031008760445,6.470770686261273,3.590204081321715,91.43108843674759,2,0
3,2021-11-08,SNF,0.5159050357060844,1.9606058282210423,2.883965969508955,0.5307194316756709,6.9,6,3.4825313770623945,3.1226008994808248,6.222105635637925,12.324442005087178,7.182155279822204,2.890871933143589,98.3363934066212,7,0
3,2021-11-09,SNF,1.5082347867083394,2.7525604751770367,1.7279471630914265,0.14453000593630422,7.2,5,4.49459683938776,2.257063581902324,4.806351245901182,18.359204894246755,7.031376122957456,7.732179846666129,65.51869137749313,3,0
3,2021-11-10,SNF,2.1378634776411074,5.330830512369035,2.9573079105186313,2.0000766090523734,14.5,3,3.118097310765031,2.066148319733615,4.6790683148909284,16.34980179501265,8.23414950678858,0.0,40.641423188659054,4,0
3,2021-11-11,SNF,2.3582064517684866,6.0,1.0042573485767397,0.0,10.9,4,5.347353755250137,1.6134916852567338,2.3385932307208277,18.854540515388635,4.616003848370406,3.300022449516374,80.01310818058882,3,0
3,2021-11-12,SNF,1.1033427778437264,6.0,4.814952621934342,3.5292931607012257,18.0,5,3.4225434253133695,1.6885535300416592,4.964268513133763,16.555292124945474,8.078550590119862,3.4094359301970725,101.73913399966077,6,1
3,2021-11-13,SNF,2.5039117640084783,6.0,2.6739955001613183,2.937613414976215,16.5,4,1.5346775669336623,1.6483302571360716,4.37197559500591,15.33021477070425,4.699633331533351,5.654104120002053,108.93214184798387,1,1
3,2021-11-14,SNF,2.459662296116601,4.638744625002869,3.2532896105120046,4.405225827397686,17.2,4,1.785213760856604,1.747012766360194,4.379108239379255,18.388693216523308,8.155476964664043,5.780635993874789,91.24781889547454,0,1
3,2021-11-15,SNF,1.0555169320215356,1.6493087068540393,4.8391594661630695,3.9625665251354603,13.4,3,3.7291355004138973,0.3749351985072964,4.381508497475763,14.609304614446016,9.093732712340502,1.2958483095883442,57.01540346744253,2,0
3,2021-11-16,SNF,2.598193012308996,5.781875260106755,1.6724135911006104,5.002997365749565,17.6,4,3.163769376816327,2.277424180351378,0.8135595246331304,11.233304457523893,6.207168041807046,2.6398422672268236,94.76697549672521,4,1
3,2021-11-17,SNF,3.113772866755414,3.9447875836464474,1.4405370615439568,2.0418628108695853,12.3,4,3.8373041908540726,1.5781499459678974,3.313833924753019,11.9185416310393,5.8001327012736095,9.847071254336132,116.83949032712601,1,0
3,2021-11-18,SNF,0.24307120737498034,0.6709651251357658,2.4984103702906655,5.235733814480927,10.1,5,2.489562223924756,1.6449873805759176,4.533881023736466,17.536757014958557,10.0,4.699769732166744,71.29324090203075,3,0
3,2021-11-19,SNF,0.586970999752636,5.127709570833501,3.2240478093758638,4.520000966318868,15.7,6,3.618329807406896,3.2930292988608936,4.6968415250289315,14.031176954831725,8.950748363397354,3.840096546281785,87.51447462268953,5,0
3,2021-11-20,SNF,0.9741787260968838,6.0,5.333020148302313,2.0414037094453663,16.7,6,2.407507862556372,1.4859091847239307,6.486108268604919,16.589356301370003,6.75810843490168,5.735798356227921,82.30909383868493,4,0
3,2021-11-21,SNF,2.375300618489348,4.1856980671664665,3.624192193471283,1.286674248708264,13.4,2,4.316102547174532,3.183872122893715,7.351056766955579,12.97078203902039,4.624633251920603,7.868306110134348,91.19953407273321,6,0
3,2021-11-22,SNF,2.1385768380471935,6.0,4.246797674899914,4.610692916489238,19.8,4,1.5709458972852877,2.8316799728165507,4.337961453501615,10.99781348999693,10.0,4.0939822391907015,73.1124182527378,4,0
3,2021-11-23,SNF,1.0986757153596531,3.4126854214470064,4.424288217296478,2.6833844938993576,13.6,4,1.5593557338858768,1.4850649053796425,3.894318998986873,15.646293455454183,8.521306117986793,4.293515442662666,104.93429233619256,4,1
3,2021-11-24,SNF,1.7967351021836553,3.664452851837117,3.9643919247916437,0.9485725322905685,12.1,5,4.424613663852904,3.1292533086390093,4.259610903844667,7.001047654024542,6.683050123486725,8.439965052971385,102.35588786969014,6,0
3,2021-11-25,SNF,1.269057352872561,6.0,2.7476299409896368,4.56171939073287,17.0,5,3.2439096450248175,3.414442261000265,5.066460054075358,17.1486057051398,10.0,1.2304407447752057,77.08691935669916,6,0
3,2021-11-26,SNF,5.262577987315453,6.0,3.9869641954391026,3.520982581813723,21.9,5,3.4490987674604905,2.1323756752739698,4.285370830612013,15.323278810619248,6.627196907102253,0.0,59.281394594168425,3,0
3,2021-11-27,SNF,1.3939891394439452,6.0,4.8832884821494575,0.7633061613461746,15.2,5,2.3607543462528926,1.9004805516551393,3.4124119692661776,7.31785286580345,6.265898243212369,4.804686127987588,56.161537119182945,1,0
3,2021-11-28,SNF,4.192627913231868,6.0,5.042435769634589,3.897737898517515,22.3,6,6.088955575170997,1.5982329405670037,5.741628113648256,16.87422844956489,3.346167084777109,0.0,74.63409393738934,1,0
3,2021-11-29,SNF,2.722699758424542,6.0,2.8911117574474834,0.662190620222509,14.3,5,1.8270968479074883,0.0,5.013491830893061,14.95498435634935,7.421275882411584,2.169649269336092,80.97533762906724,3,1
3,2021-11-30,SNF,1.6791076452850235,1.9359689998486955,0.9030390912414179,3.5022608221696125,9.4,8,2.7596115141835935,2.1571751868972258,5.8146967911998075,13.281523229830707,7.525299198462861,5.225418544376594,89.91220775539745,2,0
3,2021-12-01,SNF,1.9754609602598656,0.0,4.121364884707495,4.826073369963257,12.7,3,3.4714692281811788,1.0922799418770697,2.902969126439858,18.324962082612377,9.39624977908209,2.064462244510337,71.65239033157081,3,0
3,2021-12-02,SNF,2.199485220822914,4.534874173918688,3.473711976665526,3.0539412984160688,15.5,4,3.597232543192415,2.0974526771376993,2.1827188207747223,11.830100749967126,4.54562769210577,1.9882649419144087,79.1892458236662,3,0
3,2021-12-03,SNF,1.7995654692907848,5.8778087563631525,3.2167708307228087,5.830562009417759,19.5,3,2.532439836009981,1.2506175542606883,4.404477323793022,14.713580045722551,9.735269596037341,2.804278770772922,43.64412860072688,8,0
3,2021-12-04,SNF,1.7315776586247524,1.0851280600074706,2.5012710099307234,3.3184363064027673,10.1,3,3.9035656430101016,1.8511684234052126,6.180475418405031,12.180501272407506,8.989523329583056,3.0264823434234227,28.048617534879234,0,0
3,2021-12-05,SNF,1.4467029176938708,3.2712041197695307,0.6127601004976526,6.0,13.2,2,3.6825326308132325,3.3982242089104666,7.309971705255894,18.21170752548286,8.596279904156802,0.0,60.76773713766115,5,0
3,2021-12-06,SNF,2.896518175636276,6.0,2.381903991705217,2.466590145150734,16.0,3,2.636115771408442,1.6773038540059575,3.225882508217964,15.915807053441625,4.963655227442638,2.0759070790750784,63.83449256446936,5,0
3,2021-12-07,SNF,2.989455381858808,5.088370915804853,3.0385439423068927,1.9156133931242916,15.2,4,3.5279602870431277,1.8724194161737213,4.937288615750785,18.559006825927764,10.0,2.4940961487711197,117.35056506551776,6,1
3,2021-12-08,SNF,1.7522816537587151,2.1838233613996607,4.980518525421777,2.499804986026762,13.3,5,3.361817972767083,3.7735399401462684,4.161800952190501,13.218527292791315,8.536579245375755,5.042943200462502,50.22336128473762,0,0
3,2021-12-09,SNF,1.9159035652715057,5.979155520095649,5.43271588561851,5.739584108917233,22.2,4,5.145213237386887,2.244860785664207,4.185215203552896,17.375072728745234,9.105234083402047,6.216271244015832,120.0,3,1
3,2021-12-10,SNF,4.792734070452328,6.0,1.3487133947044523,4.104977282994874,19.0,3,1.517866417136409,3.375403828714699,4.229696049725326,12.443327624963008,6.045099247959058,1.082217207469201,61.768509320437815,5,0
3,2021-12-11,SNF,0.8640323432059112,3.0303839424741836,3.660517927574827,0.9538956388647879,9.9,6,2.2943067165512554,3.165581409911764,5.4273151585944985,7.173472404316408,9.941496400239341,5.912216634344411,58.52752740843074,8,0
3,2021-12-12,SNF,1.3691697240351035,5.706180620426054,0.6093257737451401,3.795851172791297,13.4,7,2.716864292985405,1.184602555652101,1.4302425310572455,15.332982444462187,6.98857839193613,1.7325926439633046,113.25005077677272,1,1
3,2021-12-13,SNF,3.9379884798357936,5.231870103635566,4.674921580394516,2.7627183136485054,19.4,3,2.8650834802541487,3.523447041450791,4.9709668819458335,5.794610882256528,6.964727046001626,6.67823427632954,71.26553443545349,3,0
3,2021-12-14,SNF,2.668626530910955,4.819853274689027,3.1400517021591474,1.1924975537284785,13.8,5,3.7094072376244855,2.5717234141333543,2.4262032413447936,16.310756817557188,6.047752370898011,0.18973082045492973,103.9675034772601,5,0
3,2021-12-15,SNF,0.1871219952282941,2.418325510332229,4.11146511625765,4.350451408538156,12.9,5,3.536779487883256,2.6672613429491476,6.786174091711592,16.58434802938666,4.465271235351535,4.38424566988496,65.98023070843209,6,0
3,2021-12-16,SNF,3.7565472089444922,3.5720605713691485,2.9483047970826655,1.5700632714313407,13.8,6,4.506844277309511,1.8394160154819357,4.502697320910315,9.883480239396636,5.007565413304955,3.316190234683435,66.11311646169857,4,0
3,2021-12-17,SNF,0.9437695381259723,4.604707902310022,1.1206738957733253,1.1489930478505124,9.1,6,5.267233137170237,1.365965579812813,4.064967134393002,13.40504302493855,5.357125892828276,0.0,83.34212434951365,4,0
3,2021-12-18,SNF,4.3304536493856105,0.24427797767934312,5.136499439428583,1.7331405835345117,13.4,4,3.0025511191817693,2.517908973851988,3.664637232038243,14.213879283321608,8.897661072078282,1.3204375584287686,74.94883932454107,6,0
3,2021-12-19,SNF,3.112869660566293,4.645185866828793,3.7480531980576828,1.0687351859548153,14.7,4,4.33475405643307,0.8427346324611118,5.873447698254642,14.34669597741852,3.971751041773721,2.5344378601197293,92.11620489102664,9,0
3,2021-12-20,SNF,1.854473581758548,5.2833500483873905,5.871053033475404,2.9049527603380256,18.6,4,3.899361534891172,2.017933530053575,4.967501646463786,12.016178105787638,4.478470759328825,0.8837193273789046,120.0,4,1
3,2021-12-21,SNF,3.0673852113260516,0.5955887873681387,4.870597990603526,6.0,17.0,7,2.740778212267433,1.250463485303919,5.2532978911782005,18.316188273932003,10.0,0.0,84.84579130123089,2,0
3,2021-12-22,SNF,2.1915548104713274,6.0,2.399808771849444,4.981297771332889,18.2,5,1.8996966209247028,2.1466059869774066,3.995846790339709,12.176963284193029,5.497420950762524,0.0,96.87811251566511,4,1
3,2021-12-23,SNF,3.5791627244312227,5.628563895556565,3.573169274617435,4.927504284167316,20.7,3,4.720446175685806,1.3970386888002846,3.997532446802081,16.28189521355925,6.934714083743822,1.997083727646185,96.85704591579332,5,1
3,2021-12-24,SNF,0.20941332151734637,3.5757983652332035,0.0,3.338179058736337,8.3,5,3.652337354937056,2.523301323938647,5.1929143487263625,18.823281519267464,5.192522594975832,0.0,45.601268460480426,4,0
3,2021-12-25,SNF,2.3948155317332116,4.888360322982889,5.0364164002583545,2.2680154060845887,17.0,3,2.6417191947705185,2.5083490491809926,3.971212479238638,19.161262188221617,7.327408558306522,0.29194394263068224,60.17000161677066,3,0
3,2021-12-26,SNF,3.0700864754522588,6.0,3.63716361809106,4.09474099778928,19.6,2,3.1975988125509858,3.588851349891899,3.3964103898889193,16.77534532281215,5.27161891320633,4.689224517562624,99.81013477376636,2,1
3,2021-12-27,SNF,1.7585553515566485,4.419209087294173,1.696810153041995,4.141323964967665,14.0,6,2.2008297871063096,2.384537043573783,4.435871100032901,14.756348835109735,5.744443936855734,1.9348446983979508,120.0,7,1
3,2021-12-28,SNF,1.6767501870456714,5.1489692403878236,3.8511993278085503,3.7326194861690496,16.8,3,3.024802695322638,1.0137419754852899,2.8754109780014554,15.834794490992474,5.948464633378046,1.313552104224831,83.03687310135331,1,1
3,2021-12-29,SNF,1.9975892711515035,4.246839055529538,5.871053033475404,3.2516322274324208,17.9,5,5.2410539992774865,3.207307608934273,7.215360194270093,13.395625258763687,7.296064949782577,1.669766708086922,97.47629480466344,0,0
3,2021-12-30,SNF,0.0,3.606280025910762,3.214119309708728,2.1372073419668665,10.5,4,3.4381045172876337,3.2552190332376,3.95315747687703,10.593951675178898,5.199771572599499,0.0,120.0,2,0
3,2021-12-31,SNF,2.821914084141327,1.3368582561747258,2.523221411146972,0.8148837299844061,8.7,6,1.9060228090180205,1.1333333862046842,3.0616782173363415,14.712637999691383,9.603459239502149,0.0,84.29981476809829,6,0
3,2022-01-01,SNF,2.289013067875967,6.0,4.162420037229507,5.020474671220254,20.4,3,2.525541909778901,1.4441939816794696,2.4975252394253324,16.57753512620632,9.671773270325094,0.20675006040768285,103.2071952117008,4,1
3,2022-01-02,SNF,4.831565059880724,2.2418279621164965,4.68866719655696,6.0,20.7,5,2.0174658421246,2.7537454457891464,7.248324810192746,13.654316849024276,10.0,1.732141304183835,61.94018098122648,4,0
3,2022-01-03,SNF,0.28430084149378354,4.710125737607186,1.459744279700621,4.3810882956117645,12.6,5,2.187858769773488,1.424258648815556,2.7734165029166222,16.891471026992775,8.451859070354798,0.9743549935597411,99.04903777919488,6,1
3,2022-01-04,SNF,5.457013685088187,6.0,3.691802075730764,2.7620578281443118,20.9,5,4.782583075083208,2.936763820403265,4.9369157229937555,17.785685091969714,7.475701747294501,1.3580518662136614,112.01156111333115,0,1
3,2022-01-05,SNF,3.5975803442451455,4.4812398142778225,5.009317084824941,5.152550040907925,21.3,4,0.8834153974962016,1.9931814030190171,2.3777717764782267,14.362456704144927,4.729748980686462,4.6254637661183615,120.0,2,1
3,2022-01-06,SNF,3.8717584724016865,1.2009291610081636,3.4135964754454657,2.852380836446707,13.2,5,3.9096231782430997,2.2486082099176317,5.128563583565055,16.932450302447208,7.285995143049913,1.727676455082735,81.97339539767108,2,0
3,2022-01-07,SNF,2.139223792077832,6.0,2.5336152944013945,2.559486311887185,15.4,6,0.6788999941872202,2.28943205197083,5.650418060915602,10.44132065801798,2.279243728741902,0.590641239468563,67.24031094288421,5,0
3,2022-01-08,SNF,0.0,3.507823159916719,4.617359213829206,5.421923148634618,15.8,5,3.64556304655243,2.2325911391064435,5.068637357448861,17.33662235573111,8.031956273644091,1.1070132007306688,120.0,6,1
3,2022-01-09,SNF,2.5279370393956286,5.245307688545157,3.532931603279357,4.294343591685977,18.2,5,1.8548728577973588,3.5223378510639027,2.902737206318565,14.894042813810334,5.417873321844693,3.624947743207332,105.58485425815088,1,1
3,2022-01-10,SNF,4.432419842504793,4.0263986091064785,3.4407333934865227,5.122747730877266,19.9,4,4.195110556942368,1.4769183840628914,2.0589984852736,16.96086998429083,6.123786502979176,7.407081224986239,110.50408739023517,6,1
3,2022-01-11,SNF,2.950038230779941,5.948156918499475,1.1818362982859623,3.1940123318166984,15.5,5,3.6002542304432046,2.6068171752958427,3.2095714144549405,11.544743761172686,7.856190723229455,3.4323605413254397,118.2530868760564,9,1
3,2022-01-12,SNF,2.8099552380553128,4.91256238274023,2.467578024115799,2.150779138800433,14.4,5,3.4867254121856788,3.3980358182323482,4.11869882446551,15.332737272083039,6.857196701676351,0.4343866935307541,60.66855280139013,3,0
3,2022-01-13,SNF,5.996634959208795,5.947390376103539,1.9409138143199791,5.853041396059158,23.0,4,2.700302293277815,2.6434183293091826,2.4545851629611652,13.489565578549687,5.874995862439881,0.0,75.97440453693125,6,1
3,2022-01-14,SNF,3.1539623319360963,4.661073411136014,1.6112971957377842,1.5930303414994396,12.9,1,3.535444464174797,2.036975058397233,2.681379660223253,19.8925972751938,4.98762378736307,1.3198753057722117,101.27465284691637,1,0
3,2022-01-15,SNF,3.180854718135382,6.0,5.2914799710061,2.3878932241646877,19.7,5,3.592428132701671,1.1991356323439184,5.118144635614084,13.518666567715773,9.898804639765583,0.8456237439747878,85.90012681532073,2,0
3,2022-01-16,SNF,1.4493370637797722,0.0,4.696648998535701,2.732602017699058,10.4,4,3.0791062809749628,1.2884319083809541,5.961272026649798,13.85920618643489,2.912647233496668,4.645615370920578,80.58197409482204,5,0
3,2022-01-17,SNF,3.1522909330868734,5.883756898490975,4.855880316092623,3.403900299065737,20.2,2,4.051409822968294,2.4804629680382217,5.662810256858555,10.025764468330902,2.5084287019572606,0.0,86.07325590370637,5,0
3,2022-01-18,SNF,2.8758633771164344,3.255818109693544,3.2274407228952016,3.1596501663161325,14.6,6,3.16549922825258,1.925994172233089,4.051743690936494,9.700653020354077,9.399088576913293,3.9312813273478975,83.1706142672988,1,0
3,2022-01-19,SNF,1.6048118564163634,6.0,1.981392825699197,1.4315460647717746,12.9,4,6.029255760557457,1.4312530777022454,3.7913337789285815,13.54905359368055,8.069151976602534,4.3293635058926405,75.76511516134578,3,0
3,2022-01-20,SNF,2.541923076451753,3.4498005086335963,3.233522063753251,3.961774944058932,15.4,4,3.6427249318911556,1.3458241617465136,4.794736839226494,11.059143094771107,7.528934476279884,0.0,63.64476253387789,1,0
3,2022-01-21,SNF,3.7014461962310703,2.1030135778140298,3.935296779732836,2.844483729940728,14.7,3,4.368372283898216,1.6653985696560563,4.597069437229248,12.89598542529874,7.188130801818648,5.2315464620698835,83.74538859337798,2,0
3,2022-01-22,SNF,3.2365621728612504,4.91080359371102,4.3305824152329615,4.539825185103394,19.9,5,2.7591436029379217,0.7554629162508726,6.082110183495776,14.18256077070826,6.3322620557112295,0.0,85.10772683080029,3,1
3,2022-01-23,SNF,3.9190793821854544,6.0,5.118758922589177,0.737361501419119,18.4,2,2.4169987061924645,1.704855797933155,1.8174956046253696,2.469624850570175,6.144985254260247,2.758917105021101,80.1567992929531,3,1
3,2022-01-24,SNF,3.244317532207129,5.838871268835591,0.36417988775223653,1.7921058957760871,13.1,5,1.0603392076564764,2.9718538895663404,5.010389763213798,17.316688224081165,6.814119993319022,9.723992917506685,78.73697657566804,6,0
3,2022-01-25,SNF,3.286030805007906,2.791337772476692,1.1814400975524368,6.0,15.5,5,1.9060800403514244,2.1568446073216125,2.74527162753217,13.3472613019344,9.715103222420067,3.0383519689532856,63.44481818295115,2,0
3,2022-01-26,SNF,2.991305443550911,6.0,1.1007541651492903,5.367282222846879,18.0,2,0.6330746402861781,1.8806989735305961,1.6801947407759026,12.909796945929285,10.0,3.1715103382561987,69.23007396853247,3,1
3,2022-01-27,SNF,2.532492597389303,3.553373349594345,3.289712791705494,5.269306044765365,17.1,4,4.293905662147448,2.184888993951496,5.924599839927408,15.35256261999806,5.274260748080563,0.0,120.0,3,0
3,2022-01-28,SNF,1.1327394423966917,3.3712005030742573,2.3461353408523604,2.945803142345025,11.4,4,1.8975354800139868,2.0506269895354445,4.0228157809735166,15.977768455325595,7.452089251110535,10.0,82.71467736523176,3,0
3,2022-01-29,SNF,2.748994192324423,6.0,2.532454822189084,0.8614324195586404,14.2,5,2.198684900794511,3.1407856345975773,6.6025656812394535,15.274576925052784,6.908361646832057,4.607310377429114,99.87295118942187,1,0
3,2022-01-30,SNF,1.6578770102943847,6.0,2.932930119402526,0.7883026380167277,13.3,2,2.6378016999638296,0.0,5.23579685397654,14.432271831100612,6.67510286592701,1.7644135253396005,56.36768093240962,0,0
3,2022-01-31,SNF,0.6472800057869503,6.0,2.2327443528325013,3.8083300590668134,14.8,5,1.1658348994763426,2.0645458851553387,5.979274299047076,19.03387571680112,9.490215506045383,0.0,76.11872179939618,2,0
3,2022-02-01,SNF,3.2425920438827256,6.0,3.5484152847052606,6.0,21.9,5,0.8719257892935915,1.974037261801099,3.949804979045397,7.942137982635865,10.0,3.109384482877552,101.77160280360535,5,1
3,2022-02-02,SNF,2.917915237702855,4.833160156514456,2.318700882239135,0.5146854549829649,12.3,5,3.2336245383869677,2.7744281266340423,3.122290922398263,16.754871037083664,6.180026309031993,0.0,47.699976750343424,1,0
3,2022-02-03,SNF,0.2679632999133308,3.6077693906868227,5.871053033475404,4.664389430912367,16.8,5,3.2944245751379664,2.5414789578546384,6.066952666378972,15.528717217440795,8.645467012521536,4.322652186216576,100.72654176058681,4,0
3,2022-02-04,SNF,2.417909687728064,2.6975461421597178,1.4060062666872806,0.5424398941175823,8.2,5,2.400344701178358,2.3014440014965185,3.4958700164573036,12.048224205573515,7.404553812558156,3.242451059286325,74.94282354325136,4,0
3,2022-02-05,SNF,2.5035086857571165,5.464436315760993,2.328356882801843,5.085761163208528,17.9,2,5.493898227422171,1.314627436146607,5.060767219134683,14.857395821991405,9.046238536186628,0.9847345762108577,85.64212402356507,7,0
3,2022-02-06,SNF,4.394631152431211,3.7522513592716185,0.7728071671960636,6.0,17.4,3,4.146683503385739,1.7946407167250342,3.139609296569413,16.08198261862912,5.4483493514902674,0.0,42.697628017593836,2,0
3,2022-02-07,SNF,0.0,6.0,0.0,1.4181605483540043,8.7,6,3.8181344369687524,3.276127538050959,3.107129963950716,9.456017037630053,6.875023352212211,0.19477478548469396,51.902338132985136,2,0
3,2022-02-08,SNF,0.9711046718148245,5.964125575556774,1.7261797885119656,1.8042745857787135,12.2,3,4.265012000393869,1.9818369833455163,4.741362265327993,16.234090668105587,9.381820700003146,6.764334235591521,36.282553285304544,6,0
3,2022-02-09,SNF,1.9436431009067685,4.283302083580918,3.95900824019402,5.166372830992417,17.9,6,4.233741527520693,2.3678639304221942,3.8055478321864062,14.937457968044813,5.670175474775085,0.739695664871383,49.09320119776333,3,0
3,2022-02-10,SNF,5.012565357674571,4.785447894720005,2.5586904801205455,4.3875097648691295,19.5,4,3.4588427331037823,3.5994782768600078,4.943695363341684,16.464472443148544,7.69898256383119,4.1838074262991825,49.5126808681303,6,0
3,2022-02-11,SNF,1.659359569121442,5.941918332906453,3.8269524336146006,4.66864667774041,18.8,3,3.5611412253513777,2.0939418266819465,3.503439131809269,17.246036177046545,4.603213016189928,0.0,108.50385484613179,3,1
3,2022-02-12,SNF,0.40008507380408886,5.382872154706865,2.63249526007765,0.327629487948337,10.2,5,3.653831157111319,2.0960690167287006,1.6544442215315822,17.303279531957536,5.6814559606059145,4.779121335128398,52.25323491176397,4,0
3,2022-02-13,SNF,4.42815945414342,6.0,3.3852301995228657,6.0,23.1,4,5.688841034095538,2.4653309936140015,2.910132115256121,14.862097206315953,10.0,0.2881039243929542,91.58688886779132,0,1
3,2022-02-14,SNF,1.5111691691253328,4.741887619927163,2.383494167422546,3.0577723561320163,13.6,5,5.034448796350455,1.7755974040509894,3.59033193355476,13.91790050072008,8.457983273589509,1.8011651981108443,93.54471216741493,3,0
3,2022-02-15,SNF,1.9254370912197585,6.0,4.090554813365438,0.8631708796580275,15.0,4,2.9466003964420837,2.439167664761546,6.201068652438636,14.22378216486677,5.458865663777281,2.100624305693069,95.9751212675511,1,0
3,2022-02-16,SNF,2.6175710399333316,6.0,3.5288127238131737,5.081464870698728,20.1,4,1.713712267850022,2.977640006823025,4.903269096298216,13.979075194346294,5.060544293891818,4.000866618598161,111.90396139998818,6,1
3,2022-02-17,SNF,1.2731610191437654,4.159164880325178,4.313546886774196,2.6528422025921503,14.5,5,3.862015895240907,1.9666566584592362,2.277564014286505,10.937567969918959,6.882359905952939,4.51310378710628,118.05526536586714,2,1
3,2022-02-18,SNF,1.8250151414736373,3.1739276332253823,5.871053033475404,2.569390556402361,15.7,5,6.8096385655602,1.2835056913797862,3.7315355317369336,17.609871299291214,7.56694316559615,0.3730250344163868,73.21283292132486,1,0
3,2022-02-19,SNF,2.737591322947775,5.808382032546257,4.074472962734594,4.722132981561385,20.2,6,0.3510689352846196,0.8909479836772014,2.8521994709846896,17.196268391933504,8.056676125599399,2.7797806440358075,87.2948938255936,0,1
3,2022-02-20,SNF,1.939022216980932,5.172331029435037,4.346700589079435,4.586417449015628,18.7,6,3.33677854460382,3.481849790249447,4.749514415181418,8.237903407787512,8.844976249644777,0.0,87.27858696325673,4,0
3,2022-02-21,SNF,3.6972156109358076,2.168913750732033,4.142946428139359,3.5612322751333236,15.8,3,3.033475223686716,0.9433153157258766,4.93695994259108,12.649905023604028,10.0,3.0055829819319984,105.92563777102666,4,1
3,2022-02-22,SNF,1.9376450361097195,2.4630922853539783,2.2766581769866763,3.49365384071828,11.9,6,3.234114378724154,2.2422420734549826,4.8282286698666725,17.313125929347866,4.390223378682911,0.057717642333530605,68.26328521763588,3,0
3,2022-02-23,SNF,0.43336199839653045,2.330026435054966,3.0027942947877193,1.4169695056988039,8.4,5,0.8025726914586566,2.5566565100291387,3.4447517539839994,16.972452440532773,5.790379064687093,0.0,111.6315023742204,7,0
3,2022-02-24,SNF,2.5356030486904744,4.27604928077155,3.134791348782615,3.271040938335113,15.4,3,1.7850611647518435,1.3414125249239557,4.21053425087524,16.834965493124493,10.0,2.2831155986072824,108.59595326873354,2,1
3,2022-02-25,SNF,2.529755064207694,4.701693110150183,1.3790781010188784,5.466589248815698,16.4,7,3.5049925716497845,3.1312890942812914,5.96371869742591,16.344215204738745,8.486645655314268,5.57179128248729,65.27246722954912,2,0
3,2022-02-26,SNF,3.8193391469783835,2.7425368805343098,1.1563753952585931,6.0,16.0,7,3.67995755494156,2.4258935669181305,3.4508737134457537,16.86813105044132,7.36999201521878,0.0,81.54709396287454,5,0
3,2022-02-27,SNF,1.3606335430857734,3.832010296028165,2.5199539599564185,1.0995344872559196,10.3,4,1.6369830720088308,1.192660207286663,3.7690640720582307,16.620558971889512,3.7820534320626513,2.1730544301574097,64.07853795316893,0,0
3,2022-02-28,SNF,1.4379563959536463,3.18761388175,1.5180766863467365,2.5942589163090672,10.2,5,4.638815671601815,1.9009597573900865,3.3297429034526558,13.030768049045832,3.98912938638057,5.6230997020824445,105.56158767556649,4,0
3,2022-03-01,SNF,1.8450391610425352,5.158447316838288,2.6164441002052374,5.214315661403475,17.3,4,3.8767872288172205,1.3792407567231226,3.9636411336166772,10.953528035690036,5.120826344580551,1.1968154662730237,50.70979309088213,1,0
3,2022-03-02,SNF,1.0901317736552336,2.2572512571553167,4.356932146924429,4.588870825346136,14.3,1,3.013788218298463,2.389445592200155,2.849406015241837,10.284393611372979,8.74339161581831,0.0,33.97141157193629,2,0
3,2022-03-03,SNF,0.7123119621622411,4.096109955297486,0.295774623573521,1.1005614716429477,7.2,7,2.940248752444119,2.9439444232584537,7.386108026890307,14.676612550899158,10.0,2.3150079471761025,59.737598826224755,3,0
3,2022-03-04,SNF,0.626509041792819,4.5595786410892725,2.770362405452304,1.5632865770131346,11.1,5,3.7463843759109903,2.0161855086264726,2.019043852927481,19.012751057414686,6.249365971059779,0.0,86.01441507535962,3,0
3,2022-03-05,SNF,5.996634959208795,4.661726420448135,1.0784125605098043,4.993518004586811,19.5,5,1.779139804617824,1.61767357381042,3.8726472871822044,14.803294340045312,4.728485728307831,4.483287312804544,73.0530785098321,1,1
3,2022-03-06,SNF,4.716218952607167,4.969865294303615,3.0725727594509804,1.8466335938147496,17.0,3,1.9791666891030306,2.831689713903777,2.640774549001785,12.943340001392027,6.90144000497461,0.4139454817054484,78.36279544743765,1,1
3,2022-03-07,SNF,2.8334321994179414,6.0,4.154004094997918,1.6998791062569483,17.1,4,6.168418052447688,2.2932679577252224,1.6116851548282698,19.783297249099043,4.335502343839371,7.2122671361656785,65.23600815411223,3,0
3,2022-03-08,SNF,2.412168652029134,4.887943467900912,4.016489250356948,2.0664030509459757,15.6,2,3.9560643347990925,2.738684281888463,3.0468628836536973,15.094271615641066,7.469359865881136,4.275419114238713,37.089286449401065,5,0
3,2022-03-09,SNF,0.0,6.0,1.1686010765448676,0.41943953992014293,8.9,5,4.456093327272941,1.435237769954752,5.237406176224462,14.247185252386982,4.746360947219426,5.0227350539379785,102.51265209703385,2,0
3,2022-03-10,SNF,0.685191711076087,4.393269124536104,2.1119530960559776,1.7725421025868766,10.5,5,1.9018239586587908,1.4421695534898,3.8584470526569152,15.26386886337198,6.613155563811093,3.425649466861127,88.12203674300117,1,0
3,2022-03-11,SNF,1.7369925387470222,2.057550763344419,1.7844098597261733,4.042523430664568,11.2,4,3.115155586518295,3.0718385382136963,2.335696105042836,16.55923190895562,7.960422887244574,0.0,86.59927270569152,1,0
3,2022-03-12,SNF,1.7625424334934578,1.2432565352943343,1.9906780197852882,1.8294300860969415,8.0,5,1.615911407819543,1.553609629004281,3.2609803209098733,10.858121394216244,7.0847947587132465,0.8429498949674472,85.17829267827744,3,0
3,2022-03-13,SNF,4.8554218949265735,3.935537880466235,5.051062561487164,1.4850943756909754,17.9,5,3.5366214664566162,1.160726406900012,4.634674029932649,15.56759910563872,9.426686172146583,2.4020836242860133,101.93663446316813,4,1
3,2022-03-14,SNF,1.9231052249823306,6.0,5.846171082026228,4.178437301520059,20.9,5,2.983369829411215,1.910507910957111,5.374506553185711,10.708543919853861,4.471964644898309,0.5994517034036866,86.26036043415763,3,1
3,2022-03-15,SNF,2.853195278622852,6.0,1.7408903112920089,1.7539970517160544,14.4,5,3.1435332739688935,2.2831629513756826,4.6043501015270785,16.064260081105946,4.978231651405949,7.423780054737193,114.80950065329355,3,0
3,2022-03-16,SNF,1.6712348774385806,5.139791978601431,0.0,2.258048312176844,10.6,5,2.314071516766751,3.518908359331037,3.562605539684308,9.641994388432922,9.835540929003129,3.7128685972604876,40.98880431983856,7,0
3,2022-03-17,SNF,2.058358664037187,3.6975161038074056,4.88984771892712,5.235963855227698,18.5,6,2.0353553340028165,1.1160117470858675,4.244108487721894,5.918502215431561,4.8844208221800365,0.0,98.70079360082423,8,1
3,2022-03-18,SNF,1.276893457890152,6.0,4.5964864044889024,1.0700369154202782,15.1,3,1.1437954073622838,1.4849567763241898,2.0980150725356848,9.415618876308852,8.517160636089297,7.260572458461388,34.19384475395615,2,0
3,2022-03-19,SNF,2.6523084487341526,2.565648033373226,4.775799476116463,6.0,18.7,6,3.8557469854075332,3.6998419814258128,4.711614570728182,11.923448268748684,6.721525628654741,4.216431970304557,106.3616242561855,7,0
3,2022-03-20,SNF,2.7902573245555864,6.0,3.3668385906564895,2.0178784634154927,16.5,4,2.357394203041853,2.5800760562382097,5.776977507425625,18.187820534511822,6.436390287962057,6.1095035440972705,117.49488585419549,4,1
3,2022-03-21,SNF,1.6336559252688885,5.831152694345442,1.9874964320321378,0.0,11.0,3,2.6763998574265395,1.7979444754895364,4.97214195174606,11.747970660088516,6.047650986123256,0.7065642357887825,78.50407197835725,0,0
3,2022-03-22,SNF,2.068049423739518,3.4747103151819765,4.66298735939668,2.970701395342225,15.4,3,2.837544563190472,3.1423223221970193,3.5333832683036372,16.171835920835974,3.8031289170599654,1.1613216749490616,99.50479269261713,5,0
3,2022-03-23,SNF,0.8673128113134374,6.0,2.6847343912333566,1.2087129829064418,12.6,5,0.7766035278090093,3.177402363970334,2.341312744756438,13.853191096368507,4.613659488458648,2.75459252100273,84.44964391727582,4,1
3,2022-03-24,SNF,3.2372721604200407,6.0,0.8513396085277616,0.16159699242500203,12.0,4,2.9517049084231473,1.4980400836034036,3.7135466955571594,18.160263064437146,2.617876579442278,5.614830650502657,111.81370277472517,1,0
3,2022-03-25,SNF,2.673179545504862,5.43265223912188,2.4676904438512484,3.9095694822220213,16.9,2,3.0028641510626466,3.583540918042167,7.112581438670306,11.544094408645085,5.101921957609235,8.338466265753652,88.19325210510948,3,0
3,2022-03-26,SNF,3.0497976987833577,5.835480667599787,2.0624577439094263,4.6222233042897205,18.2,5,0.9762486584348666,3.1475327502071986,4.64776693200088,15.145096961680206,8.33630881366018,0.4827276936336946,95.95493420540099,5,1
3,2022-03-27,SNF,2.399057106297238,5.660663112819217,2.502855196532292,5.326105193698465,18.5,3,4.446537749810482,2.6090279304116257,4.708384493191712,17.737351086986564,6.526951561630177,0.0,73.39365262811451,5,0
3,2022-03-28,SNF,1.0227275734909824,5.450674756668462,5.037358125725927,0.0,13.4,4,3.0137048705114147,3.7647755759395705,2.2622737346285606,15.08403846491983,7.2109608123447915,6.499372189308579,59.85348747720605,0,0
3,2022-03-29,SNF,1.1246845391942528,4.186298757167588,3.334283223603334,2.1913460832697966,12.6,2,3.090627927296163,3.7081912527644723,4.253727552052609,16.97520979973537,8.549559314930933,0.2896849900476708,100.93107480109128,6,0
3,2022-03-30,SNF,1.6920813480760155,4.966169239741669,4.805693660703259,0.9800006691195833,14.5,5,0.8792825647871445,3.3662054608483176,6.411407328854594,16.607678514625242,5.716074131273048,2.640741984973351,67.86374312360037,2,0
3,2022-03-31,SNF,2.140372767598546,5.640878512398068,1.2854862983586994,1.9135842872894147,12.8,5,2.8799150169680874,1.6102601024992875,5.032151056260868,16.185957123469652,5.6326050058772195,1.6611820882131014,71.16390471299484,5,0
3,2022-04-01,SNF,2.4506508907900226,0.31328949065794864,3.0029233173817853,1.235170550216751,8.2,5,2.5100812945861124,2.7124148116931694,4.247610886801835,5.216932297014516,4.197579149157521,4.319856651038661,88.6772671478368,0,0
3,2022-04-02,SNF,1.142747471504874,4.950399600568343,3.615671864275207,3.5699191318404884,15.5,6,4.267947374112786,2.7237648922331164,3.201073183825739,14.552682310447826,3.8863695302236234,3.933825134138343,103.67548120315723,2,0
3,2022-04-03,SNF,2.002557024181996,6.0,2.3034737258133147,5.332759119003505,18.2,4,1.2766225053854758,1.4573387526236328,6.0767081297579075,13.950893361483772,7.0938052471090876,3.68363864726762,49.70768305970602,2,0
3,2022-04-04,SNF,3.057926979745579,5.334762832291823,3.4522144010761204,4.91289693341202,19.6,5,1.1394352592091181,2.2516431330253504,3.8905325396587527,15.758902683199908,4.354784789407583,2.020025943895222,88.65740245025236,5,1
3,2022-04-05,SNF,1.8743023619919414,6.0,3.3601191369573193,0.26638382908998737,13.4,5,4.134940222786919,2.765433959706468,4.143816494210003,18.732502847841705,7.2818147719525035,0.0,91.64080724581122,7,0
3,2022-04-06,SNF,1.6532326585766575,6.0,2.7832168664562262,0.9471659911738408,13.3,7,4.247260362944405,4.218102558876227,4.107494825345298,15.643527432495148,5.815608293705724,0.06751637261832633,120.0,5,0
3,2022-04-07,SNF,2.0039276946335227,6.0,2.069521915017215,4.785763599524792,17.3,3,2.8639434055962747,1.3260999061905394,3.4604513452640866,9.017834552103416,7.266497230968087,4.416504705498269,114.76022956737387,4,1
3,2022-04-08,SNF,1.4432507890667197,6.0,2.7764791085169565,2.0092377197784312,14.3,6,2.3667435013755673,0.5682933406190613,3.8997636499958936,10.149978500299838,8.018082563057444,7.728647709689642,93.38773597000124,2,1
3,2022-04-09,SNF,3.1172307333251332,6.0,3.0855263810802365,2.0754630879716855,16.7,6,2.201188917004393,0.9222031482414164,4.308487077206124,15.103865483827065,7.5373794998748584,5.842850688166394,101.13307079699388,0,1
3,2022-04-10,SNF,1.7192848785246049,6.0,3.2616609834371015,0.26156196110546265,13.1,4,2.0211006356421004,2.225496649770464,3.4755767755876557,11.501542809688125,4.891823535309227,4.008856279455738,77.92480431645059,1,0
3,2022-04-11,SNF,1.093844378332345,3.8149211622876518,4.141665215461847,3.6181269371218256,14.8,6,3.410755381439913,2.144095342816024,3.9700680676586324,10.823261056239614,9.274287626673045,4.963174302073839,76.97510537163727,1,0
3,2022-04-12,SNF,2.3094905331619247,5.690138310547962,2.7761892109519044,0.5884110554367967,13.3,2,3.95849382707149,2.8800335152501644,5.635932184962286,15.25764311988701,6.986390064284782,1.253115857394766,72.76906522210076,3,0
3,2022-04-13,SNF,3.012551549909552,0.9354618523881664,4.021311421269469,1.0462354850465445,10.5,5,4.3299314645222235,3.3952746063224652,6.200668631780569,13.89892347679054,6.873529756005993,4.095672816589435,58.0476960372936,3,0
3,2022-04-14,SNF,1.7824346625335519,4.778884434084203,1.8583938776953106,2.3212800676047416,12.5,5,3.2817533355338098,4.078906645242036,4.55110772033376,16.541604437197254,7.797077410217232,10.0,81.31491190261634,5,0
3,2022-04-15,SNF,2.691126502009243,5.021981143193836,2.750552835859171,3.503977970375445,16.3,7,2.0081818954424433,0.8077680540643319,2.281454252372157,18.118927885840357,10.0,0.0,80.67019836464706,5,1
3,2022-04-16,SNF,3.3715146297110117,2.909096666800799,2.7132524122920567,1.1182975083137596,11.8,4,4.618897918071047,4.262945361071641,4.347060348337233,18.859618501630738,8.912905415721045,5.303363593122125,86.52946997673779,2,0
3,2022-04-17,SNF,3.048446807911522,6.0,4.880366785289537,6.0,23.3,4,2.9678496745368816,3.5410989838281264,3.1404198587662298,18.099468981805778,6.918405887088568,2.2440696542873813,53.09853872173826,1,0
3,2022-04-18,SNF,3.098229657108042,5.359109161785666,5.137722396904389,6.0,22.9,5,3.572613150933974,3.287167281570968,3.010522101193871,14.499029919377103,8.60057410768352,1.067285999293114,45.48139337923712,0,0
3,2022-04-19,SNF,2.1049559331026217,6.0,4.214201177665554,2.468053633355801,17.3,6,2.484840675284917,2.6898363859777,5.913354100358775,15.388201312651034,8.81932929959978,2.925015096404764,96.31478657392265,1,0
3,2022-04-20,SNF,2.6351620614449245,6.0,2.916042906787323,3.159701966590603,17.2,4,3.315623037952756,1.777671767798643,6.559012264137782,18.559093085517453,7.329222778639229,0.6744901473181835,34.98581526723967,2,0
3,2022-04-21,SNF,3.8659330094288658,6.0,1.2453475604235182,3.2881549080359376,16.8,4,2.4263980579956272,2.9553314388066085,2.042601353922125,13.527145727480011,8.508338316917955,0.0,78.7147636108823,2,1
3,2022-04-22,SNF,2.5969709459719255,3.609959790627656,3.2370329440560424,2.4808477211427955,13.9,6,2.2628561309994875,3.4965125307312865,4.802647059489002,15.404729892060857,10.0,2.9490415700699186,87.78504122295861,3,0
3,2022-04-23,SNF,2.509808993002952,5.4516385725983465,1.674000081653598,0.8979294131257851,12.3,4,2.2374675333765537,2.4740792166969348,4.145266827417231,14.422823718619602,4.746125669968452,0.0,77.55831630332634,4,0
3,2022-04-24,SNF,2.4507645395981514,5.859708941858967,4.868306954136449,3.8963495590608037,19.9,3,2.4110010881431516,1.2662951716062993,6.189611463328606,12.637361333287187,7.560326436316634,0.8205013150367062,65.29258762125673,7,0
3,2022-04-25,SNF,1.0747653663354104,5.183183412097088,1.5582081255834435,1.5149119744396364,10.9,2,1.8179070021040464,3.36806802095747,3.545305396107093,16.496793792307436,1.6464965318165583,5.054185325071519,109.11889293778506,7,0
3,2022-04-26,SNF,1.2063749615194825,6.0,4.370396330198632,3.514043008289627,17.6,6,4.138426507151047,0.8398614414641205,3.414015649806229,18.118844975934053,2.9766663786508953,1.3994355534893304,85.51657675410674,1,1
3,2022-04-27,SNF,1.5906927343466508,5.505638414735303,0.9802469197419073,4.101354676539414,14.2,5,3.2341005316044336,1.826325398711289,4.0405301256469155,19.13060747678524,9.25382103970109,2.669112512161851,92.66436586431428,7,0
3,2022-04-28,SNF,2.9914956027917685,3.289976005252543,2.5678274506905576,3.1097683045240534,14.0,6,3.6887305882039536,1.8005205251757268,6.268181103735845,14.20533737427667,3.793695672932165,0.0,82.57167986847342,3,0
3,2022-04-29,SNF,2.3848620403773393,0.764363887689981,0.4490316410762656,2.170429241299736,6.7,5,1.4412598689035032,1.5761548801646195,5.448850861191478,7.856506407045439,5.0168325363701545,6.010978195081556,59.52309167844292,6,0
3,2022-04-30,SNF,2.9368706842052297,0.728685850130097,2.036190530287837,4.440782603680692,11.8,6,2.3171455352816785,2.8077770092883307,3.3499344720952413,16.827685589944657,10.0,1.229237808162627,101.45945598201256,2,0
3,2022-05-01,SNF,1.815755747511081,4.368773415901597,5.578990509762845,4.653757644000862,19.2,5,1.0676376532552616,3.133735102229166,5.116448991954657,9.121294816536423,5.436773697351596,0.0,82.9014523958901,3,0
3,2022-05-02,SNF,5.725111993981892,3.8677798264625656,3.5251768315323133,3.654996387889972,19.6,5,2.76739847098553,2.1937209149845303,3.1357168065028693,8.855743766266551,8.892893451203221,2.8467462130454613,99.08702268174919,5,1
3,2022-05-03,SNF,3.6545284782524963,2.6025974677876613,1.6838080693916835,3.471923772514485,13.3,5,1.8811478605991243,2.2431210325598085,4.106917556412044,14.35159594399518,7.21953247740438,2.0756362968349737,47.79927078510464,3,0
3,2022-05-04,SNF,2.8002147465060943,6.0,0.8555241399302762,1.7959570872274426,13.4,2,3.4678642619546816,3.074601121159906,5.413210183816019,14.1295316151204,8.755894571201598,4.37601486453942,40.49422802171505,2,0
3,2022-05-05,SNF,3.0476074346256863,4.823177684839737,4.0132846116231224,2.1826413335691828,16.4,4,1.5258211732897364,2.1580468785755467,2.835922417349489,15.405308493772829,9.06079370319867,3.880604102901132,120.0,7,1
3,2022-05-06,SNF,2.1939958393407344,4.318697079130055,3.677817708255277,3.9036020607823767,16.4,6,1.8363786611036041,2.300524376465405,3.1550559294496536,12.076869891489464,1.9416838586821932,1.075429452362233,101.3862530203059,4,1
3,2022-05-07,SNF,1.8395140101033611,3.4930257106405875,0.0,3.3055344008640364,10.1,5,2.722365848280675,1.2812608468754731,2.8876264715342805,8.856907866918991,4.678518520070959,1.783308534149267,115.63195483640555,1,0
3,2022-05-08,SNF,2.1341852950101727,5.994901500871437,3.091038270187113,1.8470463727546627,15.2,4,2.9561978571475143,3.323690903855688,6.0017173543800695,11.32822110487008,6.606000844657187,4.383891983884958,72.99866662416738,6,0
3,2022-05-09,SNF,2.588695956517957,2.2581557068682314,5.1631889596499985,2.886063664274231,15.0,5,3.1373049085648117,1.4989204593490915,3.790557873234051,14.72238386186875,7.637973561638035,1.9069426264865648,43.44427571625866,6,0
3,2022-05-10,SNF,0.00835857703698184,2.0537705127941623,3.373248922744171,4.2937523677195415,11.4,3,0.9316733109879363,3.1797139823448823,5.8057285025316165,17.264337366332654,9.046288686594146,1.716963512286184,71.23868533429275,6,0
3,2022-05-11,SNF,3.3423088491491835,5.47027409231964,3.196053271422733,3.6567414685898036,18.3,6,2.697262979788595,1.4560002783742763,4.205769114253789,10.352362118191028,7.815772658834052,4.845865384472604,56.42053139543673,1,0
3,2022-05-12,SNF,2.13356173306887,2.3122963148142412,2.531203315259659,0.782826633904377,9.1,5,3.5501449907571536,1.0102075982011653,3.5598815455164337,10.418630714700276,5.97886113658806,4.4658028319974346,25.286438177022887,2,0
3,2022-05-13,SNF,0.8547289270863081,4.073657189926622,5.666451914106891,3.7997964786569685,16.8,5,0.9896927753804265,3.239590674023119,3.767664844407381,18.15508916587885,9.31385519078197,2.845647259981049,64.23064212043772,2,0
3,2022-05-14,SNF,3.150222739298311,3.2497114917020644,4.0292799759495,5.618023668239822,18.7,4,2.431161601303891,2.1478797502159352,4.460503795707163,15.954522750893029,10.0,3.3018422741817375,65.61549280686373,2,0
3,2022-05-15,SNF,1.28926537496472,5.187993450977471,3.8415245808569267,1.528614530867195,13.8,2,1.956979261256912,2.8254035271370808,1.9548182389459299,18.13434642291132,7.056661562808082,0.0,77.33442513850396,0,0
3,2022-05-16,SNF,4.812879847518216,4.021586942588111,2.783249706340186,6.0,20.6,4,0.36459321388592114,2.1220531806397274,2.7624694216000067,15.05834428509628,10.0,0.0,43.02606491502062,3,0
3,2022-05-17,SNF,2.885773995962632,4.995116611283375,0.6555808444976854,1.860761498966714,12.1,6,2.7810229434606066,2.8340480343847188,4.2913049900472044,13.884526522148558,3.9490552138165094,2.375271658541618,63.45350113492484,6,0
3,2022-05-18,SNF,5.996634959208795,6.0,1.3727078510145159,0.0,15.6,5,2.3254480355348917,3.4925602585523396,4.909669935757508,9.202952703105744,7.790394206578707,4.453775604579407,97.12999116334305,0,0
3,2022-05-19,SNF,0.52471013348512,5.749832795598234,2.011024703600998,1.017702061264882,10.9,6,2.995839721873036,1.299429961382513,2.0588174373993415,17.46512149418405,3.85380108016924,0.0,91.31734778973099,0,0
3,2022-05-20,SNF,1.8815658706897818,5.2256975735669675,4.2116647662712925,1.3350548707825416,14.8,4,4.944498162462452,1.1290545031170303,2.9243786107249496,12.644390873079441,10.0,2.8337507558859847,103.9112271432576,3,1
3,2022-05-21,SNF,0.024373233234284752,3.6396891959855315,0.8404418306559394,1.7907095420044838,7.3,8,4.791085606113413,4.287297644943829,2.4922903853970513,12.960162374400413,10.0,2.8660055873386514,99.76615817899102,0,0
3,2022-05-22,SNF,3.7259103851439344,6.0,1.8380534591367494,5.900303636452799,20.4,5,1.3832430925621364,1.5495129240260477,3.834592027910052,18.00167988203009,1.0,5.331874629518622,76.92038878334644,4,1
3,2022-05-23,SNF,1.5556321560721382,3.4154458815058915,1.1970333561106294,5.245599310122193,13.3,6,2.898501322504959,1.682595982640808,4.58670932794659,16.046397374544032,4.432243474226683,2.3614440923543487,86.50272764369709,3,0
3,2022-05-24,SNF,1.1298731641341457,3.2385065314690493,3.51336237530641,2.062576617828468,11.6,3,4.102063622111214,3.104798673134071,7.826777086058401,16.736017091221125,9.056493899015978,3.305491041395263,73.43044338851084,7,0
3,2022-05-25,SNF,2.863293270754222,6.0,2.0945691412270104,4.760498478904204,18.3,6,4.594826552216715,3.3666335974016484,5.767929564576562,16.723972016409768,5.382889694826666,0.0,65.58119165438882,5,0
3,2022-05-26,SNF,2.4612412999980737,6.0,4.922789517807375,6.0,22.6,5,4.182071014204288,3.4105412230982157,4.42278424902974,10.829415158203748,5.0155275797068155,0.0,79.62922031420199,5,0
3,2022-05-27,SNF,1.8988120481400514,6.0,0.489644498654486,0.9155745506644644,10.9,6,2.4600035583602935,2.411698494100522,4.4132208139819475,17.424815434693123,6.020433381062019,4.51226181231999,94.18556738699881,1,0
3,2022-05-28,SNF,2.459996804088509,1.6733026023265638,5.561520437534213,2.049525932455556,13.7,3,2.4750655467832865,1.9318486547480425,3.072909432313855,15.278295914827662,9.077313120872336,0.0,76.61048983992785,3,0
3,2022-05-29,SNF,0.21022321134903077,3.463041438730826,4.382499149672978,5.755859753559665,16.1,4,3.5143185671573733,2.0057042428914156,6.568355406752282,16.908613890173424,3.153782659008347,2.3767027127132945,85.80786671069306,0,0
3,2022-05-30,SNF,1.2044270694696566,3.9892457184765804,2.0572036865252534,0.0,8.5,6,2.982964057117244,3.0388935971086495,4.76272198053798,10.521048227776374,5.9453913784366215,3.9535007873716,115.19927735674867,3,0
3,2022-05-31,SNF,4.400369237051915,5.561477248035522,5.246597025604859,1.8898643316553452,19.9,5,3.4755362821078277,3.0743843973243226,2.550083780979872,14.192688546459781,9.120218873174089,4.199454638091886,109.13329690636813,2,1
3,2022-06-01,SNF,3.249482244266547,6.0,1.7050795327809136,5.789298924271153,19.5,4,3.2343796114533783,4.355355525485145,0.5563165550006999,9.995457168631404,8.657285264549193,0.0,88.19088484341574,3,1
3,2022-06-02,SNF,1.33943391203804,0.0,2.7765252104783062,2.0980480617844437,7.2,4,5.561337387633183,1.6567140696547975,3.6819666828730826,10.697274896824032,3.4648598902038916,3.8634135273642194,57.91042102821187,7,0
3,2022-06-03,SNF,2.1377825668455244,4.182180340961848,4.580034302576409,4.851809681093021,18.4,6,2.2466172681542007,2.0942477257791894,2.9610054003324313,14.932064530575282,8.867387311881071,1.7764806095685324,32.95725944857554,0,0
3,2022-06-04,SNF,4.505566155873525,6.0,3.8409273568968505,1.7242389657489352,18.7,4,3.525806862296532,1.6108725182501369,3.9057238142881814,16.697912538386845,7.2626010904731135,2.991339633281581,76.92043036276104,4,0
3,2022-06-05,SNF,2.9650976875144677,3.9010438579415023,4.322340810791664,6.0,20.1,4,3.2658198509898186,3.75002156334292,3.3110821542723485,9.384832464786166,9.044506369587552,0.47982567966684364,91.19267358087015,0,1
3,2022-06-06,SNF,1.2851308042489027,3.989099014448433,3.206429427580033,6.0,16.9,6,1.0488542633428692,3.321277476930305,3.4057636796605335,7.811782083782452,10.0,0.8095184298539024,91.21932279624743,5,1
3,2022-06-07,SNF,3.6690293025643244,4.830237535300579,0.8094949364058908,6.0,17.9,4,3.9882566404516964,2.3300012790944997,4.659705822035546,12.323834057309906,7.800351171217706,4.87343610791977,69.21621469058049,0,0
3,2022-06-08,SNF,1.8710524513278495,2.2658898348118153,0.0,1.6704030847531912,6.8,4,0.338464570733933,4.162558688877315,4.07138536023617,13.649810139978074,10.0,3.204922933702289,106.85466097629096,0,0
3,2022-06-09,SNF,1.7871563065594096,5.949640512655547,1.5688415354826586,6.0,17.9,5,4.521034026020801,2.218383699406933,3.9211914985035965,15.156715687646452,6.281571787571835,1.2539845102107705,65.9092275429048,3,0
3,2022-06-10,SNF,2.213262820780458,6.0,3.9863158747991676,4.928014548181268,20.0,5,3.1056557519230745,1.4995563622999821,2.682008422475331,16.68237836037755,9.27871383519519,3.692505749670444,90.57792992383627,3,1
3,2022-06-11,SNF,1.656911573646438,4.342520213423164,2.244767849814525,4.525809119225922,14.9,4,4.142353711225194,2.0457768220590364,2.526788861296758,17.720463720066746,8.059294257461811,4.257076206641713,58.109316251968394,6,0
3,2022-06-12,SNF,1.5770023058805973,6.0,2.499794762784979,1.7509330069605287,13.8,6,2.8252589611757886,1.9384928396398104,2.0778537492172773,16.53074770452308,5.020065576521651,0.0,120.0,0,1
3,2022-06-13,SNF,0.0359205436197807,4.059332898870583,3.0081955625686048,6.0,15.3,3,3.452006500090154,2.211580467680348,2.0088121763010442,15.846079477956062,6.509256765334333,2.037192403096898,50.6132660804042,3,0
3,2022-06-14,SNF,1.8908908356488352,2.834030211652288,4.57341267292677,1.0649418881580486,12.1,5,4.64945163986863,3.79767200954761,4.8719867529596295,19.055649100997513,8.45814392891706,1.0805711159076494,37.58460160287687,0,0
3,2022-06-15,SNF,3.4009946427764666,5.31153436876996,5.1944035830979765,2.6489130316873166,19.3,4,1.9604275851990718,1.558774346820301,2.176810859837992,15.923340786964104,6.45949894103257,6.049834436309311,83.61801592411767,6,1
3,2022-06-16,SNF,3.0009469304520344,6.0,1.7051677707510944,0.0,12.5,2,1.5660755449331867,1.2989225184500246,4.902713823667787,12.037820337623264,7.147401803821641,7.876304062178966,30.740798930741573,0,0
3,2022-06-17,SNF,3.2971842218761687,5.0864163107723845,3.9683009492660917,4.510055562791466,19.7,5,4.410418876726902,3.2402461851071855,6.958585243631554,6.968848648712426,3.1131036115120567,1.2374139809158813,53.76279908395836,3,0
3,2022-06-18,SNF,3.7813244279201563,4.936027194750946,1.6030787339291386,6.0,19.0,1,2.0432534297997216,3.970092089094875,2.806853548945653,10.661416240679108,5.533205658771007,4.901968710359397,93.28001630476234,1,1
3,2022-06-19,SNF,1.394632883856967,6.0,0.18477776509217758,0.390043238458595,9.3,4,2.6998083418052303,1.6626255049047594,1.0311968700839438,10.910490797682728,4.010005519502855,3.350299403658277,116.78385634312609,1,1
3,2022-06-20,SNF,0.0,1.5782707845003336,4.030741385454222,0.0,6.5,4,2.158975128909014,2.825971500838654,4.077672609227441,14.093979325337035,3.2417380200104047,0.23830371648396387,120.0,4,0
3,2022-06-21,SNF,3.5797967333250442,5.362724232664507,5.550659171314344,4.888748990489487,22.6,4,2.1041413628106604,2.2804168000463374,1.6507181233211843,12.607070481052354,10.0,4.693195119742382,108.56849531026351,1,1
3,2022-06-22,SNF,1.6917685897225216,3.83257998609269,3.7612544294041883,2.2216249586402803,13.4,3,4.372716940202008,2.5070676180992737,3.6854170979603653,14.421198388132492,7.5300214309917095,0.0,75.44498810603797,4,0
3,2022-06-23,SNF,3.1508615664312027,4.643549808019039,3.5548558046898417,0.0,13.2,6,2.4068445342975107,2.4470307981946897,1.9869553096631236,6.6548362935953715,8.3641568445247,4.069818866365114,57.60860107753055,3,0
3,2022-06-24,SNF,1.9806170534449168,6.0,0.7057690999457511,4.3093928371565635,15.2,5,5.2722214575002875,0.8793166121506217,1.8697645082950132,10.438956601099108,5.097218884543827,0.0,89.42740098456368,6,1
3,2022-06-25,SNF,1.302348139025913,0.23446735347683756,3.5353668715906568,2.219528696418602,8.5,6,2.7047231082096705,0.5462013609852394,3.5749629564617447,11.751226581916814,8.638237443680126,0.0,115.75676507903965,8,0
3,2022-06-26,SNF,1.1651752617020594,5.831920458862156,4.54102701872887,0.0,13.5,5,0.0,3.170065012150099,1.5944733286496438,16.320061450052197,7.6615976103207215,0.0,92.3499205409949,2,1
3,2022-06-27,SNF,2.3472426779099163,1.984637570416715,2.006328129063492,3.250172353126357,11.2,6,2.108214387541256,0.7159315023951185,4.2799212781749,16.110166718611065,9.142912393232974,1.4575976715410248,70.28326470744362,6,0
3,2022-06-28,SNF,1.614014394512622,2.1943481560150815,1.7331196903379298,3.7608098464138795,10.9,4,3.4128205208409454,3.060357984537891,3.2396320943478774,14.548056937372493,7.5280454139687,9.373944077389382,108.79499585310637,0,0
3,2022-06-29,SNF,3.218082092775675,4.484471100550543,1.0529522254947914,2.9312163124178285,13.6,6,1.9991800364602617,0.6991001409592724,4.823674483638703,15.647318505404156,5.96735660642834,0.5158290384390183,110.85956133679808,2,1
3,2022-06-30,SNF,0.2998841235838763,4.703473333743976,3.727529890496802,4.756326677021755,15.7,3,2.331292953268617,0.922992021258902,3.2663310946442747,13.333723030864792,9.24627648833171,2.6238447462873022,64.53496621012933,2,0
3,2022-07-01,SNF,2.291086977207393,3.736668649936557,0.24776543186621325,2.3192784918035882,10.0,6,1.424319445911106,1.7860857015344827,2.8748725376559445,17.32161226755672,6.147227309702946,0.0899994700178306,79.70414999876132,6,0
3,2022-07-02,SNF,2.63366965937172,6.0,4.949183855944362,3.613989591728477,20.1,4,4.0992935739082075,1.0800348648411529,3.540268881806581,18.125322815550632,6.4995616871699795,6.081116756263677,43.4236443940103,2,0
3,2022-07-03,SNF,1.12531090392129,5.109771716990258,4.197946369349646,1.5509181753811738,14.0,5,2.7838720532798877,0.855753574163292,5.102991991841922,12.40789274547765,1.6197954446873308,4.616900695629518,72.01374536144229,3,0
3,2022-07-04,SNF,1.5588370414037123,6.0,4.196415830521762,4.051514152582761,18.4,6,1.8064535239594528,2.547212593311899,6.701036955960925,11.758857988608737,8.018303720310136,7.126706303931876,80.12087268750082,6,0
3,2022-07-05,SNF,3.8081802119343475,6.0,2.460455737989231,3.281877270769472,18.1,3,3.1730116103691133,2.1459470061293096,3.9701273607942795,11.333117671660318,4.477581024654133,2.0408603025698544,78.75205481764107,2,0
3,2022-07-06,SNF,1.3350777576350779,4.2172693013416245,5.499256004665165,4.470123209880242,18.1,4,3.1233959168677967,5.209798417740937,3.2342256065069326,8.952259952506601,4.380499011484922,6.547956433120595,100.52754674284617,2,0
3,2022-07-07,SNF,1.2005531616240421,6.0,3.9108456318162723,0.6485107795797591,13.7,4,0.0,1.0530392696803752,4.505338209505855,16.218879100573886,7.3231982699527345,0.5198984630573942,108.53820768905521,0,1
3,2022-07-08,SNF,1.88459972626337,1.2715827128653048,4.493009468188498,2.230008738455062,11.5,6,2.1626926139797202,2.2195461286433416,4.4358571191333604,11.387850302638228,10.0,1.990038720238497,100.97705885669679,1,0
3,2022-07-09,SNF,0.4179592362902609,6.0,3.292579053890881,1.7691191621380715,13.4,5,3.3882276872436528,2.5736550726147414,2.4863145319168303,14.789440124760228,3.767062157227378,3.2910000060191074,71.66106544635696,3,0
3,2022-07-10,SNF,2.2105967282165637,5.308078693101738,3.005648455541572,1.1634414531952295,13.6,6,2.0376236164001655,2.4493106175859936,4.196134663237626,14.322341083203332,7.7925725582460466,0.9510343665860288,98.08430747056653,2,0
3,2022-07-11,SNF,1.9789644371831863,2.3153815753988836,1.4667083611699678,2.3637934946830175,9.5,5,1.3752877519935858,2.0130187276377787,5.86051916588329,18.046877753632184,7.216878548903414,0.0,117.99797151542244,0,0
3,2022-07-12,SNF,2.5238788805233674,4.660605154774875,0.0,5.863995710533109,15.2,4,2.1095131500532216,3.6543246588103226,7.6293080907481166,15.948334252521006,9.374429605716704,3.034853708120524,111.12303831399542,3,0
3,2022-07-13,SNF,1.3421066440925384,4.216407737928279,2.9700879236004316,1.6099132906020457,11.8,6,2.0893476398511925,2.890032940114456,2.2058770651492687,17.919857930974956,9.903747539868016,5.922865422865417,65.07810340245662,3,0
3,2022-07-14,SNF,1.6114249387284547,6.0,4.189705267108363,3.840178298758465,18.2,4,4.132566223195363,2.4697473091400144,3.6956018226739773,14.445267847705749,1.5081003442347996,2.2878141553409916,55.13221941701862,3,0
3,2022-07-15,SNF,2.296878979651131,4.562346013080729,3.8643491620625934,0.0,12.5,4,1.641492852446842,2.261337466211592,4.949963803494768,14.706016604576694,5.6503351735831,0.0,83.01584617521425,7,0
3,2022-07-16,SNF,2.1025313695388155,6.0,3.7423084316494877,1.3597494324839363,15.4,6,2.8213541013896473,2.4070152452072477,2.4866109964475296,7.570331201702219,8.57037658586139,0.0,71.01228134049981,3,0
3,2022-07-17,SNF,3.3864409023790523,2.901328142345204,2.7698354668574443,3.284620416730492,14.4,5,3.887762357087441,2.3913885516398956,3.1771573172801033,15.760029187170515,8.032436974001321,2.770518645702399,93.3075490489741,5,0
3,2022-07-18,SNF,0.7701653885975179,5.3585506504342115,0.45117070963000605,4.721300094370508,13.2,5,1.0025283360720945,1.7708986140327854,0.7916449264522618,12.247958980278842,4.61610078355968,0.0,105.19858135421424,3,1
3,2022-07-19,SNF,1.0257788489478374,6.0,4.249200701970269,2.651068897644644,16.2,2,4.811359229516189,1.8967386820316692,7.288851397773654,10.030002328917941,8.523202850245138,4.916621112914339,87.7410638935302,3,0
3,2022-07-20,SNF,1.4920495048566391,5.490854399738171,3.386620751435671,6.0,19.1,4,4.608566722888862,1.450276855607745,2.6928655412586586,16.542636952245324,5.187531867304884,3.046576713198466,94.08069527068646,5,1
3,2022-07-21,SNF,2.4528921788176246,1.82559313926446,2.7326774868895334,3.3982408712814896,12.1,5,2.011073673745185,3.252996577623803,4.763335743002829,13.606486428722828,7.3110781721629,2.950175938046164,44.65392769000719,4,0
3,2022-07-22,SNF,2.9699055378242463,2.8765793550846084,2.827825557175277,2.3982636195229894,12.9,5,3.9719811795341373,1.0929800703426304,3.4970855958514786,11.425906164346664,1.5640453929701343,2.3748603118127125,42.969185236845085,2,0
3,2022-07-23,SNF,3.2181695670773838,3.9961516467522493,4.605069284626628,0.11966547769514657,13.9,4,3.8752248191639156,2.8447032048162844,5.270777922755387,11.5383852605455,6.083046257811189,6.068969633261949,68.83359708277452,2,0
3,2022-07-24,SNF,1.874579297530777,3.0234221886313875,1.6296681526096264,0.8216692115681681,8.6,4,2.7373436340909434,2.08922117005672,5.085794922475097,9.973034574252287,10.0,4.000218463739872,29.50401885847159,2,0
3,2022-07-25,SNF,1.525618210786381,3.9535821905921558,1.9001202585139398,6.0,15.6,7,2.731995559671383,1.6744772674701838,4.059820690292285,12.229676233590213,9.41432971290639,0.0,65.60818756048337,2,0
3,2022-07-26,SNF,1.3629911843481592,4.981729715524146,1.1284500612409958,0.22926310838637254,9.0,6,3.0021241551734086,1.6188488134935315,4.993949410614405,11.765693301251035,7.020808826854731,1.5925886036312762,69.08701119408607,1,0
3,2022-07-27,SNF,2.7849282101126636,6.0,4.853337009223607,2.1545695504620497,18.4,4,4.257865892381482,3.249722672199856,2.0701063887144873,12.184709891200866,4.495296346888619,2.1414073411827843,110.88021929031169,8,1
3,2022-07-28,SNF,2.2829137509122925,2.438260084021159,1.4019339181735093,2.914315127607153,10.5,6,4.137675629502477,1.486570711994008,4.328871024112214,19.314929297457866,9.631809565457734,2.5681761927504487,46.59234599418784,1,0
3,2022-07-29,SNF,2.8638819905948223,3.185259695995926,4.046190664946545,5.7310811330486295,18.5,6,3.2591513616643257,0.674727098919445,3.8960755327294976,13.955054692435207,10.0,3.043412146373531,53.183368673865935,0,0
3,2022-07-30,SNF,0.9996862412342312,5.6467032734846985,1.8385811117761444,3.7786479253828467,14.3,5,2.057056557129382,3.3800909984454566,5.077062528120269,16.367946016075415,4.537763507189654,0.8080953154098869,43.84913767855793,4,0
3,2022-07-31,SNF,1.0822912600870997,6.0,3.2707624547435743,2.41980365396632,14.9,4,2.9207294448207235,2.5617152179977483,5.465599161877661,5.342368927632851,7.332988983276953,3.776714812293971,87.14625997218182,0,0
3,2022-08-01,SNF,3.5279291076148582,4.466995755037914,5.871053033475404,5.279725097722325,22.3,4,3.439667801124459,1.3885938343995545,2.183073775074098,16.673712769898394,9.22863095987676,0.0,101.16784237309217,3,1
3,2022-08-02,SNF,4.726072744623471,6.0,4.665021053056226,3.3390389935169127,21.9,6,2.7622434837023757,3.9347640311885854,3.1441433798055654,13.810928954899081,7.246615565112993,6.314812774295429,101.86366523460268,4,1
3,2022-08-03,SNF,3.6930398586929583,4.880720049513164,4.162761604153506,1.5084929689840938,16.6,4,4.88076340937932,2.4093033971053246,4.712919582170124,12.746281721984294,4.205723733864779,0.0,40.19302425082817,4,0
3,2022-08-04,SNF,1.448323557980311,3.126876225614825,5.619616792947935,5.243934275440224,18.0,4,2.265402520004183,1.3622826840163342,4.122811807160288,11.051712357435578,7.4542472039756795,1.1943912021758019,85.03349838869872,2,1
3,2022-08-05,SNF,1.6276441766972116,3.915567996399116,2.4641503103976,3.699582190087736,13.7,5,5.390214208465667,1.241697201968893,6.342685754964281,11.949428053980848,9.323711786612106,5.037903117745839,47.66488828132024,0,0
3,2022-08-06,SNF,1.5141304259491688,3.7290862613766262,1.1623025223803218,6.0,14.5,5,2.866363615598327,1.6677512830938173,6.10002456181933,15.022634352938194,10.0,3.3011473938285447,90.20529381754329,8,0
3,2022-08-07,SNF,3.244029294730923,4.273124711581534,1.8302265212475926,2.3571030562737842,13.7,1,4.236513359683962,3.142477282179455,4.123152908505798,14.175071039760956,7.534847201416018,1.1088615601012166,74.05945110485065,8,0
3,2022-08-08,SNF,1.6307137225038706,5.220492249343325,3.087704974964021,3.662485924953921,15.9,4,4.272113423196604,1.6970985341439606,2.7345705284973345,14.351407658126343,3.3193154391991473,6.15549055571611,65.69234357712472,3,0
3,2022-08-09,SNF,2.7661470991354076,6.0,5.871053033475404,1.4041227988775469,18.7,5,2.668359236412627,2.631987154262353,4.594296758621662,14.280456589531639,4.591943217753352,3.583658480376901,114.19153966601638,4,1
3,2022-08-10,SNF,4.507421088526216,6.0,4.732447788558767,2.0551215241351044,20.2,5,3.0222229297178975,0.452693383635286,4.8135706963664795,18.080748566327124,4.801200382017602,3.493881942641498,99.88808186106365,4,1
3,2022-08-11,SNF,2.4707366335559984,2.4980867946512815,3.4507804191541362,5.2350960547973235,15.9,4,1.9887396692135753,2.514985329001652,3.1128467300734495,12.859284273620215,10.0,0.0,104.89363886777055,0,1
3,2022-08-12,SNF,2.7100103195643634,6.0,1.5680615911919331,1.0037463809971485,13.2,6,3.33609835643589,2.3550936636993987,6.771603041149004,14.705134707897948,1.6150104485976402,1.1395236363586774,42.671067082326694,5,0
3,2022-08-13,SNF,2.937586639121999,4.002109675601819,3.538805937291346,2.081415181004717,14.7,6,4.2539760800157875,3.640089863011614,2.5667835808488624,16.65325133250616,7.49464937562019,3.541707007057207,77.24413059876045,8,0
3,2022-08-14,SNF,3.0904628399767002,1.384488974415861,3.1162995407212124,4.387463721033107,14.0,5,2.335752397231987,1.0966958973039065,3.458036466299949,13.190080408387894,7.990454042072681,3.1467802089234835,74.85375818910298,0,0
3,2022-08-15,SNF,1.3733665222507085,2.617854122102987,1.949673438804757,3.765220945501754,11.3,3,3.614755390235441,2.7672388831961565,5.64792031989857,17.64539848409457,6.451285543075317,0.0,57.00238450248561,5,0
3,2022-08-16,SNF,2.6607432226235934,6.0,5.461718227692804,3.563945117290803,20.6,6,3.438905419961115,1.8780814165282322,1.3250093743656266,4.946390254581376,4.486236843105296,10.0,75.61743576465048,4,1
3,2022-08-17,SNF,1.372739553694454,6.0,2.0358380045674815,4.688867153770389,16.4,3,0.6913459090034161,2.092728600824597,1.1488135407974103,10.265876676581696,7.944053762590282,1.4993228280412394,75.8114452999369,5,1
3,2022-08-18,SNF,0.22145795950749902,3.5070762149348385,2.7678689143748674,4.842381642278872,13.2,6,4.181938261846731,0.779833136810647,4.835812997830525,15.496234071425517,8.86625062204507,0.6611829096297193,101.99916053848546,8,0
3,2022-08-19,SNF,1.7547737061498458,6.0,2.2370846580901516,4.191949057787216,16.5,7,3.973401461469402,3.073919234041196,4.8379466020240445,12.321257014501281,7.300527456046441,5.157214834968972,53.64840580363593,4,0
3,2022-08-20,SNF,3.4581197014591742,1.9826002449453501,2.2563387892532987,2.458896360103558,11.8,6,2.910286440075655,3.1025582376962935,2.940192149770429,16.77979473270469,6.85591035163369,4.761554008096915,64.52341851034599,7,0
3,2022-08-21,SNF,3.123808963609149,5.199616089326584,4.43247327401612,3.6526741281378623,19.1,4,2.5315986254143787,3.5649971739560327,2.1050746600752785,15.51268169227781,4.366959696526488,0.0,86.9000921652166,6,1
3,2022-08-22,SNF,2.052384672652465,4.996563861603163,2.366294646848658,2.182392692171481,13.5,6,1.2868724773863658,2.0008614788044423,4.298882379310784,16.881228718211542,10.0,5.086131008169647,101.23161474169093,0,1
3,2022-08-23,SNF,3.400090375763129,4.0485470224386635,1.0478324497351263,4.088880895119807,14.7,6,3.9099393472726494,1.948117015446351,5.137368906508784,13.887752577603925,7.533863988438355,4.178214359528971,84.57136864799593,2,0
3,2022-08-24,SNF,1.5039791676078986,6.0,5.871053033475404,4.453428145483367,20.8,3,4.203938101292028,0.0,5.208016722469658,18.015484191608156,6.509158608371292,2.3890404732753385,67.51432210079015,1,0
3,2022-08-25,SNF,3.0807292326285305,6.0,3.130704897042972,1.4204061091295719,15.9,4,4.084170031029053,2.477548508300563,3.669326295983925,18.10933526445952,5.160588101970422,4.345358252290862,95.98051888068768,2,0
3,2022-08-26,SNF,3.386848085882515,4.850283250815112,3.6029849899303787,6.0,20.8,4,2.9047040431350775,2.470889710132527,2.5461897490515026,17.451908398645834,8.297415669700296,1.7810251322490198,90.24181357231562,2,1
3,2022-08-27,SNF,0.36444944328607676,4.493262023687963,1.964058308356163,4.510896638452272,13.2,5,3.754943243975368,2.9122418976961013,3.9382414239445316,13.942323671258432,5.966926994341687,0.0,83.93409211439013,3,0
3,2022-08-28,SNF,1.5061703023449466,6.0,4.972174572617483,1.7366013645967853,16.6,6,2.8887832892747007,1.9663073979423737,3.023671295079895,16.81440358364969,9.263382681593646,3.642406997945703,104.88691297740655,1,1
3,2022-08-29,SNF,1.168607161307136,5.422447817737053,5.129018868889568,5.536324928610119,20.1,5,4.152393599573774,2.1394252925932324,3.4814753186866794,12.390712533978569,6.6730965631727175,7.614516200143953,55.64909671064453,4,0
3,2022-08-30,SNF,2.9072930526957648,5.167801329482948,0.13652979902039442,1.449272482781733,11.3,4,3.9863785082830914,2.2527588473476032,2.9480150392845212,8.568311431410843,3.838424996865062,2.030516629019664,63.06218482688386,2,0
3,2022-08-31,SNF,3.8304958866483387,5.088876288075813,5.502482923023841,0.31118233174010007,17.2,4,3.8235024718183954,3.0336052371471025,3.0538554851512436,19.268325141273188,5.2652110976979545,1.076229677125712,112.29500251081733,5,1
3,2022-09-01,SNF,2.037399427008021,5.9089665423218705,1.8795973360138793,3.704569711375453,15.8,4,4.376766425956599,1.7011752275789933,4.779277273088894,17.467588914429246,9.00740139615186,0.7313701664181362,61.61988442830243,1,0
3,2022-09-02,SNF,3.7971838102747935,6.0,4.746735579857085,2.62277363221647,20.0,6,3.590763775784301,1.4723215697612049,5.061630316883619,19.798129821925325,5.156992167564969,0.0,81.61436920706474,4,0
3,2022-09-03,SNF,2.1773654866287813,3.155541389414071,0.626153433013211,3.4099528412095634,10.9,5,3.727637011121255,2.580626778065102,5.132155266140308,14.262748580816817,7.025130998252028,4.27401344898483,54.610295443049495,3,0
3,2022-09-04,SNF,1.0940184942076632,2.881065028451638,3.6439219245689296,1.3662417338967021,10.5,4,3.6668342857068095,2.6879124807122134,5.856753681639037,16.941951805816984,7.127575563989205,0.42974959009452407,95.9056430378136,4,0
3,2022-09-05,SNF,3.342941976650057,6.0,1.815747843723686,5.213149511315945,19.1,5,4.0880791032936825,1.7978879435929975,4.304090619840298,15.277368973014811,3.6849560673446895,1.0414897280050486,43.86119282092396,5,0
3,2022-09-06,SNF,0.07393279408055253,6.0,0.9583001127985658,0.0,8.2,5,4.191267555966192,2.607940361213517,4.7424869138949015,14.284045134574177,4.488312895456485,0.0,104.3771476806337,5,0
3,2022-09-07,SNF,4.053107802503615,6.0,3.031681223693759,4.495760269761106,20.5,5,5.889123073505515,1.8380472751698895,5.552073779901011,11.060828220340232,7.676284347450997,2.137940301198177,104.34416013059347,4,0
3,2022-09-08,SNF,3.073006436532623,3.1513182304694625,1.2424772652574272,4.757501879642746,14.3,3,4.753814142225642,2.1684402815574515,4.348431504868409,13.9740541146786,6.921310616094321,0.22380359710008824,84.66297512791355,4,0
3,2022-09-09,SNF,2.4907707846828853,5.382508285756612,1.9689044350678018,1.4916679154946704,13.2,6,3.260717656633421,1.215009035717299,1.158201015696784,13.726695374786622,3.6981948186854847,4.632475641594974,107.54324172011579,3,1
3,2022-09-10,SNF,3.2397393676308552,6.0,2.0768698047888097,1.1005147280348193,14.5,6,2.3991067418379246,2.135011413571176,7.7681594149430016,16.762281711241783,8.685744859898865,6.624034407368243,97.77028441308168,4,0
3,2022-09-11,SNF,2.398966978180482,4.751351205199373,3.125299204641874,1.599780869077945,13.9,4,3.230059324003268,1.2805627886864428,4.9535208202589915,12.376314557902528,10.0,0.8418404425817003,36.70807499578261,8,0
3,2022-09-12,SNF,2.814149452921246,6.0,2.4305673775474674,2.5502709022145766,16.1,3,3.634314086963415,2.2806435312234172,4.846361366624224,12.770973008707283,4.450271105838017,0.0,86.95193676294659,8,0
3,2022-09-13,SNF,1.5217243005947867,6.0,3.2234245432548274,5.380581752948384,18.8,3,3.831434519846836,1.3682546550666137,4.450245179331346,15.284152741729336,3.5649951664835244,3.406905438025607,49.94801318672093,5,0
3,2022-09-14,SNF,0.16059683674230651,2.727402763338105,2.825305203626486,1.6964951253765035,8.6,3,3.199253403663609,1.5531914005550367,2.038496857843538,11.125424570572331,3.8592448515341338,2.747753180391192,89.59378172936108,6,0
3,2022-09-15,SNF,2.0612231239890617,4.6846949056920995,5.186980183146558,4.949257682416981,19.7,6,2.7837398762287955,2.0607589765745677,3.3925502495856428,11.151838601522158,8.740048149848368,5.865179995296157,104.03598373791763,4,1
3,2022-09-16,SNF,2.791928510491375,6.0,4.386087870978049,6.0,22.4,6,2.4687987553715334,2.3413856052948026,6.3085520498828345,15.090626407885354,6.291436230347633,3.371925398572792,115.55248344184926,3,1
3,2022-09-17,SNF,3.2368268195391745,1.8525235543696101,5.871053033475404,4.857697123902838,18.5,4,3.18133599320443,0.4977696341103294,4.8828262124724215,18.896827764704522,7.997813417417077,0.0,78.08968757574152,2,0
3,2022-09-18,SNF,1.2359538192342425,3.840998709757846,4.816694373422393,0.057448829808378565,11.6,5,5.629606136860202,1.479887273680408,3.26714319130025,14.962643426088771,6.157743239184431,0.0,78.51021442752308,0,0
3,2022-09-19,SNF,2.3401048115668317,6.0,3.5457940973882662,3.57954856131649,18.0,5,4.763180440269568,3.1253089832901364,1.5988228972061351,12.277986798310707,7.309125875585532,3.1612899023509473,46.88974381248548,1,0
3,2022-09-20,SNF,2.066410841947665,3.600322819437475,4.124405404476515,0.612276570768542,12.1,5,3.131358342529315,2.213720316461985,3.011671520231447,16.94291295120813,7.401730914146372,0.0,93.60479769699904,6,0
3,2022-09-21,SNF,2.6403918210164936,5.424840938174699,5.315678983747044,1.4892090300107497,17.3,4,1.7307838450723008,1.8808030334224195,4.707614803560812,9.721948818129446,6.783823016805396,5.574616000638202,51.593657717470236,0,0
3,2022-09-22,SNF,2.2138504997109343,4.730096090764285,3.131938264387288,1.9618723148621469,14.0,4,3.435788119982035,1.7935033546122487,4.454782582171256,14.198651205326893,7.378185710154611,5.009086254426306,77.56634507950211,1,0
3,2022-09-23,SNF,4.1437917411175045,5.140559385488212,5.311184893423021,2.608384105109298,20.1,5,3.490145137703447,1.580562751026739,4.087982202225112,10.405370707489128,6.767227220684729,0.0,120.0,6,1
3,2022-09-24,SNF,1.2471892895608638,0.08628734101989544,2.9379085285882836,0.0,5.0,4,2.71242820399524,2.2681193428081117,2.2497139005434215,13.974712413669385,6.919325436536948,2.425486085995952,103.69043661568814,2,0
3,2022-09-25,SNF,2.840170919082445,5.1445784966831685,3.1883767934314884,2.9033302878452902,16.4,4,2.7240466808167363,2.8713271539596184,3.496543192295614,17.191936493324675,6.486040852537586,0.7570419014055516,76.87921628803505,0,0
3,2022-09-26,SNF,3.592591676274081,2.920063045033813,4.360332442783982,1.7112769995964041,14.7,3,3.93224085071278,3.0017880901090765,2.98231644230781,16.170883750739,5.289348426990722,2.0374389808753377,103.18586315900527,3,0
3,2022-09-27,SNF,2.351690732903861,6.0,3.014000420142315,3.704635898606,17.6,5,1.8547097589687425,1.5229137011482816,2.617109167206898,15.554998832100429,4.073723998669895,3.92009003630414,77.47412961101192,5,1
3,2022-09-28,SNF,3.290434657820735,0.0,5.335456621893648,2.7993117281655118,13.3,4,4.70750986563948,2.077285522893275,4.451043459298294,20.0,4.496119259640258,1.9388788465692173,72.82057511091469,6,0
3,2022-09-29,SNF,1.293287148874353,5.035604438891315,3.5932088631241537,0.889484336842766,12.6,7,4.414916547684922,3.183956115141899,2.812974835550373,17.251612327531802,8.497533550069043,3.536972269007695,88.93956238163234,3,0
3,2022-09-30,SNF,2.307930379216519,3.5056147884041406,3.9445474912106384,4.6799508010847255,16.8,4,1.9090018336408048,2.332871295413551,3.5185249572312496,16.217841849309295,6.242863313600785,3.5961763549567554,118.89713919661118,2,1
3,2022-10-01,SNF,1.791710799344962,2.280472671483553,0.4097378975659839,0.25933311998994424,5.5,5,3.1567053050198424,3.2071962079418674,3.5044121381620754,15.117203875957479,4.5728320988229205,0.8937342611744166,79.85965802358695,0,0
3,2022-10-02,SNF,3.372438503685961,4.673559585292887,4.324579919777221,4.4029578334554635,19.6,6,1.1632005359852422,2.485730648951747,4.927988775394317,14.103831798797044,4.439648677748261,9.464159270675621,89.21140986136173,3,1
3,2022-10-03,SNF,2.23748347457554,4.517277994060994,2.785611059327658,3.116646313463709,14.8,6,4.089278063895291,2.5337752544143575,3.589362877318178,16.53547931327246,6.275062517801171,3.9526028291441664,42.23825395484577,7,0
3,2022-10-04,SNF,3.5322637509695096,3.241599769311703,3.1540159663050353,2.0297341643150344,14.0,2,2.446386602409536,2.5686754501152746,4.975903121243661,12.551297231303082,5.28468633752975,6.116670030822456,116.34224747315442,7,0
3,2022-10-05,SNF,3.4391597828104574,4.151712053956432,2.252658611397878,3.100293619992594,15.1,4,3.822842656940716,1.767068047384221,3.4940508639120167,18.86472324078733,7.95265859166055,4.2205779786497235,57.89286099463331,0,0
3,2022-10-06,SNF,2.223892859927576,3.517294968779625,5.786645297316537,4.20109068605186,18.4,4,2.9062427465389895,2.554267843295621,5.678797152660354,11.977133204930682,4.965176898666657,1.6660106886142392,100.12760045815331,0,0
3,2022-10-07,SNF,1.1561445525722938,1.2199014370044763,3.1501227117114863,4.644742601897251,11.9,5,4.486778132419211,2.082026443167661,5.894393448265575,12.28793896805537,8.834581973605394,4.854184418068263,40.89096553494309,4,0
3,2022-10-08,SNF,0.9390970015794149,0.0,5.139820263296261,2.9283570972656783,10.5,6,4.096058466309946,2.190930595179606,4.245596630211005,8.012697990640417,1.955136814568721,5.723579401945461,101.63417044839662,1,0
3,2022-10-09,SNF,0.7986463601869869,5.187159105783621,3.3988232576129356,3.562102215875024,15.1,4,5.728809364979728,1.87480515104161,2.722680384509803,9.159814886417522,4.626170785023318,2.38709142820592,109.25744775989952,4,0
3,2022-10-10,SNF,1.532102590896961,1.3646327865211458,0.852688875684855,5.1112366632251724,10.3,5,3.960310514226193,2.4636693137811148,3.995393257687868,12.115551862628879,10.0,0.0,90.5759427390553,5,0
3,2022-10-11,SNF,3.5382878254503938,5.00304416964757,5.006582304424873,4.136116191725204,20.6,4,2.8732026542979145,2.1995485150227565,5.438956636032547,19.138388759729168,8.594379883985562,0.0,42.59599996684141,4,0
3,2022-10-12,SNF,4.200507640723226,5.202182116386676,1.6590082059346662,1.5136825341926965,14.7,8,3.700280610125148,1.6689288470687917,3.006900096752112,10.154219101870819,7.95341361632893,3.4672069568908563,105.8310833123464,2,1
3,2022-10-13,SNF,0.0,4.437435235706625,2.765630257369324,5.39029244292168,14.7,7,2.9218051666834084,1.6862388012981093,5.319927083814484,15.798982667209208,9.325481426268253,1.6166127188739794,77.56107831976288,3,0
3,2022-10-14,SNF,1.4037088631143153,2.92920215015405,4.589540144096802,1.3770272011509528,12.0,5,3.078967441221328,1.0551998550105086,4.409822059792174,17.292575445351247,7.980963117796021,0.0,91.97334431838813,3,0
3,2022-10-15,SNF,3.5092044040768973,5.888922584603339,4.207435346035386,2.847040428442796,19.2,5,3.461842080942686,1.3867316219078234,3.6253767404095174,17.081781995580435,5.992771806505305,1.1454772806414217,79.57055086802755,4,1
3,2022-10-16,SNF,3.392813619118254,5.361065880374658,0.0,3.748220951116773,14.6,6,3.2839310536548316,2.099534506239461,3.9724469430980194,14.338133533307428,6.728987066205913,1.0779656379097649,77.82682294723186,4,0
3,2022-10-17,SNF,1.795190770072137,1.5564712202401103,4.583148545307587,2.4536308304931134,12.1,3,2.2353591905552563,2.707048486448592,3.397579108369909,10.31820994450363,10.0,0.20102132974787557,86.308260578097,4,0
3,2022-10-18,SNF,1.8920242542946024,4.204913689856578,2.836520155397862,1.2538578432686633,11.9,3,4.292753731686611,3.3285539936743866,4.848790162880309,9.767905887274555,5.871149167509959,3.238657120090875,66.16731971684267,5,0
3,2022-10-19,SNF,3.193068946788955,6.0,4.851751830211748,2.3865008844349287,19.2,4,1.7685367057182275,2.740168243681746,6.317995717598278,14.509966348111156,5.261051257303041,5.686397137616453,109.52078957921704,0,1
3,2022-10-20,SNF,0.0,3.91389517120543,5.825920380664,4.366626824249933,16.5,6,2.977385275385731,3.697216270584875,3.1715109246517437,12.709562476826237,5.3112875909293535,2.495839585265881,62.25140913495289,4,0
3,2022-10-21,SNF,4.893899967701751,6.0,3.277660574746175,3.381908456576937,20.5,6,2.780544623771036,3.0417393012178326,3.855873869965547,16.59483870260555,3.8280987470607752,5.164337936764921,65.79500221989926,3,0
3,2022-10-22,SNF,1.7237869851424525,4.276332173604818,3.6059103050160264,5.565824322401038,17.7,5,3.8706285950406665,2.0322677863176324,3.3948298532558083,11.436834780218062,4.235879158084631,0.0,45.54212064773067,5,0
3,2022-10-23,SNF,2.0272969217982983,4.886229966469298,4.602346044829652,6.0,20.4,4,2.8911834932676683,3.96687736145876,4.371222755310206,6.784013575754049,3.940870376693428,4.092702094669111,111.96850271581172,4,1
3,2022-10-24,SNF,1.750289843847629,4.0121192817997455,0.9237918020805309,2.2317145814478176,10.4,6,2.471963163323644,1.3133735618025881,5.576201708065243,11.819505437991058,6.502791779743429,1.9449788854207957,95.91786967958603,5,0
3,2022-10-25,SNF,2.67735966364296,6.0,2.5420148030823153,0.0,13.1,3,4.996247201229747,3.903149521297061,5.111979013992102,11.917546141648055,6.092446351896832,1.0397356939156994,81.53860796182664,6,0
3,2022-10-26,SNF,1.8033241768235782,5.400871105969566,0.7944660051159551,2.7190254864045875,12.5,4,2.7044373404944264,3.086937428200441,4.381097709313217,12.047747471670876,4.11185833566544,1.9160842980020467,94.26834798849434,5,0
3,2022-10-27,SNF,2.4131645002077615,3.9447438662615606,2.747460353239846,2.5663801544205844,13.6,5,3.8825492086916635,2.2536456180123627,5.4811659590649935,14.872655431759004,6.232123348634301,1.474206261935818,101.79952357210362,3,0
3,2022-10-28,SNF,3.904428591113189,4.06870627074727,4.436762263021693,5.111204574181388,20.4,6,2.650916213100509,1.3290523081209242,3.343995427856188,17.22658744041654,7.520627108735592,1.8532086283033955,56.027122663184386,0,0
3,2022-10-29,SNF,0.0,3.929252860499987,1.4440095686239376,0.8956792742930939,7.3,4,1.2714950096699595,2.6425231865121614,3.636742756268697,4.525431320448925,8.803218204329275,1.9582650924685776,120.0,3,0
3,2022-10-30,SNF,2.8822329805880824,3.996570012416271,4.683222544877552,2.158601449041185,16.0,4,2.403622714119123,1.326424963448741,5.874023707409752,9.124803167486203,9.531361621467266,1.1536569089938944,89.52911612442752,3,0
3,2022-10-31,SNF,0.6111939607093682,3.2640945307416134,2.4164394759707237,1.9784520638808383,9.6,4,2.84707126041109,4.313702988082182,6.2795452891761085,13.654877929825247,10.0,5.954675729166372,103.13495294315504,0,0
3,2022-11-01,SNF,0.8661038415182929,4.275750600684853,1.7915662099356968,4.10454773219405,12.9,4,2.430437737459708,2.0858387439091777,5.367023949450469,18.529041015116796,7.541331929918651,0.0,100.5252918886143,3,0
3,2022-11-02,SNF,1.337385249508535,3.6362073981402885,2.436062087805234,4.747275731039728,14.2,5,1.1784689703931677,2.822091213172306,4.3098049538607395,9.095273448432206,4.2490214125113805,0.0,92.00450629208481,3,0
3,2022-11-03,SNF,1.6331058808063588,1.0390220008417959,4.120440434920429,4.686655189388541,13.4,1,1.956794064785249,2.600903853098074,5.594135076424663,14.683180944466425,7.681892665496617,5.882493886157948,79.25900491629697,2,0
3,2022-11-04,SNF,2.84392974016907,4.390076016824139,2.0674781623138414,1.2704650982939496,12.3,3,1.8853113985710923,1.782594135841123,3.291338203707015,14.993674767869747,4.06970297736959,0.0,117.98756510840217,1,1
3,2022-11-05,SNF,5.01982211777288,6.0,4.048402627494207,4.614149126560413,23.0,5,3.7912849803647344,1.3642401989711557,3.393096772706053,13.135805246469877,6.436618056862856,3.6538939830887163,113.92950594402639,2,1
3,2022-11-06,SNF,3.4007962868862145,4.910264357984391,2.549275058474881,0.0,12.7,5,2.210210622515247,1.852791090780586,5.376083144041856,9.546125363746432,1.4011590669372391,1.9832850865628089,67.98153989539749,2,0
3,2022-11-07,SNF,1.9926239406027548,3.344277001307348,3.330971355571541,3.826281775278745,14.6,5,1.398412692946365,2.111423981289422,3.63955195441089,8.088641136682172,6.007177946123399,3.144292353749437,97.6906079484673,3,1
3,2022-11-08,SNF,1.091488514836735,4.350141650192716,2.8592248472395845,4.549446078376129,15.0,4,4.4965887346044235,2.5427496381331145,7.3846699014341075,17.667590483225663,9.962581403435223,0.0,78.26559955860341,1,0
3,2022-11-09,SNF,4.3435138540855665,6.0,4.703919814523526,0.29274587764963234,17.9,6,3.553396967556025,2.2768269667952907,3.867113620108868,16.60236337787233,8.46099973358993,0.0,41.505227916817674,9,0
3,2022-11-10,SNF,1.0887730642073157,3.559809714337455,1.4454245484813684,5.909257340074655,14.0,6,3.3900971899874763,1.7247722463628001,3.16008276136003,14.198477195329605,5.1876580713371085,2.64585786059582,84.06894612260083,3,0
3,2022-11-11,SNF,2.2917655749058072,4.014198733737407,0.993799691098705,4.8252193448027185,14.1,5,4.7759005178458285,3.6903634449696168,2.9239812446306015,17.007980658402712,2.8989455034486165,0.0,106.70313543026732,2,0
3,2022-11-12,SNF,1.7315959307453657,3.4362069655173655,4.57616132832666,2.9480434097141264,14.8,6,1.6980658941304427,2.0172741340810365,4.399269611663688,16.76755742360027,5.739633748583714,0.5134187637271568,81.90999071968051,2,0
3,2022-11-13,SNF,0.0,4.263573175510379,5.367482020326936,5.6382350594121995,17.8,3,1.882334095834497,1.548788211836573,5.602515440644867,16.501791717756934,6.026757582607528,4.373678744842612,84.69378727558868,2,0
3,2022-11-14,SNF,2.8371696536661,3.7078068814881258,1.8563267264773102,4.998471407367048,15.6,4,2.642875767608522,3.845166635069445,1.8506232013810675,11.326002096900632,10.0,1.226005017734647,81.62988767536585,0,0
3,2022-11-15,SNF,4.5272842309607135,4.401480024999449,4.918101290874327,4.89953081979904,21.9,4,2.834281405875436,3.108122321191482,2.058340235763629,14.851801735493266,8.35544419998843,2.9535589197406464,65.65208399059455,6,1
3,2022-11-16,SNF,3.047351597514798,5.851957546454444,0.4521515458594635,4.789198686483225,16.5,4,2.9061550119116673,3.177165152260563,6.325481715792096,14.020970133757748,8.580487460674249,0.0,44.20037075800175,6,0
3,2022-11-17,SNF,2.8006019887293396,3.506464844113943,2.6941117900604077,1.483095218583632,12.2,7,1.50365743566843,1.6115272625245047,3.5482058067636015,13.829322784760684,8.379399878955939,6.738092618696864,51.47991050471121,2,0
3,2022-11-18,SNF,0.9187143455287314,5.953581533702845,1.8709830920676844,2.1205710080095934,12.7,4,3.9195987008396243,1.0240333508647301,3.812260400219545,17.42154043344792,8.834256057654057,8.82180324593589,120.0,4,1
3,2022-11-19,SNF,3.625194419712091,5.352150592193455,2.008982293665564,1.9596405617827934,15.1,7,2.0610613122117654,2.8842993834539876,4.45460464492512,12.682036589486657,8.219472918837203,2.4119365953376706,34.99757221876537,2,0
3,2022-11-20,SNF,0.06875429751367301,4.35905062362745,0.033542306637869945,2.84757261178529,8.5,8,5.344994906966393,1.6753316128910072,4.814561347365336,18.001134972483456,6.5503481505656165,3.2659728757656477,81.18724942689974,6,0
3,2022-11-21,SNF,1.5785496660942948,4.2525673970172555,2.2856472072213903,6.0,16.5,4,0.3422556618350895,2.9225059543074434,4.4879270763414585,14.398554037946365,9.451696354398972,0.0,99.611670828918,3,1
3,2022-11-22,SNF,1.5783064660574635,6.0,1.8860770888427845,2.597416760817957,14.1,4,2.981072420250278,1.5959351270609559,4.375255864427139,10.072208080796266,5.4987642568623025,1.570495652377312,53.09458338351631,2,0
3,2022-11-23,SNF,2.6354946890065176,4.973132912863766,3.2785951177128987,4.024863570478727,17.4,3,3.5025066910003293,3.43912722435913,4.690435400383794,11.039695352564271,10.0,5.40216691269316,118.87811052746603,5,1
3,2022-11-24,SNF,2.0834213984958474,6.0,2.901125541371352,2.695897754957379,16.0,4,3.0725097922359446,1.698511234924461,4.591476554560087,16.80951277038036,5.246523301237666,6.713197242826208,87.05877553549418,3,0
3,2022-11-25,SNF,0.0,6.0,3.9566556362252268,1.002077468869178,12.8,4,2.711030073212666,2.3691880035157915,2.3566261462014655,15.099763606812632,10.0,4.63817766433682,102.89951296291324,3,1
3,2022-11-26,SNF,4.739012077017513,4.659475889750942,2.914250058457964,2.300493041900851,17.0,4,5.110991373030639,1.5469657314344243,2.583186128935215,13.522223411785001,9.277413505930703,0.0,96.99398432165668,7,1
3,2022-11-27,SNF,2.15577225693468,6.0,1.6038727711604122,1.4696068310930142,13.1,2,3.586605240722978,2.2048309274033007,5.283195132669003,12.43545852865101,2.368461306611306,5.91591720043586,99.24570968529798,1,0
3,2022-11-28,SNF,3.302830118389748,5.888826269227048,1.5086881042074056,6.0,19.5,3,4.252630339445869,1.5037788928313085,3.3670346740918506,16.92364214713045,7.15923983917145,0.3203583883078993,34.41333786004299,3,0
3,2022-11-29,SNF,1.1327062846778266,1.0592381168636482,0.0,6.0,9.6,4,0.013044808147320897,1.648001083142179,5.58803107227929,8.216904981812238,4.827618241155248,0.0,87.69480526797946,2,0
3,2022-11-30,SNF,2.1318975638136,5.538653199882619,1.724853749070956,3.0479324783101123,14.5,4,4.361309912024726,2.013398475906369,2.4473526523707596,15.604095556797835,4.16800804405209,0.0,67.40553522070533,4,0
3,2022-12-01,SNF,2.5258214648483985,5.345986477206534,3.850721763783611,3.4641769288349638,17.7,7,2.992470141075735,2.119631031567871,5.2748912723699695,16.269945316263872,9.028162082832251,0.0,106.73985490267563,4,1
3,2022-12-02,SNF,3.1886616506459253,2.1137496453664,4.944961960860753,0.0,12.0,5,2.318317672127644,0.8248030763160643,6.219012935625013,19.139610492174295,5.081090749620663,3.6764742031359856,101.497169269599,6,0
3,2022-12-03,SNF,1.6070943740990726,3.7983927789008685,2.6070051849551024,3.2939836657697166,13.2,3,4.768726710873464,4.438103561214682,4.0955882565642145,13.318979663157744,5.407143824090015,3.8265940790811106,99.64807101077764,4,0
3,2022-12-04,SNF,2.3212555050058996,3.277745156577388,1.7277205176664239,4.138862116246222,13.4,5,1.53050479720333,1.844962409823248,4.3190221257723715,11.976878219634125,6.480250537110653,6.955978176312761,41.241074764019224,3,0
3,2022-12-05,SNF,0.5990568729588164,6.0,0.0,4.660488722479492,13.1,3,2.796951605205064,1.8794413598692261,6.252703401081701,17.352240503943207,10.0,3.7805386322688808,94.8872299892621,2,0
3,2022-12-06,SNF,0.543088663166611,6.0,4.1449797355588895,3.432369217281857,16.5,4,1.966845521778084,3.3216079537183267,3.003573082097827,14.51439523837757,4.344563159536778,0.0,94.78423662797925,1,1
3,2022-12-07,SNF,1.6021771874407964,4.182076508719371,1.363425157137392,3.4401949801407743,12.4,5,3.0185220670688864,3.3919560914819527,5.639419308117957,16.94261745761927,6.9996761649513894,9.811585836902783,53.76387825400069,5,0
3,2022-12-08,SNF,1.7559735537794678,5.052028298688931,2.1066292404068707,3.160772543370701,14.1,3,3.962799880788035,0.0,4.850671331217008,15.533731267494435,6.5722368644670865,3.882984893754047,111.08910290538145,8,1
3,2022-12-09,SNF,2.709969659149119,4.127030285519764,2.2549015605476876,0.429192904844089,11.1,5,4.74016485670498,0.41645467387401247,5.7735901412599855,18.871853724214233,4.31664970481972,1.1778360952145295,106.6503574681575,4,0
3,2022-12-10,SNF,1.1592535594470785,6.0,1.2956069343750112,1.3587487339903284,11.4,4,3.260971866912951,1.3633680619869595,2.1196755630939452,13.315557337565316,5.819663990384319,3.001826608613471,79.94718479073107,2,0
3,2022-12-11,SNF,0.6623295222136947,2.851492843905878,3.6027346934430504,5.51732172074381,14.7,5,2.322172563480509,1.798632706397528,4.836890334109418,15.998542766589646,10.0,0.10667324895001418,99.3984713561896,2,0
3,2022-12-12,SNF,2.516056456961242,2.696661214642126,4.771172230812541,4.280589885930786,16.6,3,4.254411537860615,2.3837615899340636,3.632706617342714,11.675856082597045,7.999496066421349,0.24306390653269183,114.65410932180059,2,1
3,2022-12-13,SNF,2.16531050352727,3.459289755445006,3.823313852288792,5.082133512054333,17.0,4,4.516214836898537,1.8838925409733567,2.5119019604577026,18.632191803955518,4.9005894288562235,0.8445190742854121,100.80806280327504,4,1
3,2022-12-14,SNF,1.2138055228682203,6.0,3.4375164630257946,3.164691489416294,16.1,7,0.7672968791091971,0.0,6.343012092537688,15.438881027115809,8.3285507671017,3.163907965094967,92.84064737310933,6,1
3,2022-12-15,SNF,0.9392269071629133,6.0,4.52416334566062,3.84379647926765,17.9,5,2.545288470036884,2.031823941788461,6.016860185546092,13.667251433324495,10.0,2.4840906749904903,107.1497629686575,0,1
3,2022-12-16,SNF,3.609503097028413,4.841536005772868,5.871053033475404,2.1197347899207175,19.2,4,2.8489791943462275,3.1415746119516257,3.002695501574762,16.09926411933421,7.771920038695441,0.0,95.90744764350904,5,1
3,2022-12-17,SNF,3.7922262770891573,6.0,2.8100767564110054,0.18255039708017606,14.9,5,3.5752340239784632,1.2455777422791852,6.3387389635543,18.235570369224497,10.0,1.6262444820826483,61.13275521067309,1,0
3,2022-12-18,SNF,3.121658537885753,0.0,3.105921527197365,6.0,14.3,3,1.710099720443067,2.4800243567989653,2.75085979306099,12.25465404289906,8.710124967894242,0.0,65.19962597373211,6,0
3,2022-12-19,SNF,1.5255443752784552,2.5822537613130523,0.9869859524288177,6.0,12.9,4,2.896729254021335,2.1167162346112987,3.069706891016307,15.246878667858962,10.0,1.9124552775357397,87.08523509855702,1,0
3,2022-12-20,SNF,2.0626246543875926,5.888844034199407,3.832656228991117,1.1753128977168004,15.1,5,4.726462306330993,2.044324976738855,6.338936724515621,18.653362143723452,9.619957457949925,1.9160397026389546,107.64586350762019,8,0
3,2022-12-21,SNF,2.447817666259668,6.0,4.9439234112303465,1.8660247960732397,17.8,5,3.518837856904684,0.4717543275465903,4.760163069375469,11.649038665712183,10.0,6.274579704951423,63.454472869246004,1,0
3,2022-12-22,SNF,2.220537142537804,6.0,3.6560857111250606,4.362509941084152,18.9,4,3.4451097038161307,2.7485831387833457,3.38754885287532,5.269282327493551,4.451201597538707,4.889848497458184,80.44518539057209,1,0
3,2022-12-23,SNF,2.805227722350073,4.115513413367287,2.958510154241458,0.3297760219009096,11.9,4,2.3697930795996616,2.54650343384455,3.6881616367457895,12.465025036156401,3.493102704072005,3.4469484644680852,99.98451225934575,7,0
3,2022-12-24,SNF,1.545045262369242,4.514637750292211,1.0498754711130376,6.0,15.3,5,3.7453654402542416,2.8848272392708867,6.692755715560446,15.645545827463572,8.378276399085324,1.7495822159023815,76.98084135835995,1,0
3,2022-12-25,SNF,5.006062974639216,2.8758105480454628,1.8914630835604753,3.7881385852204787,15.8,5,2.328950176927905,2.9054572492079602,2.0201359474657634,14.435534633526046,4.207594328244857,2.0861231107979363,87.66804654880364,3,1
3,2022-12-26,SNF,2.392600506902026,2.1368329319028967,0.5544508117554576,3.3978288343022998,9.9,4,2.682300314404684,2.7229336385019636,6.258226772120912,16.361810321176186,7.774302780607801,1.577855672094064,100.07234642584574,2,0
3,2022-12-27,SNF,1.0416121896237316,5.234866787051946,1.6342747122169872,0.5289397790437589,9.8,2,1.2556173544686753,2.8663167576072457,2.963280967587999,10.519532135318617,4.902035564108955,0.0,60.05742214842111,2,0
3,2022-12-28,SNF,1.672875351794296,6.0,4.426420558558909,2.5881565798680013,17.1,4,2.0784906282196594,1.4405574485387296,4.437767402291449,11.024555889397393,6.50352064260505,1.1589755647686584,50.59809619708504,1,0
3,2022-12-29,SNF,0.0,5.107939010599489,5.144536020964987,1.4087406766798203,13.6,5,4.215920779383129,1.4489869676257339,3.826716308717225,13.591449535986406,4.00626080416313,0.8629511594173396,90.791884269654,3,0
3,2022-12-30,SNF,1.4197615897931104,5.587437832453613,2.963789531896027,3.4283885761924635,15.6,5,2.321699144220771,2.5608020754808574,2.710673199837145,18.420152999686895,7.890829388217225,1.0017574824881619,107.1272599500945,2,1
3,2022-12-31,SNF,3.4802980649693387,4.109084410122433,5.2261612256537,3.4353835496915757,19.0,4,2.5203069406196525,0.6346815394653635,5.24696267530677,8.53519489516293,8.093302720088872,3.7650947813507685,118.43260768410283,0,1
3,2023-01-01,SNF,2.232329758219952,4.731530056785514,3.560678555851732,5.445416177583856,18.6,5,2.5448673672361184,2.3301039172106552,2.02802714820229,19.896816156142982,8.117457070581239,5.381766859372895,52.14937978142985,1,0
3,2023-01-02,SNF,1.9433072086725134,5.148012928992606,2.966419729143034,3.8724207462269864,16.3,5,2.6419153193833735,1.4126497952010166,4.619972140637022,16.54787523629635,4.6973687264408985,0.0,84.14656962179717,2,0
3,2023-01-03,SNF,5.431637347785424,6.0,4.335886752228261,1.1532458581961622,19.7,5,4.293237292485687,2.240878172860997,4.533470931555198,13.787804239803,6.275494558327437,3.322196024518057,53.993601478988694,0,0
3,2023-01-04,SNF,1.3984351203585899,6.0,4.6809112195298805,2.1024687644455176,16.5,3,2.856471371490675,3.8629597808567238,4.037333960653842,14.309061022799511,5.103585147622578,0.0,99.94888506402532,3,0
3,2023-01-05,SNF,1.8526481004964959,6.0,0.11198898889002629,2.3326657069937116,12.0,5,0.42369826027771307,0.0,2.523376240108029,11.05576432976398,7.410919493169126,0.0,39.09678376814369,5,0
3,2023-01-06,SNF,1.2872304345093806,2.895420973269527,3.3502545902309433,4.3080299385258485,13.8,4,2.362229586011847,2.9315504970588195,2.2222515789995896,13.38987330060479,7.3912327588768445,4.257899505205418,61.37807606028894,3,0
3,2023-01-07,SNF,1.1955372852298325,6.0,1.504578044574231,2.7214342901768136,13.3,4,4.302996196626147,2.184651098762717,4.9151478780728795,18.80023464719581,5.866009611463819,3.843269024145782,88.58689803740457,3,0
3,2023-01-08,SNF,3.235098646736524,6.0,5.269798991971325,5.07929934522199,22.8,4,3.6890560148619937,2.530331874872295,2.3121805228759436,13.57512903899304,9.715658926005673,1.5339875005108485,61.595444571200986,0,0
3,2023-01-09,SNF,2.485495773909372,3.746292388659903,3.205868671043615,4.320393863257603,16.1,6,3.714301187071738,2.6853600946027614,4.099388334549795,14.505655855985326,6.1862146636555,3.6244321413948306,70.69891745831816,7,0
3,2023-01-10,SNF,2.941057508609281,4.99807861813648,4.934549151001666,3.763909406619952,19.4,3,3.040256523746402,2.421508054306835,3.8514319819252005,2.148843007923411,4.781758728638727,0.0,85.30840886807674,2,1
3,2023-01-11,SNF,1.3423248411887585,1.2724989294175046,1.145870977991045,2.9024744648743614,7.8,3,4.4031528499198895,3.855978403597903,3.0832140008703686,14.504192606921478,9.832188445452026,0.0,80.931506258682,3,0
3,2023-01-12,SNF,2.463773682925107,5.96895393900145,3.2864497770428676,0.8024017297328319,14.6,4,5.21924885388555,3.505145953868497,5.461058552423138,9.049910688672284,5.013724879939713,4.023258768232191,69.70739080968438,1,0
3,2023-01-13,SNF,2.136710503935441,6.0,3.2016451186999584,3.1490642511172875,16.9,5,2.9071961587756507,2.6671429931363217,1.3183374063430453,14.076643350035608,7.409735836764572,1.6282577100970483,83.79532469314373,3,1
3,2023-01-14,SNF,0.0,6.0,5.601164923958163,0.0,13.5,5,2.07947039439468,1.2875494629807038,5.1969124187344065,17.479497672744124,1.5688933072963454,0.28694784099379644,92.83300141536886,3,0
3,2023-01-15,SNF,1.1142590320566608,5.598896937282546,3.0005216527527248,4.60250926545732,16.7,4,4.297111381107041,1.6630118155206937,2.401812842626052,13.912368001554015,9.116824681056148,0.0,89.31665980096895,3,1
3,2023-01-16,SNF,0.7779745613080946,6.0,2.668780017210229,3.8530858305720255,15.5,2,4.225911960657616,2.917204557904835,2.0280925034372945,13.644500269096376,7.500529016516666,0.0,91.23974865294333,4,0
3,2023-01-17,SNF,1.9115189490182205,3.859972966406379,1.6955594278448123,1.8663307292736677,10.9,4,1.824206662265683,5.288391236439394,3.4109145613887675,11.121382937228958,4.740834046530316,4.877590845248317,101.56479304886109,6,0
3,2023-01-18,SNF,4.395243075022174,2.4673414132940126,0.9914141405888608,2.664688377534824,12.3,4,3.7111742354909865,2.503085079334797,3.5055326754571583,13.203970956698665,3.091457330563314,2.348547441028552,66.47417127218755,8,0
3,2023-01-19,SNF,3.075670182317328,6.0,4.143091260969136,3.781602213448181,19.8,5,3.281425525038931,1.8125981943385598,6.665853787814202,18.447698215737336,7.868064099435969,0.0,105.79877195945,3,1
3,2023-01-20,SNF,1.646328680391741,4.82678692134553,3.518894911988391,1.1020983232785992,12.9,6,4.733827905869809,3.8999006617618335,4.713834052577423,14.638722368281453,8.907341946472114,4.505569264774808,112.27069520508756,1,0
3,2023-01-21,SNF,0.9183254318692784,5.280732931586485,4.048685330028371,3.2545140337427085,15.8,4,3.6020685810816566,1.4466089176917978,5.138544498365417,10.178209580627946,8.596799126987944,0.04810326025040723,74.5844171656635,4,0
3,2023-01-22,SNF,3.225397345084998,3.3862020522094327,2.73094398660128,3.7247861857838345,15.2,4,2.2330370387661542,3.6758224793410887,3.901846735603476,15.489647753093967,3.6157947943661495,0.798274044541837,118.89796995246576,6,1
3,2023-01-23,SNF,2.71709398750896,6.0,1.6341493052068479,1.9890591058662945,14.4,4,3.057326911193998,2.39328572015309,5.586181038304848,8.391280272124645,6.196780104714293,2.7011370615586086,74.42841989689963,1,0
3,2023-01-24,SNF,2.8600359224002823,6.0,3.963242991598005,4.525989761846307,20.2,4,2.841180653365735,2.042888687401362,2.9405784102213506,18.449612748890292,4.703529627595398,0.27611382050092903,92.84812764020809,4,1
3,2023-01-25,SNF,2.3313272756649592,2.3770968845991467,3.8676412840389807,4.077349927536241,14.8,5,3.062195152285728,2.81860242574192,3.7377304079558726,10.589490651304938,5.176695424201682,3.270510841643624,67.231270199603,1,0
3,2023-01-26,SNF,1.683001067158081,6.0,2.4037977595885263,4.791541712503259,17.4,5,3.532319444578551,0.8665599730542182,3.3891916166178313,18.290897153177074,8.865841825032375,4.376177572942057,120.0,3,1
3,2023-01-27,SNF,0.8181774370231336,1.2841992015828416,0.9238541336171799,4.80430858408211,9.1,5,4.383108985825711,3.7675663271896145,1.439314193524957,12.343202552597088,10.0,2.4966574566677684,80.71850564123575,5,0
3,2023-01-28,SNF,1.9513599922034266,3.0162397830249335,3.8373902617532916,0.05721195840947174,10.3,5,0.6930473135821158,1.7020350039116272,4.740808400160835,12.252766661696281,9.676219570650881,6.077656096853211,89.22702483236654,0,0
3,2023-01-29,SNF,0.9684441566617465,4.784275051173073,0.9072342762945462,2.1228799830353418,10.2,5,3.6227054449962655,2.772166183550453,4.182423099115667,10.764036597359656,7.099289705828772,3.2297302875571083,108.74588101314662,3,0
3,2023-01-30,SNF,1.183372543832864,3.3215755131922977,1.7735305982258902,3.4674817215131473,11.4,4,4.971351007426399,2.4675424953833156,4.505986221369335,10.729971044892551,6.796983701902416,0.6400339331621323,87.33445324330286,3,0
3,2023-01-31,SNF,1.496781293024798,4.152506708022058,1.8517484737270133,4.7729525999683275,14.3,5,2.255318592975894,3.279759515636222,4.647628818501233,13.044366334572711,8.258873024881911,0.5480838933635641,54.69143304274905,1,0
3,2023-02-01,SNF,1.846768994550892,5.838660471036761,2.7769752165809023,1.069859375898784,13.5,5,3.345405544218095,1.7625926393585947,5.1491077209029505,9.813925038025477,8.398733256561815,2.390822759070294,110.33544143676025,1,0
3,2023-02-02,SNF,2.4932133843802977,6.0,5.323250634899402,0.9467675620992353,17.2,3,3.3446048789583465,2.065263644054274,5.425121735637131,11.019395829598144,7.833646849424988,0.0,93.10098326842507,0,0
3,2023-02-03,SNF,4.267485841429449,3.2713509727499535,3.8385753533479887,6.0,20.3,4,3.9282664085163463,1.4890535747541578,4.495270303285647,15.060484860155313,8.124543892721316,0.0,72.3188609379894,3,0
3,2023-02-04,SNF,3.6970276652333753,5.7632263214134785,5.1347457669839685,2.123577060686468,19.5,5,3.0843167954485065,2.075824075033724,6.131619080556918,16.956560698948614,7.171944932163182,0.0,62.49356265278525,6,0
3,2023-02-05,SNF,4.107013942354134,5.721955876590637,3.764582039442927,0.6721885625579749,16.6,5,3.54803343687358,0.7765532574176003,5.838867332506013,12.598056738378249,10.0,0.019587554100596094,93.36984278499901,2,0
3,2023-02-06,SNF,0.48525206765859097,6.0,2.6221107870061138,3.4065563126370315,14.6,3,1.21036023615444,3.1106334188369202,4.170100323454135,14.661211132261238,6.502491610031875,0.0,85.64690301701744,3,0
3,2023-02-07,SNF,4.105464143401586,5.957737954685927,3.961441901465273,4.323844063182866,21.4,2,3.348538971377054,1.508300404580077,3.5685987909302055,13.594441118488083,8.128791252550405,3.4106249803109323,91.95085171878267,2,1
3,2023-02-08,SNF,2.592897883581628,0.0,0.6867839305899037,2.7120520118034164,7.0,5,2.731675610088251,2.1369074859498847,6.897893293891472,11.36909693432805,6.158933395677196,3.092908888005862,89.36838188905159,6,0
3,2023-02-09,SNF,2.575296282638046,6.0,4.8290288865864675,6.0,22.6,7,3.318972070184471,1.9648853799765753,4.176013184631937,11.33721985196391,9.029111618308336,2.426438240139869,104.61629273603083,3,1
3,2023-02-10,SNF,0.9380297575237482,3.2661489523244875,2.5242619605582255,2.1344891043443717,10.3,2,3.394631264355036,2.3901966622117183,3.59539474559319,6.360570898951468,4.982449394592345,0.0,87.79862450551109,3,0
3,2023-02-11,SNF,3.761885904491967,6.0,3.91890164305978,4.664756826062724,21.4,4,4.4737509725766875,3.4135317836145944,4.136394316723666,18.6214044287661,3.2995027059630577,0.0,102.85351929979778,4,1
3,2023-02-12,SNF,2.49421443007361,4.562117082164967,3.658006827061307,5.036918054809691,18.4,5,2.9574967770777283,1.5748134163634917,5.869925353643808,19.704656798439178,10.0,0.0,38.073325206817486,2,0
3,2023-02-13,SNF,3.012044670993003,3.983950460875912,1.3288903505495355,4.1088501986882875,14.5,6,3.9198576306505304,2.246054456595704,5.173926515225183,14.240982020435133,4.046809590493444,1.9708643983200789,97.60883667075575,7,0
3,2023-02-14,SNF,2.6546535340785677,0.6544401291465154,3.7984797041740688,1.2481657276545075,9.7,5,2.917102895351807,3.0553098482225125,4.006418695562048,10.773582146730611,6.672662207575234,2.4141469539093396,75.47013268757063,3,0
3,2023-02-15,SNF,1.7183000885708686,3.110919792884009,5.339917965944267,3.325339035966588,15.7,4,5.285560820508729,2.658988704385556,6.78359933129831,11.83947410026398,9.976605798784107,0.0,82.83485639508416,0,0
3,2023-02-16,SNF,2.0395650468602726,5.188985504877363,2.94690721211113,1.956590065452331,14.2,4,3.518067633171464,1.8643786665040454,2.5801077483401027,14.345928513544287,6.122015260195061,4.314739305667833,71.74283342795658,2,0
3,2023-02-17,SNF,4.15419705723163,0.7618633118348441,3.314055360311103,1.7581731616464638,11.7,5,1.4464168935380723,1.6070723028001375,1.708798574221521,17.218246197438894,8.893885128720258,1.9643248156431161,104.91195451197426,7,1
3,2023-02-18,SNF,3.2963312433434955,1.942441021598212,2.8636572645693565,4.639508066051118,14.9,4,3.30624517775007,1.2128440409229706,3.279631112882648,8.816002813227792,7.755824609832955,0.5938621992628037,120.0,4,1
3,2023-02-19,SNF,0.9623396540730897,5.384027054204399,4.841621652395158,1.9709914503709693,15.4,5,2.463211123993969,1.2698408083950292,5.969679643157429,15.595082233157049,6.292498248283481,1.409154844769387,88.02164175295002,6,0
3,2023-02-20,SNF,2.0763568708639517,6.0,3.8887996737384554,5.085568049217021,19.9,4,3.13963766116856,2.403193764386178,6.2598072326902345,13.663720819893568,6.0498643852226515,0.5187258849036409,100.74267595829514,4,0
3,2023-02-21,SNF,1.2367515419661572,3.6663718148003306,1.0516724172731013,1.6662820120977728,8.9,5,1.3763609891882542,2.865084149206343,4.197608116434048,13.518460676118165,8.084506854317569,4.895141288734986,71.28852665424102,2,0
3,2023-02-22,SNF,0.0,3.421413795725292,1.4991615570946792,2.3222907319882933,8.5,4,1.1581586695642039,2.0215189132614806,4.699000829328483,10.377017300054565,4.439142603259103,1.5990880792651812,71.3785130419536,0,0
3,2023-02-23,SNF,0.0,1.8123494706499956,3.571138980397992,0.5111920449516133,6.9,4,1.7040132232838496,3.1291487512207063,3.200058961755008,17.022471978621162,6.421457860762876,5.0027577003016965,96.11897520594593,0,0
3,2023-02-24,SNF,5.951657083519699,5.462247938760423,4.403780176616044,6.0,25.5,6,2.4676210703136006,0.9625410020395417,1.4098736815162116,16.49202160509846,7.539446207359648,1.9561267271853593,85.24586099357084,4,1
3,2023-02-25,SNF,2.7882827606326943,6.0,4.24916177154304,3.8385662398275233,19.7,4,3.0195724257768455,2.0250931070363016,4.866227548822111,10.553596466486907,4.844648468607192,6.103743919166952,72.74307218971921,3,0
3,2023-02-26,SNF,1.297579191724253,3.3372519313034825,5.051498270219922,2.629885538933866,14.4,5,1.6376516350219177,3.0462379672527655,2.391370388966717,16.985019203748383,8.439153298496946,7.744049346719912,62.297871742545404,4,0
3,2023-02-27,SNF,2.6273402464077487,3.9016535126337777,2.725701646197795,2.9173543080287745,14.2,6,2.2545115728747573,1.726506298096261,4.095288646665523,14.428562517842293,4.602864264382658,1.6601263118885508,105.08736535170338,3,1
3,2023-02-28,SNF,0.1027611633990988,3.573183517185541,3.697289049431135,0.9875206901720319,9.8,5,2.1502903786489336,4.321750333761725,3.242007026043214,16.264519170632205,9.023470725783296,1.5770018609103897,106.19086347732535,5,0
3,2023-03-01,SNF,2.553156351404294,6.0,2.0585461188537173,2.7231192870587817,15.6,4,3.636770742469372,2.1047834999647907,4.25317929177636,12.201772726953543,5.138366749181932,4.949771516579703,98.03669627433827,2,0
3,2023-03-02,SNF,3.1791129159104865,3.6182731316005956,2.9866487073514647,3.835616546550667,15.9,4,2.3982726421769085,3.851918375660789,4.093542565807491,10.43156409915793,10.0,4.31252925409041,56.51854231871451,3,0
3,2023-03-03,SNF,3.3290350496917442,4.570354705787858,5.100680525579878,1.7883255592603888,17.3,6,2.364709571058272,2.1846960572118714,6.291152342507577,4.722474620598556,9.700052088444092,0.09507237567680527,49.342497333164495,3,0
3,2023-03-04,SNF,2.286047647411634,6.0,3.0401546735820335,3.3379306389822996,17.1,6,4.0734716910868105,1.8250810615792292,3.7270180137681095,13.833543751921884,4.353231362668297,7.265166435388844,88.5088982751932,3,0
3,2023-03-05,SNF,4.749372448527008,6.0,4.702322014956746,6.0,25.0,5,2.65822306748303,0.22767795708087313,4.416463588612962,15.10138012508121,7.866088744629844,3.149973140047511,73.96797237475477,2,1
3,2023-03-06,SNF,2.1597201830024115,4.921466721852351,2.239640910370599,0.0,10.9,7,2.2213240518224247,1.82969171433532,2.4348177260319908,16.625139348904472,6.4228893869301285,1.544639966640308,120.0,2,1
3,2023-03-07,SNF,1.6697977401442148,3.399494256904161,5.060336990478701,3.6435939154969033,16.1,5,3.707026780521208,1.973336738838369,3.318108284294121,10.757493542674071,4.908146636479868,0.0,120.0,3,1
3,2023-03-08,SNF,5.996634959208795,6.0,4.707670244233331,1.9156376251693097,21.7,4,2.006169834058219,2.6372688453192157,1.2410503615297077,14.337426968983554,8.255166957227333,3.408025421221002,104.80650282836397,6,1
3,2023-03-09,SNF,2.578070459524108,4.302266570848959,5.871053033475404,2.9933157290727723,18.4,3,3.9705036729182694,3.3219771499236974,3.7721548860181016,17.928147621221495,9.131429365662992,4.988304221718527,52.52569610394233,7,0
3,2023-03-10,SNF,1.9727717420543707,5.0978708339273116,2.7241309942293612,3.781569507872997,15.8,3,2.973402270760133,2.0329910421933852,3.608858263736395,15.359583382360276,6.234291897622953,0.0,90.51296684318518,1,0
3,2023-03-11,SNF,1.1407943455991305,3.842112691929031,2.177803068583932,4.874728521887054,14.0,4,1.6649318675824616,2.145485098856304,5.357900510172184,18.743526223127173,8.564779594718322,0.5395889125654767,41.88499388730484,2,0
3,2023-03-12,SNF,2.338891234043568,4.1799195066673285,3.7567355483801785,1.0047013147724506,13.2,5,3.958196013030694,4.305452991786902,3.6572986617840986,14.687200894415863,7.162991016470069,3.0628357673641387,94.8626790384474,0,0
3,2023-03-13,SNF,0.7096549296887456,0.8515657860900099,4.877295751170175,4.080350973162646,12.3,6,2.7397190940586573,2.324820216197675,3.953229267639115,14.677060222125593,10.0,5.17372971721118,37.71646125844305,5,0
3,2023-03-14,SNF,1.9974050868364388,6.0,4.13163969612832,5.281860414424862,20.3,6,1.7716295396642778,2.5498840841444737,4.6894896507135435,9.186019750867356,9.463409764439977,5.178533882273576,97.78175191942923,2,1
3,2023-03-15,SNF,3.0775074482428133,6.0,3.553938730334403,2.246039494743717,17.4,6,1.3670163890557294,2.9168395250443626,5.455377391553907,8.711810082866993,8.304064855828127,3.4979477624992383,112.9664471591945,9,1
3,2023-03-16,SNF,0.0,4.879676802245791,2.67616386837036,2.6716969859321704,11.9,5,1.7931200867733519,3.4241443226035932,3.9255753470415558,17.233313857722766,6.6605674437230515,1.2647502705410893,64.77114696354215,0,0
3,2023-03-17,SNF,1.0302932043263016,2.701079819281145,1.411786287536508,1.9774668864707574,8.3,4,3.033485261235934,2.2368961086620285,3.4016584280732203,14.712660208059756,1.0,9.765862119247661,41.43458268050346,1,0
3,2023-03-18,SNF,1.2790716605968442,4.951090588253227,4.159977135477984,2.493012085272326,15.0,5,3.416432001414939,1.938177635537802,6.402502696327624,15.09460812401867,10.0,7.679417878664108,116.88336443605822,2,0
3,2023-03-19,SNF,2.5453895238097957,1.7126740681163062,5.440837670338992,2.872533385926237,14.7,6,2.978560423094113,2.835553291607901,0.31497704241724644,16.6678561077941,5.22224258053593,3.0818739292294492,83.07863408221073,3,1
3,2023-03-20,SNF,4.136776536798379,2.200345026280621,5.4203989332605875,3.430664693689474,17.7,4,1.6111865271402108,2.3236644496853716,4.718880363604509,16.90744226223359,7.235249812321055,8.475560214117877,113.18224873174485,2,1
3,2023-03-21,SNF,0.7777880302138407,6.0,2.8710941060420927,5.5611738949627725,17.7,6,4.906607311340539,2.8218294664296315,2.56413761822047,17.989659998807205,7.9885411291376105,0.0,67.57652910971493,3,0
3,2023-03-22,SNF,4.910792604413021,6.0,3.553367226717671,5.874290953143596,23.7,5,3.28959048838579,1.9923726743477754,2.3713053315567145,14.50730308064808,8.352541883581145,4.964360712037182,120.0,3,1
3,2023-03-23,SNF,2.4144673790217457,6.0,0.0,3.825427656656118,14.3,4,2.445773347785542,1.6050529731863938,6.578055714176125,14.064971897291962,5.867207842336174,4.262922074995112,94.14560418523409,3,0
3,2023-03-24,SNF,1.6584233814955487,6.0,4.341660947557319,4.487962463951462,19.2,3,4.604568803080813,2.0331618288542916,5.919165196352327,18.283839479335818,6.272823151812503,5.597419066888009,87.38189673273033,3,0
3,2023-03-25,SNF,1.6843613218737121,3.505989720251682,1.5691392394325863,6.0,14.9,3,2.5522705063839974,3.5460357775796516,3.5031761035845985,17.24597203491688,10.0,3.134118946811007,93.46157189472997,3,0
3,2023-03-26,SNF,2.6802056254763134,3.4361795810189952,5.255980903144019,5.28396083297598,19.4,5,2.3939843944695323,0.692743278013992,1.4542672194018016,13.683491882957702,5.926385797816158,0.0,107.65088912207706,4,1
3,2023-03-27,SNF,1.8441328500602265,3.7299871646192924,4.271289391469997,1.3705599919268998,13.1,6,4.774166229694936,2.710026689522822,4.8524646635166775,10.637482767099723,6.314463493963359,0.0,81.93005456493745,0,0
3,2023-03-28,SNF,1.997097016345942,4.368686756202386,4.300884564879396,2.1319616040396983,14.9,4,3.043421414699978,3.351292526334256,4.253853671586045,15.382960800548354,5.495571648797332,3.727525142994287,80.19919819900308,7,0
3,2023-03-29,SNF,1.2028247338947824,5.820901760333989,4.798826376822198,0.0,13.8,4,3.576444973427124,2.289337787013399,5.984840225027521,11.824458329008598,8.547231065369893,0.0,107.23865605580187,2,0
3,2023-03-30,SNF,2.6907407620085637,2.4831409213255045,4.704405341497742,6.0,18.5,3,2.7717698386233574,0.9193914691924254,5.226704879493231,11.525064830268047,10.0,2.5212519084376597,88.3070037964636,7,1
3,2023-03-31,SNF,1.5079632416453974,4.296719117788112,5.000769640574689,2.606448608663734,15.6,2,4.7828610611466695,0.22725791501976844,7.246988886755635,16.78411040904284,4.22458728218491,2.6206082162278546,46.60718435007433,1,0
3,2023-04-01,SNF,0.14712894139421917,5.872760518760192,2.4487089154455073,2.851575798226845,13.2,5,4.489067835025504,1.292858986839402,3.2537692382797547,11.828146929149595,6.578119769295024,2.6794646435102702,90.07446974860092,3,0
3,2023-04-02,SNF,1.5203451514571575,3.218139857494632,4.846285483491705,3.720598743170161,15.5,4,3.945602248723845,3.030925336742075,4.507562564799196,14.754891360385525,7.681813959415418,3.1054818425665305,120.0,1,0
3,2023-04-03,SNF,3.7873259750347117,6.0,2.4330838910580384,6.0,21.3,7,3.503263895284724,2.086104109946999,4.909528694021171,16.156272257614923,7.571891385280454,0.0,83.3622588946275,9,0
3,2023-04-04,SNF,1.3227108417361353,3.5784787128006252,5.365978709121954,3.412636883462306,16.0,4,2.7251716462480746,4.175120366638782,4.93265931257444,14.408363236091812,6.773077814152638,2.875136021907048,55.89552490863612,3,0
3,2023-04-05,SNF,4.016976287896581,6.0,4.976115637452869,3.4863873440876176,21.6,3,2.369498771695904,1.4885267757655667,2.06053775021442,13.352454605001984,9.601768468869999,0.6779135951694384,100.21483960253886,0,1
3,2023-04-06,SNF,2.1412807061857766,5.0599347013682605,4.167964791950323,3.4663117336707208,17.3,5,2.843985740168874,1.51085205705968,4.180227708670298,14.406730312757873,8.55694402860248,0.0,85.05774765471031,3,1
3,2023-04-07,SNF,3.220494337093283,5.542368004569333,3.0947251136945444,2.9019319129976706,17.2,6,1.0648660884950423,2.5335381706356346,1.941182400820959,11.97638659846146,6.443824097106638,3.63118475080104,82.95968783868396,0,1
3,2023-04-08,SNF,2.1050571400144387,2.728055250660367,2.445917103741068,3.438452168877903,12.5,4,4.585634079495662,2.237184881136633,4.216195447962431,15.103237001767798,8.931874945319574,5.536781926409943,68.13081108647283,3,0
3,2023-04-09,SNF,1.668928750521268,5.509280197784893,3.947002345322512,6.0,20.0,6,3.9455078445651255,3.387978459461392,6.803397963464123,14.4748150381494,8.208718345878767,0.38365836840788203,77.85268505886164,0,0
3,2023-04-10,SNF,2.9271579896877364,6.0,3.259533664174818,3.191323360148153,17.9,4,1.729738221692224,0.21599868401896183,3.8146366640542304,12.779144389688502,8.919007585127876,8.957269834487533,93.70702384491018,1,1
3,2023-04-11,SNF,2.321772439899209,1.6949221743550322,2.5546492640472267,4.924229008727182,13.4,3,4.634481800767064,1.6409148728663923,3.739683189490329,16.826878396382444,4.799271841994706,0.0,89.36358654105419,5,0
3,2023-04-12,SNF,2.6374436891230415,6.0,4.837616105077883,3.8944022181844202,20.3,5,0.6217907073050939,2.291239171147188,1.5675848253437625,8.992675938017216,9.44435699255183,3.0773346974897087,74.53847073019227,5,1
3,2023-04-13,SNF,2.6974076020975826,4.014490278569346,3.376133929603305,0.89962143273118,12.8,5,4.76048696003076,1.4347361286117821,4.064289976119608,12.971417304286817,7.687602890564542,2.4951588307419486,111.70598041337703,2,0
3,2023-04-14,SNF,2.9302699930003793,6.0,3.532476710506039,5.6146550300575075,21.1,6,2.4308990723132364,1.866672913391844,1.5549834287022952,8.820416870600194,8.961672292858147,3.588192560021741,58.90386288762196,1,1
3,2023-04-15,SNF,2.959596307177402,6.0,0.020026449933659762,0.8178005828819062,11.4,5,1.2020113654662081,4.0862216273344725,5.15613599527649,11.023222975463158,8.468150991858085,5.778464210255062,120.0,0,0
3,2023-04-16,SNF,1.1028031700353487,6.0,2.281176522838447,4.471114910895707,16.2,2,3.055267742556472,2.2069786254952652,3.803177353571049,18.410802685500627,10.0,7.288913376288052,99.10437550223729,7,1
3,2023-04-17,SNF,5.319505167905017,1.5239512475463914,2.5576602063799454,4.1665529661622385,15.8,4,2.8663812944268106,1.6270143411374565,4.864960663258197,18.945322108486156,6.2807187560345055,1.952298914914257,101.99011232276074,0,0
3,2023-04-18,SNF,0.5549777496167376,3.387079647657875,4.196400095504374,2.6718615714307425,12.6,4,2.4418998126080105,2.9665772882751433,2.5538586026693673,13.817310373742119,6.7229065021082715,1.2503476868023,102.43565115346202,0,0
3,2023-04-19,SNF,5.962103321965904,2.560297693416402,4.265205197880272,3.5886820506257315,19.1,4,1.8195986600640799,3.592827150533678,6.056188741308272,18.41857317313235,7.547615063793492,0.06954381593475523,71.816471878941,0,0
3,2023-04-20,SNF,3.352544402284874,4.293918011914422,2.655111326123553,3.513356087290957,16.1,5,1.0740905046726972,1.9915677213614131,4.952871209516012,18.360615682261386,7.381916474629177,2.1582424087641177,58.16003294111551,4,0
3,2023-04-21,SNF,1.9385142595355895,3.9137411404077733,2.9705425902489075,0.0,10.3,6,3.5372957980507667,3.4849889334746713,3.7555517300964447,17.542851019938468,4.877515805938792,0.0,118.57826224900853,2,0
3,2023-04-22,SNF,2.31104190561101,6.0,5.316559036220365,3.4624128014082056,19.9,3,2.662556412272567,1.9383687056330228,4.068027826923009,13.539784358768685,5.8714828086198745,5.380325589555319,113.59092900549453,2,1
3,2023-04-23,SNF,1.5019845567022967,2.69308126555717,1.1929274362022901,1.9873034435507348,8.6,4,3.9193915474552483,2.4861482713666807,2.6107541599751305,17.08026115187361,3.4306550706421066,0.0,100.34128591979503,3,0
3,2023-04-24,SNF,1.7491113064793882,5.378744865375625,1.0766404962841163,0.0,9.6,4,2.758880526544832,2.3264020785968484,3.740166464938347,9.414661480649338,5.877631533347221,0.0,99.24729326919574,1,0
3,2023-04-25,SNF,3.773707829946918,2.036172636093462,5.871053033475404,2.996211808233128,17.1,5,3.9294759833908066,0.40773331524223855,3.6669369749335305,13.257004156737187,9.195254064895655,1.961368784559649,110.63879720474658,6,1
3,2023-04-26,SNF,3.0328679958621176,2.7423466492309654,3.631892325856727,2.834512930281521,14.3,3,2.7423038951194165,2.1011292270057913,5.40355580936262,11.346447215588928,7.9359600088874735,4.631385143835022,74.86152870339438,8,0
3,2023-04-27,SNF,3.5928285187554785,5.0257271974793545,2.7547354526284074,4.732201790227809,18.8,2,3.046129891362347,2.507692032591684,2.736142423077157,14.847765334420101,8.279697546544742,3.488622226774332,59.432975411879525,0,0
3,2023-04-28,SNF,1.5999799994335702,4.707941452090091,0.0,1.8391471806198834,9.5,7,1.995610483079342,1.8423796381824722,3.0230514695595296,14.594397411415407,5.758808475214277,4.4297364788779285,116.06321699957479,3,0
3,2023-04-29,SNF,1.2732014069872952,3.4471568958652874,4.141680984542309,1.6906160989314918,12.3,5,2.830311946799533,1.9549178540315892,3.606971516764049,16.589647183051976,3.2374159223751175,0.0,96.88241458239226,2,0
3,2023-04-30,SNF,3.487553365941842,3.4113484153472133,5.030259634926635,5.068370876317843,19.8,6,3.637099737010013,2.6921867229525986,6.62046232968294,19.08492989835171,8.061806532401397,0.9828078436287253,98.27723981508835,0,0
3,2023-05-01,SNF,2.3548507846357776,6.0,3.331875174532831,3.230165805132183,17.4,5,2.9190261501202137,2.4270194661460627,4.479292399470162,13.366249392403464,8.771468250275456,4.5889409371204355,84.87965129446037,6,0
3,2023-05-02,SNF,1.355787329263254,3.46023090898239,5.31163024439606,2.423822307223284,14.6,4,0.6808383922323848,2.068339541331433,4.781279147417656,17.166153822768827,9.532134274222745,6.136582704262286,40.68816651265095,0,0
3,2023-05-03,SNF,1.9533388569776955,6.0,4.08592171690979,6.0,21.0,6,1.0295610056084092,1.7338208161092232,1.6543566720704863,13.61057844560016,1.8754367338311666,5.284358047165048,79.96071085890635,0,1
3,2023-05-04,SNF,1.8692325157454521,3.834821196612353,1.2391833059929835,0.2633309498369951,8.4,6,0.8829733139804535,1.9571057514025239,5.4710276565217395,8.216175393398359,5.612988940300517,6.258201316328449,113.68254529223162,3,0
3,2023-05-05,SNF,0.8157551323652958,4.541483707747339,1.5594265634360416,0.5012857246966274,8.7,6,4.202758956722111,2.33835908258765,3.364405620608704,13.183928231098912,9.513680834261788,0.0,67.31824835959691,4,0
3,2023-05-06,SNF,2.246098690235008,2.3891278757954244,2.6184002100062256,1.5256943209607523,10.2,5,2.751461830807709,1.975929801134663,3.3493709509392633,13.690893397205754,10.0,0.5151934987380007,94.99544803930672,0,0
3,2023-05-07,SNF,3.2478130219579744,2.3524171247569754,4.5665305459410455,4.558653332301511,17.2,2,2.390383447274736,2.0489596758052735,4.10724806108006,15.688838783355578,9.465672023168944,6.339945510019325,75.82181607166763,9,0
3,2023-05-08,SNF,0.5725957080038495,6.0,3.5788738650244536,1.2769812980239281,13.3,4,3.5063572244325516,2.6559587118694514,3.5950280690037175,11.229816543673573,5.790130462858317,0.0,71.23869320662675,2,0
3,2023-05-09,SNF,1.7561177284217846,5.147014326298864,5.871053033475404,2.8438291645390654,18.2,4,3.711469769977736,3.25669893722403,5.787237828229829,10.709486005959898,9.365774942645274,0.0,79.1390333110587,7,0
3,2023-05-10,SNF,5.002823062753528,6.0,3.4995524645923908,6.0,23.9,7,2.5065822331613634,1.5099242626079346,2.2744547242956443,2.7629980710884974,4.09975007905502,4.235677369264532,118.27100836523368,6,1
3,2023-05-11,SNF,2.4331884314897927,3.4191124672457938,1.6400790821004598,2.9652258803108897,12.2,5,1.0858275286064596,2.7401132646174595,2.7924521361103474,17.032372417461225,7.384525101441515,5.425296820699019,93.05189063115157,3,0
3,2023-05-12,SNF,1.434197924786133,5.154624188024748,3.0158729967409257,4.945657298306085,17.0,6,2.392957960778821,1.7146617973285592,2.1394642269999435,16.073988688626994,7.987322814020276,2.688747137819108,115.02247249102125,4,1
3,2023-05-13,SNF,3.2536208083843223,5.546940974164046,4.957959299001288,5.658850360185065,22.7,3,2.20006331145175,1.717451097617903,2.652892193056073,10.68656593294137,8.205570293679145,3.096228980175456,113.85274985889872,2,1
3,2023-05-14,SNF,1.1714750768812905,6.0,1.840591728671065,2.7222121802441617,13.7,4,2.522728956208453,3.883045602554671,3.640281270744697,14.38635334380431,3.990291685816837,0.43496476091138714,59.477884982421976,4,0
3,2023-05-15,SNF,2.3768923732693157,3.1347547457612026,3.8425040640630135,3.8195369447681746,15.4,5,3.425649337480625,1.7196042098488271,5.479112200324127,18.58923744603832,6.164804552928235,0.0,68.3108111902223,5,0
3,2023-05-16,SNF,2.2228971442284196,6.0,2.916562842488674,0.7337676428319575,13.9,1,3.759270366088436,2.7057884815560818,3.7896052164396323,13.294388281580543,10.0,1.1776887046388065,81.99274096909713,8,0
3,2023-05-17,SNF,1.388851479770857,6.0,3.0482056380875604,1.7958512138370077,14.3,2,2.512251907461809,3.268913398493473,5.92480059155865,16.964044099015982,10.0,7.900686164487679,39.89366697980949,3,0
3,2023-05-18,SNF,1.3893340078531522,5.387773522817491,4.101741419132959,2.300342137268073,15.4,5,2.9331562391779595,2.2762185434867512,4.820124003988958,10.360043424512853,10.0,2.3292969894429927,92.36428262527437,1,0
3,2023-05-19,SNF,0.0,5.349731350052309,0.06968716357851568,5.17261020383663,12.4,6,2.6164635706172596,2.3054710313152493,3.9333711229009776,13.45213251809418,5.790440382884583,0.023294628233422543,92.27044494305979,1,0
3,2023-05-20,SNF,1.4003940511008637,4.388233323718351,2.0417574361407906,6.0,16.1,4,1.587078501279325,4.126648132712766,1.8181709945730995,8.457319666973298,4.9939840023463224,0.0,69.08089805803343,3,0
3,2023-05-21,SNF,3.1813878155240736,4.1289042088134025,2.1005373866417485,0.4941080742059492,11.6,6,4.314748305422917,4.117721089870372,3.660504187105587,12.199131018463913,4.91644993029232,8.924065590701055,103.04889699183288,3,0
3,2023-05-22,SNF,3.103970257517284,6.0,0.3902188062083852,4.743508630949911,16.6,3,4.174092414799185,3.622231035860806,3.0783210284622418,8.77506472096099,6.392648691197179,0.7082736902373137,94.10863072346245,5,0
3,2023-05-23,SNF,3.6629231175972192,5.830463901176737,3.2907753262095105,1.8541520524569788,17.1,5,1.523131856698181,2.710739027238127,4.993037566083837,10.583670373621418,7.620679070170805,0.9983271266588871,110.69693579002421,0,1
3,2023-05-24,SNF,4.792063904635134,3.4697585347185838,2.804665279578952,4.720130874668947,18.4,5,0.6045585826437839,0.06939947204497554,4.377457603101177,18.47472737724542,5.714221836066921,2.6323712380409123,98.17263741004717,0,1
3,2023-05-25,SNF,2.8233197741238056,3.782108000311854,0.0,0.0,7.7,3,3.4676327656998516,2.8655748507702805,3.295314439342137,17.839356737605478,6.062025876022122,0.7351124762865848,91.72604541351689,2,0
3,2023-05-26,SNF,4.570806070904805,4.0264587598846955,3.6248957756918823,4.041121217180141,19.0,5,0.1543377261054535,3.6737496409565313,3.1590571438486332,13.84294851526395,6.585618204437935,1.35470491585483,102.45142901362242,2,1
3,2023-05-27,SNF,3.375675393510681,4.816816977479249,4.205715403577107,3.5418797854314,18.6,7,0.331278385905156,1.4985526674604812,3.993800946629155,10.743641683633754,6.793650793449302,4.451949456643067,108.46193455951313,3,1
3,2023-05-28,SNF,1.5655703874250844,2.410083236353519,1.8205204168148268,3.8314415124122654,11.2,7,4.48343437606871,3.533411258843633,5.133997850828819,16.233710670803028,6.359649960355543,3.8028707521449094,67.51637287612407,3,0
3,2023-05-29,SNF,3.6296354343684682,6.0,3.066702267269104,2.324153669209769,17.5,5,2.3997927995243717,1.554062280146588,4.313087401264881,13.729404431529769,7.355444677735285,4.716140890392731,76.07001285113087,3,0
3,2023-05-30,SNF,0.9621691677205904,5.21465236500433,2.4950787290109915,2.4972091333251076,13.0,5,3.2323118649661695,2.3903975815538754,4.781629728496766,15.68434077425269,8.497643307456144,4.894157943234346,66.96261132324663,2,0
3,2023-05-31,SNF,1.6732659769754448,5.550971529384559,3.3088613064390318,4.81570636706574,17.9,4,3.163099699817653,3.11200971656673,3.1324317033056888,12.39199372064493,4.37320774340398,0.0,96.14994607013139,3,1
3,2023-06-01,SNF,2.7026911376282947,5.1810820564402675,3.150282076348428,0.8569169914775556,13.9,2,3.855160263580403,2.553753840721528,4.303439395510264,12.24798258058785,9.4504720200022,1.437790279977724,63.00612535676583,2,0
3,2023-06-02,SNF,1.2092874430113758,4.224832566191658,3.70305477102022,0.6252707286123269,11.4,6,3.7631681519861093,1.6291678322229506,1.4766715400068762,17.43025233518084,6.941907285629623,5.051664743533177,101.67028032448876,2,1
3,2023-06-03,SNF,1.895476498876376,5.360952329864297,2.3887690586805896,1.4326286108141137,12.9,3,3.3468321931207425,2.165337095362943,4.449711549635408,11.938871950711306,4.087845596503239,5.209972317201478,77.18369397646289,1,0
3,2023-06-04,SNF,3.267376606006175,6.0,3.4472804295568436,5.502060594252223,21.3,3,0.8400110669181444,2.072199588053529,4.131600671583475,17.769351634337028,7.221964472094793,0.0,109.33928787040357,6,1
3,2023-06-05,SNF,1.2369083065652815,3.942706611617268,5.871053033475404,5.536482827628939,19.4,7,2.6423273934414597,1.1514740493599374,4.6955215130994805,13.164277894192919,8.342063770676766,0.0,62.89056525733292,2,0
3,2023-06-06,SNF,0.6501058307408107,6.0,4.038830269512209,5.269829506936434,18.6,1,3.822256813506828,1.0077788173836209,4.12875921230248,14.327120116313761,3.7572803718765955,2.1778733759401407,85.62999956909586,2,1
3,2023-06-07,SNF,1.8745439957096812,2.279302694874972,3.6201792888734357,2.989198136318969,12.6,3,1.627697451912734,2.4362232365464522,5.721281034299743,17.59414891671883,5.445570997729615,2.308536512545786,111.68807441288912,2,0
3,2023-06-08,SNF,1.9714109814246081,3.9553414701442926,4.667920187702658,2.1373877715471097,14.9,4,4.138927434594945,3.8304110370414985,7.084234860202237,19.120511594223377,9.356018078030711,1.8029108493915667,78.67373001363582,3,0
3,2023-06-09,SNF,2.2799034388331494,3.5220224081190814,4.2262644237787415,4.299441580009317,16.7,6,2.224355886975761,2.260069069993845,4.304565606385401,10.334842158514597,10.0,0.0,71.79987872266891,5,0
3,2023-06-10,SNF,2.439711607056035,4.442028000304168,0.9726777684447083,3.2141592029414885,12.9,6,3.841769239336618,3.1804856454673263,5.977119531530165,13.90402607430066,6.374858269189146,2.0699803709582434,100.2109352411037,2,0
3,2023-06-11,SNF,1.0454386509427902,5.01181757472429,3.0272164144630382,1.9896666595625292,12.9,7,2.282572707962707,2.144309738253045,3.4825070886722536,10.825966287840574,8.060920902540971,0.0,57.16741988764577,3,0
3,2023-06-12,SNF,3.047020361315646,5.165219306651293,0.013042745348859519,2.8454865996440417,12.9,2,1.9608157191697986,1.7697955490180504,3.9814493414478966,15.890623483016164,8.291948009655481,3.5335615174240167,89.38781425143398,4,0
3,2023-06-13,SNF,3.0956111814509195,6.0,3.8953435408100465,4.110429410378308,20.0,5,3.69138811706058,0.8516479245331318,4.83288366425927,11.155243103206343,8.37875646662984,3.479745533513636,97.22026726044474,1,1
3,2023-06-14,SNF,1.7680071939970208,3.5873978588904687,3.004986005862638,4.821802747302181,15.4,5,2.284620682249166,2.8389437919227807,3.79883693683467,13.927021263077128,8.615617986440212,0.3190609533125879,48.713616106883684,3,0
3,2023-06-15,SNF,3.8923341996033676,4.825789918620902,3.6869419024714047,4.765054303342634,20.0,3,3.4324749514285866,0.847894830811606,6.249609383375697,15.744739921548677,4.208835735289353,1.3201268838708968,103.33647447259672,1,1
3,2023-06-16,SNF,1.8924457661179814,4.70420778204118,3.4608758949497114,5.676491590050688,18.4,5,2.73617287424923,2.938660932381328,1.3133331122286072,15.262110365578858,4.350719522203102,3.300462839112948,62.75918315021377,2,0
3,2023-06-17,SNF,2.743014847349676,5.990597857531802,2.159898905322559,4.629954909314897,18.1,5,2.95477760605634,2.3805871832892582,1.4003124268145577,16.173193540146045,9.65811479892759,2.9703593745255703,83.58807765461736,5,1
3,2023-06-18,SNF,1.3453041909231165,6.0,0.6584609703469326,5.38808334831126,15.6,3,2.1800373082775546,2.5096440177755843,5.919693541322662,12.918581021487126,6.772543972176444,3.233550789307676,80.658113214852,1,0
3,2023-06-19,SNF,3.6741863876835863,3.553678191671306,1.5086288066707354,0.46726555210992743,10.7,4,2.856231632198236,1.8160995724481275,1.6611551529675745,17.221846677988296,4.057036476750701,3.6488894773647127,34.109423812497056,0,0
3,2023-06-20,SNF,1.4223840480004921,0.0,1.782320029736594,6.0,10.7,4,3.622258348554681,4.170468039113926,4.027938593349506,14.84572457807324,7.476882466559531,0.31321612933673304,67.69869816101377,2,0
3,2023-06-21,SNF,4.047903403287799,2.7014640433238317,5.7354155435236365,3.201968837927879,18.3,3,4.7238484565940135,0.644587248028301,5.161463697728983,18.052450035244,9.94412478784342,0.0,69.94556380166124,6,0
3,2023-06-22,SNF,0.0,6.0,1.6356231618099994,0.7604214239520737,9.8,5,2.8767161258686764,1.2160600128333527,3.2364172191277634,10.198279052377973,5.068479545954091,0.0,107.25403916411896,5,0
3,2023-06-23,SNF,1.8718838924837713,3.569465498874184,1.665811800760368,2.775982402756858,11.5,4,2.690955872313638,0.020002795259382866,4.199341141879808,17.96636620695308,7.198638948521427,3.5922309511043578,89.86697751589176,2,0
3,2023-06-24,SNF,2.6854082314878704,4.055900658640325,1.8741543960139877,2.2134030013524453,12.6,4,3.301259183545446,2.562584316581839,3.0300044979255856,16.686891252015947,8.512318708883683,0.0,91.36759775639149,4,0
3,2023-06-25,SNF,1.2708272607940654,5.26992898580856,2.814236037332403,0.19780225855234634,11.1,4,2.4912025744822124,2.593246454282682,4.359117589730142,16.050695836339884,5.721564601561951,4.170786467782005,69.99216122125603,4,0
3,2023-06-26,SNF,1.723123755062599,4.498931917372818,1.1305821011834176,0.0,8.6,3,2.5177791073043223,2.298252642721219,2.1973510766563904,16.337562462374937,5.100982230730203,5.077274591004416,80.23251047939883,0,0
3,2023-06-27,SNF,3.591084135604043,5.694633713282763,2.248323521571993,0.7978889480932201,14.4,6,4.228583028673785,1.3255676690540341,6.908272037106398,18.202018224586165,5.4371163654357675,0.0,107.56982822250765,7,0
3,2023-06-28,SNF,2.178320376342221,5.616751378886434,2.430119504469404,4.007074859872184,16.6,3,2.625387264960484,2.3133515960554534,2.1011167637660457,11.13094262887816,7.640815566211261,3.578470032023003,94.22456407360667,4,1
3,2023-06-29,SNF,1.020802219817988,4.770778557640625,3.3059471734860733,4.705795133923958,16.1,5,3.164479075041085,3.9961317216304124,6.111870948338531,14.440800417458272,5.31120546169665,0.0,59.61671527375099,7,0
3,2023-06-30,SNF,1.049223578619403,2.9936535065342653,3.586296079921761,4.94429039222717,14.7,1,2.372814378581331,1.6911899373099994,4.889513311919021,7.970987553139053,4.433050488830977,4.482639984737291,113.4637965882244,3,1
3,2023-07-01,SNF,3.0118413653202785,4.014775061623172,4.20484177643153,0.7921882797493331,14.0,6,3.7615560624537077,3.031981300631535,4.385714574676718,18.171471417768963,3.8339696789581126,10.0,82.35080668868612,2,0
3,2023-07-02,SNF,2.7308732047301914,4.338128986901319,2.9017793502947185,2.6481469823280523,14.7,3,2.222156156955142,2.0776417272492753,4.273589795365598,14.73166690415347,10.0,0.35200285923704566,69.53865687338357,3,0
3,2023-07-03,SNF,2.7966870145944602,6.0,2.4677718002536304,3.0738809311530315,16.7,7,2.609063363322231,1.9800510724942595,4.812837994437232,12.610669395300862,5.12728250601176,0.0,116.0114676285427,4,1
3,2023-07-04,SNF,1.0721416715095886,6.0,2.776383489634157,0.0,11.5,4,3.521641678363544,2.188884449201473,3.5813839723086183,16.55442027698765,7.059518543107647,0.729943496540006,107.28223372731038,0,0
3,2023-07-05,SNF,3.0956444312012303,3.335265759894517,5.285897515642658,1.365260700782577,15.3,4,2.9710153727323627,1.9354763465171854,4.606000481534631,17.55826118244197,9.177701264061412,5.834618698857007,108.84812915329744,4,0
3,2023-07-06,SNF,1.0970591723932928,2.0931224403782274,2.701574764766409,5.306032039747505,13.1,5,4.994202861651328,1.1946325035295777,5.0893743865255106,15.896574761315481,5.911798831965282,0.0,97.2725211528317,8,0
3,2023-07-07,SNF,1.4487261441650687,1.1447361452524654,1.859508426897144,1.3441965177238209,6.8,6,4.75209527604547,2.410760428874866,4.372851452248683,13.202737492639185,9.727435951183516,1.5469461677044465,88.87604254077573,0,0
3,2023-07-08,SNF,0.0,6.0,3.616186403225975,4.0449145240534925,15.9,6,3.7837761496473976,2.5145627879621597,4.349011084113533,14.71200939865749,4.895454451017358,4.001490512456619,54.801173428071685,2,0
3,2023-07-09,SNF,0.8633787142903285,3.2383177580807256,3.334742786836789,5.344511034510006,14.9,5,3.6401041927753055,1.493684227937031,5.707860283776084,15.766630851580164,8.284725876363451,5.259569003850046,72.64670054311266,4,0
3,2023-07-10,SNF,0.9697765216207033,6.0,0.0,5.986080154608468,15.1,7,3.1220040799968785,2.2937091022798692,4.42202411195352,10.468119497070404,10.0,0.0,103.26663984142183,5,0
3,2023-07-11,SNF,1.2706742969764973,4.34889064607136,4.603823834908467,2.7358791575924286,15.1,5,1.3687884364992715,0.5258594111335468,2.662010466610636,13.203270808171439,7.156719071242234,5.387318062828503,100.7133135577611,8,1
3,2023-07-12,SNF,2.3315751820577373,6.0,1.851341721745803,3.859357434959249,16.4,5,1.5428045676714026,2.419992088455531,5.6554596365124254,14.203255727596543,8.274828606428159,3.2939095427986245,42.77546874999025,4,0
3,2023-07-13,SNF,4.614517492357818,5.73950624992232,5.322957466167698,5.0136849619275,24.1,6,1.5849475973703726,0.9173955385186918,2.5917012984514978,15.913415531869523,8.533664668222153,0.0,51.65965402540172,2,1
3,2023-07-14,SNF,4.302983917654537,3.9040052725141474,3.6567429905043043,1.5547595040904654,15.7,4,2.753121495387436,2.842704406902283,5.437004770552783,15.802171102806957,9.574510598953985,0.0,89.6770031546986,0,0
3,2023-07-15,SNF,2.5458098727067373,4.7089156085687645,1.8853736298763233,6.0,17.7,5,3.693425415781448,1.5916534147444537,3.4434754876524014,17.971232957578763,7.087229847884774,3.3821621929835497,101.14423632523143,2,1
3,2023-07-16,SNF,2.624501400614517,5.584678611615263,4.322060583183459,1.0998677793161202,15.9,6,2.803289011328278,2.3740904190709444,1.4935802039844526,10.951002530777078,10.0,0.37742448986486554,90.83508177609188,3,1
3,2023-07-17,SNF,2.7927109277472266,5.586772051940008,3.558537817774678,3.69845504549266,18.2,5,3.3803293341968947,2.565349124401514,8.188392821260216,16.508930116468203,6.0576235520335935,0.0,57.1063838785253,2,0
3,2023-07-18,SNF,2.728398320998278,3.7946191837212986,1.6652061888166672,3.0362177020917267,13.1,4,2.9495080510185794,3.989380549114192,6.070773624945372,14.94453813960907,5.194117255166301,1.2796976845172061,88.6928446750269,5,0
3,2023-07-19,SNF,1.3696645159312253,4.550603815890267,0.42576528135321867,3.5132035839305544,11.5,4,0.09879561694944239,2.366696908169683,4.512882031399443,16.935545346656685,5.501339587855787,0.0,105.74605414904599,7,1
3,2023-07-20,SNF,3.1684880245370737,5.527365952192274,4.155554762148506,5.919214546732244,21.9,4,3.963033487995102,1.508505785854457,3.2440535198202904,13.410105875439559,9.048067545492817,3.289705529949457,99.94237510441346,4,1
3,2023-07-21,SNF,3.284891527786975,5.4592802073220295,2.5413540334129694,0.9937885640343267,14.3,4,3.4418853462229952,3.301699348148651,2.004525493817891,7.843584390646479,5.666640401215169,3.549809785996552,69.5343880497634,4,0
3,2023-07-22,SNF,0.411371342158388,6.0,0.0,2.2323002542420394,10.1,6,2.2142492582854993,2.5880447336434327,4.101574780937862,7.233609640960085,6.49148642706846,3.9579440159108685,75.6680143450781,1,0
3,2023-07-23,SNF,0.9861436312234608,6.0,4.563878126343388,3.4549362226002587,17.5,6,3.3960895365719934,2.8778307149274998,3.924470361270406,17.448500082986858,9.994464722768338,0.3385261772728949,78.65672182747443,2,0
3,2023-07-24,SNF,1.5523546896782134,0.6222104241828332,0.4400501586405643,1.8261239341597717,5.2,3,6.068759600738938,2.4832665615994514,3.8581090361990857,18.225845977837352,8.101851940741971,1.579388003768098,115.5448950057846,4,0
3,2023-07-25,SNF,4.847328316057162,5.858033318442494,1.8753135363676492,0.7258350138985281,15.5,5,1.9923655718384614,2.08040333656907,4.232111989647489,15.132206260414598,7.440889206633066,3.435393953758058,79.42807121606957,1,0
3,2023-07-26,SNF,1.2354985505573675,5.848644023961883,5.415054721584119,5.110494899437524,20.5,3,4.163396084187967,2.391031745423298,1.4778722459470197,16.17943298416175,5.449483898898441,6.51874499980767,94.28588095939341,6,1
3,2023-07-27,SNF,4.210102031073696,5.42054075602746,2.9307054486673922,5.510497229407983,21.1,5,2.1278840292802577,1.7547880832962286,6.894683216618639,17.314419028808828,10.0,7.3905892510187154,96.7820888161345,6,1
3,2023-07-28,SNF,3.366183067806218,2.6993796073241336,4.103482245263927,3.1698059287375058,15.6,6,1.9078218577807127,2.3584246631321193,6.293614005066561,9.195431458739279,6.6259712868778555,0.0,93.4036936550274,2,0
3,2023-07-29,SNF,1.491718154775653,1.285961303266843,3.26185206426896,1.2101229935081266,8.5,2,2.9700756663995804,2.5047889676537354,4.7223783863454525,8.62738118016991,10.0,1.9310901703514767,94.88780819545435,3,0
3,2023-07-30,SNF,2.2046675148928196,4.5377830176496055,1.2835408698829993,5.136816063206874,15.4,5,3.409388038632372,2.3747636800002154,2.3237405816229857,7.999318202474747,4.752699537255563,3.015012273400062,104.06687792016582,3,1
3,2023-07-31,SNF,1.7807775260511947,5.981600979587832,2.36673749381555,3.8978210934470816,16.4,7,2.7546060495702362,1.8338569872629247,4.8674031170671705,10.810179605594577,1.709288931864335,6.33974080161518,85.44506534019744,5,0
3,2023-08-01,SNF,3.7445817384397913,4.608017318008534,2.7570009877678925,4.613810905185519,18.3,6,3.775443781504888,1.1163614481766653,4.140474395651381,10.533797629783733,8.656603883460306,0.0,85.19878126474654,3,0
3,2023-08-02,SNF,3.836041364723737,4.0420396358762805,3.208810357849742,2.905035493131402,16.3,2,2.7727747181731277,1.5684173393590228,4.219561770255455,13.52963819760035,7.322109078794367,3.6149640344228473,108.97675563970401,5,1
3,2023-08-03,SNF,3.7195919204635537,6.0,3.1031250766354903,1.536133183196511,16.8,5,1.6278843013717315,1.5702521628516402,4.010615336679182,16.85844822223803,8.205588770605871,4.275946468954604,50.71093735162517,6,0
3,2023-08-04,SNF,3.968851531321773,0.8265603087862545,4.855430143999442,5.821236616964713,18.1,5,4.8047332242419785,2.385338296356476,6.552708247730201,17.289681586368527,8.192658259323697,8.659126612946025,39.918457534400176,4,0
3,2023-08-05,SNF,1.7638662846277382,6.0,4.272479681451831,2.7032840621448213,17.2,4,2.4968287834762655,2.099401229461759,2.2841860429663368,13.263418624486569,9.554786924279565,7.114800672507398,98.1301918599021,1,1
3,2023-08-06,SNF,1.313114707730047,2.1554848342330843,2.382578489319342,2.4328959812531847,9.7,7,3.1260486790582855,2.2136969041579677,4.144372812104512,13.926161888560953,6.257306465985229,3.3121993532307306,63.63945099708138,4,0
3,2023-08-07,SNF,0.004963310105403407,2.632198599141791,0.7472012037987994,0.6937300452298676,4.8,6,2.160814654473655,3.072309467996945,3.8299624605090434,5.574845492477265,4.924170087189601,2.7451027148683638,76.77140050365415,2,0
3,2023-08-08,SNF,5.5089446383190515,5.728729275935941,5.566731982344923,6.0,26.6,4,3.1363192711768977,2.076326563885248,4.212100917323149,15.43334750147664,9.088603765300402,6.433805589115298,89.68255303036156,4,1
3,2023-08-09,SNF,4.20520325692749,6.0,3.5918711027249866,5.153924822482698,22.1,5,5.4274516589752695,2.1729767670057325,4.345897692411605,17.64602996497987,7.538266011649619,7.25883732547195,71.20247963641171,4,0
3,2023-08-10,SNF,1.2108293526411504,4.4007309215105,1.8176713280191432,4.560025652555417,14.0,4,3.5119682351312256,2.5936076343308447,5.56538081598037,16.245838557683403,4.605866018811962,1.1842583743949195,100.23574887010281,7,0
3,2023-08-11,SNF,0.0,0.0,2.3568111185696674,3.832134851633414,7.2,5,2.6629837602468336,3.5648193134525843,4.366853428126407,14.866776649920965,8.796870301800464,2.514018169566664,120.0,1,0
3,2023-08-12,SNF,2.8502959464885858,5.025755661489799,4.0801933450650765,3.7184302705236014,18.3,5,3.4205622873232153,3.460701955750137,2.627193353879052,16.786272470788496,9.12135641109821,4.4767084871746405,98.3926922762206,5,1
3,2023-08-13,SNF,3.361010294655618,6.0,3.824003618161358,0.0,15.4,5,1.9679053755386007,1.8991604412573864,5.340603461819779,16.288533996674666,8.924062334877359,2.1572347674243186,63.40300613810896,3,0
3,2023-08-14,SNF,0.47243682518088503,3.1581102784040382,0.0,1.7857667421485621,6.3,6,4.56051778820884,1.9064493962081863,5.711665210940983,12.723859707688824,8.434296777329857,0.0,47.574684313062214,1,0
3,2023-08-15,SNF,3.259968276851831,6.0,1.765298939486644,0.18473448231096556,13.1,5,2.214527721420059,2.864004832364434,4.374341769222844,13.252131574001625,4.552058587710559,3.5598161344698838,120.0,3,0
3,2023-08-16,SNF,1.3849173694193193,3.9001798876914835,3.5406485091452926,6.0,17.3,6,3.098434739315594,0.7033947220735912,4.620345228243554,17.057093485590784,8.491925686389633,0.0,120.0,1,1
3,2023-08-17,SNF,1.99822555112196,5.267177055614143,2.2626170072992693,1.6695694253255553,13.1,5,3.2437728955559857,1.7871746962845527,3.897617878328339,11.081634891768262,9.434396836853168,6.983065370202633,67.05021319937326,2,0
3,2023-08-18,SNF,0.37611088189758846,6.0,1.2766311122330876,3.870077211400326,13.4,3,3.0848773570867722,0.9744297908876153,5.1682432933816225,14.240918771773227,6.4282188564987095,0.0,79.08366305478911,5,0
3,2023-08-19,SNF,1.3780299365714925,5.65097492041834,3.4184274700416184,0.7605827027501948,13.1,4,0.3608047438100055,0.0,3.913732375230306,15.021162629195567,2.236686443480901,2.031446207596749,83.28237429414546,1,1
3,2023-08-20,SNF,2.899194999037269,4.62135692201855,1.480877601830011,4.771108733049875,16.1,4,1.8854239279254588,1.9999960041770628,3.1314677397386084,17.85167352383868,5.51320585490962,5.540953602408209,105.89626901735787,1,1
3,2023-08-21,SNF,4.71076150050589,6.0,1.4356931174764516,1.9357455870598752,16.4,4,1.0015342748013374,3.566562741784449,4.1405551204881,9.973998034287268,7.349616234054723,4.620495185190332,86.12550604295431,2,0
3,2023-08-22,SNF,3.1863593950790916,1.3592447862023955,4.0430190709736875,0.0,10.0,4,4.46334536378037,2.6686994677591835,6.2863422204530375,9.314249513767644,4.3952584188001325,2.948060416131472,73.03635438476024,5,0
3,2023-08-23,SNF,1.5336796265120172,5.123304268665811,2.9469958506738587,6.0,18.2,6,2.372488634685043,1.6565865707250425,5.61950355088934,16.511381147752658,6.351052487733065,0.0,52.796350122785825,5,0
3,2023-08-24,SNF,2.183413682059329,3.1330848637412454,4.981462460569414,3.0191701264677846,15.5,3,2.8063266762695154,2.1371959368235967,4.163629164450783,16.456575471966854,4.019523549285582,8.717864907539536,93.73084606699734,2,0
3,2023-08-25,SNF,1.3003907737771183,1.7480238743073158,1.1934578443442923,5.305991021099967,11.1,6,3.1130615976610967,3.1751344788790887,3.078262073439774,7.2737282143238575,8.14764891319917,0.0,96.50662901682941,1,0
3,2023-08-26,SNF,1.0239586269935614,2.9638590072890993,2.217095499054335,6.0,14.2,5,5.335349638815126,2.2522081536180667,4.380688308745622,15.855987165738988,10.0,0.0,38.85653190350237,4,0
3,2023-08-27,SNF,1.040540274964317,6.0,2.8299370571370974,0.7836819118678773,12.4,4,1.3336894736518414,3.0068891004567626,5.942031774444271,15.025846503713945,6.645419005830839,3.266156066864341,91.73472037737926,6,0
3,2023-08-28,SNF,1.8809491976809372,4.496754396831638,1.2006127883937745,4.636850600773051,14.3,4,4.483326915354187,2.1422012593664226,1.8427521046268882,11.046100533851169,8.67230597897337,0.0,74.56867440225041,3,0
3,2023-08-29,SNF,0.0,2.3149387097073735,5.213197635354152,4.145755073705509,13.6,5,3.191185284198764,1.3730676452134682,4.154079679581119,14.294142133119362,10.0,2.3428012455284026,35.19637909400359,0,0
3,2023-08-30,SNF,4.072663801497184,4.515624491883495,0.7118284340074394,3.6617844193893907,15.1,4,0.873998251444764,1.2130312857425538,5.679287934806398,18.28797582002142,4.449907560415263,1.8627189173966046,82.71215747903456,4,0
3,2023-08-31,SNF,2.6073393097766426,5.0237871901079485,2.2503451576278173,5.1056460396133705,17.5,1,2.463156906792163,2.5319942510165676,5.421341447531194,13.209462446492884,6.668024583874246,0.629147462529426,72.60700992555815,6,0
3,2023-09-01,SNF,2.4055190162547833,4.273346450232968,3.773295076516714,4.81125018224255,17.8,6,1.878099994843173,0.05356026278199688,4.366463559222549,9.687706696554207,7.187141141975242,2.508066563191939,61.8393437205467,4,1
3,2023-09-02,SNF,1.4439344752763112,3.645631664028111,2.444417063899851,0.0,8.8,2,1.9883878235090986,2.8356211592268714,6.334007599439014,14.136384262183853,9.025587009699256,3.545853244153264,103.70404831550968,0,0
3,2023-09-03,SNF,5.214041671812217,3.594927135210063,2.0497048873300048,4.4500442468384644,17.9,5,3.6114894268388857,3.1913386166354725,2.9982583652753707,16.512912019717817,6.193601328252949,3.90056262350273,82.89653620480604,7,0
3,2023-09-04,SNF,1.436222050430368,0.0,2.126632402485758,2.5467065732242693,7.1,5,2.6521474207846913,1.225156706593031,6.457715136324046,15.826543295418775,7.977301900742489,1.0432867862512896,50.99212230543657,2,0
3,2023-09-05,SNF,2.2988955487927534,0.11973045929875381,2.072388825751991,4.205358782627541,10.1,6,2.190699298991234,1.4111081661222222,6.9954247562793626,9.970144552748803,5.844092362381071,2.328039979796003,70.34731243970978,6,0
3,2023-09-06,SNF,3.802022490449887,4.804626244160823,2.4335532471917802,4.147661999016158,17.7,2,2.949069065742186,1.6311926253622389,6.03850788263694,5.991765360357273,10.0,1.6147338229051855,91.5458300818444,0,0
3,2023-09-07,SNF,3.343244267763692,5.286713751031115,5.466894479594277,1.9633066497653031,18.7,5,2.9158341276176145,0.9406586153849066,5.417734374835067,17.26900975083723,4.6815217072291535,3.332434773815123,100.48256547183685,2,1
3,2023-09-08,SNF,3.8760357424327103,4.939563239680595,3.7588900717349647,4.461004285046693,19.9,4,3.4392148909301294,2.2380177019283565,4.4879467058188816,8.421106265608207,7.889082587824157,0.6160466753097573,80.4088611017814,3,0
3,2023-09-09,SNF,1.8932674416443742,4.1019244262117285,0.0,1.6368888804992916,8.9,3,2.7220526754772916,2.6197267532613853,5.613076044758141,11.46043070133422,6.048283798836408,5.949186623499482,60.21910359054509,4,0
3,2023-09-10,SNF,4.273374104605899,4.939245755885885,0.535114803219058,5.698319679231677,18.0,6,0.943131571216425,2.23203299485775,3.121406523944956,7.665733868464286,5.5997318927643445,5.1305544570493815,60.93711340677793,3,0
3,2023-09-11,SNF,2.553504583154931,6.0,1.6211984707876737,5.855729650198149,18.7,5,3.0583610553522247,2.7937159566378904,3.6162958845392366,11.451727645441208,6.038731411829783,2.247598200015924,100.15235911446861,6,1
3,2023-09-12,SNF,2.5477750542442825,3.435482980641214,4.419806986125277,4.466130940747065,17.3,1,2.7979846258255936,2.275771861180677,2.743207301695241,18.44026941317838,7.332237318295723,3.4961737766884218,76.79570549240846,0,0
3,2023-09-13,SNF,2.285277033258242,2.797108337042447,2.2782103322799223,1.428667233537884,10.3,5,3.1833129502029074,2.3571686749775846,4.7012727989788345,15.721770089657326,1.6508738434145065,4.131230831860632,99.7600723006457,0,0
3,2023-09-14,SNF,0.9654753018458375,2.558235246239464,2.0110712073223596,1.7932474820781146,8.5,5,3.938062060017989,2.157337974494716,3.567644871106509,18.044166666002923,9.339660678324417,1.513241901040122,96.03124661955628,4,0
3,2023-09-15,SNF,2.8748406639937842,4.391597586188304,1.041142381953438,0.5423924339016074,10.3,5,2.2570762784328,3.197034143807434,4.1540719993277015,12.275433068427516,5.167405027324554,5.1978708053719735,49.52556829246573,3,0
3,2023-09-16,SNF,1.8451667955493989,5.390273406881387,3.79560591480993,2.306793337714945,15.6,3,4.192175891895223,1.0465255230397528,4.221269153408419,8.203980282568995,9.748351202369095,0.0,87.67491325539686,0,0
3,2023-09-17,SNF,0.0,2.641846146191292,0.0,4.528858073710699,8.4,2,4.051434934395428,1.9648293735333406,3.5092637603178796,16.133879110174263,8.54097112380821,7.840082977865613,87.95359756543294,3,0
3,2023-09-18,SNF,0.12209003063546642,6.0,5.871053033475404,3.833995959730241,18.5,6,3.034812681333966,1.784956175520378,2.188011703972654,10.707742402410389,3.4959388216274605,7.724884921336372,44.18823618789169,0,0
3,2023-09-19,SNF,2.8299211731271967,4.892682660000481,3.3852988605569685,6.0,20.0,4,1.6307859127346807,0.5591273386524679,1.8456614429988394,13.393971237257608,7.0794945232577735,1.913306199036781,82.38662471172537,3,1
3,2023-09-20,SNF,2.456595169270316,4.857790568999129,3.5673446584069017,6.0,19.7,6,3.1620644876715125,0.08042818840842458,3.0919829405486037,12.933875204466279,7.137932997531645,0.0,72.318622170252,2,1
3,2023-09-21,SNF,3.2596482457725124,6.0,3.175506706533106,1.571499538161465,16.3,5,4.173363084166136,1.4604580534094977,2.2429659264985458,16.998299067881067,3.089050708016393,1.1399216267771073,98.17166166408761,6,1
3,2023-09-22,SNF,2.1614463147985283,6.0,1.1462326908823433,4.561011376353823,16.2,5,2.0197933718185626,1.9363737296605334,5.045817180080265,15.517641054852387,10.0,3.511260921060839,85.86654699327187,1,0
3,2023-09-23,SNF,2.1713795876341555,2.9430414412715065,4.416945450441497,5.850118733514318,17.9,5,3.261975989477433,2.4927527389788686,1.3766290843203106,14.015064718151026,8.88649398433246,0.0,104.12332766006918,1,1
3,2023-09-24,SNF,1.7456865294057322,4.7334335967181005,2.173247562030556,2.774641377908401,13.3,6,1.090875590005811,2.6896717277827578,2.8027817130410018,13.03720003126471,5.330614618624926,0.0,120.0,0,1
3,2023-09-25,SNF,1.5835066603691552,6.0,2.050204579633147,1.1746864697607278,12.6,4,1.7526090873212405,3.0426866645148363,5.918783360767455,11.41332940807012,7.238121326485979,6.8746740075466715,74.2470193901634,3,0
3,2023-09-26,SNF,1.6592342813937675,6.0,0.7062027044945807,2.613567869391536,12.8,4,3.331133521020886,2.7786145546440872,4.661112550084883,12.218586737768643,6.166665242296011,0.0,78.81771955259644,2,0
3,2023-09-27,SNF,1.7540448530101986,0.5709559790495826,4.209814862297131,2.7559318572885605,10.8,5,1.065189162531141,3.2559401850313954,2.905849294677314,15.591856870614983,8.856089073700447,3.235852910430647,103.65518296481741,0,0
3,2023-09-28,SNF,3.5225472064127503,2.0664649657963667,3.63049922301594,0.0,10.8,4,3.058584534660672,2.1119492007056344,3.9081479616745756,15.31650733383338,9.292048622889915,3.043306641188025,110.44098209578652,6,0
3,2023-09-29,SNF,2.31883593025625,4.181690453480293,4.774956006603322,1.8809045457937117,15.3,4,3.414800311836852,2.726704975946642,4.644916782176539,15.905628148679986,5.8650967978882935,2.531001980517768,65.98219165597509,1,0
3,2023-09-30,SNF,0.8693821552915705,4.844195508502052,3.645827673184726,6.0,17.9,6,2.9078063317481586,1.5145427728413552,2.614983911172343,18.586923784255507,3.1491941219020787,6.407862809436647,78.38242142731892,2,1
3,2023-10-01,SNF,2.8296984074883933,6.0,2.7562092674953815,4.26645237109861,18.5,3,4.834550515262865,2.045212390023802,6.485546544541246,11.634375563081383,9.018177031272018,0.0,82.65437635756588,0,0
3,2023-10-02,SNF,1.9291475757737544,4.631454056107671,4.344696646206198,3.807985477233786,17.2,6,2.981329987091167,2.6831893596377996,5.683794370496381,19.758712592416963,8.780860298360887,3.3690901902985426,110.6308339540866,3,0
3,2023-10-03,SNF,2.032805418175485,5.31222614718197,2.6160737527443616,3.1230088184251157,15.3,4,3.3188771382563544,1.690769970191228,6.17838042735459,16.89586704035065,4.591360557122552,0.12623780204002655,57.773294271454,4,0
3,2023-10-04,SNF,2.5731512886079573,4.527683206237187,1.7554143065632732,4.0869811171898895,15.1,4,2.10090390232992,1.066001460685106,5.052194349747411,13.337669758433492,8.633127322818243,1.2409766817738523,87.76239369974338,4,0
3,2023-10-05,SNF,1.9227179118085145,3.367158165729502,5.268626053616984,3.5730171164869264,16.5,5,2.0958915331384573,1.731182884419427,7.369261966094118,15.419157648324877,8.607407124701696,2.84096467478766,96.39766308521871,2,0
3,2023-10-06,SNF,3.4452965346873254,0.6729930011181187,3.009987589218613,2.7122024292267506,11.5,5,3.0878157008734144,1.8505626782397433,5.274241535883337,13.173880474863147,10.0,5.4376967536232,111.51521179824857,3,0
3,2023-10-07,SNF,0.4607553812191929,6.0,0.5034648796997118,1.7758821424215157,10.2,7,3.108980868116765,2.256993385992617,3.9744782244915307,16.78855182379067,7.1270779457795985,1.6673308929409427,93.17324379923322,2,0
3,2023-10-08,SNF,0.0,6.0,3.051870568244862,1.6049916797012647,12.4,5,2.105209265418882,3.543764434112823,4.448277676348125,18.46854915707232,8.21295828631175,3.69994237488995,94.3997337808168,3,0
3,2023-10-09,SNF,1.373892496691223,2.0600022560872557,0.2538413570796497,5.582810838027706,10.8,4,0.9988188116410128,2.0914879378099123,4.754312003862287,12.94790345515465,5.103292641131896,1.9026979902739685,81.86874020797087,6,0
3,2023-10-10,SNF,1.2511839619559908,2.533107176474369,2.1479891039489036,6.0,13.9,7,4.822982868014051,2.574409047755448,6.721520281657658,8.62515138708575,7.949861005757293,1.0598424685018064,68.91536023620733,7,0
3,2023-10-11,SNF,1.0186654593493545,5.83551766749056,2.8745042073569333,2.280179033535492,14.0,4,2.3415970913899815,2.4291682828642283,2.4721086995000072,14.169839786220304,5.845224403290793,3.5170423601610636,43.310653867428236,0,0
3,2023-10-12,SNF,2.3565022238622264,6.0,3.5402749727743563,2.8438937711008867,17.2,2,2.610737344033577,1.841859557676793,6.154094728262435,14.963479694624384,6.138047202801179,3.6583850549909043,79.00415727069758,4,0
3,2023-10-13,SNF,3.572027910076009,2.5583054619076897,4.379129588454324,2.6341765500781102,15.3,4,2.483371432561195,2.153780462866033,4.49352499956793,15.997854768591434,9.03504518671321,5.940404638241531,51.837119911732316,2,0
3,2023-10-14,SNF,2.2190798098384255,3.319492773969313,3.1793345817267507,3.3536075867913087,14.1,4,2.6212904238257773,1.8096421886232035,4.395518941672937,13.249283333834248,1.023897243141179,0.0,110.52769269967538,6,1
3,2023-10-15,SNF,0.273993934784172,2.954688402619583,2.7538463851243162,3.7256819427143455,11.3,3,4.646997369075137,3.401573913353037,4.0831172534730085,17.229912402291486,3.8425057391783994,2.510715348645502,85.78055989086772,1,0
3,2023-10-16,SNF,2.043791221477411,6.0,5.216288776884654,3.268063698095133,19.3,4,2.2946895804457337,2.9536958099696395,4.345125716116892,13.905015586538878,10.0,0.3902642875786233,87.68067535369877,6,1
3,2023-10-17,SNF,1.9639508336165126,2.9931897076343694,5.871053033475404,3.768335269395251,17.0,7,4.344793532734928,3.25515820256399,5.042631792939212,15.111374533937854,10.0,5.794737256908559,69.29649583776849,2,0
3,2023-10-18,SNF,1.4541190427415553,4.724883063322398,3.3450082634909046,1.4061968876486057,12.8,5,1.6728872340813536,3.569842366005288,3.896530730775207,10.986124423735935,2.062925695400756,0.5068043284466843,98.99060568307361,3,0
3,2023-10-19,SNF,1.8040765088100619,6.0,2.481829085879366,3.2066738251805846,15.7,4,2.651042837625041,1.4917712287623897,3.7405709630767916,16.71569071116983,9.355264081682991,2.178434829576142,90.92127550602972,3,1
3,2023-10-20,SNF,3.9537666770954427,4.38260327624957,3.433746095975406,1.3691202013156554,15.3,5,3.3688429440756815,1.9775617226777071,6.608748331573624,14.11725919223258,3.6080400364512224,3.103499147837518,70.54166429523491,4,0
3,2023-10-21,SNF,3.305603405770795,6.0,5.02985123990614,6.0,23.7,4,2.035490967966868,3.0372667730914924,3.501402143100305,16.38042883034342,9.103558232926364,4.6475482336935485,101.89933100242673,2,1
3,2023-10-22,SNF,1.4709133949352737,4.250838971934185,1.8220455970535223,6.0,15.8,4,1.248712779574677,2.5494673539498653,2.271271658352991,11.705692248861048,6.808460333876095,4.3627470658675005,101.57519436381476,3,1
3,2023-10-23,SNF,0.0,4.046123684523783,4.120499571882437,5.360464660873192,15.8,6,3.8424247662113467,3.251968277730103,5.141353630004633,10.187362432402269,7.452362022020931,1.9633568485826745,59.427421086043466,2,0
3,2023-10-24,SNF,3.3223175078168583,3.229853492377869,1.943816882673289,3.898168893251701,14.5,1,3.931960319106717,1.841182637492924,3.6520974034104317,14.689372681239089,7.161890481004156,7.3892542884749925,86.87708773052684,3,0
3,2023-10-25,SNF,1.4774846368758583,3.707893603202506,3.1556067358720474,5.683820352393334,16.4,4,3.7412488731181446,1.5417961947853454,3.0127499177149124,14.75168629846097,5.645020202443555,2.15359450329308,69.89350235896868,0,0
3,2023-10-26,SNF,0.0339506369112732,3.536992432892034,4.657630231248261,0.26375942769795957,9.9,5,0.8068132659873639,1.994907271797258,5.9144042070865925,17.227786257786867,8.747990107601609,2.2978533706168367,113.15166056042649,2,0
3,2023-10-27,SNF,2.3256718027782375,6.0,4.264835881129905,0.0,14.7,6,2.607117896530313,1.9581521879999488,3.3544482752223854,18.823192900637768,7.20806212061026,0.5720846016662025,73.1276485240146,2,0
3,2023-10-28,SNF,2.2797209578255604,4.955732317517349,4.895352634608292,2.6268236690384743,17.2,5,2.0020496218123283,2.6529248240893404,4.701798941818726,17.7481566065407,10.0,6.685607751530404,57.25693272010982,3,0
3,2023-10-29,SNF,1.9992694893483245,3.619902392444284,1.651754886569876,6.0,15.5,4,2.5976927267244587,3.835126012736385,7.398214764825656,14.7620156977158,7.6858334671169795,3.1490064485773885,99.38277629971569,1,0
3,2023-10-30,SNF,4.8378162201177535,5.470663574480312,2.3532985203030194,2.233265637658899,17.4,5,3.8268289763577608,2.2024184380795297,4.740632837524391,14.14310505847218,5.535161044944861,1.070638538360562,102.99576287475146,3,0
3,2023-10-31,SNF,1.324363047490931,5.474275880213627,4.259787542111123,3.4555368844874144,16.9,4,3.9454623976980745,0.925570063384195,3.455412150360157,16.612765740869186,4.749391170896357,1.6755139977140712,50.3229051942823,4,0
3,2023-11-01,SNF,2.659561297566039,4.217919668471852,1.1853681452561338,4.045977651491279,14.1,4,1.3175706388491546,1.9363558670286192,4.6469420054255055,15.143899549291266,9.106640193250673,4.47644999323521,104.69700197754835,3,1
3,2023-11-02,SNF,5.252281868369328,6.0,3.824345515931368,0.444331817269335,18.1,3,1.5268728106419118,1.3410767617344461,5.7677234605795,18.98410646990687,6.266907539468364,4.27180969890945,87.04359217877746,5,1
3,2023-11-03,SNF,0.3875138061077368,5.953093357529429,0.19571103467815676,4.3932401733826865,12.8,7,1.51834680214137,1.4664038380102826,4.517311798027427,8.092277000019571,6.545792690046811,2.7661497491877967,81.39605232454745,3,0
3,2023-11-04,SNF,0.9761255012888959,4.894649368202277,4.560747009691715,3.6867311632317628,16.5,5,3.4812108023228854,1.5430547057968995,5.489411131911014,12.336185648291597,6.568966239707942,1.6584472162460075,40.904002711167706,2,0
3,2023-11-05,SNF,2.4702626977136375,5.385725667042064,3.320910677237097,3.18093351284001,16.8,4,2.0883664776566153,2.4623110969513022,1.540075753456688,16.378322284531894,7.584121085054638,3.483029691231723,66.81966061573617,2,1
3,2023-11-06,SNF,2.031194770626237,4.482517430104352,4.774515707766038,5.394429998694353,19.5,6,2.0463322496148244,1.9747751928184476,3.205334056983574,9.030392326029641,4.610157540110368,1.1354208787586533,83.94913650852772,8,1
3,2023-11-07,SNF,2.9815124616600928,6.0,4.474392110123419,4.8922996693417105,21.4,4,1.8569654402809472,1.521275212616169,5.48680207616072,16.782759289005227,8.546194992755284,0.0,87.35447363660708,0,1
3,2023-11-08,SNF,2.882452735640937,3.5512515107759137,1.5836470673282443,0.15173989632624874,9.5,4,3.339344800098808,1.5355990146972833,5.212342090087814,15.053277717726017,4.531072466728169,0.0,74.59004592381933,2,0
3,2023-11-09,SNF,2.4742612309390433,4.898004610952954,4.929322046242849,3.1635432260553835,18.0,1,4.436626857820051,2.666312946301964,4.250263496072369,8.179996271249214,5.673322728201075,4.6809097849035215,54.55391886814647,4,0
3,2023-11-10,SNF,3.683011881993142,2.1219819948003487,4.327723993189273,5.214134994047148,17.9,6,3.5302130677550068,2.6075099765019853,2.254830262848696,15.280996386335602,7.697291846464824,4.772166655730643,109.80432353562138,6,1
3,2023-11-11,SNF,2.5260786264259885,3.8329016588981233,3.634736987620013,1.2148962959408731,13.1,6,3.672359505520571,3.3609241987081466,4.4062945891866825,15.609942038549997,8.125503221593455,4.731948553319057,74.02615447204258,2,0
3,2023-11-12,SNF,2.3820217940868496,4.749615259498066,4.170458652424861,3.258193261681627,17.0,5,4.302698181624195,1.0436798730235493,4.9756077714623155,11.949082200378001,5.746502806912653,1.2340034655221204,38.34947129655527,6,0
3,2023-11-13,SNF,2.560567366529551,5.918412129150432,3.2498398479510024,1.400325914403458,15.3,3,0.0,3.237835054519205,2.930033894520818,9.488671613942024,10.0,3.938265495993296,95.92182621432153,1,1
3,2023-11-14,SNF,3.0034536072027898,2.4941982259616275,1.5921248062164555,1.1295929677847951,9.6,3,5.320389647678057,3.823410460529397,5.299190905102436,18.593975759254,6.942257290386188,4.808139751856971,112.00884859273853,0,0
3,2023-11-15,SNF,2.1680586301226787,3.640041431384798,4.089648442778902,2.351597389142745,14.3,4,3.8355526037994645,2.3484121293984637,4.287118671691631,15.578410982750652,10.0,5.804727958493476,96.50458152685253,7,0
3,2023-11-16,SNF,1.935925290841689,6.0,0.6691595223938966,4.577077541251999,15.4,5,2.2983478378734254,2.2864445639323083,1.3469160991423204,17.566063096228905,3.2359026745845094,1.46771190735487,84.41485725716106,5,1
3,2023-11-17,SNF,4.9841744649032345,6.0,3.892789251095262,1.5943109028010183,19.2,4,2.9822580776416876,1.4196926314340201,3.0881093790727956,15.88539527907742,4.946551887958634,0.0,89.71823716387223,5,1
3,2023-11-18,SNF,1.9372173166768725,4.635451415088257,2.329529645386179,4.00677003039234,15.1,3,2.200419049408641,1.2547022400192136,5.272274705845579,9.36227943961387,7.813509997427381,5.247822485471121,66.44423100904186,3,0
3,2023-11-19,SNF,3.673805301024303,5.050301392672994,3.7146070788384478,4.5558763717664785,19.8,5,4.0826601049321045,2.257055261803103,3.973885590417703,12.247818886628798,6.349716699197189,3.5684527423773624,82.60990287221034,5,0
3,2023-11-20,SNF,1.7209044631455706,3.567931708920007,3.5350065129377093,0.8046331268132558,11.2,5,4.811211363242118,2.469606492205754,5.00863594064774,13.17102614045196,6.728913185321652,3.8756176218421587,54.58735951612561,2,0
3,2023-11-21,SNF,4.06876872606551,3.0330320083661997,5.23642954567656,5.585336185367224,20.9,5,1.3105196335015166,1.831204498578889,2.6524839926202515,12.714177032324914,4.405825269132045,4.7323559616766975,76.0672450286175,4,1
3,2023-11-22,SNF,0.8632524945897809,4.317435152551439,2.9361192150458963,4.9228754281998555,15.2,5,3.1613351488178614,2.23212885090875,3.585744215351442,16.619044547734653,8.01033527808017,2.9204718271583965,88.6927226114962,7,0
3,2023-11-23,SNF,2.3282939500092525,3.6893532735233117,1.291773842542786,2.9129368484536395,11.9,5,4.013560685631031,0.6863473287547008,5.275050313094663,16.58505914730434,5.296368693027256,0.0,99.24681612454893,1,0
3,2023-11-24,SNF,1.0387995517961772,3.681678709949491,1.0405983059650916,4.202869281608673,11.6,6,2.6170673867747523,1.4727095732415998,4.902210036605421,14.61601903850999,8.418322132300627,3.3070595882787006,109.10481403523158,3,0
3,2023-11-25,SNF,3.206907827964356,6.0,4.294843652506603,4.025775529657402,20.4,6,2.8279211636802484,1.8646875964957288,5.551276978201761,9.457491862456921,9.270588678161491,6.2797375422389745,86.07381954552987,7,0
3,2023-11-26,SNF,0.0,1.3805218921713434,3.8880355261960826,4.097571957375951,10.9,5,2.002333997581178,1.3350168935255715,1.5552522994927052,17.37066266683439,8.462415611637539,8.537925767551382,84.2207063319658,3,1
3,2023-11-27,SNF,2.5787339072488056,2.404998534579106,0.750139676524832,3.401634154390175,10.7,3,3.2492518409009374,2.1279469651254472,4.294101067951167,15.244782383154813,7.083648649847613,0.26425572693417854,30.70741330314383,2,0
3,2023-11-28,SNF,2.6576657404568023,6.0,1.3194327175887492,1.471141167746387,13.4,7,2.823087082539849,2.9542220396727616,4.588515387454423,9.64189807935541,4.461894230307797,2.517445219571359,51.33490276890029,7,0
3,2023-11-29,SNF,1.220370902608589,2.8990988645567075,3.062283308899726,3.961128415000287,13.0,3,1.6146120746766761,3.829652867281511,1.8475468726501927,9.762561764730556,7.725540605979949,3.0143209014553936,94.047216685794,5,0
3,2023-11-30,SNF,1.7092587565059003,3.526946699560485,2.7292446107729083,4.532135382353239,14.6,5,3.168967942485273,1.5647215525118314,2.7677328383062534,16.70090278889357,6.606061034296715,2.2470546520886203,97.00592231351119,7,1
3,2023-12-01,SNF,0.9988731012476855,0.7569254711970568,2.3306782772598087,3.901524034332759,9.3,4,4.343490564056782,2.9312412033093356,2.5043305003136953,19.11844312774717,7.282791930687041,2.7045681769995094,67.57659262997959,6,0
3,2023-12-02,SNF,2.5662909527896716,6.0,3.723791714467356,5.454478963108359,20.7,5,1.4038727540083742,1.5820028593713837,3.0555857764222702,15.33171662701016,7.259602538330899,1.9932318094419563,101.90018539497376,3,1
3,2023-12-03,SNF,2.362422997178757,3.936325597385365,4.849557617907507,4.313915580329224,18.0,3,2.659397397324685,3.592982730776326,5.947787774048912,10.760078143423994,7.337485052334111,1.2421251496606258,54.10696113181706,7,0
3,2023-12-04,SNF,2.030755620107663,5.290531638948469,4.145405701611361,2.1757473793226856,15.9,5,3.540542995260885,2.1725589518807347,4.86427106785629,14.149941330563843,4.881430936342208,0.9164395266110947,88.86356134813387,3,0
3,2023-12-05,SNF,3.2199233681571653,5.508725955364824,0.9416667711276645,1.990720288840511,13.6,7,2.919380054872893,2.645206572300228,1.5158169392832208,16.472108159288876,6.745263780462096,4.512708062998849,115.58708548719528,4,1
3,2023-12-06,SNF,2.225977063474996,5.720921462757549,4.268095776643479,0.5741258776830924,14.9,4,3.6033351770632835,1.6839204832688086,2.4810142953352083,5.633461094068349,5.070501857182148,0.0,70.2321477728053,2,0
3,2023-12-07,SNF,0.0,6.0,2.9992572823844514,2.4311100908876395,13.3,4,3.36225623989444,2.636019460516008,4.830115351462663,17.85697371837708,5.922176881359392,2.389050788282006,103.17136175271919,6,0
3,2023-12-08,SNF,1.762417620183979,5.035590074680266,5.871053033475404,1.4812638089260681,16.5,4,3.39967387421205,1.7253877974339549,5.308293898906809,15.409443413264485,5.175343313302034,0.0,93.0484591963135,6,0
3,2023-12-09,SNF,3.4209081240315022,2.77686011650568,1.9389076766495572,5.637704298549397,16.1,4,3.0256375262451423,2.933998079639027,2.5256110737869544,13.39379737730729,7.937526457657293,6.99599813194285,113.6519768745013,2,1
3,2023-12-10,SNF,1.044267029909147,4.376172514787299,0.10692804247958043,1.3632465944168028,8.0,6,5.385225095744984,2.0089588261567317,0.8116439631204104,18.127774341346786,7.880091149736947,0.3020180701946824,88.48378146045407,4,0
3,2023-12-11,SNF,4.435383931305563,3.8550706721455965,5.1330810643685005,5.7815437923086295,22.4,5,2.8260591168052005,3.455483918917654,6.266900646417995,18.60199070711084,9.270156721977695,3.879171982189252,77.01917007139559,4,0
3,2023-12-12,SNF,3.1078944886854614,5.683129948627436,0.9847292557531409,5.133370976694221,17.4,5,4.280504026455499,3.395543719584577,3.0369338836664945,14.03010958283137,6.725811409300997,3.13681030584914,42.103952101619576,7,0
3,2023-12-13,SNF,0.0,5.683134442636599,0.8663051689659229,1.1539753106235897,9.0,3,2.3576777196285965,2.6119378396878323,2.262374424613774,16.09347518954968,5.836143224450699,0.0,82.40073474076583,3,0
3,2023-12-14,SNF,1.684683340012457,3.8210387997386954,0.4720526950363575,1.363886454812751,8.6,3,3.2341851686051823,2.1319607521641557,3.2224207877327498,10.167622672843226,2.5024034782818654,5.074414888114685,60.609153158705304,6,0
3,2023-12-15,SNF,3.812424324246506,5.3153662963161405,4.104893728625252,6.0,22.4,3,4.534259190817057,3.365278463584969,5.829611493141621,16.207947702195614,3.943579991990531,1.9090210875288625,87.99033404388487,3,0
3,2023-12-16,SNF,2.872080066253433,4.559198051331326,1.8006308197610903,3.958602421723476,15.4,6,3.0112891613578814,2.374717412971501,5.077473118087179,9.529503078829327,10.0,2.6920919308394216,93.56382676604638,0,0
3,2023-12-17,SNF,0.7565054682609222,6.0,1.7383243705368834,3.3402089676821904,13.8,5,0.5593167677903657,1.7417966082511427,1.6536796715705468,17.98263720274809,7.574156414741548,0.5210555375372019,120.0,2,1
3,2023-12-18,SNF,3.37907646984865,4.540541905632669,3.1283360697936176,5.907966386929134,19.8,4,2.968743277208539,2.4262001365617643,3.8190984240179997,9.020094853482616,9.548838010166397,2.6535543291423718,105.70745181424336,2,1
3,2023-12-19,SNF,0.0,2.5313575317197237,2.2187413304208343,3.8205766798989576,10.0,5,3.356060051032539,3.281851593309594,7.236177590484916,18.608567551835137,9.685700985569692,0.0,120.0,4,0
3,2023-12-20,SNF,2.7602186361008427,1.905693009369826,0.8434862633003344,1.9696954459291558,8.7,5,5.602426843247152,2.6642439805642093,2.377784808168453,13.942311625350511,5.325132612445911,2.612064613264069,69.77418461217512,1,0
3,2023-12-21,SNF,2.0360507109837536,5.096906286191506,5.848144361604035,5.013789889389206,21.0,4,2.4672454277887197,3.258429948229817,3.57763068633019,17.504703220875736,6.438018783488927,1.2851726186782657,103.0962827002751,3,1
3,2023-12-22,SNF,1.778280257748459,5.292898075114707,3.17302127468191,3.7951492828084126,16.4,5,2.968734860587407,0.9182909413886142,3.7143982004695686,12.0018597699584,7.025056087806835,1.8631691734506344,75.64858078904538,5,0
3,2023-12-23,SNF,3.6790184936433885,5.202226038615631,3.381714357732022,3.243759576031304,18.1,4,4.647953416647446,1.6220363777503106,3.7637431740069656,18.080698612316404,5.610868859508279,1.723658094947214,49.83019115210915,3,0
3,2023-12-24,SNF,1.5153194753493526,3.863785188835427,4.35323454865617,3.0946572434071262,15.0,4,2.1885849817823297,1.8620794786927353,4.856281053317305,12.653417242814966,8.886633307985715,0.0,74.50418488186392,1,0
3,2023-12-25,SNF,3.8926352941964817,3.167758933171647,3.0541627848819735,4.302642614111095,16.8,5,4.151304579170386,1.3160043689730063,4.9060026528418765,15.058248407108085,7.134972946851984,1.2374314446875705,62.96950070608748,0,0
3,2023-12-26,SNF,0.7276657246712314,6.0,3.4651700411956954,2.755436090178212,15.1,6,1.9636856330447021,1.512674416139687,1.941232812831856,15.229815179875773,3.6119479175634863,4.3830650502513775,70.93842813284236,2,1
3,2023-12-27,SNF,0.4433426345921967,5.444845563477282,2.5822561718680013,0.0,9.9,7,2.95657570522692,1.8956532666930674,4.093631605604671,15.63047781663227,10.0,4.029496288689404,106.36381755086272,3,0
3,2023-12-28,SNF,1.7527952198883492,4.589305286580705,3.6541286522371115,4.491105153801412,16.9,6,2.5044605481338875,1.192183519221088,3.28192433902539,15.138700171844224,8.926004882596786,1.39152026291557,54.19238687312253,2,0
3,2023-12-29,SNF,5.577539919060826,2.8641575413508242,4.529340425172194,1.6941668847169524,17.1,6,2.535747414021419,2.2049997628854303,5.236355073160942,15.125636781282354,4.013517907306246,2.1920616676116844,84.92463375589243,2,0
3,2023-12-30,SNF,1.1183040250919394,3.523087122917109,0.6851080200977319,3.9222036444227797,10.8,7,3.2436406915266387,2.650069828185648,1.0613656497022415,8.34807183336462,5.3967364161797455,7.068478013187199,80.91688353037254,3,0
3,2023-12-31,SNF,1.03124305933065,2.8836981156201316,3.975262508550483,1.565346843133952,11.0,4,2.912604378069348,1.1649778050673936,5.963721191054456,11.48747725722825,8.210718926114136,0.0,106.64269271500514,2,0
