facility_id,date,care_type,adl_eating,adl_mobility,adl_toileting,adl_cognition,mds_adl_summary,rug_category,nursing_hours_rn,nursing_hours_lpn,nursing_hours_cna,medication_count,fall_risk_score,pain_assessment_score,resident_census,incident_count,staffing_mismatch
4,2021-01-01,SNF,0.6948848001500414,1.0231844712223581,3.0873272201129613,0.9664386518688248,6.7,5,1.9570893856962344,2.2542939260457513,5.000868580996079,14.982359472454455,6.795036491653365,1.8459482487645382,81.40590833651724,0,0
4,2021-01-02,SNF,3.0992043327918393,4.584616786226099,4.943750855305295,4.384318214020925,19.8,5,2.894831419744044,0.9695423937820121,5.436934762651469,17.68936005569238,7.679683120807056,0.6031765607231572,32.61778267482896,5,0
4,2021-01-03,SNF,0.6388306922756386,0.0,2.873658326762168,3.0452367232693875,7.7,3,3.0252222701822284,2.284984079945276,4.883179500760625,10.494149724885183,6.09779917879609,3.07610161974593,91.05106343304966,3,0
4,2021-01-04,SNF,2.689578888665129,5.853145168632926,3.16742184495797,1.4162506723035784,15.3,6,3.682984235965889,3.7251024781944326,6.192184327276577,14.541102406119908,9.17434577464992,4.316632224636567,105.56447994124898,3,0
4,2021-01-05,SNF,2.1332825771119586,1.362891880942744,2.6695421462722155,1.3255863525585139,8.7,3,2.207098717324197,4.104036503384886,4.93372344373979,14.121576743123283,8.80837815919232,2.826356723939903,39.46966205900698,0,0
4,2021-01-06,SNF,2.422698479919751,5.2784634615053925,3.504628979164167,1.8459039983284515,15.2,5,2.49381587554103,2.285200081367199,3.8776088212516004,15.603019371283299,7.995749656956308,4.17259006427573,115.49999458133999,2,1
4,2021-01-07,SNF,4.047634298114158,3.4100485909282376,0.0,6.0,15.7,6,3.1599598891509224,2.049225029070162,6.307904356427061,7.8045644362518845,6.872658610204749,0.0,39.312467457702425,3,0
4,2021-01-08,SNF,2.347781339436363,5.341730729739635,3.0092643709774385,0.0,12.5,4,3.058764754559528,3.333659937077468,6.273368836747524,14.528434908226378,10.0,3.4986845367438533,52.18436048399917,2,0
4,2021-01-09,SNF,1.7706859288875143,4.4096726558177695,0.0,3.9551400645781225,11.8,6,4.109113124228689,0.7666353406187129,4.817929239705416,14.710844868192007,8.567691086909948,4.0597233836415745,120.0,1,0
4,2021-01-10,SNF,2.5615033150619406,3.977462679588312,4.253580771288783,5.586127947446387,19.1,6,4.88456775443603,1.5326517565582987,3.603778809276171,11.249726418482371,5.215563097449861,0.6244240238814074,74.47440442431726,1,0
4,2021-01-11,SNF,2.5791193304643474,0.49369417223575685,3.192522755872874,1.188868316637354,8.7,6,3.4814405473408008,3.674732398301543,3.4213765786094905,13.409906408660252,4.831392884849517,4.740056615375027,94.66232998150045,7,0
4,2021-01-12,SNF,1.0241255486748961,4.046415540228736,3.1405185381902956,5.25906543297546,15.7,5,2.8621817774900915,2.9473027059695696,3.0122080453318127,6.065933516676245,8.74502079214832,1.3185505968831457,73.0350691895267,6,0
4,2021-01-13,SNF,0.592017684909402,6.0,3.771449893222691,4.232935183329712,17.0,5,0.8718429160235163,3.271299142922983,3.8865248257805964,17.728683197587547,9.122531227900177,3.409826854854924,114.27858200523023,3,1
4,2021-01-14,SNF,1.8735666845674448,5.367167206802733,0.9442317461274556,4.980926997792867,15.4,2,1.783990827675598,1.9038631356852784,4.780585569834848,16.810176411487227,8.28959045131423,0.0,79.64755197639258,5,0
4,2021-01-15,SNF,1.4636331883842697,6.0,2.240577467577187,4.219945035958482,16.2,5,4.013680350880094,0.558932370776678,3.469898200862789,6.619697300523608,5.133575249521119,3.001178894693854,62.34016763603769,2,0
4,2021-01-16,SNF,3.5007668244615306,3.347528867624037,5.231968867503735,3.133506718948585,17.7,5,3.4537987776407055,2.334205040125443,4.745955142479578,12.636192698260034,6.696157691866635,3.7728645601232804,109.01441922355104,6,1
4,2021-01-17,SNF,3.3856503100467514,5.965466202690213,3.38835238730637,1.3488344424931757,16.4,4,1.91101758109619,2.439224435658919,3.8322627102159164,16.776340034855224,5.1216264798713755,3.111858907950584,56.959501804529836,7,0
4,2021-01-18,SNF,1.9441838157393097,5.273509744642083,2.509548074331755,5.023996576230713,17.2,4,0.3600254491992164,1.259463038433286,3.913578854825637,12.696940701609664,4.581403758843843,4.731685777233265,77.78517548178397,5,1
4,2021-01-19,SNF,2.067227748213125,3.5663209165249183,2.3444192982921184,5.105285902854433,15.3,3,1.783013105067983,2.350381510046832,2.6309009601520748,15.84615489120573,6.435049595127655,3.0704977048518627,73.16220246744487,5,0
4,2021-01-20,SNF,0.1887494216739758,5.53951053219805,2.1548049193505925,2.1814372437169616,11.7,5,2.337774299022615,2.358646694469352,6.6370892387183416,10.104344683303347,1.8902552625774622,5.283183069155377,102.68998129672502,4,0
4,2021-01-21,SNF,0.0,5.054717707682012,2.105564007028918,0.924639146143504,9.4,5,1.8294970548044627,1.6069310790637696,1.3730940349453675,15.94646220235618,3.988885395201393,1.9249551470946695,116.37151731915195,1,1
4,2021-01-22,SNF,3.464711782667497,6.0,5.417659821940187,3.903591338411757,21.9,6,2.307708312288635,3.2820948316150584,5.669163511532469,14.19361145661644,8.37629094919781,4.958244281476279,41.04449382039254,4,0
4,2021-01-23,SNF,4.377205275959642,6.0,5.086592208127401,6.0,25.0,4,3.639685812953076,2.623205482185771,3.650502234819325,15.92660442456349,6.059421698095837,0.0,97.84523395169802,3,1
4,2021-01-24,SNF,2.7375916294500287,6.0,3.076409718223319,4.516701356985868,19.1,3,3.3572117051772663,3.2146172861258093,1.7632336627416751,14.794047527850251,8.198944790828895,2.4180342307389497,70.78526206003093,5,0
4,2021-01-25,SNF,4.408967342530083,3.508238485184316,1.0777496981841417,4.892351257723432,16.2,4,2.9465489190657244,1.5928116175024565,4.684842080183638,12.089852729080109,3.559554966028978,0.0,103.18739356264362,4,0
4,2021-01-26,SNF,0.11632798899335572,4.989121029927765,2.1421175498848433,5.666575587462632,15.1,6,3.9617000438630265,0.5983504366943049,1.0422932512984415,17.001007926763847,9.409826934045954,3.02412080469198,64.19671622228188,0,1
4,2021-01-27,SNF,1.7852982559620214,4.78643451301998,3.1219898686478134,1.973667055271561,13.6,6,2.2988497111012456,1.8667134798183882,4.048646227401511,18.978844328725025,8.382497259882053,5.2093148145060635,62.88706415263037,3,0
4,2021-01-28,SNF,3.1991156883285385,4.801304767512784,4.300564514194098,0.680926538741775,15.1,3,3.33024088331521,2.76981820772051,2.878127282504738,12.949578856242637,7.0513084418643475,0.045688255624423135,40.710946886309344,0,0
4,2021-01-29,SNF,2.1650069087462316,3.5545175513626637,1.5265594806568352,4.811243509018859,14.1,5,4.97066214319581,1.0974089022541706,6.331561741219534,11.632360315203291,1.4659629244852166,3.83871189501779,81.78093172575889,6,0
4,2021-01-30,SNF,0.8056748830201337,1.4408253577333838,1.195089190872055,2.883089829108512,7.4,4,2.1039007883972216,3.1205039576408105,4.094845163261208,16.126835459095968,4.521827605964107,2.164877944142921,60.678667367766,3,0
4,2021-01-31,SNF,4.272256250788595,5.862524152560879,4.575822853253106,4.778570984091535,22.7,2,2.5870400487595147,2.441243011041459,5.983308432230909,12.23082268382757,6.085159910853776,0.0,72.21799222016703,0,0
4,2021-02-01,SNF,4.430845621572207,0.0,2.30433258827846,4.532370181810233,13.1,7,4.1940982537410125,2.5707922511258343,5.829620682653563,14.32047371520242,7.914677140717286,2.6176043205465556,77.16894381464115,2,0
4,2021-02-02,SNF,1.4626227106869882,3.6681866558073457,3.4154477343034344,3.148691433943581,13.6,6,1.9957571989355125,2.508998028556889,2.227770606057053,12.851122995278597,3.333974813283748,1.1638293424913897,86.96472572620533,3,1
4,2021-02-03,SNF,3.1645095524886067,4.054845091068065,4.274045842417685,4.335933074907064,18.5,4,2.6213786268462593,2.012052371133868,2.198779793474141,13.039106143837785,3.8031043170971746,2.3468664264956693,85.5277451960508,1,1
4,2021-02-04,SNF,2.8200214575757316,6.0,2.0049291002625313,5.7374504310362315,19.3,5,2.885894323120158,3.293460515190691,1.4588584047740096,14.862816741334854,10.0,1.3542457736772304,76.16742569284625,2,1
4,2021-02-05,SNF,4.099182747803707,1.0269497456540373,4.213861204967503,4.51717517394709,16.2,6,2.291230118620854,2.707790977343878,3.1639661721014782,14.239223817219537,6.57086196118629,2.201167042724695,104.14214905200977,4,1
4,2021-02-06,SNF,2.454074425611035,6.0,4.030313511041695,0.7200469609954525,15.4,5,3.5366580284300992,0.10700947319662601,1.9253176847125149,12.89642626678181,5.970977578461158,5.960443946099373,76.70888275566747,3,1
4,2021-02-07,SNF,3.649524928261655,5.065388359996085,3.170408277785407,2.045417294749928,16.3,3,2.1723124094949737,3.3075654745760805,1.5021970611115645,16.51145246834186,6.161933323445484,1.985513482905085,42.68359441721047,5,0
4,2021-02-08,SNF,3.4570349079513143,5.449949329993336,5.871053033475404,5.036545802298955,23.1,5,5.0120436496810195,1.389393655316614,1.1168484151669185,18.022382107090202,5.9015413838644495,8.310214030179774,99.6431189752757,0,1
4,2021-02-09,SNF,2.270850722217512,4.950914551494302,3.5498292276140857,2.3549313143181707,15.3,6,2.8040041036020864,2.0924617110698813,2.2124540758330093,10.72334699452298,5.7634779379257735,3.4527058662292616,74.19656121676792,1,0
4,2021-02-10,SNF,1.4375472034909595,5.073056206040066,3.376942184152388,2.126061389378447,14.0,5,2.8554967771282738,3.24143260277184,3.6266772481395377,13.269053876561832,5.469493595091499,2.2290472595443607,101.29430489111716,0,0
4,2021-02-11,SNF,1.8550875396122586,4.344506136994179,1.306208772191991,4.849042411685707,14.4,5,4.140536238336399,1.9355562406633708,5.08694216484036,14.856060768124529,8.135721977834104,7.261107311051853,36.50250834839202,3,0
4,2021-02-12,SNF,2.3911953009650335,5.505537119323465,3.164110086961008,3.192620142862143,16.6,4,4.060217297386575,2.80754674065259,5.872212325350497,15.72404587727127,9.265312533055488,0.0,106.40039780065206,4,0
4,2021-02-13,SNF,2.6674872461983203,3.517248424319516,3.862919599500739,2.7417721548427725,14.9,5,1.9553020652876762,0.9971198794216602,4.944758365716706,17.300586555244916,7.314239889559289,7.10499692432305,116.15557868896467,0,1
4,2021-02-14,SNF,0.06086128881059527,4.530026411315477,1.703466968836329,2.538892959864652,10.3,4,3.009097146622857,2.963953110356516,3.6565987199089176,15.801404764640042,4.787256783037981,4.412350766354762,105.07281765510183,6,0
4,2021-02-15,SNF,3.01751084317958,1.651299308795268,1.9113770216235153,5.158754804723734,13.7,4,2.343016027276087,0.7849759986613709,5.2026994848529124,17.21710956307409,7.18723893625867,2.7390212816515116,58.279937217626895,3,0
4,2021-02-16,SNF,2.5384192360206925,3.4512900643292754,5.108640194932921,0.6909372816679831,13.8,4,2.291230493114873,2.7738608857344342,4.586331465665124,7.528611594146719,8.437124026329045,1.3447872264695837,93.45911661638942,6,0
4,2021-02-17,SNF,2.807497213962424,5.584425585776528,3.636582773554054,0.0,14.0,2,2.733716230547738,3.1672850392014587,5.691237316453556,18.370988275537,4.614413863203829,3.778051412107099,104.86195086025641,3,0
4,2021-02-18,SNF,3.033275748746219,4.644249252548039,2.8870388309589217,1.3053606081358764,13.8,4,3.4169050509502803,2.821097072152509,1.7396803482616576,16.02824194841387,4.528775256741808,0.8696881180573983,40.360486369795225,3,0
4,2021-02-19,SNF,0.0,2.230528545410141,4.248411143107153,2.620939562178288,10.6,6,0.6469745177836359,2.160345633841375,4.211826581190854,11.236308441519107,6.780591812730508,1.2801604321675115,109.75753581522719,3,0
4,2021-02-20,SNF,0.8239961126467471,4.785230003790666,4.166186738219788,4.129019757457749,16.2,3,2.6542793883695435,1.6586683723452078,3.1726939202624935,14.87889202392809,6.569697348489322,3.7713774799953415,74.66639159204796,1,0
4,2021-02-21,SNF,0.0,4.112730425858437,3.1442760828742564,4.169767258983003,13.3,5,4.7659682530878085,3.2897444509423206,5.591977380465866,17.54700257037136,8.876575224547235,0.0,42.43151705411393,6,0
4,2021-02-22,SNF,2.815040396284994,6.0,2.2969614471226483,3.501642045287077,17.0,5,2.0566541052667366,2.953144549585212,1.8925237683090668,9.225668748606552,1.8241098983436657,1.0126661198447422,95.86962847892235,6,1
4,2021-02-23,SNF,2.380445326240952,6.0,5.871053033475404,5.169352505119624,22.7,5,2.593305575279522,1.4274366886619307,4.138425696810501,17.616365561334696,9.334981168601029,0.37802717065500824,80.64327942740834,0,1
4,2021-02-24,SNF,1.9770499568785307,4.4184866084422305,4.893544681663762,4.67515677413351,18.6,4,3.5810461408214396,1.933177621441617,2.4781510842622554,11.86125321555297,3.011621471680845,4.977931570483267,102.64797462076295,8,1
4,2021-02-25,SNF,2.8114032670547053,2.2081343151019026,0.27396246130332536,4.123219351436362,11.0,4,2.5388363409599775,3.625380091130902,4.089862748761548,18.545163265925776,9.526612045648701,0.0,72.65113097533838,5,0
4,2021-02-26,SNF,1.8599305348329578,3.6468460243740477,1.86982820648705,1.133567844855791,9.9,5,0.4927097075394463,1.337962618138902,1.0563330011749787,13.396339026582764,6.690439714842973,3.4883638824306114,69.86693895195825,0,1
4,2021-02-27,SNF,1.415451843366212,5.855756910201066,3.737615874712099,2.726855109205154,16.0,6,3.1224841581421052,0.8275933131360875,6.288891488214433,14.732247806425125,7.261748133967574,4.540704229908727,80.6362364443187,2,0
4,2021-02-28,SNF,3.6299599712195505,6.0,4.490180970854818,1.1151091524414254,17.8,6,3.8994063774303154,2.8358325846173074,4.328569374822513,17.584600335989375,5.258488035341862,2.149486742060546,95.39000084908632,4,0
4,2021-03-01,SNF,2.607967800025721,0.0,4.556963233900934,5.168216754038154,14.4,5,2.5761554665446793,0.7223222624195083,5.603485300493393,16.26280458761392,8.74412710239417,0.9765722525307612,59.08213799404936,1,0
4,2021-03-02,SNF,0.0,6.0,2.920407150980963,3.5434099204787444,14.5,5,4.9086763018973,2.5104029978352744,4.418608928458498,15.407852254355834,6.310755844276999,0.0,73.9242753049513,0,0
4,2021-03-03,SNF,1.9215871616572193,4.97973308162288,4.295151400675612,1.848748180889576,15.2,4,4.078974739194225,1.3539388434042607,3.4908086614275784,17.29320271399522,8.949070302285252,4.289427323085515,54.68820945112124,4,0
4,2021-03-04,SNF,3.353830852068323,5.536914719857661,3.90596597508105,3.8965166479010827,19.5,4,2.368837731214763,3.2226258479641396,4.574291907425525,11.50345087597797,9.008365960929883,7.043566030786756,35.80174094736964,2,0
4,2021-03-05,SNF,0.0,6.0,0.8042656985868948,2.8877722280847493,11.3,5,2.7475067675547793,3.520033489442835,3.879877382320313,17.120218442779226,8.979285984556682,4.106717360466204,105.74837827931586,2,0
4,2021-03-06,SNF,3.1710741752034304,5.133797823134595,5.336684601369601,3.00388212650511,19.4,5,2.7992900385144788,2.27827885118573,2.1120893976091297,16.087927225510015,9.968052385746782,5.450930275306263,62.847760712147135,4,0
4,2021-03-07,SNF,3.846075775171813,6.0,4.508225726873999,5.018482384616194,22.6,4,0.9001597019285481,3.203520730548884,6.333366804223657,16.825428726959366,6.759358437764129,3.4250571200245292,40.84162489605533,5,0
4,2021-03-08,SNF,2.80815848523868,2.159277596952659,2.6803241162161076,0.09418864694502016,9.0,3,3.3597590803947024,2.4360658859462165,3.4399023050386313,17.56459453618144,2.2966261756264212,0.0,85.45993670481104,2,0
4,2021-03-09,SNF,1.7761733799545543,4.571071383027979,2.126761267009531,1.024847783170708,11.1,5,2.496713623235251,3.1048800852017044,7.045093938613361,14.036667537457717,2.4894062077748593,3.8721245103848414,92.29582814629406,4,0
4,2021-03-10,SNF,0.13125785353483566,3.6782675205818425,4.41614771425283,2.4334399922789878,12.4,2,4.856037313714528,3.6113765572364303,4.5172315265814005,12.835919014799991,6.0090214086584,4.223539604006521,84.94263847889324,3,0
4,2021-03-11,SNF,2.7308511942124745,3.5782778424854578,4.089088690642513,1.573212598552954,14.0,4,4.043000718920242,3.735225399879707,5.915746188340931,19.096368713343526,10.0,1.3459449177423308,62.20131191989211,0,0
4,2021-03-12,SNF,4.648735808146084,4.21598906939106,1.7363833674800546,4.317836159879817,17.4,2,5.008327207778595,1.7568863963606112,5.806753299861726,17.489368346282063,7.16804359092585,3.9317387909509023,74.3044683904615,5,0
4,2021-03-13,SNF,0.0,0.8651389895926096,4.533932341226636,2.342069230168991,9.0,6,4.025973302144918,1.9999735577628288,4.594372756716581,18.390521169056512,8.179824671107351,3.826348974875052,114.01950264527099,0,0
4,2021-03-14,SNF,0.0,4.934349456420414,0.4444121266626352,1.746774391644994,8.3,3,2.2700392820413025,2.1261058022395676,3.7492578529151417,15.2836386760875,3.7505965322620107,3.46260240472189,76.8122994286179,5,0
4,2021-03-15,SNF,2.9537251009360332,4.429887646503771,3.136227038184649,3.992650745669638,16.9,5,2.8357464090793303,2.202185556572498,2.2049560150475394,15.935909940917101,3.78879491244844,5.427992386676753,52.15789468178623,0,0
4,2021-03-16,SNF,3.7598293205506508,4.062426018660752,3.980653084010597,3.6459234026820804,18.0,6,2.0461180637081373,1.0091015276571562,5.186334256310547,12.626529287828316,2.449466931074805,1.942713819061121,97.14268311703194,1,1
4,2021-03-17,SNF,1.6144029258168322,5.2552490675560755,3.2362092355919256,6.0,18.8,4,3.303665685315117,1.652290174594797,4.643310622331351,14.903839070610303,9.728273162403017,6.6508892895564165,34.39986987097806,0,0
4,2021-03-18,SNF,2.6267787605611246,5.151324197631331,1.4328009650416083,1.2017236837006107,12.1,6,3.870593179848231,2.14807455953108,3.6427807903174942,12.724061744014044,2.82546262089199,0.44332759603550365,93.50537135540053,3,0
4,2021-03-19,SNF,1.978891572921516,3.953984808041261,3.028170745150979,1.376121981633461,12.1,5,2.461685250441984,2.034220505901008,5.265804762718629,17.349336245218307,1.333010912511333,1.9225726043018123,98.42410117576334,6,0
4,2021-03-20,SNF,2.8215539765524555,4.771389393944716,1.4752493559779087,0.0,10.6,5,1.6671996127426583,2.479703990774566,1.5949334374647939,8.80250627148592,3.7929423798762407,1.6211238983275678,42.81193746342295,6,0
4,2021-03-21,SNF,1.6493077839367667,5.165679202573727,2.897574784433317,2.0609294700679492,13.7,4,3.822243250296216,1.7112764362238917,3.3181108947946107,13.58405288155342,8.768914692774707,0.0,120.0,3,1
4,2021-03-22,SNF,3.0689195584261317,3.2376787179329263,1.8120687780684857,5.463544522135719,15.8,7,3.3738079339523366,3.89855360955503,5.349154791500579,12.749157081864078,6.335364348659714,4.223031098737339,62.619850784869804,0,0
4,2021-03-23,SNF,1.9330741158698437,5.154957247041686,0.2863566132286285,2.966360065382384,12.1,6,3.060814202204913,2.2948484206003634,4.862693359275157,14.748522582373699,5.455099175927411,0.0,88.9104700873793,7,0
4,2021-03-24,SNF,2.6180914098300505,1.1400650576647442,3.922917792306251,3.017230257234186,12.5,6,2.4837145851920934,0.9761852416210643,1.0955095590286152,16.735266119026456,4.462241328080961,4.663539175603154,82.73602564884345,3,1
4,2021-03-25,SNF,1.122828326966705,6.0,3.4346071681206163,2.5963182716705857,15.3,3,4.438748616748192,3.307971041245686,3.9025419642607284,17.730519732803128,5.199820615584768,0.0,120.0,4,0
4,2021-03-26,SNF,2.2665151014107727,6.0,1.9570133431196546,1.415285892343931,13.6,4,4.108651942177551,1.921317101703779,5.8085021349551065,17.928418608840932,3.9129763315061696,0.0,67.17024976353714,8,0
4,2021-03-27,SNF,1.2440037260680854,3.8676043767260753,2.591554890537284,0.5943707015007065,9.7,4,1.3677146537368852,3.7220190572363503,1.3378473119972303,11.803356996830964,9.641801678198412,4.1275324338506785,88.45795377522771,4,0
4,2021-03-28,SNF,2.0347089690282134,6.0,3.446669064933636,2.2606692192373035,16.0,5,2.697882262439452,1.4521251353097977,5.514959366655413,13.935308167486017,9.379616929729593,4.620883484665625,65.3544043589283,0,0
4,2021-03-29,SNF,2.5250976727249563,6.0,0.6977272605631422,3.4283731975727054,14.8,6,5.52766695290724,1.6246934032134148,2.7124901957290555,17.442831490789473,4.606051339411595,0.0,82.0317815831961,0,0
4,2021-03-30,SNF,1.9939669493834427,5.1357250527205505,3.7524080757051848,3.149331675182374,16.4,3,3.186118871828809,2.4802328813452674,5.17756033255157,14.502274747218964,5.599082880928993,0.0,111.0361960688332,3,0
4,2021-03-31,SNF,1.4893336757144473,0.8121599234904465,1.2136271008948074,1.0680508983387889,5.3,3,1.0833871181792212,3.224124429807903,4.920248853423407,16.598701625455263,7.619888805744461,0.0,53.6309527870204,2,0
4,2021-04-01,SNF,2.546958455658199,5.107735954441564,4.1539794611423835,2.17055138765271,16.3,3,3.706837236434645,2.5203041519322933,5.651181492806073,12.346999174729666,6.038483166410569,1.1569041076129225,93.10747118800991,2,0
4,2021-04-02,SNF,4.497646614048464,6.0,3.148080171733312,1.5521417330328564,17.7,7,1.210857787461731,2.9958854082918975,5.542638888948973,14.833771818605264,9.955899533997046,2.743330989675473,61.40671729140217,2,0
4,2021-04-03,SNF,2.6185900720192703,4.898278533373347,4.420426098303403,2.3789582148122443,16.7,5,4.414314820416959,2.2912813339310785,4.327157349331276,14.591270803714764,7.402102883769518,0.0,90.48895785560956,3,0
4,2021-04-04,SNF,2.5916476489296283,3.2872913365425394,3.3676450234401,5.007986459470375,16.6,4,3.996941104109358,1.611354090166792,3.060701778589969,14.025056379221441,5.646952156818586,2.825206846291841,107.17341543920179,1,1
4,2021-04-05,SNF,1.5897447869593748,6.0,3.3013461343190027,1.640190330308224,14.6,4,1.1545434872530789,2.0201178706471805,2.5311487719178833,12.44910416275624,3.682147694693037,1.9657017953577638,110.29993848580963,4,1
4,2021-04-06,SNF,2.707953208056548,3.6721710638712586,2.6176936699673696,4.036999014077091,15.2,4,3.1779348391870927,2.0172737523110054,3.771081780523712,17.848056388846118,4.734608665917116,3.373445237841372,83.93268013444832,1,0
4,2021-04-07,SNF,1.5992826592956717,6.0,3.1642309665045474,0.36230060147757387,13.0,5,1.5039509148211623,1.726552785615597,2.172082504546087,6.918158904137732,3.756379982712313,1.5317698831132245,111.96525292526121,4,1
4,2021-04-08,SNF,0.0,6.0,3.616682101384381,0.1338001159147737,11.4,4,1.03878077441583,1.8395210891787757,1.4442371111910743,14.288442872911412,4.547101710073587,1.6118116680071353,77.4246751107758,3,1
4,2021-04-09,SNF,1.287561461868345,6.0,1.0438268841730187,3.6647838980789675,14.0,5,3.1502472782175284,2.4392091494590984,4.086040960690448,18.143007624901294,6.685632632169099,2.8957589473014536,105.47568690276056,4,0
4,2021-04-10,SNF,1.4768749461918174,0.0,1.6114402223019717,0.0,3.6,5,1.5839894044956713,2.6775124421096055,3.954893495808167,17.0135978284862,8.470096653646262,1.7954105621964942,69.93333661874063,5,0
4,2021-04-11,SNF,0.24469691329464172,4.115108450610992,3.935402228062884,1.5235244940414918,11.5,5,1.8735172628987506,0.4292134356875592,5.700253768011205,12.043244454454197,8.726115986952426,1.9863066847984916,45.52134007973016,2,0
4,2021-04-12,SNF,0.0,1.9667234841058383,2.1799009087053522,4.37866416540793,9.9,5,2.674236593407846,2.457859165336098,6.218063638889415,12.578607582958776,2.5094196641824635,3.8276922577169437,111.15642644411291,1,0
4,2021-04-13,SNF,1.765781841705345,6.0,2.293885371592587,1.6760830305689223,13.7,5,2.797929404270614,1.5720396889448764,4.757933610667669,13.837549948209373,2.7622936744593214,1.5801899657654102,75.45247664948573,3,0
4,2021-04-14,SNF,2.315424821652877,5.604790637699366,5.087789160469145,1.0072503277275735,16.4,3,2.9672708823686973,1.4751632052595736,2.4369780870622724,17.18240447126212,4.747402240538919,3.073091872076129,83.76043327149708,1,1
4,2021-04-15,SNF,0.0,6.0,4.3091603674813985,0.16265903269104953,12.2,4,2.541912186247484,2.5966616147055843,5.398030000057012,12.63600069394955,7.148653566694448,3.952647494633309,90.36577374715542,1,0
4,2021-04-16,SNF,1.1188368260804953,4.648656055403512,5.175604672890195,0.0,12.8,6,1.6408852286059206,1.8286140500223356,4.540450813681527,10.890076063223246,8.665559290773661,0.0,89.20088834450164,0,0
4,2021-04-17,SNF,1.3754780743158836,1.0116069570377006,2.791414193039434,5.390425753085662,12.3,5,3.845222245390087,2.4736114761740557,4.983309968572982,13.140646543219347,7.515392383095408,3.6607890655329918,59.777253532721105,4,0
4,2021-04-18,SNF,0.8607055903633972,4.421049851540535,2.2666558073877416,1.4594353520718932,10.5,5,2.235247471775392,2.7000862692262966,5.128415879989483,19.010036179410253,10.0,4.573245565078058,45.34176354607773,4,0
4,2021-04-19,SNF,0.0,3.324881846868451,0.0,2.6440264055381504,7.0,6,2.253069900149962,3.650644513276822,2.166436266752547,4.816403369373883,6.609045366137578,1.9713041815977963,77.23314855179146,2,0
4,2021-04-20,SNF,1.548573112000317,2.9654038842873307,2.5516438202400127,5.793107303964778,15.0,3,0.8451797638002396,2.3529817281688845,1.2482163206417785,16.283287142138764,9.177400203413129,4.06661094978572,115.71166889855479,3,1
4,2021-04-21,SNF,5.552578979304706,5.084059267339445,4.754435913122535,0.12556559988975957,18.1,5,3.0360384421376527,1.5470247314020944,5.24679872881504,18.077046459906512,7.237715334402468,1.8097167742443145,80.10770960339599,1,0
4,2021-04-22,SNF,3.3331606875061324,3.612020483276487,1.2392455879453537,4.454668436249522,14.7,4,3.5362781028700314,3.338349038078497,3.582932323095035,14.3251351022143,4.884996033896945,4.528216718901218,41.23836542972673,4,0
4,2021-04-23,SNF,2.9632161951509066,4.522207666278148,1.922645887753445,5.107247965262727,16.9,3,2.0688526218558825,1.9466942546313082,3.661823290272609,7.71754362147562,6.226928566220964,1.9407335848204754,95.05219447567463,4,1
4,2021-04-24,SNF,4.660374498577193,6.0,5.394828314671932,1.313416610662602,20.3,4,2.2810772568304216,0.44417728701186976,3.4924179510099256,11.627333242390804,7.173193659356054,2.363685451062933,98.66711885275143,6,1
4,2021-04-25,SNF,3.119149679527526,6.0,2.577327568368702,5.02160216889774,19.5,7,4.556109616935293,2.2891962451133385,3.9656822674426904,14.067457463477561,7.573190450903569,0.0,59.75870620739772,0,0
4,2021-04-26,SNF,2.4862267199242134,6.0,0.8602426281293476,1.3829332271228465,12.5,6,3.8445931332804073,2.486633217107645,6.297807434846089,17.966768068843358,5.456212121867855,6.2061457141967145,62.8205389687264,0,0
4,2021-04-27,SNF,0.0,6.0,4.491357230140123,2.36711354002087,15.0,5,2.8035256417181422,1.987717993906051,3.5908629910301197,10.338065274409509,9.254494352427885,8.320801570063264,66.93816818698922,4,0
4,2021-04-28,SNF,2.028381626983511,0.873682104873008,0.44184029277844905,4.406285886744509,9.0,6,1.5918996071080342,2.7466793602319894,2.40404338490028,12.010742822319932,7.444162761849453,3.97897276067642,90.60720596299896,2,0
4,2021-04-29,SNF,3.1705863947179505,5.0804556832587595,3.308055024315425,4.934003854617128,19.2,3,3.007042499372878,3.06846745835904,4.1675720466096315,15.258378655963215,5.122356745742353,4.04890142163044,87.4468964899954,6,0
4,2021-04-30,SNF,1.9467192019998352,4.9388156315359595,3.118953918898927,2.5800220985261024,14.7,2,3.5290468761872384,1.8423860624279877,0.9586437863414317,14.409246741648479,4.60854699454909,4.33850831222396,61.48329436035724,1,0
4,2021-05-01,SNF,1.8501834262306416,2.825036659825058,5.871053033475404,4.1791912992009355,17.2,7,3.2885596701281283,3.4136410738557186,7.727137051559833,15.522579348910169,10.0,0.10461473840150148,76.32868206371712,2,0
4,2021-05-02,SNF,1.052553274392651,6.0,5.1429205688165816,3.0346407449170574,17.8,5,3.865265681539249,3.054996754711459,6.271610433636624,17.84246133471522,8.755287483196925,0.0,33.73283027373722,3,0
4,2021-05-03,SNF,2.58252300885647,5.130549191656824,1.4677675073872312,3.279223181116864,14.5,5,3.415240362962303,2.758561263316514,1.2507179850228582,14.132975524986769,8.589851318007065,4.957826953498178,103.97695778633596,7,1
4,2021-05-04,SNF,1.7671542084739034,3.9609913659951537,2.6551695742630708,3.8627506351237004,14.3,6,3.3112014837977197,2.765762134196631,3.715651436928216,17.05887848466444,9.434414062570013,2.244859274836159,117.25265634754648,2,0
4,2021-05-05,SNF,2.4750323371590395,6.0,3.229130776604683,1.2601689798404543,15.1,2,3.277233129207061,3.6032815271815286,3.0763722821146886,13.74773866251247,5.044983842727453,6.3621702793077395,86.5253462749408,1,0
4,2021-05-06,SNF,0.566602361291311,3.161890613049538,0.8758862360831703,1.1177767704693968,6.7,5,2.9238147182189578,2.974618930104986,3.4604467456229453,15.01692692320193,6.052733500530529,0.0,79.9472811350602,6,0
4,2021-05-07,SNF,2.7585137909167656,5.675202938254888,3.3213434878044845,4.623974479397148,19.1,7,3.6308614925027625,0.5260780478506656,2.2053747417377965,15.641103111066055,1.0,3.0929937520127226,73.1644978202904,9,1
4,2021-05-08,SNF,1.7824740747185541,0.7007409719373907,3.5845484582276033,3.6071573245048705,11.3,2,1.5267849687824335,2.003471901743886,6.571837299325853,9.598644012964023,6.544787178727825,2.8563758492971374,107.40007491062266,6,0
4,2021-05-09,SNF,2.2513939164495493,5.241786074616071,0.37443486396613423,1.3821270983916474,10.8,5,1.3235421497490678,2.7752151233466127,5.1804925635577845,14.50707452683542,9.682094603879788,2.4260050024396884,70.58296437432067,2,0
4,2021-05-10,SNF,1.4726160878645906,6.0,3.080910208765084,1.3589073847392956,13.9,3,3.821519830231276,0.8930033960528427,4.581776111891341,13.457711444872139,7.3554283617083005,1.0499173893112994,94.25900314826181,4,0
4,2021-05-11,SNF,3.9309312097733904,4.726945486448534,3.7256173903023067,1.238920118213061,15.9,4,2.9717147763364666,2.8583102825096165,4.201707431291638,12.914454967038818,6.9896660961499775,3.018317126083237,91.84046076118969,2,0
4,2021-05-12,SNF,2.562246960180297,6.0,5.871053033475404,3.5753373069618295,21.0,7,4.233257488200608,1.5891347835269247,5.364184647589053,17.939572644287146,7.524303421066496,3.260312615587038,100.82799085662488,2,1
4,2021-05-13,SNF,1.0515718747699876,3.3116142208819577,0.12799159886959321,1.503897013701907,7.0,3,4.073839308507222,3.368617609466682,4.541483526597488,9.479719695901295,2.959340151741219,6.422134026905088,74.14380786113105,3,0
4,2021-05-14,SNF,5.671024091647589,5.96078301018837,3.6531158006781075,2.2364033912388486,20.4,4,3.1269948882758434,1.3707072049520914,5.638282793689333,12.171200201997607,4.679593985276961,0.757737991028459,100.83973171092019,0,1
4,2021-05-15,SNF,1.9182399773429608,2.962809288953871,2.3598610196742205,4.168612704325307,13.3,6,4.842945442123059,1.6678385806123417,1.3584737606066541,16.393761839137568,8.008056060762202,0.0,95.54053736228651,2,0
4,2021-05-16,SNF,3.1269127115311433,3.5283986840069077,3.6307421873830537,1.1044994562426467,13.3,5,3.225219786454195,2.1858626525347966,4.841200494344762,14.92817326732068,3.5236037745912525,0.0,106.52077653833197,2,0
4,2021-05-17,SNF,4.149569965696326,5.3291524617422015,4.255691637160311,3.4773561664600003,20.1,5,2.3501965880480267,2.779840526940999,3.5631249827708853,7.8689641625214914,6.1108200122835035,1.281213885872643,60.45749197921424,4,0
4,2021-05-18,SNF,0.8470917505795241,6.0,4.863632677279596,0.3099776625543669,14.0,7,4.757772714684724,1.9770293991113244,6.269508581620535,16.046433158201683,6.874433175255607,2.992280737284731,78.41424174624801,1,0
4,2021-05-19,SNF,3.3936902811363834,4.305173157228512,4.743302138796561,4.981590156923701,20.3,4,3.529933043621522,1.7989274022356678,3.3383247928037685,17.081426155167012,6.3974304217161935,2.0369697264644637,70.07472935055645,4,0
4,2021-05-20,SNF,2.9404100314034123,4.5808308425209425,3.659179865855651,2.353134565110977,15.8,5,2.478470029678169,2.3430620830958486,1.319826878611957,13.678142779486924,4.334099162836248,4.136036174466683,107.45121366977024,4,1
4,2021-05-21,SNF,2.660786533947579,3.311859015981077,2.7279571457363314,2.7643150727790786,13.4,5,2.115755723330005,3.102487475085892,1.7941172785708581,13.764317972301653,4.181146237305008,2.4117479426563557,113.54209157590385,5,1
4,2021-05-22,SNF,1.1697340695332172,5.986084716729842,2.0537673486124164,0.026203711069649638,10.8,5,2.467465268563866,2.0270841774428323,2.2335956668402717,10.58491666356817,4.393110652451694,5.628079876422477,79.88785496644232,5,0
4,2021-05-23,SNF,3.0906927107833977,2.059683581279063,4.868957001789754,2.598506514017572,14.7,5,4.342492129442519,1.4367088082354105,2.4197626859530317,18.61590792848421,5.958693022565496,2.6527007826627185,66.47458797040538,3,0
4,2021-05-24,SNF,1.3508637989374281,0.5729336681233586,4.017290628480142,5.076358336904574,12.9,5,1.7121326740993599,0.9735604131055937,2.761392545550928,15.566860102917618,9.35414256662111,1.8534370980850088,73.22671323321342,0,0
4,2021-05-25,SNF,3.1887740926318235,6.0,0.40495396607838874,1.2421132571686146,12.6,3,2.407804147481992,2.408348482725795,3.775278088764318,14.284468805953667,5.696225960525022,3.315593437869085,80.08550918500131,6,0
4,2021-05-26,SNF,1.6969925958999497,6.0,5.16416141975847,2.956021246008402,18.5,2,2.9254707461619405,3.4842147102561527,2.6197926806163285,12.89572481701087,3.8027862504857435,0.0,50.25801284018114,2,0
4,2021-05-27,SNF,3.5319066917366495,6.0,3.960180575908344,3.7945325751984615,20.2,5,0.7016965736695084,1.553254410017912,4.417021588969778,12.158548215870889,8.157738311474443,1.2555962359451236,107.41575038945489,4,1
4,2021-05-28,SNF,4.745365403554755,4.7899694485554605,2.8149370206679265,3.1578134118580357,18.1,6,5.027856513851313,2.2957926137890947,4.726963241398957,12.420063054107525,8.906659036046598,3.6148289569545784,93.25760930270575,3,0
4,2021-05-29,SNF,4.652069138890253,0.4400314141918007,5.11393800332803,4.899583514919815,17.6,4,4.898057373772649,2.3315715850830254,2.503285490301686,18.76303987248006,10.0,3.6558894373657917,93.07420773210453,6,0
4,2021-05-30,SNF,4.775074182543164,6.0,4.332368455513658,1.9070672730486933,19.9,6,2.854549911545442,2.6221311224361186,6.77276602698024,17.543625584907833,9.22295480860119,0.0,97.087550853814,5,0
4,2021-05-31,SNF,0.20757981428833983,5.443417458443957,4.829409554197612,2.6382802907685567,15.3,4,4.958386332109945,0.8386693184030137,2.565797928951527,16.795978871171314,5.259015078158927,1.9155058698123293,98.22844853463478,3,1
4,2021-06-01,SNF,1.5129837056927093,4.97453853046185,2.844336939478697,0.0,10.9,3,1.3661774150758492,3.6494134979245088,2.348004781020351,12.168798013154289,4.946635413116047,8.395045112014552,120.0,4,1
4,2021-06-02,SNF,3.5764563581083415,6.0,2.0013791497468656,1.7394634460853178,15.5,6,4.361003237892892,2.4827339181832078,4.019524722599168,11.601480919139911,6.826789417996663,2.307739064292207,96.29558043878663,5,0
4,2021-06-03,SNF,1.675346283172725,6.0,5.611931590708276,6.0,22.5,4,4.10615921753446,1.0420108933758792,2.4509013341518306,17.737028598890248,9.705633971183632,0.0,77.96228612170623,4,1
4,2021-06-04,SNF,1.0609417467971967,4.804757644371321,4.911641391645194,1.7529027417712622,14.6,6,3.7739395364922856,4.262443930895449,4.237362883998569,14.760165949833231,7.923804368912485,0.0,48.89901426883354,5,0
4,2021-06-05,SNF,3.124816810607639,6.0,0.32989667587360916,2.333978619255163,13.8,3,4.107793124506529,1.8691969054842503,2.3762421398485962,11.204845054228608,7.833233662274094,0.0,83.45186308165384,5,0
4,2021-06-06,SNF,2.6013930738009097,5.862992028633383,5.871053033475404,2.34956017593139,19.5,5,2.7365759615553458,2.424579044228374,5.260742963997929,18.191943565581845,10.0,0.0,108.01581326500147,0,1
4,2021-06-07,SNF,4.279823219431547,0.4028086483658262,3.0917485087585312,0.8579854407121476,10.1,5,4.493057211991042,2.747423644012649,5.50089244519568,16.34340340153503,5.427580510661274,3.498139952834422,73.6895867936338,5,0
4,2021-06-08,SNF,2.0809302679879567,2.862764977519086,3.578096506099391,1.6282077000697337,11.8,7,4.189253465157952,3.0077154007133218,5.897742739815587,13.678793408466364,9.539603057837008,6.890270664372696,81.81308906815273,3,0
4,2021-06-09,SNF,0.979124727263984,1.4941183853197606,0.0,4.602108272276698,8.3,6,4.233417530485117,3.1455821165535647,6.0721782747038455,10.510987077798756,8.573280800706812,0.0987536243599596,93.0176192847552,3,0
4,2021-06-10,SNF,2.215996402171677,5.922835435764872,2.2938486607715123,2.2332685878289027,14.8,6,4.5100435552165035,2.5320269472286427,4.414756193504969,6.3358097048987965,7.005317492535171,4.264896047087696,83.83766556625409,3,0
4,2021-06-11,SNF,1.8687152597880876,6.0,4.7806216262892,6.0,21.8,5,3.8835428051436383,1.4202668149294215,3.786703643619945,17.934685021313054,3.7574302722884876,3.405784062512417,103.80304962356918,3,1
4,2021-06-12,SNF,0.8694576160871399,4.87884650195287,4.0787015872984,6.0,18.5,6,2.5718190734330015,2.028451351458461,6.797237758393318,15.84605525975562,9.252218283301854,2.306548417808268,112.09177060098098,4,1
4,2021-06-13,SNF,1.774287856429967,4.707336589248889,0.0,1.6137562857002359,9.4,5,2.686237628300984,1.0162134334720831,2.496321557193496,13.836712400975378,4.805440342119337,2.2164074204757913,60.80183749331063,7,0
4,2021-06-14,SNF,0.9654266528399271,2.9636226833678707,0.8888509364260175,5.366588701158437,11.9,5,2.679497894029108,2.4500931126848235,4.4264834472632755,16.739766867334325,8.631735609458842,2.8761858196026258,66.85724799568543,2,0
4,2021-06-15,SNF,0.43486484550819027,4.4997036001699255,1.9766591565948444,3.999209560197294,12.7,6,2.558221016652759,2.5769897303580556,5.596980537992633,12.06706669116451,5.9928635643487125,3.206129604728921,92.06957704547388,4,0
4,2021-06-16,SNF,0.9529140804191241,6.0,0.0,3.570431569885508,12.3,7,3.296366396625646,1.7911146659059152,2.6933287932768493,15.686350748197324,8.205454297904327,5.112488781802335,100.83625309723078,1,0
4,2021-06-17,SNF,2.066177980890065,5.048049168461889,3.040420960329641,0.0,11.8,7,4.906380786468946,4.894701149849412,3.945655604577799,13.753331903270091,3.692007606307482,1.6662559218889208,100.7115232334213,3,0
4,2021-06-18,SNF,4.747858025057273,6.0,2.683361510304613,4.905082739984442,21.4,3,2.5604319104284428,2.8950016011845565,2.2119011254719645,16.013150980830112,9.066098097563492,3.608085152952416,99.30821973355363,5,1
4,2021-06-19,SNF,5.714599613191041,6.0,4.156089203404153,3.4702873743935085,22.6,5,2.2193588711707317,2.9134080648355196,4.071923924086667,11.604983146240503,9.792866570878981,8.251724572146863,54.32414131427294,0,0
4,2021-06-20,SNF,1.8305761123053954,4.314824533753718,2.39856537387268,2.6620843016728584,13.1,5,3.575387513763897,1.789752719961434,4.1084048870456,11.359069681212182,6.180379972237056,1.7541947809427767,62.76243330576642,1,0
4,2021-06-21,SNF,2.336555936832244,5.444327175965304,1.9718072255823584,2.441502799358679,14.2,4,2.9788084561917216,2.696802454796799,2.8314910920024343,17.649080328511566,7.109398701055108,0.0,104.80236184818064,3,1
4,2021-06-22,SNF,2.619134430162942,0.03853872134294445,3.538841803944922,6.0,14.2,6,4.25517418879811,1.846388093996921,5.845002767208277,11.665055758465334,8.669231707218398,4.6458594313462,78.92643408215552,1,0
4,2021-06-23,SNF,2.010552349474054,3.394068783941569,2.6114823357511843,1.872010816946221,11.5,7,2.9068702290277337,1.6675538081093801,5.365779429225654,13.826961497511238,7.385101169531247,2.268872119167978,76.11626213525697,0,0
4,2021-06-24,SNF,0.243410219376333,2.963745344737842,3.8731078335794185,0.6027865391835083,9.0,5,1.5238414484942022,1.8826960537923305,6.620874882548288,13.669471322621767,5.496540643264346,0.6175306491032173,69.02132749018533,3,0
4,2021-06-25,SNF,2.380693432082528,6.0,4.663986074634347,0.0,15.2,5,1.24871143825873,2.999575759717604,2.1623509279533257,17.025525423269894,8.167084173651864,3.1849999039277055,91.1056474804621,3,1
4,2021-06-26,SNF,1.8416243702147725,6.0,1.3711447870479532,3.2386361423310968,14.5,4,3.478110305570076,1.3079361832585858,3.9942511534133884,17.36162503905198,8.224810402211512,0.0,99.27496928608038,4,0
4,2021-06-27,SNF,2.516833865733493,4.773683605968845,1.5293279084578892,4.824690443356472,15.9,5,1.344227888029787,1.6081400159570889,2.038444913748349,2.498704065012501,4.320116338802274,3.1429843996357563,86.06761004779203,4,1
4,2021-06-28,SNF,2.4651363667571355,3.1612992512133906,4.44339753049596,3.5361887785663235,15.9,5,3.345192603118372,2.089247610067623,4.553884783425841,16.499136818422762,6.61359153221966,4.369765629719891,76.49176019653443,8,0
4,2021-06-29,SNF,5.143768737743027,5.2776319971889745,4.120772087810138,2.0130984110853634,19.3,4,0.0882482954035293,1.2777619870389507,1.2605622328720723,18.32195058237838,10.0,0.0,100.60685557013178,4,1
4,2021-06-30,SNF,3.721166555607247,2.3570926836901815,4.650662105604248,1.313009741848121,14.0,5,1.0984883321680208,2.080158317745957,4.059047200416884,13.848379658703474,5.899058360601753,3.965984644437319,79.49741490584174,6,0
4,2021-07-01,SNF,5.3529101228458424,3.8659287401865217,1.9821998293432137,2.614830487129372,16.1,3,3.1463722726877346,1.1380056518396833,5.2210577708720365,10.41769835143521,10.0,3.0416279386520566,120.0,6,1
4,2021-07-02,SNF,3.6047457213968377,4.113471337968232,2.396597277179784,3.484501759324324,15.9,6,4.309926195604325,4.097473681778894,4.0582490202344355,15.325230890125797,3.6975993165170675,1.7986828707042815,54.7407869728423,6,0
4,2021-07-03,SNF,3.1061040457555267,2.5872320743202426,3.758108548072083,0.5712213862476745,11.7,4,2.6356551066867673,1.846947151779913,4.539058892288738,16.397987970749284,7.710297432495894,3.865933590640805,61.95059420966615,2,0
4,2021-07-04,SNF,2.0368726893203646,2.467778010888,2.932719786293127,4.823744013512366,14.3,4,1.5435992849481661,1.843844116074512,3.043633955227021,18.584418755396907,6.297725123090942,2.107325115812783,96.61473997549533,0,1
4,2021-07-05,SNF,3.683475621036923,3.8860941218759564,2.7108991017889883,4.7765076180302275,17.6,7,1.650489994315135,2.8453377407483886,3.110973579850679,10.505100759301927,5.838774504223833,2.5301987988010435,80.82287966263279,0,1
4,2021-07-06,SNF,1.5452987209827402,3.875079091896459,0.6821510795130292,2.9623261740688234,10.6,4,2.875036173029187,1.8735604771862915,4.639028509825231,18.48645698198305,7.215526745198036,1.998116308961623,120.0,8,0
4,2021-07-07,SNF,3.094819332730994,2.911361714796649,0.8421110221124526,4.531509330823656,13.3,5,3.7787510059491267,2.118391900612324,3.8273246596629127,13.000440271364756,10.0,1.3269316287946178,81.5000141633624,4,0
4,2021-07-08,SNF,2.220270606249244,4.9288115378278885,4.441615724843793,1.627516659936481,15.4,6,2.747529276768406,2.0089040490175076,5.066822582900223,18.48876871700157,1.9877997159378449,0.12954528012538002,80.10468144333069,5,0
4,2021-07-09,SNF,2.949027776355804,4.040330311636516,1.6949270575862978,2.709698325760942,13.3,4,3.2635961749754445,3.065738589510228,5.775349669513812,17.10490372205872,6.237880262112884,1.7394656359781635,109.01164101516136,2,0
4,2021-07-10,SNF,0.9296215946547476,5.749187531237093,3.249767820980601,0.9831373818103089,12.7,5,2.1317144052825516,1.8288496201488913,2.394688846442518,16.77417206625466,6.119878884475459,2.353134694523443,86.03849336414845,3,1
4,2021-07-11,SNF,3.108372934871713,2.7956143898141015,3.7112741012997894,5.264403595340509,17.4,5,3.5805336512058483,3.095020719211508,3.924401889964795,10.593869341646327,10.0,6.27503910162509,92.2997013657037,4,0
4,2021-07-12,SNF,3.9676471500925663,6.0,1.7334506198341897,6.0,20.7,6,2.457919620017251,1.7468116946312213,5.137293942274395,9.188053544920168,8.569990649207956,0.3986603883224844,93.45704758712705,1,1
4,2021-07-13,SNF,2.779762869225851,6.0,3.4912111219863897,4.4140831277166885,19.5,4,2.4969226011099477,1.2084397744983026,3.791104193624377,10.082441103301008,7.57138879355843,3.2247065633445136,78.92074663405214,7,1
4,2021-07-14,SNF,2.7832612162058297,5.716965500266879,5.24388036866544,2.8880018905514424,19.4,4,3.6131201934269117,1.6057679223776509,5.634839888868068,7.935189178307545,5.495183576400991,2.902314022630823,91.36420046441293,4,0
4,2021-07-15,SNF,1.5332375235938178,4.075848428955438,5.427329889926393,3.335456867598513,16.8,5,2.2202576482334315,2.3071044655543615,6.195721123322381,11.7507884473278,4.070931359901462,1.7645785546160235,88.57123709162722,2,0
4,2021-07-16,SNF,1.2981536323492933,4.3354035807628755,1.7421674059293997,1.5328851803283967,10.4,8,4.736183400859666,1.4635551381258964,5.87367054629313,17.133649593255775,9.274511167763965,5.366187353376755,94.59391009843525,4,0
4,2021-07-17,SNF,3.126726596800939,3.2148061187414037,3.414006873297481,6.0,18.4,6,3.331896952374044,2.3295460232307326,3.3072072912323844,7.233031969393497,10.0,5.653274675805477,92.30007729159995,5,1
4,2021-07-18,SNF,0.6701380732780536,2.3681015524009172,0.9701810019503776,0.10160800221816729,4.8,5,3.393087615406603,1.4739622347771908,2.28894698470759,9.025820358417384,3.085563507020982,4.6093848144535645,82.23950541951892,2,0
4,2021-07-19,SNF,3.3999036605118174,3.6368247269318887,4.6936989916079295,5.431710922495099,20.0,3,3.323275187085288,2.7228169984332795,2.9757259467944572,18.092549644852888,7.154299788689057,0.0,105.78799489597219,6,1
4,2021-07-20,SNF,3.259148836020567,4.252268180164867,3.6112815350532848,6.0,20.0,4,3.302336656356365,1.6991188704627829,4.596298229207103,18.20051919401448,2.7346218488237723,4.292003750020258,46.5740870352065,3,0
4,2021-07-21,SNF,2.2965237454142047,2.463852156242668,3.171042255083968,6.0,16.3,3,4.233843958366207,2.8499876419494723,3.468384645123146,11.893007682294053,7.891732314272037,2.7316714973128686,85.35714273931305,3,0
4,2021-07-22,SNF,2.75407801101878,6.0,2.7834168887250805,0.0,13.5,5,2.9316743468535362,1.5582058172538296,5.8296444690937115,16.916826328580495,9.106408159295334,4.9147092742779215,49.15294488675249,4,0
4,2021-07-23,SNF,2.402102464433468,2.0458510433283044,0.0,4.535749702947399,10.5,6,2.406089995303179,1.1510305627525952,4.429535885871127,10.852829718946223,8.405384592786582,0.47586170599346245,77.64692003072517,3,0
4,2021-07-24,SNF,1.5266083266000172,2.5523086788452543,4.213562781006863,0.9479216713398502,10.8,6,3.57073921235751,1.5535859115533386,2.825176388802457,15.04539573771982,5.000773489945307,0.0,75.3534354279099,4,0
4,2021-07-25,SNF,2.5542957316262274,6.0,3.7389913001123687,2.5953860254292715,17.4,5,4.878798564284126,1.3554718129097059,5.182433867694051,17.11368978425104,6.153540565735711,0.529509440864635,84.36474223013285,8,0
4,2021-07-26,SNF,3.449241016288828,0.7132609193343598,4.6812784948070165,6.0,17.3,4,5.226448364774912,3.144887404909469,2.7083241501293704,13.459728792197504,8.451475863768186,2.011898041984305,41.311111013525796,2,0
4,2021-07-27,SNF,2.541423666699808,6.0,5.626086659272165,4.491805087896642,21.8,3,2.3773832556869037,1.4457140424786303,5.115030634587146,14.172242109573684,4.64238166889089,0.0,95.8535245285375,7,1
4,2021-07-28,SNF,2.6745206522503904,6.0,2.6397019009105214,5.1186325910483905,19.2,4,1.9060374062974232,3.180967776594202,4.947184963035553,14.694435797033856,8.38658689114239,4.7428169988936455,46.19402127994855,4,0
4,2021-07-29,SNF,4.793852348522165,0.6819503959154329,3.062002754861512,1.129555905848238,11.3,3,2.8250457654308407,2.6656804031906383,4.737915351136314,15.759253465791287,9.482486647973296,2.2469348015349566,66.58502959368724,5,0
4,2021-07-30,SNF,3.5292997540706446,4.619263925515721,3.2335072387259904,2.074172266447997,15.7,5,1.0935186339404694,2.335036144222469,2.724880054304544,16.585652384254356,7.522631272627532,3.9529259970950252,91.9070250751442,0,1
4,2021-07-31,SNF,2.379682517211411,6.0,1.5306037176490161,4.363659781011121,16.7,3,3.03524117675813,1.6376145736834316,6.375123647525876,13.044674125129553,8.090804944915725,3.4387570967080374,112.35095955472306,6,0
4,2021-08-01,SNF,3.0366573594934283,3.9493705854852603,2.643223016567183,1.779270215913531,13.3,6,3.999339976129868,1.327218000942084,3.739909842959094,16.927960570829228,3.5507438404888934,2.694583563137999,49.42717276543386,3,0
4,2021-08-02,SNF,3.128755584209365,4.6020758084177364,1.3433133786281948,1.2568132339548441,12.1,5,2.147509429535428,2.5595620162276176,5.225174741275241,12.915760111768869,10.0,8.222228170278118,101.31611103261326,4,0
4,2021-08-03,SNF,2.3079269347502898,3.7040681880491158,0.10723446698186656,2.582459936566992,10.2,6,3.7119422233215014,2.6289326096052115,5.747250621553329,13.318071099017832,6.5748414039329495,3.2247047715660315,104.44031621330495,2,0
4,2021-08-04,SNF,1.1331000584776785,4.403318666331536,2.6413078862952055,1.5957555270185977,11.4,5,1.1342141182100711,2.121834830880748,5.433664970172838,15.424944295596086,9.129843695207011,0.9148057891880779,94.03077340463784,0,0
4,2021-08-05,SNF,2.38324934885912,5.266052514237341,1.958681952888508,4.487110055268995,16.4,6,3.974521954801841,1.9177244930701889,2.673032312229881,6.6405015379796035,6.729646550839604,3.5948125879404182,90.44548345358719,0,1
4,2021-08-06,SNF,2.5631925418627453,2.2088784272357915,2.5605601419337223,3.9100788184804367,13.1,3,2.665547227536646,3.6252923777318085,3.1955451757712123,7.422757904744312,4.862496404302175,2.1078123770801374,42.9862608425015,0,0
4,2021-08-07,SNF,1.6547424703233298,6.0,4.491592451729165,2.6052422517320366,17.2,6,1.2652496034692398,2.648771051456743,4.645163077005418,16.23999981213422,9.570211892365833,5.0307746853898045,115.48215451398617,1,1
4,2021-08-08,SNF,1.447694166942313,1.9292868323475618,5.767453633804356,4.714450010945712,16.2,2,2.5837364093705757,1.206779324395124,4.178582572581735,19.430496088164787,8.3733465507451,6.946069031440561,71.08854597529222,3,0
4,2021-08-09,SNF,1.8948868871183882,4.806820809284313,4.986708865401564,1.3053760140472743,15.2,5,3.6890323383958057,2.7774093880284285,2.9058290673334115,17.766292644499767,3.7088009063283445,3.5770897544974125,75.40996432619887,0,0
4,2021-08-10,SNF,0.18806885804815332,3.5892711141057676,3.015903238064513,3.0119359407337676,11.4,7,1.8249528587696016,2.0428536440123715,2.2219325303526776,11.584619748951773,5.221135329795525,2.394761717767114,34.005012130316146,5,0
4,2021-08-11,SNF,1.8426788310962103,2.033581847872461,3.5751121860343194,4.972857820206244,14.5,4,2.5108605440604466,2.3207176987672504,1.9111107677186832,14.33440698003028,5.125303527212115,4.667184364572319,95.45886005755897,2,1
4,2021-08-12,SNF,1.2266734430797814,6.0,2.081090444372381,5.099467762310956,16.8,7,2.466599104981805,2.6684972404905665,6.265081803246422,12.409896121907009,7.345054960734929,6.772132635619193,85.0016193448553,3,0
4,2021-08-13,SNF,3.113610977831099,3.7926713366598506,3.472050247036874,3.839648635811484,16.6,4,3.1348890009190367,1.3712511802722038,5.812102899968106,14.509996443801718,7.264913220551194,0.4289096524222158,49.01393070878045,3,0
4,2021-08-14,SNF,0.9628969980195826,1.4608960961367248,2.3771674239579275,5.366676589283125,11.9,5,2.1221791090117152,1.2117816527212386,3.4079553167619885,17.2440316212323,8.34578961372863,2.583623575872638,97.0825343804805,2,0
4,2021-08-15,SNF,2.680024019779511,6.0,3.0045381917490657,4.121185949568042,18.4,4,3.143039672733022,1.8507910492754964,3.2407065795195216,13.076978031780769,4.188838392239733,2.602794672520976,77.51253567760348,1,1
4,2021-08-16,SNF,3.2485577836890096,2.0701075556176893,3.178966569555976,6.0,16.9,6,2.9104049521950044,1.2209642226963233,6.196764042940569,6.614767351703336,9.159364724681929,2.1789113625289267,49.373752401328645,2,0
4,2021-08-17,SNF,2.6932228956071196,4.291767016781227,5.083561163116797,1.8802868051850588,16.3,6,3.831079852808211,2.192252233327257,2.5563977938464317,13.933753043023101,8.600244107953197,0.0,57.199960587744954,3,0
4,2021-08-18,SNF,5.040131951475756,3.3389140425442787,4.594377841844623,5.62775881195364,21.7,4,3.0515259086776183,3.6758812848322417,7.461641262899024,6.896045172345401,6.684289910056617,0.0,120.0,1,1
4,2021-08-19,SNF,1.8035819440216034,3.171524588362735,3.790924915024622,1.9605870789756348,12.5,6,3.049938437818552,1.3784109338480162,6.149540472740634,18.07921590814655,9.083143834719216,5.459813890602348,67.20304263736612,4,0
4,2021-08-20,SNF,3.224292313981672,6.0,2.1137756300928126,2.3923104944162894,16.0,5,2.982179787227097,1.8237070636932051,1.1498290218338751,9.27482355504409,3.923832936822688,3.20301134402682,100.0062461995687,0,1
4,2021-08-21,SNF,3.3180174513169343,6.0,4.279084716485213,2.8598855196365056,19.2,4,4.078787920746579,1.267053272035085,4.581615209501813,11.033422646233753,5.325811631832648,5.178402925609622,71.9696361332171,1,0
4,2021-08-22,SNF,1.1611657516062532,1.3687669403668663,1.9884855095344496,0.6611337458963664,6.0,4,4.706833886589925,0.6597714514638542,5.37820501837922,17.232964881437407,8.73170941852398,7.335477140599823,65.31966680151777,0,0
4,2021-08-23,SNF,1.500300326270088,3.517056557724567,5.001790518162748,5.098737328681909,17.6,3,3.517231117317035,1.9121971315217077,2.9666721030162715,17.833078749332486,10.0,0.0,120.0,3,1
4,2021-08-24,SNF,2.5923056530350634,4.38129102765839,4.115866095866501,0.8037211406779396,13.9,5,3.35125790137458,0.8825723224538621,4.5738154626771585,16.390884654721553,7.1409456013295936,0.0,93.36644717535768,3,0
4,2021-08-25,SNF,1.8045301942190974,4.590814412276704,3.198680845138501,6.0,18.2,6,3.9824495842428393,2.8189816091526825,2.0236876896886686,6.402746981104991,10.0,5.135495045923863,38.574960529954424,0,0
4,2021-08-26,SNF,1.4088943366915099,4.265010118521422,3.3903455006742385,1.4371237172662548,12.3,4,1.678868837936701,1.7843870777948438,4.409881920562522,19.71133641550518,7.658479346575074,0.8019465149914984,77.21502514170433,3,0
4,2021-08-27,SNF,2.1475821868212064,4.077794333132264,5.130092572521003,4.596130769878728,18.6,6,4.6123653440534955,1.4359885335451175,3.7412013599925786,15.86971828639812,4.13636668702095,0.9088396997841157,80.29657934810835,2,0
4,2021-08-28,SNF,2.9271530690216947,6.0,2.1061841738270752,2.527550634901805,15.8,3,3.010706640756985,3.924700690379387,3.409588062347279,9.154861348643184,3.09205942124549,2.5632059889589494,36.297873851317945,5,0
4,2021-08-29,SNF,1.8722534723547728,5.338801919768008,3.5392231138502432,2.935522759500878,16.0,4,1.4818771399564743,2.517790870164322,4.265488611283807,15.031519767038292,9.153392080092017,0.0,94.00435531044099,0,1
4,2021-08-30,SNF,4.368324334072874,5.207497824787307,5.058201456596727,3.130146964686685,20.7,5,5.0450291436203045,1.2962972901312007,4.7605970185190305,13.903058599023657,3.7934830433449154,0.05661184728216906,84.28124243194522,4,0
4,2021-08-31,SNF,2.938751268138137,5.966726836460553,0.8481932249956419,0.0,11.4,5,3.2988949801137757,2.3291930446645455,4.092733166595681,13.757673607859731,6.881991411199911,4.646227963806482,81.14418281966735,9,0
4,2021-09-01,SNF,2.8539357071801676,5.799088353458062,5.0115820470670505,3.5294369279850697,20.1,2,0.9942436236646678,2.3583976967451172,6.356138066220094,15.896681517846247,10.0,0.0,78.08816914030906,2,0
4,2021-09-02,SNF,3.4625059963986695,0.0,3.490083144724841,5.363958502590502,14.4,6,4.516119646442928,2.049820562777679,4.980270699909218,19.023422104610027,6.726031909937079,2.235226966021653,80.33532887473682,5,0
4,2021-09-03,SNF,1.060764178883191,6.0,4.04086897482511,2.407108069518529,15.8,5,4.117513444519879,2.1712078817596643,2.6547717523848178,16.178979943134998,5.325226773682542,1.3562931871338373,56.9146462410679,0,0
4,2021-09-04,SNF,0.4453730340811175,5.480844709382769,3.8899659830526025,0.435722409093389,12.0,6,3.1758605022133097,1.3755220734758429,4.759324627442976,10.434469678076098,4.279639739230905,4.798377147887303,83.07729421277085,1,0
4,2021-09-05,SNF,3.220825521261832,4.000472631909002,4.982229621311875,4.8058410173983095,19.8,4,3.0014434517980444,3.378630217952901,6.590042992669602,17.383063641131315,9.227274862790702,1.6944271710201935,65.44204778256623,1,0
4,2021-09-06,SNF,1.7026468789652427,5.125525421166819,3.211923345080884,6.0,18.7,5,4.285803348611383,2.1050391556158936,3.748559487866897,12.369810708104543,6.550994094142567,4.297672932160553,80.66899277336823,6,0
4,2021-09-07,SNF,2.102952396118738,3.4623428589321703,3.606950160366471,2.4948997695489936,13.6,5,2.725154842871771,2.0320530882779524,4.798116711615734,18.08250714681216,3.795370476389356,5.219165383681612,44.90753062707154,0,0
4,2021-09-08,SNF,3.1274266183222728,5.99704894348509,2.741178201428417,2.8738827532760594,17.2,6,3.5522968030890043,1.2484636658686732,5.387340098991414,16.276818613609393,6.066630146812946,0.0,81.36650952814483,2,0
4,2021-09-09,SNF,2.033299377343508,4.063569629551495,1.0488067480249712,5.484458114267671,14.7,6,2.327815345976239,2.246285055723571,4.127979040499538,11.51649650821027,4.5963784797058675,0.0,89.93078748780762,5,0
4,2021-09-10,SNF,1.283619154245765,3.6272487716375035,2.1711981339905524,5.146149743078994,14.3,4,4.199016514425728,1.5479511944591462,3.285987741054763,11.341350824687833,10.0,3.21867002107133,110.07478288812543,3,1
4,2021-09-11,SNF,4.776016238509051,5.739422982455399,3.273380172320216,1.7097418498083927,18.1,3,3.5229207019863846,2.69560185097057,4.257176374822084,10.65623101680926,9.963125622368533,2.6627050437107913,85.53137090356364,2,0
4,2021-09-12,SNF,2.6686634997571588,4.37210408314249,2.5756845017480963,2.0826745828658417,13.6,6,2.8808728229689473,2.7484617860201888,4.15947179082989,5.505802752948464,1.7660989632600606,0.0,110.7294664233909,7,0
4,2021-09-13,SNF,0.925105585802815,1.9731330605257407,4.858967922544548,4.815249078617661,14.7,3,3.5833435102770133,3.3234961374593217,3.4901296322900874,11.06122013482596,7.3773559769810015,0.157121553511117,77.42532812468701,5,0
4,2021-09-14,SNF,3.818475493433034,1.0252450572758955,0.3775971927130415,2.659314721901531,9.2,4,3.043721901283658,4.087244450100478,3.255040695416446,16.674720557830216,4.381803238486729,0.0,113.98351145921302,7,0
4,2021-09-15,SNF,1.3183697779234196,2.9772919012768657,2.249379251229538,5.672953382658583,14.3,3,2.1743100012674152,1.248140355221795,3.6014245839854455,18.48688719737454,7.666721771714679,1.3424698757975708,103.66818088061484,0,1
4,2021-09-16,SNF,3.4623604960889467,3.755679079097418,1.1310786909142923,1.0266603686084461,10.9,4,4.265571415187696,2.24868080659514,5.576288218743109,13.5354626424627,6.814453683372826,5.135086229361233,60.568724601952766,2,0
4,2021-09-17,SNF,1.436590567127457,5.09245113629153,4.432228979151757,4.031094675575627,17.5,3,0.6686180365412914,1.194515390029307,5.9705306528369455,10.735812684499967,7.114022020849701,2.2087601171430826,79.65552919765403,3,1
4,2021-09-18,SNF,3.186900846942384,5.442005427792341,4.18926523945548,3.2344506786215743,18.7,5,3.7147414423435148,0.9288659002253421,4.123134158792312,14.423029649042647,4.49108936123544,1.9183513089544286,103.73403746583206,5,1
4,2021-09-19,SNF,1.8383833718685478,3.684352610685496,3.973008602385466,2.850893383424041,14.4,5,2.576838228815791,2.601619221999238,2.8980440869568542,17.546636837253217,5.520287731341283,0.0,44.024522294268706,0,0
4,2021-09-20,SNF,1.7399116637047192,2.876544857277936,2.2441129056653497,2.810343611666516,11.3,5,4.751791754615491,2.677443048689459,5.15753372442821,15.768027690187502,8.958389576908669,0.9682789804719674,114.47158848850844,2,0
4,2021-09-21,SNF,1.7196688418809587,4.167316801511841,0.895013131486434,6.0,14.9,3,3.576830517381881,1.688498661139171,2.9488220683390094,11.259027867488154,6.476108540598302,4.013181358799375,66.6376834975017,3,0
4,2021-09-22,SNF,1.143816088764001,4.8758900055120105,4.205538327851923,2.2177951802707887,14.5,5,2.299943505947917,1.6654771772307941,2.8488860813823735,11.141468008881713,10.0,3.9921501787078246,120.0,2,1
4,2021-09-23,SNF,2.621090044790164,3.0587298260552176,2.6834522678867696,6.0,16.8,5,3.2485828593963615,2.1811882453004814,2.9174400928987563,12.945869270847759,10.0,3.2963591431738175,101.96264022935581,2,1
4,2021-09-24,SNF,1.0532235436048634,5.7535634712059,5.871053033475404,4.206516145914481,19.7,3,2.387013502127348,2.644388088038944,1.693201535802793,17.774940459437556,9.086129743856521,4.561027956926415,100.77755783550883,2,1
4,2021-09-25,SNF,3.147214811849634,1.491759341669205,3.9395543173444487,3.6139360748091214,14.2,5,2.3551277058705087,2.4415888032600392,3.542176970218679,13.414583639308848,9.964274493849263,6.545899444675664,47.39917144921614,2,0
4,2021-09-26,SNF,3.9136281926420136,6.0,1.3715980326798771,2.75658690168461,16.4,5,1.8730278387718862,3.206944600334771,5.180804325844626,15.521243916482835,7.743262249156221,1.2091052903163004,88.44582744891073,4,0
4,2021-09-27,SNF,2.434057575959409,4.883712119762237,4.320631245678297,2.195869846725281,16.1,8,4.118101548506513,2.567819076357633,3.8021975256192597,10.261339584738426,3.4524197350003645,2.2543800259905282,55.76648907226087,3,0
4,2021-09-28,SNF,2.590472411587168,4.362171199390074,3.260976434597059,5.841704484164579,18.7,5,0.6535043923669069,1.6492713256434215,3.62073993940918,11.477771580662806,6.467833199785997,7.229937793991496,73.72869645228094,5,1
4,2021-09-29,SNF,0.6457669177847498,4.841007491041836,2.3964642532261773,2.603342329287096,12.2,4,2.5584364505243093,1.8145236331726466,6.910658290020054,11.842738353276298,6.938074655432415,0.0,75.84191154499882,3,0
4,2021-09-30,SNF,2.3601907671266784,4.919712779932382,3.2575073875554925,3.244028696266882,16.1,5,2.630472618040911,1.4851566989143121,5.728253976132427,11.884926236086741,9.035651895901946,0.0,102.70292215401223,3,0
4,2021-10-01,SNF,2.4987302335585513,6.0,3.9386098799967977,3.1036217367460663,18.1,5,1.580292613516535,2.555606186476415,2.538928709711764,12.174682409350243,6.270667991260045,3.188444015511154,85.40952688538273,0,1
4,2021-10-02,SNF,2.389777846897003,6.0,5.0673189768431195,4.247508298498017,20.7,6,3.442531777698232,1.874991771521612,5.07496852262721,15.706976634917462,7.576466779399724,0.0,71.95291663760828,8,0
4,2021-10-03,SNF,0.0,3.2170933894672595,5.535633065281811,1.116067131145672,11.5,3,3.2801393028102335,2.1155267431259066,6.083819922932934,18.776151231264578,8.472551096855813,2.8110040644918834,95.89974703107202,3,0
4,2021-10-04,SNF,1.2881327152981734,4.934256397944502,5.013303347661651,4.146470564456066,17.9,4,2.6876996270822633,0.6539265542227444,6.465452705096171,15.807664893478044,9.898503737320478,0.0,76.87153924091803,1,0
4,2021-10-05,SNF,2.077346151645748,6.0,1.2881965003593423,0.10262073682183115,11.0,2,2.8185566642356945,2.473676077582279,4.49365987556507,11.751285851085951,5.6227682697663965,2.3395600237370786,99.35692643696596,1,0
4,2021-10-06,SNF,2.322583138555201,3.8543012336848204,2.2371262488407946,1.0426431982694015,11.0,4,1.6339618772320195,3.888137082556744,3.682051785712083,7.95362966413585,1.0,1.5857718809374437,90.08910217393975,1,0
4,2021-10-07,SNF,0.1407122396013698,4.118954580869979,1.74760562944862,2.836157388316336,10.3,4,3.0765847230472985,0.5536024047809056,4.44134569761885,13.172465839682637,9.756470822291554,3.46553173322705,97.77918161078371,4,0
4,2021-10-08,SNF,3.029396390267213,3.476330256530942,4.041048739436,4.66648623345542,17.7,6,2.5263633311761726,2.1257977012046427,3.1745783828589413,13.7253734354003,7.780330242598989,0.0,92.94930934559063,0,1
4,2021-10-09,SNF,3.453158634366941,5.594968075692405,0.30185337041974225,5.053015558444425,16.8,2,2.3675777043163913,1.7885131754023844,3.3927215104906874,15.1759462853429,10.0,5.7576305385312265,91.94559400882328,7,1
4,2021-10-10,SNF,1.482107986766617,3.4923104854223195,3.1190747984424663,1.4841105697287122,11.2,5,2.087587643248142,3.7100808826518925,4.739806226676091,13.004119525943324,5.3654123569084655,4.22678345004633,92.9959082386539,2,0
4,2021-10-11,SNF,4.25212376204343,5.509804750025165,4.338541984146001,4.204567479529406,21.4,4,3.9760311358059655,1.8500647232188325,4.444751832493957,10.240985929282859,6.747999168101675,4.4756981578523485,52.133500713974925,3,0
4,2021-10-12,SNF,3.333304933790492,5.129346075663188,2.966003807090857,5.335676423723465,19.6,4,4.0085494712725325,3.86513942311937,3.8066927935659884,3.3334618513554917,9.017271376038899,0.0,77.93524948373813,6,0
4,2021-10-13,SNF,3.6330428820484455,4.6100162220277765,2.2858566945320877,6.0,19.3,7,4.186105560456259,2.4138852165155242,5.3174241711876995,12.185787102895715,9.746296775895846,6.00634035111069,71.09208467924921,3,0
4,2021-10-14,SNF,1.420476903021352,5.004434743581193,2.5555315290330576,1.9315260671534369,12.7,5,2.94663221604032,4.018027534494911,5.815231451561084,10.645637192008355,8.357495022144796,4.718051645661237,46.70882661306507,8,0
4,2021-10-15,SNF,2.183958854005461,2.904982081746615,0.578483571846185,2.766223102033079,9.8,3,1.7249692472869622,1.237579338715796,3.298508870289864,17.538408137274757,4.743513922822953,2.4013228962265805,88.28309172902449,6,0
4,2021-10-16,SNF,1.0635427654430518,0.0,3.2659853273237096,4.613518950282392,10.4,6,2.9328961880158664,1.8200099384762833,3.8298719886563877,13.034233106453046,8.367523354553356,2.046636065897663,41.71342450355746,6,0
4,2021-10-17,SNF,2.5144568648894627,4.004266660511643,2.955564098295203,0.6059357110742769,11.8,5,2.893186714754142,1.071438722160358,5.996609610231242,17.399981466471328,10.0,3.23139701155343,65.8811732313152,2,0
4,2021-10-18,SNF,2.175618060106005,6.0,2.7700101571325586,5.680984295502832,19.4,3,3.43704288070172,3.4793989674955395,5.081350508917498,14.122774453985267,6.295653610674438,1.3254957772854716,109.282780037188,5,1
4,2021-10-19,SNF,1.435553776952792,2.16105192370625,2.7651284653921326,2.607400466210935,10.5,2,1.0852451640362615,2.1399991735908297,7.5754263456608975,14.09026091721697,8.110655156597813,6.767915523756383,110.62624871308527,0,0
4,2021-10-20,SNF,1.3848948100580825,0.3711035756962182,5.196490772253215,5.825594957745982,14.9,6,0.8147342079350691,3.5849417357572606,2.8412869942527283,14.616813684715819,8.92727733986653,9.259008253765858,55.94973341678685,1,0
4,2021-10-21,SNF,2.1582569203525592,5.60206782893961,4.559034362045294,3.611405770946045,18.6,5,3.2885490291669477,3.858397530186565,2.977766554037008,6.157565520936,7.290482814906723,3.131195704595944,113.21558780574341,2,1
4,2021-10-22,SNF,2.205306141642465,6.0,5.425076424197535,4.348458703939254,21.0,4,2.8615204436735593,2.896249199412226,4.581660205013413,16.75302806898631,6.992524016790354,2.184728925847871,42.50960976140476,6,0
4,2021-10-23,SNF,2.990632499804152,6.0,0.9809867148255794,4.652025760294214,17.1,8,2.6259765112855957,1.1936347363306592,3.6351749664846325,13.916989709134802,6.969012137288738,3.9738672398894326,67.80754946916649,1,0
4,2021-10-24,SNF,0.8962951968103653,1.822672632545013,1.0006362403388653,1.6159421989461478,6.2,3,3.426618189406474,3.022333870441823,4.012294963411287,12.34156925896638,9.713985991574996,0.0,86.60355487446851,3,0
4,2021-10-25,SNF,2.263726332857334,3.9078082933889124,4.426832161690959,2.4430432401128175,15.2,5,4.725884529880126,2.073279207193035,6.60365928026213,12.92273838774313,7.8044028732660475,0.0,98.58242969134915,6,0
4,2021-10-26,SNF,2.32334695627244,2.6735032054747108,4.095987412244494,2.9620964714461326,14.1,6,4.205326284458088,0.8293166522649495,5.528824209732977,14.105818116662164,9.212137119585996,0.0,110.0683464222969,1,0
4,2021-10-27,SNF,1.2571167927295468,3.625356664468536,1.510179969165744,3.3878726557186134,11.4,5,3.6955420084374317,0.7612586648719386,4.532907980883799,16.26903921719757,9.967849554045653,3.0307125900999523,40.7675874680919,6,0
4,2021-10-28,SNF,1.6078892509211775,6.0,5.871053033475404,0.5079897772285921,16.3,6,3.1941322605209947,3.9139091664985,3.0670062174528425,11.711266783750627,9.098090893495982,3.056839408046726,75.8579266104284,3,0
4,2021-10-29,SNF,1.953882078980109,4.825471290740445,3.018129385785062,3.6930483045822275,15.7,4,1.066590521734413,1.7997308306183297,7.064090491961548,12.826294152292956,10.0,3.0340807763247395,107.4291465821687,7,0
4,2021-10-30,SNF,1.4084304314376186,5.543133345584699,1.255358114196607,4.464663082540046,14.8,5,1.4466522624629028,4.224112151521129,1.3190135993140188,13.93525273764904,9.385324425792692,0.94281176455453,99.81098286702449,4,1
4,2021-10-31,SNF,2.292236066281939,6.0,5.08578406786374,4.979570462947426,21.4,8,2.305353156231624,3.729815348373153,3.695647060134356,18.111117912084296,10.0,6.807883683870187,89.40260386877246,6,1
4,2021-11-01,SNF,2.1358999578692845,6.0,4.036194172773868,0.7643282785984107,15.1,5,2.663460744973333,1.1827742666994974,3.5062950771043866,18.68135308590504,7.201354199558084,2.8765677428350562,96.01870739501896,2,1
4,2021-11-02,SNF,4.3069862268190615,5.301592275801704,4.0908119538675525,3.6875162421445786,20.3,5,3.7332382681781366,1.1220593186667651,2.8124368431470925,13.201299353987892,1.306373064630037,0.4961925031224168,85.39144301672995,5,1
4,2021-11-03,SNF,1.3393992402680854,6.0,3.054842462381873,1.966341871912654,14.4,4,0.3508233216707465,1.536401617463424,2.0648946770377887,13.015643769061802,8.119298349938816,0.0,105.99621346899804,6,1
4,2021-11-04,SNF,3.20143638798759,6.0,4.289432045588161,0.0,15.7,2,3.015703153634211,2.1456684962699195,6.011725116790334,14.666975947856958,5.99030553311607,3.8531318896879663,39.23173091659639,6,0
4,2021-11-05,SNF,3.430623789874259,5.31812718099931,2.150423123782302,2.379604218632237,15.5,5,2.8829696711862023,2.1773840762172174,5.3421293980755005,19.174379825313007,3.940540844826046,6.563776112951898,41.85592710672928,2,0
4,2021-11-06,SNF,1.610711366449868,4.544001281828187,1.8614499944979563,5.333496286385584,15.6,6,1.8974805716786167,2.7416595297111037,3.62570948456841,13.772054400672085,8.073500586465727,3.945786188339555,74.55011522539327,3,0
4,2021-11-07,SNF,4.341854876413505,6.0,2.764917012500557,0.7378471514271143,16.2,4,2.296674489405205,2.3747602409922215,4.350989228909034,15.709491678931574,5.171832704289326,0.0,73.54909057011353,3,0
4,2021-11-08,SNF,3.0231697037556153,4.545781431720782,2.631417234387338,4.724971221052244,17.4,4,4.241675563234703,3.351708560073872,2.021474911236487,16.105634511702153,3.9128917994415082,2.733412128382806,83.40827214188766,0,0
4,2021-11-09,SNF,1.7080414958391061,3.3505451160591786,0.14012711868286898,3.0834309964490028,9.7,3,3.59117481016205,1.4861765090325045,5.416532344663141,16.76714960198613,6.508158813718974,1.3616752277039676,41.116755300144455,2,0
4,2021-11-10,SNF,2.1843643925898437,2.708769976067993,4.437642920967477,3.490484444124929,15.0,4,2.6272414018752706,2.5216448926893964,2.3244196542087603,13.007134415131558,8.174436349956448,0.0,88.384194201845,2,0
4,2021-11-11,SNF,0.6941501825613074,6.0,1.2764778943706492,2.4093849944633,12.1,4,2.5975101593084844,1.09288329527623,4.10079008810963,16.82791697875885,9.727536568404908,5.68690494832778,81.46592648093258,3,0
4,2021-11-12,SNF,2.015150825443763,4.610127723003659,4.240709202801655,0.0,12.7,3,2.397139679813643,0.6239536378675596,4.137411047654301,18.882795673068983,6.1607586648466945,4.225335397548304,100.10050266573484,1,1
4,2021-11-13,SNF,2.23389661184143,6.0,4.73529958794212,2.7152115610678185,18.3,5,3.711876783376423,2.2886017506317047,4.283097278356935,10.332584860071599,6.703808516221031,4.709978767733245,92.37963895385333,4,0
4,2021-11-14,SNF,4.419589924975584,6.0,3.2410852434581576,1.8145305548599298,18.1,6,2.772204206062353,2.041958942747452,3.054794809070464,11.494476691222856,9.43181733403118,0.5766875711547677,91.77802850487677,6,1
4,2021-11-15,SNF,1.5441510309562094,6.0,1.8398515360693937,0.06040800357084303,11.0,6,2.411152075343119,3.517204105823237,1.5505744199778162,15.97320638262753,7.9273467159471664,3.789764470571469,109.32206293113832,0,0
4,2021-11-16,SNF,4.358842415578209,4.969206380188359,0.8220581335904591,0.6479375217679195,12.6,5,1.2630145791193175,3.7312802862358363,4.600408002847898,14.642899322466763,7.34193892515354,5.018019714416691,101.89149705352305,2,0
4,2021-11-17,SNF,4.1629619800202775,6.0,0.0,2.666355844666677,15.0,5,3.298648126456622,1.8880381038282772,3.230558685131421,16.395867098246054,9.212802664699137,2.0431344836255807,74.87312496923302,5,0
4,2021-11-18,SNF,1.9747374689149853,6.0,1.960663131946513,4.725039098885358,17.1,4,1.7981814365991036,2.75451255284681,2.0621181267362707,15.721946705522495,6.056442415842315,0.4724435704970835,78.09724983853128,5,1
4,2021-11-19,SNF,0.7019355925838081,6.0,4.730468529692029,1.4710991452301014,15.1,5,3.6890826872620797,1.70072508530382,4.992280778846873,13.20446381767249,5.795782113199481,1.3090730247208056,66.99033558528264,3,0
4,2021-11-20,SNF,1.5332383814046038,4.073189641635996,0.7387206262268238,3.9193387046089265,12.0,3,3.1556880770523783,2.642513950189944,4.58656497000419,5.316587518142422,7.690371446184584,0.3366137784344745,120.0,5,0
4,2021-11-21,SNF,3.554862422176989,4.011726872450739,1.1378449983362426,1.8837890019420882,12.4,6,2.1861972139474135,2.4021563621093924,4.852946124631747,13.577070041268495,9.239186138287193,1.9648323341166156,73.09703694622807,1,0
4,2021-11-22,SNF,1.4610777920637474,5.0212197938415,1.5190415464367253,4.936910339638926,15.1,6,2.4126892386548593,2.327690692521828,3.23401887875406,14.371097560917972,4.866938045587855,4.706683208627405,118.3084572290531,7,1
4,2021-11-23,SNF,0.5871900163499992,6.0,0.9069681032764516,1.2936240956748026,10.3,4,3.6834795357283148,3.6874433075560837,3.247208749475365,6.6173990303974435,4.35139786586897,3.0913099499719046,84.56208382285115,3,0
4,2021-11-24,SNF,1.9527514051548827,4.313003005095656,2.9638534117378974,0.67977891091543,11.6,5,3.1233457272627296,2.0796004298498354,3.344283519129765,15.432757183456024,5.229115438109259,2.7953407268668458,52.72056733182362,6,0
4,2021-11-25,SNF,3.9350804607866325,2.9610295439401617,3.877851813857924,1.8772257007225048,14.8,4,1.5499463997491763,0.9934367896921533,2.986122393257673,15.024751814666546,6.892176610919688,3.173249802881693,87.32813421794602,8,1
4,2021-11-26,SNF,3.731800616171916,3.3767954581816886,2.0883028487779445,3.623239069152518,15.0,4,4.668125476489183,2.8937186184644257,4.352704148177143,12.785020111889335,6.445834938604269,0.4685449152233492,89.90256740389535,4,0
4,2021-11-27,SNF,1.0445171752755484,6.0,4.138852895379508,3.369254558954524,17.0,3,2.56933623525903,2.323868220623187,5.590550032573355,16.972991408879576,5.445852524736905,0.12018985103396052,87.56810627234174,4,0
4,2021-11-28,SNF,1.5396173563731408,4.43366039237704,2.174288522221033,1.4054201494571508,11.1,5,2.3709199702106925,1.5972643792750931,3.445025405179029,12.660721196685165,8.13833177431866,4.450947500804686,78.38946822214064,4,0
4,2021-11-29,SNF,3.505208293333235,3.5657725330945365,3.1258519750602662,1.6932482397597377,13.9,4,2.406075055780658,1.1848541507533226,2.0307111105547997,6.889446936041294,4.105832665061884,0.36458815999232863,114.88263727556776,0,1
4,2021-11-30,SNF,1.0458043199083187,6.0,2.608680321129704,6.0,18.3,5,1.7443595531267315,2.760909391879437,4.545525567928973,11.925683822229075,5.7675942619079965,2.209558389151181,78.98324742716238,0,0
4,2021-12-01,SNF,3.3935529302653658,6.0,4.981576962172767,1.897807997287163,19.0,4,3.6581186458032264,2.4585110350190753,2.521853666727987,18.79229480580194,8.302456893078036,3.5493409656812513,96.13168716335319,7,1
4,2021-12-02,SNF,0.0,1.7941031121659998,2.428294305446257,5.089947536278506,10.9,6,3.1755729880134957,2.239574779952347,3.5891720862054837,14.082195065648072,10.0,4.752890365785722,92.36580331032437,4,0
4,2021-12-03,SNF,3.5126920207620755,3.860718614565276,4.378819429725244,6.0,20.7,2,1.8443257990319153,3.6161338979725874,1.6041290749262838,14.207307332310993,6.349678493129632,7.434017091794682,73.88416119730402,5,1
4,2021-12-04,SNF,2.5377694506936783,6.0,1.1318881225416553,2.0362286955994398,13.7,3,4.4129433680811,3.337314440366308,6.876058978927413,14.821917858933423,9.06386268665428,0.6558492625570382,58.40432036256574,3,0
4,2021-12-05,SNF,2.5361200285416414,4.158351111565963,2.9516165299696264,2.7810956509696876,14.5,4,2.838614753763276,1.8527737642063142,3.162917576511858,6.855942171237684,3.161810856893926,2.113045939048882,96.55516936573235,2,1
4,2021-12-06,SNF,0.31384695691714737,6.0,3.989560482048528,0.7743713642798866,12.9,5,1.526406507608266,2.5927706621297024,2.569933563269854,11.422619699842754,10.0,4.165842612214597,101.0580028346415,1,1
4,2021-12-07,SNF,4.035318762035125,3.5534580231491537,5.5996656566691545,6.0,22.4,4,2.8319084659126905,2.9591265043420765,4.4948863179816305,13.698998371861624,7.199069747159474,0.0,34.2798573100916,3,0
4,2021-12-08,SNF,0.6025903164101929,1.772994708597305,4.89955840206437,4.846062256354216,14.1,5,1.697905006159065,1.3294847686086197,6.328724517232871,16.356560294928165,9.313726255191666,5.181653797006165,75.04784791494296,1,0
4,2021-12-09,SNF,1.8272118907840296,6.0,1.7664940750816354,3.9107913133380086,15.8,6,2.032218007054202,1.2247211389702708,3.963797347007066,12.004859253995194,7.855821832968481,5.30592790563314,65.32973191917422,6,0
4,2021-12-10,SNF,1.9428646515389874,4.628963466027788,3.3733015030857105,3.8801134417835934,16.1,4,2.652550948947029,2.9932474888334064,6.103381057533722,9.36723324119672,6.164574683710183,6.31733368842163,74.31882217129014,4,0
4,2021-12-11,SNF,0.13634965470724603,6.0,4.686752006580887,1.7776097411572893,14.7,5,2.9332906871448485,1.4557501349970603,3.923628588676889,11.331741038088587,10.0,4.088771831533286,92.24379119533569,4,0
4,2021-12-12,SNF,3.063623741044783,3.871810782899249,3.0974804991302287,4.598604601529315,17.1,5,3.6061387832338503,2.010017808992432,1.8286036881991887,14.459260653221325,9.110034953781325,2.175828303070553,98.18674643151027,1,1
4,2021-12-13,SNF,0.3017324464536133,5.56798322637376,3.9542852499357406,5.1863736381356365,17.5,6,1.4749265077513674,2.2841572860387758,3.9241907929793496,14.430196887181888,6.136181796711733,0.0,84.73243898632218,1,1
4,2021-12-14,SNF,2.8525664553540127,5.613698149061124,3.1628512221841514,4.988304515396288,19.4,4,2.92627769034532,2.9231939163963983,7.0486293038680214,14.441121442100403,4.75842346495436,5.3844091810484995,100.06823209490905,2,0
4,2021-12-15,SNF,1.7033182256502606,6.0,0.42010419218417017,1.8561106632251634,11.6,5,4.171131071885782,2.1660913771820107,4.478164515589571,11.534016589847282,3.7850228812211983,1.9548997829324883,62.12504970594493,1,0
4,2021-12-16,SNF,1.4853098578358432,2.6380073532192854,4.3482239986694715,6.0,16.9,4,2.1753219781227116,2.846173379373389,2.1566710329708636,14.992556512142142,6.715743316010376,5.986281413285983,82.75170297510483,6,1
4,2021-12-17,SNF,2.8692520891405917,5.398030838819027,4.222866438039255,2.69092470426625,17.7,7,2.197928661195835,2.9754083108665816,5.015017591283715,8.928650461568013,7.927443996288368,0.0,81.33037925880203,4,0
4,2021-12-18,SNF,1.6381025806103784,1.2941085523852105,0.0,0.6963447262181512,4.2,6,2.6377614567510674,2.4431692794162165,0.6296916740720985,12.16427038948956,3.028850923392259,0.5102948515620485,71.68040683698972,7,0
4,2021-12-19,SNF,2.29483561630044,4.338811307660979,1.3524501505192659,5.307896877825927,15.5,1,3.1241436162651235,1.816629822229267,1.7455143618202587,14.399415258314267,8.107403760357693,0.0,112.65031701805835,6,1
4,2021-12-20,SNF,1.418105110747212,5.844074321225753,2.64012333460786,3.0857452946801533,15.2,6,4.1093335001198685,3.6452108033686295,1.793875695962697,16.112802341693115,8.419824192376883,0.0,85.72798866909216,3,0
4,2021-12-21,SNF,2.29289191536273,4.716451054156103,5.181854503468865,1.8905800190336566,16.4,3,3.7797549089893927,2.786024896193546,6.607687214755259,19.430177617726848,6.42942294088866,2.8557035025355066,59.28297569999033,4,0
4,2021-12-22,SNF,1.321333024871079,6.0,4.533310014968416,3.1039696555820195,17.5,4,2.9641337195164112,1.8248311901159413,3.185606223158387,13.877523119768794,7.878487830069776,1.4392189631947039,120.0,2,1
4,2021-12-23,SNF,3.3456212901232805,5.7857150247739835,4.765398966228121,1.7449896120724788,18.2,4,3.8571321978894226,2.771524033081791,3.951911368047325,16.924542982674716,9.302923034755906,0.6115266600033884,66.58091328410543,1,0
4,2021-12-24,SNF,1.4294153224513428,4.339015560377436,1.3315868535484305,1.0226220940346786,9.5,4,0.0,3.149458397765338,4.873320194035719,8.684894030425518,8.882772570969589,4.5190019796113265,77.8902260922233,8,0
4,2021-12-25,SNF,2.716714288795357,4.369541342317251,3.0713979127365834,4.775004036897876,17.4,4,1.5629069535973754,2.030128681469949,2.661291052976238,9.668469094680482,7.574894575989294,0.0,72.66950656159753,7,1
4,2021-12-26,SNF,2.5388078784833694,4.38279119384271,3.807813292327338,0.707512961446275,13.3,5,2.5608427382395664,1.5357981145125583,4.457830800046088,10.770458996414185,5.610649748106349,2.777645332928254,107.92833126509412,0,0
4,2021-12-27,SNF,3.2663611780347326,3.402425105497761,4.765599819449392,3.904253946970286,17.9,8,2.5523806403030997,1.7728849598900895,4.3761371349404,18.342004531221207,5.011031393570797,0.0,86.39198267058721,2,0
4,2021-12-28,SNF,4.972672547391947,5.909798012386884,3.660954339387604,3.9920584568355286,21.6,6,3.567787930525383,0.8444547813182077,5.128171306091325,17.868604646719373,8.658801642013085,1.0457670075646048,101.79843717047308,1,1
4,2021-12-29,SNF,2.948507507946704,4.134475149317731,5.871053033475404,4.096875881145403,19.9,4,4.091075356721874,2.2656421511371088,3.510941058095611,17.353114281709402,7.441413023079335,2.057605182448583,90.61804990238373,5,1
4,2021-12-30,SNF,1.6025639831967435,2.870280848486757,3.4959603412769136,0.13459293825691426,9.5,3,3.091893615188633,2.5858529661302256,4.914031977359507,15.1841561592672,4.4860208478094465,0.0,96.52636220479137,5,0
4,2021-12-31,SNF,2.102644125548155,5.7030698672834585,4.943415689660599,0.9747173848172948,16.0,4,2.970969885204427,1.002116857811937,7.209382935971065,9.006611972565185,8.73525336291647,0.0,41.23297410860519,0,0
4,2022-01-01,SNF,5.236764519981377,5.491001700778059,4.886683055314465,3.976830391301578,22.9,3,4.333072259066459,2.688108159049768,4.877741952394183,15.631710134700937,6.568591745577856,4.968855629689795,62.401533462595005,6,0
4,2022-01-02,SNF,1.5937554325934984,6.0,0.8202547868454388,2.9509233379939577,13.3,6,2.9058043307533854,1.854697050388478,4.625331793518158,7.543087964536634,6.770129424302312,4.404707285015081,39.75359963958448,5,0
4,2022-01-03,SNF,0.4393136405764604,3.4724299483133887,3.9024260676174087,2.257442117226564,11.8,7,0.9598786447126579,1.6297947652601157,3.550823303873205,11.990474383465578,9.858294501120415,0.0,90.79922877745457,0,1
4,2022-01-04,SNF,3.754875140825332,6.0,3.5583935235587436,0.0,15.5,4,2.2470436328049974,2.7518596685120467,3.1663886308320848,8.26326018688536,7.1153590750110025,0.0,105.63870335088731,1,1
4,2022-01-05,SNF,1.662043830298413,5.843677001014628,5.160995952625791,1.4774071175583263,16.5,5,3.6216876107184306,1.8383899209087773,3.332337466651535,16.801897967651197,9.597368603526952,1.7251473442836254,93.62324125585162,4,1
4,2022-01-06,SNF,2.940885834141345,3.5868840613570567,5.021480570061064,3.3615241273349277,17.4,5,2.304346482044184,3.1677153417784454,1.8739437550292313,12.386146735282047,3.1663630243984215,3.8734675463153154,118.44039577635665,5,1
4,2022-01-07,SNF,4.145975799135865,5.587906907609763,1.9675812384690612,4.2502883964624445,18.6,3,2.8202445269262975,1.5032980416864954,2.600817610127454,15.237013558500674,6.182136327484816,0.0,53.79110246925088,2,0
4,2022-01-08,SNF,0.5371429412624165,4.911635499007214,1.0497973185200742,4.5098780944782035,12.8,3,2.336069366304429,3.708125803175065,3.6589779585944,13.803335044510057,10.0,0.0,119.52276886865256,7,0
4,2022-01-09,SNF,3.329643622527259,3.8227119595129384,4.917514480236101,3.789349605548136,18.5,2,3.777418307432777,3.198207054664316,3.7611829734609885,12.63236831818255,4.010387228312813,2.550876051221835,83.0684465841865,0,0
4,2022-01-10,SNF,1.895572962941251,2.2358141889067844,2.819741919748604,1.0713094788532525,9.4,5,2.083849524591842,1.3599825730866977,3.0795639954970384,16.569087771930494,10.0,0.0,82.86755298705341,5,0
4,2022-01-11,SNF,2.681691676083697,5.187898741687569,4.160386830249978,3.893257028430365,18.6,6,3.541897948533508,1.4456907890604236,1.3737067772351659,18.97954331211766,4.995732345669156,2.1924153249831515,57.84450954773441,2,0
4,2022-01-12,SNF,2.0012991505366537,2.6038146544713845,4.113523967606355,2.6562209256682694,13.3,4,4.012489294086856,2.3631619606030965,3.3646627868799412,14.00287527380804,8.224726213575439,4.1220982673022295,102.23970223616733,4,0
4,2022-01-13,SNF,0.7004182026676546,0.7019228428816102,4.383427617060162,1.7305389567619671,8.8,4,1.4178516983666523,3.1918746520915335,3.6319902858555593,8.298466770500688,7.541705770658487,3.4798435957918388,38.5314115607196,2,0
4,2022-01-14,SNF,2.568349539529043,4.201999045869627,2.854601619014226,0.7362468852211881,12.1,6,2.919951834378087,3.6076452690870466,6.961458785980667,13.22661802640155,10.0,0.0,64.83216871405455,1,0
4,2022-01-15,SNF,0.02205214804807043,6.0,3.6780033268067642,1.8553638950248121,13.5,3,2.4804216001567303,1.2767861881522033,4.344610611121487,12.263549390292315,6.085992791491869,0.2974237267400093,102.32345217304812,4,1
4,2022-01-16,SNF,0.9141967659527108,4.405641368249592,3.442972012445522,0.0,10.2,7,1.5391738972031377,1.233436970943225,5.623010191841335,17.54280147352039,4.3820000040417675,0.22903139087027613,91.36675854023743,2,0
4,2022-01-17,SNF,1.0390873580265083,4.4105499791919245,3.0364496630533693,3.3244318398099835,13.8,3,2.631697867571771,2.6362846662967816,6.815781072656626,6.544508151148712,7.793929893334138,3.438629855020884,71.00343665618301,4,0
4,2022-01-18,SNF,3.737512331536823,4.7808985319505615,5.632875340121467,2.147353324234753,19.0,6,5.132855069879071,2.622276882688318,5.58432202168605,17.298023040995552,8.3692719487867,0.09111050230988837,77.17717159494039,6,0
4,2022-01-19,SNF,2.154295026851616,5.302620260004206,2.253255840074206,4.11468279174016,16.1,3,2.649030655008697,1.9793253813628366,6.994376207035346,17.367537771879604,6.3717408415424615,1.705286324045347,95.6362780258659,2,0
4,2022-01-20,SNF,3.575176846965688,6.0,4.687089083230756,6.0,23.6,4,4.577160336730435,1.8506062375635302,6.670517591027523,12.353009462869794,7.804287187191925,1.5785841216702339,100.365385671763,6,1
4,2022-01-21,SNF,2.0997293908896184,3.8666087361050048,3.205660377848607,6.0,17.7,4,3.716469944896652,1.9171844376298233,1.4188608427448761,16.80038642626951,9.062838564550312,1.6035422872208018,100.95516306985033,2,1
4,2022-01-22,SNF,0.16351513562713582,1.3610453626516326,3.6112035936110027,6.0,13.0,6,1.7636205182969247,1.286749029048994,1.5215890538037293,11.595859547684237,5.56257259472265,8.560093593393796,70.53748989636554,3,1
4,2022-01-23,SNF,5.996634959208795,3.589997261684561,1.3743591283607164,4.827872848262659,18.4,3,3.6312164359564925,2.696548765797136,3.3224151719590966,13.425022099960566,2.425158341990423,4.372056639793461,56.98541381939143,6,0
4,2022-01-24,SNF,2.706772355846133,1.2969669430073993,2.698557660073074,1.5081647244315293,9.6,5,4.413226938233337,4.027010565479593,5.098802471062655,14.552310125160083,5.465177179575086,1.8121910836768444,79.5643219582722,7,0
4,2022-01-25,SNF,1.5030014085496646,3.081117360257359,4.116471246884219,0.0,10.2,5,1.5621328365301332,0.7626013832220369,6.092052005649594,10.238193424164646,8.913557169229493,0.0,105.06649557195658,3,0
4,2022-01-26,SNF,1.7734284053288853,6.0,4.683062378091762,2.0708590329659153,16.9,6,4.145039513447631,2.346899674368228,1.6310963907881217,8.137254030868721,4.808164694711214,3.126121869498708,102.77976712982999,1,1
4,2022-01-27,SNF,1.8154018598872903,6.0,3.4262842541936402,0.0,13.1,5,3.2820447685349206,2.7557903670334443,6.643173114934905,18.144181559264858,4.124684472193052,5.185956822190874,38.51171585772746,1,0
4,2022-01-28,SNF,2.0991960413133133,5.962180696791309,4.907580131948381,5.011972902642519,21.0,2,2.8282607328352722,3.393962750124603,2.364276353868164,11.98063939485264,8.721756223765162,0.0,93.35139117026418,2,1
4,2022-01-29,SNF,3.4994821521119004,1.5472796267792233,1.451266837461286,1.1114081192442349,8.9,5,1.8171107453919666,2.7551232637761816,3.0514625443286065,17.72798780661144,8.785726786328206,3.4163535052153313,65.81554708063479,3,0
4,2022-01-30,SNF,2.8029714881475765,4.677909685323298,1.5302457533479232,0.8001997567126082,11.4,6,3.1447951148881548,4.169387353668068,2.743449342019097,16.107424745070304,10.0,0.0,120.0,2,0
4,2022-01-31,SNF,1.2732256691252966,5.086070412416593,5.2325987492910695,3.0888103436493015,17.1,5,2.725560038792413,3.771672046918578,3.425998144839691,15.522824243921832,7.1110785617283625,4.237383860515064,86.10995888309766,1,0
4,2022-02-01,SNF,5.655318355688727,5.998276449987886,2.812367049757683,1.1263609930905787,18.2,4,2.757531283829464,4.1625915767300015,6.192533976038281,14.922462083159393,10.0,6.35400185061112,40.222337438674025,9,0
4,2022-02-02,SNF,2.5993195609479436,6.0,3.098880431891216,2.1683724141793315,16.2,5,1.4800125850435468,1.5209805742483449,4.081598562198161,11.702583888869217,5.256632771851286,1.5512649310131956,55.40904877052417,2,0
4,2022-02-03,SNF,1.7584570896409253,5.426173290311781,0.0,6.0,15.4,5,1.5641364461673593,3.019843837495856,4.734536176751573,11.403136831335212,5.925196714727813,5.072973870297534,32.16380594966947,0,0
4,2022-02-04,SNF,2.545459615912768,1.206206494911048,4.470724603318841,2.3023753084383354,12.3,3,2.0746469285919207,0.6022745701244702,4.386151303799343,11.619261632088795,7.4916140103399655,2.708685731330081,35.91556510459701,1,0
4,2022-02-05,SNF,1.6568623212219424,2.236504984749198,3.852393386752553,2.8687640484323462,12.4,5,2.484871844973668,3.5120384093051107,5.09456586323682,7.399210319078088,10.0,2.8042270315637787,80.48519038628193,8,0
4,2022-02-06,SNF,4.6285440857729325,3.71386042993228,2.5345286566342438,5.03966044600897,18.6,4,0.791071179887782,2.8016481912958744,3.4724723038080594,16.830448984664827,7.8133530994253135,5.847530749171177,118.579011462588,4,1
4,2022-02-07,SNF,1.9033510976044883,4.575089602360483,3.3500879035657247,3.8006679366005347,15.9,5,3.876108884778614,2.300412733307226,5.153654033978885,10.31025589900996,9.827982297550879,5.320944842802403,106.13299602131062,2,0
4,2022-02-08,SNF,4.039614656937155,6.0,0.6230814246913241,0.0,12.4,5,3.654871983381221,3.4417030234178254,2.8505405271531457,11.460609186527394,6.074925372263304,6.449729454945319,66.29337516478351,2,0
4,2022-02-09,SNF,0.8009262131823245,6.0,0.0,2.6889667032355486,11.1,4,3.7234819106383013,2.817007622034124,4.372672734878716,10.645192209098697,5.85068004200622,2.521932142512019,55.20266393763011,3,0
4,2022-02-10,SNF,4.58843572231356,2.769192357872088,4.267248263898665,4.571591815950812,18.9,4,3.608007325094335,1.292406338022277,4.655554015512867,13.488725417502552,5.435270062567796,5.565954925471089,76.0398275867572,5,0
4,2022-02-11,SNF,3.359571870417826,6.0,2.0230293672723048,4.755538433976492,18.8,6,3.7791621374079907,2.3042697725117933,5.707300804708964,15.657498708171833,10.0,4.830202081992694,92.21926292407146,5,0
4,2022-02-12,SNF,3.262243887007018,4.316740923711096,2.5365412121270596,6.0,18.8,5,2.2995676334621282,2.7906678027751513,3.439099415906631,7.077456619633399,10.0,2.1802566156355816,40.23608137755175,4,0
4,2022-02-13,SNF,1.0788006152997418,4.136191272758688,4.014647281143019,3.766335182330526,15.2,5,3.65569657388318,1.5204263020631692,5.217593879646794,18.645584085913672,8.2964905399678,7.1975881061075935,77.33879110058032,0,0
4,2022-02-14,SNF,1.4899235641349542,4.991962272524029,1.5462054447920293,4.138760954097967,14.2,5,2.7757297846932287,1.8844973209188995,6.397595919532792,10.179164620263826,4.653623574813037,2.016049586572693,70.72379514723448,4,0
4,2022-02-15,SNF,0.0,2.725634261699846,5.35250649373388,4.401398128643605,14.6,5,4.406761951639328,2.5664951693940843,5.537470986587184,11.697556080360616,10.0,4.827900633782514,75.75815766401152,1,0
4,2022-02-16,SNF,2.9618485338759206,6.0,2.5096011879122604,2.043688321035058,15.8,6,1.9086329390429206,0.8438997030958817,4.217847579680708,16.06901044036621,4.281268268509774,0.5125424664084659,53.12695244007725,6,0
4,2022-02-17,SNF,4.259331099445841,2.3204982297796932,3.1493185890479434,6.0,18.4,4,1.644650040952334,2.07535140960082,4.972574072463148,17.866215133130453,9.76823595635159,0.0,64.73209939308084,5,0
4,2022-02-18,SNF,1.1403623868232322,4.0692804595908605,3.4411410916319163,5.789704640375999,16.8,4,3.0446881885995127,2.6613565253358047,4.307718792723962,11.174951030836155,8.268203690134165,3.4568612609131053,63.234608662396674,4,0
4,2022-02-19,SNF,3.9549465711780174,6.0,2.540745241445145,6.0,21.6,4,1.4621146494944464,2.7015951280272796,2.9798282685745643,4.356624237696423,5.638143087445148,0.0,44.904615430393555,1,0
4,2022-02-20,SNF,3.315645072378631,3.3625998892961797,3.3923471875433293,6.0,18.7,4,2.609668507731746,2.199214284398858,3.2431544938895622,11.188388961694631,8.243144781302863,1.7991690454162246,118.12551598191932,4,1
4,2022-02-21,SNF,5.059215789576085,2.8720069061550997,4.487168681137491,4.037366664263084,19.2,4,3.008921205548204,1.487524305140023,3.878026100056757,16.072824386228667,9.275273548880136,3.8300206260579914,72.20483517156707,0,0
4,2022-02-22,SNF,0.6724261233106259,5.286347070364504,0.5359951860386425,4.648741567975248,13.0,6,2.4925641629986126,1.1600643186109838,4.52456814308786,13.463513243624753,7.111136419355054,0.0,87.84915329128795,1,0
4,2022-02-23,SNF,5.796746751682813,2.844031870750748,4.435334608819894,5.422345943742221,21.6,5,3.0603527617414903,0.7470115552229221,2.7880768763609316,16.902130838426785,9.69220173033108,3.212260893811334,72.2138957308834,0,1
4,2022-02-24,SNF,3.1564913134347163,5.172614364348819,3.5635364251583272,5.950739702457215,20.8,4,3.0857036167164678,2.7977171308535334,5.012708307169172,9.743014021486927,8.779549882154914,2.8721177666361735,82.10546792440702,4,0
4,2022-02-25,SNF,2.1306164116327535,6.0,2.011851776805213,0.9717986912980363,13.0,5,1.074894867297133,1.8752800917749184,4.479886068817939,15.854773337968432,8.993275750768872,4.019063468055577,79.3989401362971,0,0
4,2022-02-26,SNF,2.7438288993922613,1.9057498676283373,5.054410565627191,4.3897657078557195,16.4,4,3.4574681060261496,3.0136383291861555,2.516164383108757,16.733973048640216,8.025590269793593,4.307381083381595,108.3729229589308,2,1
4,2022-02-27,SNF,1.816889166156848,4.0914384262506935,1.1270485214399615,2.1008907495378395,10.7,5,2.9493170534704207,1.5811183087588967,3.0010017439665684,15.882324989300034,7.068235549128461,2.173969493299545,94.59748292764938,1,0
4,2022-02-28,SNF,1.9957718799259538,6.0,1.7670969159792853,6.0,18.4,2,3.596275769723376,2.330885188504685,7.935305706766376,13.77373882162409,9.242725617995033,2.336119331566247,28.557046634329232,4,0
4,2022-03-01,SNF,1.465450958122592,2.684076038023934,1.48726967274561,4.938059528197475,12.3,4,2.237691382620415,2.8412399623215077,2.2533236323636405,15.94558934784688,6.374038776725613,4.190306050175407,66.74334715759892,1,0
4,2022-03-02,SNF,1.2497565145885994,2.9802179154248174,0.7626486134841581,5.232667050188678,11.9,6,4.010875847851615,1.248317305952078,4.210608918127266,13.779033242973663,7.174466560862759,2.2008249723328444,70.25991926880504,0,0
4,2022-03-03,SNF,2.890565059230953,5.75785222418064,3.4122813140115777,0.10415858844227993,14.2,7,2.0039631575517918,1.9083817486597652,1.8840016606766263,14.224742176168323,7.8030471115789135,0.021482723905052126,83.52851037825337,7,1
4,2022-03-04,SNF,4.5409994957353845,6.0,2.008350849142513,2.1228498036642125,17.1,6,2.634529472934317,2.2132383654049392,3.5636670660677487,15.92280062851445,6.5901880218951705,2.432144104798188,89.07054032795622,8,1
4,2022-03-05,SNF,1.4147894894991695,4.681840311071792,4.650041080015454,6.0,19.5,4,1.8262196407523694,1.6138204266554441,2.386523045810747,8.254058300517562,6.497387817297122,0.0,34.256567272239025,2,0
4,2022-03-06,SNF,3.73576390533841,5.587307272852075,4.215002387569012,3.4254285657698613,19.8,5,3.713619710569036,2.578954265007061,4.964765034816005,11.92549669840554,7.4171441356466525,2.582790927447371,100.21718706423063,7,0
4,2022-03-07,SNF,0.7697637108434143,1.20247659994164,3.2546678856473914,1.4316325009577082,7.8,5,2.8349547693115817,2.305568145227255,3.397181281096247,15.672323126611266,5.337938783801461,0.333608295946743,58.90670665953149,5,0
4,2022-03-08,SNF,1.9652642803859037,5.0272683877261475,1.7504938904666536,2.852745340590094,13.5,6,4.2889537166991545,4.053826245330558,1.4977862049027617,15.626052836932685,9.234282156166618,1.4293703116060383,83.53811384887128,3,0
4,2022-03-09,SNF,1.0540125708587862,5.065945970518424,3.740243686509036,1.7292026700540024,13.5,6,4.232825088571065,2.1364377576824,4.439085389052462,9.316822460078924,4.043645526927682,2.7638966570170753,38.332802376975906,3,0
4,2022-03-10,SNF,2.9537298003904984,5.461236193304678,5.074081401361109,4.226381896603791,20.7,5,3.4098553031867387,3.362706238200369,5.546156134219423,8.789212883204286,8.509203172972995,3.979434348725739,99.65905371115308,3,0
4,2022-03-11,SNF,2.792818573812927,3.532545851827997,1.886375774946,3.5676797516393526,13.7,5,2.682643133040723,1.2330972442950596,2.9802051499314954,15.557350231544483,6.0781362639698395,3.7808979855543132,60.90855330344486,1,0
4,2022-03-12,SNF,1.7426639557247807,5.016014958515673,2.5241835889202533,5.025697099650861,16.7,5,4.026808719501899,2.6018896756865764,4.425122035190553,5.5510482610222756,5.191577901548211,1.665072774873133,74.46465347370687,1,0
4,2022-03-13,SNF,3.293639260505967,6.0,3.1186008452804277,0.47376475945654195,15.0,6,2.404490978431718,4.102467842108892,4.211377587408714,13.722663070330269,8.065094697892157,0.0,94.13191502494905,5,0
4,2022-03-14,SNF,0.8689038968503061,6.0,2.706929135397746,4.763357643102542,16.7,5,1.4148353533954166,2.9810999483410963,5.890299553898353,14.463150074900444,7.2123221020866675,0.0,89.49332180661838,5,0
4,2022-03-15,SNF,2.243761828080574,5.707218010569207,3.151288241040237,4.71436569212686,18.5,4,2.2001828922457425,2.273092189836871,3.328961190358045,8.066890238145826,7.24218880238941,1.3587616634890942,58.65288502174261,2,0
4,2022-03-16,SNF,3.978510353907822,4.402587687477721,2.694056029777216,2.882245792559436,16.3,4,2.672222675015082,2.320027695079746,5.553163863216838,14.757689764089275,9.305746645081992,0.06294515829549052,69.66855065772947,0,0
4,2022-03-17,SNF,0.0,5.631544054117731,2.4670532399175924,2.632252739188018,12.5,5,2.837303302914111,2.396934598188568,2.4991984782756,17.452490585105902,4.381758282449419,0.39869659593289786,100.13064136230115,3,0
4,2022-03-18,SNF,3.4930288878547255,4.989984242623654,3.939722956109386,5.538797099350458,21.0,5,4.282701181742266,1.7433474085855731,3.2765416437386277,17.155687926561612,8.1522085661022,3.2380770223445396,61.35042449684796,4,0
4,2022-03-19,SNF,3.8305417173499157,3.533232732308175,3.4448496720380106,3.3670292106536333,16.5,5,4.290573870428077,3.1852894566638534,3.770341729889563,15.87898561954346,4.919535208675294,2.202020362854363,53.699281614324654,0,0
4,2022-03-20,SNF,3.037161125578306,2.936048789187643,5.2820701488906,3.0700295209634376,16.7,3,4.685815422416688,2.4155370580799684,6.7182437098613335,16.94768005752535,9.661518065698925,3.9954255647046386,57.454359346502464,3,0
4,2022-03-21,SNF,1.2412740935494988,6.0,3.5479028887976862,3.075049313872086,16.2,5,2.7314939995491705,3.034237250171863,2.983622006588639,16.418536412143492,4.2629547681545965,5.027976320526986,79.61777728224635,1,0
4,2022-03-22,SNF,1.9213613054536054,6.0,4.851433234522421,0.4280776020927717,15.4,5,3.4913283295361883,2.848062788015408,3.1743119145022174,14.187466035062332,10.0,7.141412562939839,84.64867408216259,2,0
4,2022-03-23,SNF,1.433625604216601,4.341935891827855,0.0,2.035612641890717,9.1,2,3.037195725221719,3.4186928265347256,2.2529935953181552,18.02200132885947,5.604567310510706,7.54945232005021,60.23608813198949,3,0
4,2022-03-24,SNF,2.6028253462461985,5.986563300027862,3.602989911490523,3.821807239151388,18.7,4,1.7265295104413512,2.4332701815872815,1.5506529784457257,12.988367832596964,8.974011033342371,2.9135713826867,118.18148895470307,3,1
4,2022-03-25,SNF,2.2886061666456037,4.745721363659154,4.481206361682926,4.906050431651572,19.2,3,5.033306798595604,2.224236292854348,2.500846023776986,17.860404447293206,8.99981696235521,3.44360156543706,108.79858408600013,0,1
4,2022-03-26,SNF,4.317031949746169,6.0,3.169251309391533,2.2973124181758884,18.4,4,1.8422604510478175,2.237708811331377,2.9032623690943624,13.067637500210266,7.035270100280458,3.4434728426726364,108.92929654645164,1,1
4,2022-03-27,SNF,2.545450588383146,4.081455806032112,0.4688720525712715,4.316195144864529,13.3,4,1.8628633061811777,3.0625902189152376,5.34313162278196,17.7988825358258,6.562889164172375,3.978380879568316,65.70804891376343,6,0
4,2022-03-28,SNF,1.496840485368545,6.0,2.536767528563686,2.3992463118494634,14.5,3,3.487240833604941,2.63409760292017,3.196806540962397,17.192303698616318,5.361110337881277,4.296502865069975,69.00627085634233,2,0
4,2022-03-29,SNF,2.53800296430855,3.6749626466529275,4.031035172462824,4.711765645373003,17.4,5,3.697054114335148,2.385940931786741,4.903950865639474,13.513977095790722,10.0,5.738391232768829,49.67634217078897,4,0
4,2022-03-30,SNF,2.404012061370382,4.244393441169953,3.1901129491023195,2.463237810576726,14.4,5,3.0670109831434043,1.9759574880922066,4.1086757947030215,14.094425661819542,4.24365136382757,2.6758968791801996,92.83082737749754,1,0
4,2022-03-31,SNF,0.7020359662570241,6.0,3.5488508415454403,2.719518744034041,15.1,4,3.0744251465562247,2.418407880849942,4.21409329166225,20.0,3.4389686162210786,0.0,72.29789160926276,3,0
4,2022-04-01,SNF,3.8979597234126557,2.471653653489483,2.3894294102234284,0.6573626782269102,11.0,1,2.231901693333347,2.115476210012,3.494165599045854,11.955559890475996,8.432382202466215,5.554143137657185,65.26092362159898,0,0
4,2022-04-02,SNF,0.8932916569364606,0.0,2.2351690247234908,2.278935774629385,6.3,5,5.327613202522793,3.9163582124955365,3.896408341852908,13.350853085854475,3.7693953903640303,4.7843350496239845,64.77060709418141,3,0
4,2022-04-03,SNF,1.8147654066932928,1.7792770621958631,3.374746884948028,4.01061673977145,12.8,3,4.829362619937144,2.224605904735782,6.990855186024329,14.979098801627096,4.813789198447136,2.213891905651679,75.72766497476545,6,0
4,2022-04-04,SNF,1.6698434644871245,6.0,3.9428884232420645,5.20898863446943,19.6,4,1.7632475524060518,1.2882418991780091,5.052167597018692,10.745248560860551,8.165823610727264,0.3268777034776815,84.8261880147966,3,1
4,2022-04-05,SNF,1.9940610021945662,5.204117332212206,4.793964678919858,1.5176469433029052,15.8,4,4.693550942767983,1.301215448432357,6.198117592663723,17.213278877191403,8.179090529258506,1.3200589488846919,72.11704208511091,6,0
4,2022-04-06,SNF,1.8704159758629968,4.422911849010793,1.4978591735363596,6.0,16.1,6,4.484465825398333,2.83475511572429,3.4224747267685727,8.400140197173096,4.427886242290272,0.0,115.13775522883445,6,0
4,2022-04-07,SNF,1.2912350040273415,2.720626747745147,2.2813868966757345,1.5485628482965834,9.1,7,2.789016978934761,1.8360953462959182,5.5059815169141935,18.221286726595064,7.075130291050081,5.057712016238016,88.30324166111171,2,0
4,2022-04-08,SNF,1.6969264318673287,5.09742307543101,4.050123791565806,5.178701489955033,18.7,5,2.5498295977719057,1.0322458190172636,5.373932443885886,14.155028236009938,6.313124857770274,1.2241788401549152,103.67105448561924,2,1
4,2022-04-09,SNF,2.4906536917567337,5.6689958749557015,3.18747855848519,3.8867378480243193,17.8,4,3.005220481109914,1.8367105789346905,5.07764726720909,15.189314567226496,7.262868608339712,2.574303150532162,85.29813979652509,9,0
4,2022-04-10,SNF,3.961689776218874,6.0,4.157100692644818,4.843342326373806,22.1,4,3.115379173150809,2.516238339551653,3.499295349738765,7.810878344339901,5.415433724206113,2.1208434308238076,92.78667368067845,2,1
4,2022-04-11,SNF,0.506664176285065,5.10517578162156,1.5488511797519373,6.0,15.4,5,1.8998135001712255,1.5480398175829517,4.368097889735436,16.723265034095075,10.0,3.7162362393812853,60.25296514508757,4,0
4,2022-04-12,SNF,2.6659397498243944,4.517471130308384,1.5527697011842174,5.680549954601743,16.8,7,4.502820858286837,1.3597109224625152,3.2237181404540753,18.59009473509445,4.137524775811912,3.775448067693461,77.02184878124065,0,0
4,2022-04-13,SNF,3.0595310033213097,1.1710285304500347,3.1378385980318324,5.503996207299737,15.0,3,2.43203168549271,3.086224089821466,4.1876735790015545,10.996445639446229,7.6832140363759365,0.0,105.27635799875198,4,0
4,2022-04-14,SNF,4.518971632884608,2.584942102015167,3.989695674292486,4.47329977635872,18.2,4,4.060354431868342,1.701912358442574,5.634482800817195,6.938447993083367,8.672703271695617,3.905197499832123,65.46116844005871,3,0
4,2022-04-15,SNF,5.996634959208795,6.0,3.320719855826226,4.082767069217802,22.6,6,1.5045218035232573,2.775531868429885,1.3616027846484142,13.225360124334948,7.733455906497649,4.372374350874606,89.68249057128244,3,1
4,2022-04-16,SNF,1.2988512817543454,6.0,5.871053033475404,3.6494719533772977,19.6,5,3.3826920323135763,2.8089416231607354,4.2877764016391104,14.275292380096811,9.857124746820153,2.333910340506316,96.44840594132495,2,1
4,2022-04-17,SNF,1.1576340426418514,3.812759463630108,5.439599137459103,5.611152095947313,18.7,4,0.9433518164866181,3.1873478878681674,3.8174223123473165,10.906947682206438,8.288463110044152,3.0423716975103057,107.1643698522691,4,1
4,2022-04-18,SNF,1.9223937723752695,4.138196243990228,1.10771482527391,2.2927151912142083,11.0,3,4.503977153342405,0.44751190551697473,3.1398216922529993,15.2283829411387,3.257435848043537,2.3435390922902446,83.19764639711597,1,0
4,2022-04-19,SNF,2.5934818588245943,2.8917016700354337,2.7241387683645373,3.5036209237732394,13.7,8,2.6364213131159087,3.5841168776073014,4.96016809039943,10.546568568659389,9.251334784069938,3.831172926348032,101.30602205504238,2,0
4,2022-04-20,SNF,3.4146424633059693,5.413134503371574,3.2574488812537794,5.172225219511353,20.1,4,3.3435738736335576,1.35335992040647,2.2026864112296822,11.966272832719364,5.751070976673565,4.770641356382276,106.49664010800907,1,1
4,2022-04-21,SNF,1.7078832410908864,4.250189329563828,5.871053033475404,3.2410334351443173,17.6,6,4.60467518967777,1.2166851574886843,3.5845172955276428,14.054301079302354,9.278615552062156,2.3971463493484424,113.94233636753299,5,1
4,2022-04-22,SNF,1.512017946166232,3.068985045967139,0.46695649218118507,0.0,5.9,5,2.374868068582056,3.053553863956637,5.9735756204775425,7.90884378507565,7.966302191959295,4.03405671494464,106.24647931359544,2,0
4,2022-04-23,SNF,2.982866061185583,6.0,2.567708147232673,0.9026425743015642,14.5,3,3.5068614114637557,2.5291815119343597,2.276717889973448,12.32234871259443,6.757242000245452,4.848617804640801,107.83374714000463,3,1
4,2022-04-24,SNF,3.1499559634963017,4.331797351589456,5.726537610101745,5.52477925592709,21.9,4,3.6350258514279528,3.002761316620708,4.1926282179738985,13.881966322246306,10.0,0.0,68.28365104029746,3,0
4,2022-04-25,SNF,3.9661384845501555,6.0,2.673200270902536,1.831243616832187,16.9,6,2.5031459499345705,3.8996363415788196,6.04322342937401,13.974582756517941,6.311631103360877,6.698932442104624,86.79763783186348,6,0
4,2022-04-26,SNF,3.4690846997886275,6.0,4.117455458473035,0.0,15.9,5,2.5348075300995374,2.782432696315276,5.160413605625162,15.106163634170237,7.361445117457466,3.2039566452296913,105.25679901468561,7,0
4,2022-04-27,SNF,5.4452149538053005,5.621162502272489,3.622356551977539,2.159834680292697,19.7,3,2.594833343622799,2.4343961031119146,4.856193855947322,16.572365388012837,9.717972553464678,5.015957261821773,88.35613123139369,5,0
4,2022-04-28,SNF,2.514464094483416,3.7739672567856624,2.616426997095954,3.2650873838381416,14.2,7,3.841186715615773,2.3732632782851346,3.505477595699017,11.921035789617354,9.143266127462509,6.976010673456734,85.34452368551037,6,0
4,2022-04-29,SNF,3.6388781929543272,6.0,3.2087415527748333,3.8410986626399746,19.5,6,0.9194744293848923,2.7660987923239473,3.994983983322229,13.607119199094418,7.985036375027406,0.0,58.84305415780163,7,0
4,2022-04-30,SNF,0.2583950723751176,6.0,2.079116704617773,2.233698519339155,12.3,5,1.007715045949837,3.1339259717909123,5.954352049455458,13.412005958044528,3.648641731748473,2.0341443186265664,80.60184603521958,5,0
4,2022-05-01,SNF,0.9962693875886877,4.654948382144477,2.925351795500054,2.630327910578314,13.1,6,2.756844646466142,0.7723433043103993,5.620199287483013,18.454219776487818,5.066397750330998,1.9654888543461442,120.0,0,1
4,2022-05-02,SNF,1.5796442493296106,6.0,2.944799415870035,3.092856994611118,15.9,5,3.2984206847065884,3.17257728778388,3.3567797001897155,9.65441349170937,4.821308824573112,4.4939881703907405,114.20669686652613,4,1
4,2022-05-03,SNF,2.6815789880999343,6.0,2.4452993288856817,1.65780338587622,14.9,6,2.4789639005845476,3.0724184075910412,3.5393859426282805,10.71636001851793,3.6910755058265883,6.032820179280074,44.84239699768264,0,0
4,2022-05-04,SNF,2.5848448350917743,6.0,0.7876520100137838,0.7147144632302922,11.8,3,3.1218565002292653,3.3474781779434477,5.17553354642111,14.916951171836466,1.0682445530035136,4.77410930134894,90.35103216509908,2,0
4,2022-05-05,SNF,0.9449463865594534,5.558829682335805,1.1763752436800081,4.2307144723935615,13.9,4,2.878686959262318,0.38701312421102063,3.4893990240834496,12.279971711308372,9.818994300382798,6.063762686138589,118.88534436983991,3,1
4,2022-05-06,SNF,2.2867421804977677,5.7016093276259205,4.690192880201629,4.754019576226915,20.3,5,5.556235521024282,1.1780638878418046,4.948860684784863,17.84869284454213,6.1669862538584175,0.0,76.30299169858841,2,0
4,2022-05-07,SNF,1.5343772255516073,3.2506325824938394,3.419612329421598,5.834797878151752,16.4,6,4.369441437624502,3.383831904003351,1.6484638144249062,9.045634524605754,8.22668421521152,4.681699233799831,56.0593329297689,2,0
4,2022-05-08,SNF,0.8855713590248506,6.0,2.419454623656379,6.0,17.9,4,2.6703408808029696,1.9339670830944713,4.590645390522946,15.170214579185139,3.7447620707850144,0.0,83.29579822512676,4,0
4,2022-05-09,SNF,1.848372046877952,2.1317836365993017,3.085499488269449,5.046389945042177,14.1,6,2.62030570908466,3.43584583101661,3.5185975934842246,8.70630469094217,8.958380084717971,0.0,66.96982537788345,4,0
4,2022-05-10,SNF,2.5243122965734393,2.1714639373997078,2.850274048492523,3.330823857265758,12.7,4,3.681257454316676,2.425225667111226,3.239806452377559,18.006971895439463,10.0,1.451033853519928,99.32682023575823,4,0
4,2022-05-11,SNF,0.4305982204356613,4.396328768087654,4.41475244341729,1.5421905743660944,12.6,6,4.2082946901193505,2.3637972515914982,2.453809314274704,11.098993915208684,8.50698844829921,2.224663054130344,71.99889916466348,4,0
4,2022-05-12,SNF,2.0956657156160774,3.755987622197725,5.24673477959492,2.2244262158596326,15.5,4,1.873104958985543,1.4117194159841233,3.082283560766844,13.557378663162822,6.414414172428474,0.0,76.07513504495711,2,1
4,2022-05-13,SNF,1.4881352079224874,2.7765265763692413,1.8379536632900508,0.534241104699108,7.7,2,3.3378649013201,3.741682510606461,6.139586474823172,18.398997727160147,2.827437964608474,0.0,119.75597130118308,5,0
4,2022-05-14,SNF,3.0449192747671594,6.0,0.060960150587047846,0.0,10.6,5,1.7787549408611443,4.235346478181453,5.642937931430245,15.634136805842076,7.340272697519238,0.8384836900911101,98.25120979521789,2,0
4,2022-05-15,SNF,1.716536043068657,1.2989447625786399,0.3891155809804201,3.768005809060449,8.4,6,3.150771312618991,3.0248966500178316,4.724901780085716,13.788905877621067,3.5963937512783652,4.9708825898988644,63.827133817961055,2,0
4,2022-05-16,SNF,5.362416313218766,5.632856366923315,2.7168429980146818,0.9087603875440686,17.1,5,1.7346181107932894,1.2593620291679222,4.420540811096247,12.904582249646696,8.539408709219437,0.0,107.49673630551975,2,1
4,2022-05-17,SNF,2.6183657842759662,6.0,5.054983337441957,2.0753207429638554,18.4,4,2.9530457370018026,0.4011065459908518,5.63013323548507,17.710413728675515,2.2997115768015224,1.7103817330385658,98.27770534067311,7,1
4,2022-05-18,SNF,1.57329939113046,5.0440161326121284,2.113032726436076,2.2541479552686585,12.8,5,3.6712329129402996,2.2324234395670364,3.4254166508747455,11.960174222661891,3.6268709786251847,3.8777454603604857,101.8803121759582,2,0
4,2022-05-19,SNF,2.212830763115543,3.7118240338802186,4.3509122428609235,6.0,19.0,6,3.0446507981080426,2.2528756467542763,4.401156128402054,13.96601158709388,8.654303609247997,0.8131172012541885,43.88784607758099,3,0
4,2022-05-20,SNF,3.316247236393154,2.608470119623049,2.5676011530864318,1.0649288218946371,11.2,6,2.963155642683131,2.3926570536910923,5.180722822159634,3.680615401965688,6.468650051757909,4.110020622471233,104.08719621670409,0,0
4,2022-05-21,SNF,1.317749312547884,3.288930737215081,5.042978346530475,3.206268727386542,15.0,4,4.1643390577108566,2.3342962431477288,5.874940986366533,14.331978097000421,5.627312814265901,4.862579409904799,76.40182590182378,4,0
4,2022-05-22,SNF,2.1761056572875415,1.583472078043793,3.8300822471393277,4.242002805686078,13.8,5,3.0710365301136267,2.112393860530489,2.921268273173429,13.681514484865335,8.513644445670515,2.2426319252346634,107.60633786816874,6,1
4,2022-05-23,SNF,1.1285608127941633,4.217942634936907,2.7899077234751193,0.38700336648710154,9.9,5,2.6880617024413014,1.9749010421890028,4.40459502478115,13.862470680370821,8.243859780567137,5.387090920404083,85.70507907634634,1,0
4,2022-05-24,SNF,2.761631614817508,3.817068450216987,3.004473181957162,6.0,18.2,7,2.0593698862218703,1.9392503898207514,5.042796010638579,13.445430370114819,8.030918065286576,7.696038998548204,67.24912060614747,2,0
4,2022-05-25,SNF,0.0,5.13649237781153,5.871053033475404,5.066658274737712,18.8,4,2.2702798918932325,4.524232438933039,2.384921266258525,10.814435674513538,7.316425901255759,0.0,94.3071501177399,2,1
4,2022-05-26,SNF,2.8624990847179266,4.618175762631367,1.829394677143238,3.0700363913787605,14.4,2,4.070003921589923,1.8261680165390088,5.0827183261014275,17.484714098371445,3.999380484520859,4.395823530568456,101.34939253752086,3,0
4,2022-05-27,SNF,3.6791783655315147,1.801957361019973,2.5562786645499322,0.0,9.4,3,0.1134273479890815,3.046033916145283,3.6764409022136073,12.195718623298482,6.856049372676611,3.5913088777372257,104.96776040874043,7,0
4,2022-05-28,SNF,1.803259678247156,5.654881505830947,1.9272556311513913,0.9979758871188942,12.1,3,3.3622501951611086,3.4499456993429183,6.832955337683925,11.569210793311662,7.136240912316568,5.072023843988483,84.4170364137578,2,0
4,2022-05-29,SNF,3.109895610010749,1.8137264583636714,4.839615345236286,6.0,18.4,6,3.198222296067951,2.6728900656430308,4.216834754130065,12.282208210064121,9.296127733638897,7.5259467036174135,71.15136917216641,4,0
4,2022-05-30,SNF,3.1403228134379346,2.5207170967425534,4.842503970403774,6.0,19.3,5,4.548342402655934,1.2283761235098312,3.291241056430801,9.658542155779232,6.90685228920279,0.0,43.235529901151644,6,0
4,2022-05-31,SNF,0.7727780351579452,4.625451917688009,1.7115787043538242,3.482319769538985,12.4,6,4.346071891502199,4.510176104976815,5.458074260424508,16.936798806878514,6.976529082203508,0.0,95.35491431764618,4,0
4,2022-06-01,SNF,2.02736883922506,2.316207626521403,2.912145316293989,5.032001248110666,14.3,5,3.869252332387922,3.071738295768315,4.751231244554903,14.983712546142373,3.4012894328113012,1.5015085758651314,103.48301606380488,0,0
4,2022-06-02,SNF,2.90334544836389,2.134680506724219,3.891303364274425,5.195466749745695,16.5,7,2.2867297768611534,2.5956228820198133,5.56748445518665,16.780681513540642,7.293586785983982,6.919028159136211,100.7559920593873,2,0
4,2022-06-03,SNF,1.0927191355624624,3.981585380494066,1.779638758706485,1.5079680279488936,9.8,2,3.351724480857375,2.7183738759373677,2.548073845954933,12.2193266520974,3.7177622297377537,4.572844586207198,112.53511887024057,5,0
4,2022-06-04,SNF,2.6962315699499655,6.0,2.3307167708909358,2.0550473055695786,15.3,6,2.750739171100749,3.7019591274574113,6.145118324626219,17.995415582039076,5.375940492861393,2.597043810708287,68.11086148781757,0,0
4,2022-06-05,SNF,1.771394565710699,5.312503158705685,3.5415813958926057,3.092197717012765,16.0,6,2.894272656856236,3.995311659575776,1.0393301183777195,6.777576811703837,7.296552637349288,7.509308251677976,86.31359596962568,3,1
4,2022-06-06,SNF,3.6589222716622785,4.173597261729885,4.150591619843194,4.941127231774415,19.7,4,2.1707605476768004,2.3139406239020235,2.582300330319063,13.987649026543746,7.008638315675219,0.0,46.979211918142234,4,0
4,2022-06-07,SNF,0.5091342114230033,6.0,3.1112472579132917,6.0,18.2,4,2.5775713958237554,2.2563476848896795,3.909746182072009,12.484326796234873,8.85363328576388,2.330304539349432,72.0852512290506,3,0
4,2022-06-08,SNF,0.0,2.358525515321795,1.0172137623842217,1.2159714072901668,5.4,6,2.85301588997424,0.6731118340508442,4.796856160277591,5.798840109783914,8.251293273305361,1.0711942591441854,37.287356267183654,4,0
4,2022-06-09,SNF,1.3149454942520302,4.681917538033584,3.0435966557563447,0.8106439416824283,11.5,6,3.33618481685836,1.3291088045801305,3.940887696022185,11.82989825644546,9.004126962529117,1.5806181481885562,102.48606878475381,8,0
4,2022-06-10,SNF,1.0972540299904163,5.9047059995560005,3.329292285021938,5.416730567388301,18.4,4,2.8513329754047687,3.9819697598513324,4.712802187648572,14.406568985163027,6.766301302895686,10.0,57.98351687232647,7,0
4,2022-06-11,SNF,3.587805836482019,4.95235697854313,1.5831618751915295,3.7533668145740395,16.2,5,3.140901068391217,2.3415238770968085,3.0745510340571878,13.711072729655125,5.988324003249324,6.209788971741952,71.18757532277812,6,0
4,2022-06-12,SNF,3.6079120626842447,6.0,4.658028978059935,1.0887114274690433,17.9,5,4.246962699901249,3.707522876270769,3.8141135931460934,16.16418136349713,2.519067822640379,4.281333149198648,73.43190820023658,4,0
4,2022-06-13,SNF,2.063505983526921,4.442120922080708,1.4984259402570104,6.0,16.3,4,1.5029265683548063,2.0900470475528117,2.6166838588082455,19.579605910789354,4.635836251787897,2.6817110095882097,91.7511682911609,4,1
4,2022-06-14,SNF,0.0,5.183059849421425,0.34167378128771664,5.258840158742166,12.6,7,4.2767878372388335,2.716679773512123,3.8295580928713555,19.271388149126448,7.406138345866184,0.0,48.74177372142931,1,0
4,2022-06-15,SNF,0.0,5.213930095207438,3.4042992463119806,1.1950630974597407,11.4,5,4.4186270317247835,3.4658337021412855,4.888493683057409,8.226069334084494,7.62722338194546,2.534716856490553,63.236304697662554,0,0
4,2022-06-16,SNF,1.519353675101052,6.0,2.5529439811223,2.9204731751492554,15.2,7,4.5157844486929415,2.602799665175299,3.7402867905490345,10.676624851500318,6.952910198027177,3.574849341884911,84.6832589428879,4,0
4,2022-06-17,SNF,1.5943875238058638,6.0,1.9956165542898785,2.196350430914424,13.8,3,3.904257754757081,3.041974126763595,3.906108203178328,12.719927347304953,3.6631783559118096,0.17919644358458786,106.65554617825063,4,0
4,2022-06-18,SNF,2.03374693084563,6.0,3.6317903792537423,3.4254587272034733,17.6,3,2.7173560796284137,2.2873899020883646,2.695031999704372,13.900744593083017,6.289110880931565,3.2512411785787902,71.6867356423662,0,0
4,2022-06-19,SNF,1.2521127383841737,5.073938363896729,4.4039155188327435,1.5201255306215982,14.3,5,3.0952237018694233,1.6352860253581323,4.456883890862784,15.333643394549513,7.798739555440484,5.7746575036983,95.09258138474338,0,0
4,2022-06-20,SNF,2.130560316039879,6.0,1.5451905990023167,1.8368765649111762,13.4,5,4.9962568755167345,2.0183551088133846,1.1110601343778792,15.558308090973755,1.561495920345398,3.4064774880465922,98.02654775830409,3,0
4,2022-06-21,SNF,2.480723484874563,3.919000560858706,3.9569250140930277,5.141427710550287,18.1,4,2.092419315729658,1.2757719068370315,1.858668588954504,15.912487389563353,10.0,6.758373606005327,66.15737695320104,5,1
4,2022-06-22,SNF,3.000256641258535,4.977885237526235,3.2419704012544166,4.977742323899891,18.9,6,3.397748996955058,2.4510977966414536,6.111926963044144,10.392954411617639,9.851439240998836,4.713495902808669,44.24059260274833,3,0
4,2022-06-23,SNF,5.221374495606869,6.0,4.8698015013802065,0.0,18.8,5,2.682342621867383,4.003062759989691,3.0313136188591807,11.26770104693129,3.617469578689907,2.8260622051159245,99.70045536012917,6,1
4,2022-06-24,SNF,1.0918176695436408,3.009872159246979,3.3223255901532385,2.321996739589739,11.4,6,3.8376017510089917,2.433529620862152,3.6801328507527415,14.804116898810582,8.6006605501636,3.048635414192417,94.92593184687979,1,0
4,2022-06-25,SNF,2.619350661316646,3.1437853948314127,1.3284016018637224,1.2741742934325115,9.8,5,1.5041922604442304,3.0083715078660758,4.498721794595864,13.16717045299378,5.6080736380741465,4.066495470673076,68.30877201525952,3,0
4,2022-06-26,SNF,1.8215843142886357,4.322468543358703,5.871053033475404,4.4772531123034405,19.2,6,3.327123447930835,3.4370623946210133,4.876288559607259,15.790558696825332,8.784109492717445,7.439958612382145,87.78985541498373,2,0
4,2022-06-27,SNF,1.9777949457172292,2.624898831975253,3.4819026457116866,2.8835429149190053,12.8,4,4.980172990533943,2.0588649885030743,6.251004828874049,15.449466676734978,7.691317342987569,0.0,77.35764588358292,4,0
4,2022-06-28,SNF,2.5670727330698506,5.472940591137693,1.8334144367209282,4.297721436958551,16.5,5,3.3734958951455027,1.2689227008564876,2.241166000876093,10.479272369314575,10.0,2.446329136567414,66.99219159736901,3,0
4,2022-06-29,SNF,2.537116096721351,3.2745181912234456,3.4194594140498094,4.478176721985484,16.0,4,3.725170517384476,2.338675375286151,3.4096477050642013,17.333946831353227,10.0,2.3125303848893948,92.67083736557932,4,0
4,2022-06-30,SNF,1.0677182155382916,1.8497825448457945,3.258762134292229,1.2777509796412008,8.7,6,3.9757562964389384,1.7224127263143298,2.774764960196453,13.722447216981518,9.319860108820253,6.429929329503347,85.94069197442005,1,0
4,2022-07-01,SNF,1.6950301155339318,2.8215318123925908,5.5147829303449765,1.4380791134653559,13.4,6,4.07687000325433,2.6751288742195203,5.194300749814115,17.843224197042108,5.497267318982477,6.283740658849403,114.66969894844202,0,0
4,2022-07-02,SNF,1.0227871988253479,5.980083416893634,5.486911709367947,3.006530671612018,18.1,4,4.011417702171891,0.9184042265352071,3.511621035445999,16.122384797570692,8.930253468618996,4.420866347908,85.8881548234164,4,1
4,2022-07-03,SNF,1.3115945966859235,4.6248461303267865,0.7455081214160377,1.0220017236205956,9.0,4,1.975602958156114,3.196069196047186,3.825705053160119,12.590260063364084,4.8283829670346785,1.2365273603624298,83.46447349951907,4,0
4,2022-07-04,SNF,1.8231149442377919,4.000952234148957,4.635026610346472,3.362230936377953,16.1,4,4.096518250846387,2.8946478063347194,5.294816567678582,13.605194084979178,9.163999919602592,3.6089417896966363,110.18337789863665,0,0
4,2022-07-05,SNF,3.7393182916766454,6.0,1.648521064347624,3.3395017320240052,17.2,4,1.6476980427103998,3.2449398643972667,3.5536000642739456,10.828360229144135,5.135281312595779,7.102910355506186,72.63499210925488,5,0
4,2022-07-06,SNF,3.5684333950153855,4.996431866500746,0.23919416105802327,4.259681830714662,15.2,3,1.8636438188017381,2.2701035115374224,4.739983693209326,16.97901846340876,9.979382551761574,3.6700413809186014,95.49599561430578,7,0
4,2022-07-07,SNF,1.51600065755775,4.481126803473606,2.40469050313535,0.6575914716236246,10.6,5,2.660932607070487,0.45063195424934466,3.2993974439896574,16.108989741527964,4.857558480768215,5.107742651661264,91.49339730291001,3,0
4,2022-07-08,SNF,3.442904939585998,3.6015935814745834,2.637239640917806,3.1821243139561113,15.0,1,3.292317083344204,2.5883441142953347,3.7335766528509144,17.074953527134316,6.661060240324003,2.0912320881251873,115.75475092033471,3,1
4,2022-07-09,SNF,3.428029387629463,6.0,2.1539787501064036,5.603024710755273,20.0,4,3.244797736260539,1.7283805517517936,3.4505601362067595,12.783752173003018,10.0,2.1793448426814943,119.00016890195346,2,1
4,2022-07-10,SNF,2.4012693706112747,2.459680923452863,0.241399512709065,1.911921199255738,8.2,7,2.450881840162682,1.2932009325506468,5.271840380386986,17.428445094097885,9.431592718456503,5.720160867518403,87.74992190152894,2,0
4,2022-07-11,SNF,0.4390886340069118,5.338339189059226,3.1876930385377884,0.441510438287013,11.0,4,2.173794643095906,1.093136722935523,4.807772282338398,16.141239497507193,7.553681032711053,0.0,99.0213324850466,4,0
4,2022-07-12,SNF,3.497951824972962,3.6754110549186825,2.7405488945899923,1.9285183563391914,13.8,6,3.1436611069746356,1.1258908845632685,2.715086899563359,17.089241506061324,10.0,3.6010681240712556,103.56913094105009,4,1
4,2022-07-13,SNF,0.0,6.0,3.8166303175454823,1.7247362949782985,13.5,4,1.8302238195991882,2.738930697559034,5.450588546827222,14.427201320560716,7.1494770153132245,1.9819921361050192,86.26499582490094,4,0
4,2022-07-14,SNF,1.783856886424684,6.0,3.4253842105548484,3.4174540088723497,17.1,4,2.496620526984085,1.3616920942320994,5.221220048763346,11.863039705567706,4.181370801508078,0.0,31.486726582846657,7,0
4,2022-07-15,SNF,2.83799580489849,3.4675314649902393,5.060009554932641,2.192854698780701,15.8,2,2.9393406679753644,3.5567755720342453,4.699505069419605,15.449590463240892,9.6004954611601,2.991627232913471,85.54874544008901,5,0
4,2022-07-16,SNF,2.625398097372406,1.1745910535039337,5.077624522904845,1.5905552098978235,12.2,6,2.056800466899744,1.5248578619247446,8.19377367285979,12.762471753300012,5.409894150668863,2.6929974586416834,84.08500841982091,6,0
4,2022-07-17,SNF,3.6077659442054584,6.0,2.501726312292493,1.0995300414638858,15.4,2,3.537939225648188,1.5762333333318386,3.6159605308583043,14.208140292156939,8.612283737672428,4.027306794360806,77.57804730686877,0,0
4,2022-07-18,SNF,0.0,2.642088545231512,4.093210157452649,0.0,7.9,3,3.3497242198902732,2.3216554603736825,5.514157440018405,14.470450339297892,7.0070472465357785,6.054442604139297,79.7024209754884,1,0
4,2022-07-19,SNF,2.8438716100700443,1.965775731110114,4.773582790883117,2.42280322097723,14.0,3,2.3668961174842775,1.1284909289177623,1.1662119446352919,19.46491610714972,3.482868229086658,0.3225773443102158,97.37050174462358,0,1
4,2022-07-20,SNF,3.348732854369049,6.0,3.1501379785919332,5.679242102817312,21.2,7,4.182157765423553,2.490232057424025,3.8389921865622156,12.737917392463489,8.86103846013319,2.2452546329190826,64.57787979054793,5,0
4,2022-07-21,SNF,1.8597286361201428,6.0,3.487101281917538,5.670148880961131,19.9,4,3.1399867866087408,0.5467437160026939,4.2129192489843845,14.761309853455408,9.332048872691459,0.7459228465054264,90.04956326882503,2,1
4,2022-07-22,SNF,5.6083728816855585,4.70904363993737,4.31524251490384,6.0,24.1,4,0.8363867312181579,2.8587939021405964,2.0286304015905285,14.274281974516944,10.0,0.005349401789439767,97.68432904614363,0,1
4,2022-07-23,SNF,3.99070342654554,2.891822009487966,0.8433152558128247,3.5557260331605076,13.2,5,1.329851209188425,2.577139603593096,0.6519243508109998,12.676207409989455,5.545310411644756,0.0,85.21662865544252,6,1
4,2022-07-24,SNF,3.818225335294228,5.47618436025104,4.025802549629622,0.0886423243319368,15.6,5,2.7420665444843397,0.9495012102039093,2.723706663076469,18.647748384139295,10.0,8.564485989385673,85.32963778346338,4,1
4,2022-07-25,SNF,3.307050270843412,3.383681776293585,4.259664562789805,3.848200603676765,17.3,5,4.106406661883466,3.99269793432103,2.861663934696921,8.691392746761407,6.434242917121564,3.3253438207195107,50.435917064702025,3,0
4,2022-07-26,SNF,2.382190648634631,2.618312384890701,3.9127451543249614,3.229774385705145,14.2,5,4.445930129289728,2.4859737846029533,2.245352305105521,11.098284842315385,10.0,0.36945331003533166,46.98260251474908,7,0
4,2022-07-27,SNF,3.901862047408444,5.45143600250065,2.776237231662461,5.021385130567441,20.0,5,3.7508301075680164,3.5492822694485673,3.5119944480289207,7.795197037664897,7.195898705091273,0.7413932514900781,63.873226340797544,5,0
4,2022-07-28,SNF,2.95961487322889,6.0,1.0938344186275197,2.5411629497432298,14.7,5,1.920100274070666,1.0627591391395947,4.798366699376208,15.93784271360735,5.970148435603749,1.6302244031220525,98.61928707822253,2,1
4,2022-07-29,SNF,1.6025731904374945,5.490536343900587,3.7992101038754535,4.934185008145933,18.5,4,3.267209054069216,3.238688856600665,4.533516038447006,13.745890714821302,8.092669511867774,2.8999854871299773,103.56422256096592,5,1
4,2022-07-30,SNF,1.6376418283131209,3.118899616151107,2.743523324837078,1.5539821409085122,10.6,5,2.404496333700118,0.6839759781810477,1.270307752957886,15.198001615947959,7.007508290148104,1.4670441628770878,67.56870435153706,2,0
4,2022-07-31,SNF,3.2142392797048474,6.0,1.4482559521642662,0.034298213011078826,12.5,3,0.7810798490957018,2.30746721490407,4.808262955251252,14.464755675477582,4.994281938930611,2.594670384080669,75.00862212899793,3,0
4,2022-08-01,SNF,2.5504940250424855,3.9200722920807083,4.224370253902155,2.3411381300542318,15.2,4,3.307199465406814,2.9441310759655788,6.0938903917072205,19.458870912227937,4.527562471177051,3.3950786539466535,64.4606036529971,5,0
4,2022-08-02,SNF,1.8433319170337628,1.5851220874919658,3.713806672455014,3.3325803331831323,12.2,5,2.270706712597538,3.4199207008878143,5.365626364578694,17.22843449959949,5.672752217718633,0.0,41.18604141905637,2,0
4,2022-08-03,SNF,0.0,3.2504760510257436,4.65844821463221,6.0,16.2,4,2.8554587861497605,1.813430957589941,4.078017696487882,13.33435809077671,8.700156902036666,2.6873774816014486,95.21475297791136,4,1
4,2022-08-04,SNF,3.5881776874296554,6.0,2.377668705765594,2.9373886335488857,17.4,3,1.9603163118787068,2.4248419440119187,4.967950553742183,15.859453343530827,6.3253499121967,4.4443148917001665,120.0,2,1
4,2022-08-05,SNF,1.9497754620354764,5.342223016343371,4.527621393437792,1.9087170717504214,16.0,5,1.6369149887338428,3.957817253115879,4.508031951316731,18.918673846035468,4.903395313028411,0.0,42.84396760564139,3,0
4,2022-08-06,SNF,1.3709175446130806,5.492553367072029,3.5042845438696646,3.9318065672053386,16.7,5,1.8322152012160304,2.281404228762753,3.9433842912721047,8.493341673854644,5.322860252921565,3.7033556564981462,85.26662463936565,2,1
4,2022-08-07,SNF,2.4166135653670677,3.92229294403787,2.5297666594787143,5.422829500173986,16.7,5,2.326155649229653,1.1122984679731995,2.0104042791459857,13.601961037472355,8.106760906262663,0.39444768771090555,90.4166027115329,1,1
4,2022-08-08,SNF,4.7190716955540175,2.6876394932083243,1.8026549871403539,3.4973791994324728,14.8,5,2.929834746483366,2.498903174457353,4.281915654295008,10.32931215912931,4.995055236066083,1.8466365361045005,78.78723908359804,0,0
4,2022-08-09,SNF,0.946537048634317,6.0,1.053461052845469,5.097686213074669,15.3,7,2.516875740299841,3.370930365697278,2.2763829916012988,17.08254026482434,10.0,0.9644194789689395,97.43931390012025,4,1
4,2022-08-10,SNF,0.0,2.2198875864124963,1.1558044460382795,4.561042715090384,9.3,4,4.304704218529574,2.683508000302868,4.479890656513361,17.364657596904284,8.676430380372906,1.618554337911175,78.53464755247509,3,0
4,2022-08-11,SNF,3.3386771832285116,6.0,3.588222522835645,6.0,22.1,4,3.097025617109191,1.0315225188978714,3.6568900269610904,8.702938434344738,7.007002257506953,2.9033953312009264,109.40986341208414,0,1
4,2022-08-12,SNF,1.5274617971992945,5.458264831221827,3.422139600775591,3.0073528313123035,15.7,6,1.889807075189199,1.6663884602673154,2.953590370448492,8.694889699749034,8.264130073287824,5.497446857004806,72.16669416938112,3,1
4,2022-08-13,SNF,0.31777594724315694,1.5441125251320382,3.3949115744249525,1.6436746523369983,8.1,3,3.54964798547227,1.294641621718517,3.610860617921127,15.808323209394635,7.232240888306477,0.0,97.73148370957875,0,0
4,2022-08-14,SNF,3.109128137513368,0.9064010816478341,0.33249674181382105,1.5129449288143215,6.8,5,2.8484450168767106,3.2602112416997078,4.7907527135118535,12.712921244231952,5.06987296153132,6.804531960556939,81.49530197091507,1,0
4,2022-08-15,SNF,3.171250978519433,3.138007167023009,3.648483105982472,5.874761426812686,18.5,5,5.373473718763542,3.2746687853360497,4.350978313477371,11.591908784305742,10.0,2.7273228361132547,70.12796942405038,1,0
4,2022-08-16,SNF,3.1658505331308593,5.2929671135556635,2.5436135595940885,0.0,12.8,5,3.9545735224688685,2.47542840532072,2.7499236011371933,16.243129743662333,8.455751048780753,3.3314496906783493,79.88865463395946,6,0
4,2022-08-17,SNF,2.9389385184066583,2.8108312278346284,1.7020715558754742,2.173590971159447,11.2,6,2.2390116140664547,3.038469914538165,1.976592473436832,14.094800167172496,4.6900163613403185,0.2628884324742762,75.37597906168538,1,0
4,2022-08-18,SNF,2.0830688105495767,3.6436524520228377,1.1469898796238043,3.0453826309681276,11.6,6,1.4281257937733614,2.851836352125153,2.1879897765225134,17.891305076736195,6.018697325250975,2.7824318897122238,87.10524850150716,2,0
4,2022-08-19,SNF,0.0,3.977462443602157,0.8573065482224616,5.30816530136714,11.8,5,2.121787958760193,3.3169527529172016,3.3541179189866526,16.122794458075433,7.314714968759839,9.331910416298854,105.60217325578988,0,0
4,2022-08-20,SNF,0.40860237868844607,3.4660221313163833,1.3445212158071227,3.7015822041482602,10.4,5,3.3365862718232466,4.144525129691367,5.6868100262229815,14.47057745759388,8.278852619622285,0.8510484420804296,90.51639516470165,2,0
4,2022-08-21,SNF,2.6510937113506383,4.4482196941366015,4.609393919835998,4.735612495357357,19.2,5,2.6923386876162825,3.157020127097626,4.701324576558358,19.87127126138164,9.555396639328688,0.0,61.50189465503714,5,0
4,2022-08-22,SNF,3.446346831928267,6.0,4.286687522507807,2.2634419885311967,18.7,3,1.6279883276334235,2.9398994332207997,3.18179312286981,9.790788297439148,5.841862743955349,6.280875046941553,89.30500371249634,5,1
4,2022-08-23,SNF,1.3637725861155656,3.432897997579216,2.085300487535643,5.29736469734108,14.2,6,1.896901724934957,0.9399095270002619,3.3143934881997614,11.499762115863131,6.385564983196481,3.104889165059255,54.24591100774077,4,0
4,2022-08-24,SNF,3.607743164041718,6.0,4.976560385785891,4.683797111380523,22.5,5,2.935500805156648,3.674974594850949,4.611056358221245,17.69689894778025,7.433270753406317,0.0,91.81857912464254,3,1
4,2022-08-25,SNF,3.6209155599274228,2.4326807647455992,2.6155988410229574,5.6977478619315205,16.8,4,1.059776414253658,1.995680177993839,4.92855407034854,11.895573191874098,9.133326250138278,7.188846857670685,100.49057661364918,5,1
4,2022-08-26,SNF,2.4640271918544423,2.3610899272879706,5.020189262295366,2.91719857052938,14.9,8,4.1336358837683855,1.6872569996960447,4.716837832756435,14.511498301959886,8.5779544389998,1.0080827483932249,67.68171205788514,7,0
4,2022-08-27,SNF,0.0,6.0,4.3191282372976065,4.846783320620599,17.7,4,3.1632197614707716,0.8459376487247761,6.442108659448753,15.101762621047417,10.0,2.8974167408558773,85.15431059954095,5,0
4,2022-08-28,SNF,2.301565649096816,3.1790903093618272,0.37754501370680416,5.298971139391449,13.0,5,2.6211036667808587,2.2170674459966695,4.221747384329933,14.859443471168458,5.361731484531393,1.6927523861718563,50.794271174223226,0,0
4,2022-08-29,SNF,2.888538255814056,4.8118543821831565,4.083283358912545,6.0,20.7,6,3.2569585965939485,1.2908080004558642,3.312441279153118,14.99481694780947,10.0,5.937482395860843,109.21819829644916,3,1
4,2022-08-30,SNF,3.679360278769945,4.813677709436112,2.4737922368048966,2.3924771434908982,15.6,6,3.5162967050361784,2.642078286139292,4.433605281237693,14.767652910863951,10.0,4.06347639700515,84.55355630509439,4,0
4,2022-08-31,SNF,2.4831554623235528,0.35473285274660915,0.9727728107150045,1.712137611512749,6.4,5,3.691886829594564,2.602544918038446,4.913812486067291,8.33005236365908,10.0,1.7937205994104586,60.09995905632725,4,0
4,2022-09-01,SNF,3.3808250931295767,5.538120727764341,1.837979736174591,3.2254443119841656,16.3,3,3.2109294425470605,2.400263656821917,5.0637824300465635,10.26915540804517,8.312175393421864,1.1212584123427072,61.0640608014774,3,0
4,2022-09-02,SNF,2.311301490421757,5.400514064906824,2.124753847715426,5.397923425273985,17.8,6,3.575143509665656,0.9178319889978923,5.477710697313677,14.212149228400412,7.797294844016358,0.0,113.72322306867792,3,1
4,2022-09-03,SNF,1.450998643630328,3.8614143032337336,1.5117271846823936,1.6284351841597362,9.9,6,3.0337327203601223,1.7422576306490898,4.3442352096925045,15.373352105779146,6.886334010509925,2.5814897630348486,68.39620967105725,6,0
4,2022-09-04,SNF,2.4333873588773436,6.0,1.8113946735562343,0.9956625663932425,13.1,3,2.4728686817306498,2.945287084227426,5.233019640558113,15.130431406444385,4.001977306328691,1.8800236288813852,46.21055853563524,2,0
4,2022-09-05,SNF,3.007050585936536,5.268114347862131,3.18460982812622,3.2360773947577925,17.1,5,5.419168717676369,1.3750622530231398,3.3343894703150223,19.05384356575953,6.843341594281556,3.4081550748638065,66.09932933065373,4,0
4,2022-09-06,SNF,2.2921985556661912,5.128527073576285,3.684683089202334,2.2598315195078347,15.6,4,1.7343978966704854,2.9332144430016154,6.183607960228843,14.6625769808484,8.776435355464168,2.6783204745390474,81.97574431712668,3,0
4,2022-09-07,SNF,1.2194816003253708,5.0334228902545695,3.4992692777158454,2.9792862221047804,14.9,4,4.387009533031159,1.6245070485008068,3.4436291774648806,12.794543595195773,7.768399864068721,5.08315214495245,35.02639234697962,4,0
4,2022-09-08,SNF,3.5746197384339524,4.259624356759691,0.3416460797954316,6.0,16.5,3,2.162481454469633,3.6331989515436707,2.067841226684063,10.928309042848937,10.0,0.7173206417029614,93.22388404345192,1,1
4,2022-09-09,SNF,4.250466633125728,5.655944848077331,5.871053033475404,4.009277008783519,23.1,7,2.184027100794569,2.131059031774151,2.6822221707468077,19.482052702792327,1.2675075710991774,4.361124724074744,109.11454707843335,5,1
4,2022-09-10,SNF,0.5219651298044502,4.738591767572856,1.0217194108625371,4.928102845181309,13.1,6,3.6230872062316593,1.9849544064369176,4.6922412949959,15.084178294036642,6.831057660645287,2.0592571992280213,72.16389191245229,1,0
4,2022-09-11,SNF,2.5407378360026556,3.822964015985145,5.745468985177981,2.7337646162410483,17.3,3,2.809683483171514,3.960079719289497,2.8955346068990213,16.66938161853715,8.44029512993624,0.9165231986133815,80.18166019778263,4,0
4,2022-09-12,SNF,3.539393804831994,5.571709080648513,2.4834095930764732,5.052982532237435,19.4,3,2.0362224945944862,1.7247932933657466,2.5661365226486232,12.944636998319115,8.378675862110503,0.0,86.41197974626604,7,1
4,2022-09-13,SNF,3.4907525877438808,5.70718272425494,2.3631126392194215,1.676041604791184,15.4,6,1.316998165397734,1.782508156657889,1.2737426056928107,11.875812585540157,9.03288824458043,6.965416565118959,89.2259575880363,8,1
4,2022-09-14,SNF,3.475972799518771,4.71704533960922,4.706378260165572,2.97885900921742,18.5,3,2.731843465206569,2.835855245470948,5.15569020122964,16.231768996249176,8.355868817318955,0.43175377850685726,120.0,5,1
4,2022-09-15,SNF,0.005715084391512137,2.025013439040111,2.5133184037171428,1.9691804028652202,7.6,5,2.1520426443559364,2.9573865685331535,3.450919509357377,16.57605473576682,9.574316346940835,3.086618911891525,45.90356739955577,2,0
4,2022-09-16,SNF,2.1844712849299284,5.394776366901335,0.0,4.264417716476855,13.8,6,3.1090821557860915,2.684115561527171,5.051704753606105,8.588042980582383,9.213101281844693,0.0,52.76677175936081,2,0
4,2022-09-17,SNF,1.468784368704282,3.9415120590737356,3.6215872819950166,4.8103946760067195,16.1,4,3.5277727705167585,1.9611948916612674,5.149046135270015,8.433937199884692,7.833288460392017,1.8210528051318131,80.48478970176878,1,0
4,2022-09-18,SNF,2.3516255530044483,4.512204167059867,3.0335264572077834,0.8801746754473501,12.6,4,1.2239717378679484,3.4357863684703083,1.8387077541059311,19.0584625116113,8.379449396550742,0.0,76.96843967976734,2,0
4,2022-09-19,SNF,1.924708605086348,6.0,3.6551090325364655,6.0,20.5,7,2.3254560499373818,0.746298701820766,2.887825505144304,12.093985207027274,7.207260834823675,3.6492511165865773,51.70657019581939,0,1
4,2022-09-20,SNF,1.8353631633383292,2.0218131518462465,3.442901352903453,4.059864600006317,13.3,5,2.4409534812161864,2.1588629520580156,4.01095552750834,14.243063245498474,6.630981541983445,5.064688877012269,67.5996791962975,2,0
4,2022-09-21,SNF,0.7173846075512738,3.7233387281906483,3.2440849470108457,2.885248977657279,12.3,5,6.271621436599191,1.8754485546907071,2.8137186358933417,12.995445689680732,5.329901272827088,0.0,41.02265154527352,3,0
4,2022-09-22,SNF,0.0,6.0,5.871053033475404,1.5181965599472287,15.6,5,3.7367137871210176,0.4201947793229496,3.4853703262118567,15.85130132539706,8.21198017900871,0.0,62.83260207497562,5,0
4,2022-09-23,SNF,4.365133595216166,4.26166865797914,2.352901013574565,5.175396458583998,18.8,4,4.2300789516954005,1.773070928710603,2.5152562565772087,16.26602953453796,10.0,3.736758489964262,100.50021767642723,1,1
4,2022-09-24,SNF,0.9829400747239482,4.775226190980943,3.130966387556559,1.9899735126470741,12.7,5,1.9876812640924026,3.0389879267541993,4.091788530289873,13.526104363452113,5.665104441867245,0.0,114.30562814488299,0,0
4,2022-09-25,SNF,0.7962236839201049,5.422086641300993,3.838698191471585,2.1309799191846905,14.2,4,3.5731074485988517,2.0966134541117185,4.425817986011434,18.062625017010063,7.128333446202492,1.9943059213205898,83.0329769546932,6,0
4,2022-09-26,SNF,3.056121516075473,4.2105309075067145,5.155815663600486,5.671199537422222,21.1,6,2.82688228250251,3.724650377638211,5.443178188123574,15.089114610735752,10.0,2.7987255226262615,73.8888326503874,4,0
4,2022-09-27,SNF,2.173564022695132,3.685190668318249,0.42079602333941957,3.8528388572212138,11.8,3,3.7356628854688068,2.056243730724853,3.7872694111328475,9.196594726985158,1.8489954537565105,2.9956176420106053,55.95200867075866,9,0
4,2022-09-28,SNF,0.0,3.830420016840244,2.8381276631669015,0.7865780754339053,8.7,5,0.7257659341645288,3.209412214708361,2.7386465414031687,20.0,4.810226666473594,4.570514300732899,107.89679773021778,2,0
4,2022-09-29,SNF,0.0,2.7950667728798484,4.121449053429959,1.0241390455900483,9.3,4,4.545836367818263,1.9973896105115907,4.3936417888945645,10.519085428982248,6.138295791069512,0.0,70.31579452938604,1,0
4,2022-09-30,SNF,2.1654253546161537,4.51730364325437,2.9379467725348225,0.22014385639894707,11.5,3,3.8567436103111774,2.464670138368801,4.259994863080121,10.372200095528406,8.568413917231545,3.352565637464108,46.6032281640777,2,0
4,2022-10-01,SNF,2.3864177657233077,3.76557906096685,1.3279962077518763,5.17040106397637,14.8,5,1.762403006674118,3.1188649421939507,6.2155880710047295,13.307559923853486,8.722484591198,3.2301715920607985,60.558022839087414,6,0
4,2022-10-02,SNF,2.7380082163260453,4.181013171639785,5.038920570411671,1.8737181550465083,16.1,4,3.9833941756759668,1.9152120612899324,5.730119537432543,17.277046112968947,5.86896675095144,1.5252572258740615,81.4451021048847,6,0
4,2022-10-03,SNF,0.9925440648824226,3.385882819288007,5.243245266633886,1.3200271595255226,12.8,5,4.211631138527915,1.056915846053704,2.9624782339535902,16.22355509549299,5.359487806084754,2.922226382266179,68.05509679847226,1,0
4,2022-10-04,SNF,1.672432037635225,0.0,3.865332469691383,3.3073836876550686,10.3,5,5.3789047718532235,0.7205477407934435,2.392451543856244,15.708286785530008,9.463638324564482,3.8586393664623753,89.68756738125745,3,0
4,2022-10-05,SNF,3.0742181316197286,6.0,0.07299613588947751,4.408126796450192,15.8,3,1.2010258160797913,2.0969581949923075,2.6814991876409953,9.231265662823443,2.678671485986224,3.254261342198394,103.64829368493943,5,1
4,2022-10-06,SNF,2.8218399579944498,0.5157007672737675,3.4595603317911947,3.1930972215680784,11.7,3,1.2988063295607148,2.560897552823215,6.038750584331355,8.85769946618517,8.87783947946421,0.611629076914102,120.0,0,0
4,2022-10-07,SNF,2.9045268435035627,2.415629875236028,1.4703511800492288,1.3617308283356344,9.5,3,3.9650856933738985,4.004263212152344,5.9754908673408,13.767052786067483,6.722550372143288,0.5072737343298606,106.96663961594807,3,0
4,2022-10-08,SNF,1.9226356085900094,5.2539500191612465,2.724543665391078,2.336280254549441,14.3,6,3.6957917734850985,3.2357525648641765,3.4721371255326576,10.164655111224594,8.262043653879571,3.3137095470781155,115.64041812175316,1,0
4,2022-10-09,SNF,2.172386267301561,5.727544861166664,3.5536878312070574,4.1779759588904275,18.2,3,4.131904131259162,2.276806358271421,3.6769049416153496,12.712896960593584,4.136097679458683,5.907940520077814,108.67623530591317,0,1
4,2022-10-10,SNF,0.8311515891957736,3.1288926622836404,3.376256096432215,6.0,15.6,4,4.498687215071597,3.477652653542461,1.4139241554989923,12.459728699791818,3.832316139338645,1.484756011707269,43.47605966705792,0,0
4,2022-10-11,SNF,1.7205715724756507,2.162194820499924,2.1864941420383888,0.16168777634126158,7.3,5,2.132640120092727,1.9574526768232252,2.9703624638476107,14.03226925107266,7.530577574489584,0.0,38.8403032718871,7,0
4,2022-10-12,SNF,1.8490692622331615,1.539791372337467,2.387173035739217,1.866640387647933,8.9,6,3.392030402345763,1.3355274527414018,3.176188035201797,10.080483873538288,4.438393780985812,3.7050336902643926,44.7279267499909,3,0
4,2022-10-13,SNF,2.7513674390191074,4.186508696902108,5.861864659014113,4.337877699395628,20.0,5,3.222117960101849,3.001010083305917,2.51832760365049,10.447248293678033,8.13660269268156,8.62689376294847,84.10202458048948,5,1
4,2022-10-14,SNF,3.1414538853045126,3.3087203571680046,4.404953114970385,1.2496393302517173,14.1,6,1.729573215176804,0.5359640515023759,3.489703874799634,16.137778867378675,8.273827828008711,3.8834818731106218,88.77081154505616,2,1
4,2022-10-15,SNF,1.1715697050743983,2.2446063508803364,3.779928903530542,3.5063141526523736,12.5,5,2.2660895303237023,1.885421847361619,3.1557671400076543,17.966870000069004,4.826476980384339,1.457298987302238,106.46233457696091,0,1
4,2022-10-16,SNF,0.7790310661585038,5.859634136966802,1.5969771631985226,2.114431047343294,12.1,5,0.8816993867684959,0.14412030784154317,3.969409977614026,13.247058333125878,4.889202122286224,0.0,117.790820460556,0,1
4,2022-10-17,SNF,3.139560829375754,6.0,4.276143531879101,5.180986035846221,21.7,5,3.1195052805938834,2.020276181897509,3.792688999949685,14.722801991860239,5.836618941407812,0.3429200943609052,88.1811785150024,0,1
4,2022-10-18,SNF,3.562339112461084,1.7176888476423577,1.7131053923985227,4.7201599234620435,13.7,5,2.247228082952301,2.454273755512349,2.9954159696915923,17.668775680444973,9.386495762124738,1.7273330313839659,106.98790957568988,9,1
4,2022-10-19,SNF,2.333149487971643,6.0,2.4522067134379157,6.0,19.6,4,2.430345881083254,3.350904848836023,5.79782638222434,11.497844254816096,8.596151284972855,0.523162999729613,48.60687150073888,2,0
4,2022-10-20,SNF,1.7332476847816998,6.0,4.222751434235888,3.2414052005456258,17.7,4,3.01177215686532,1.2873130409687126,3.526970838153323,17.63039997637446,9.23234495824848,3.0820884121413936,120.0,4,1
4,2022-10-21,SNF,1.0043036551489228,2.99725458792738,4.386927348522628,3.700526502761607,14.1,4,4.127996719783072,1.6646953810829799,6.407168921079423,15.708427205021646,4.604924251585468,0.0,77.12115838878265,0,0
4,2022-10-22,SNF,0.0015035234480622606,6.0,1.2702029457512338,5.0728551482916,14.4,3,3.849991293673669,2.3107374979602047,5.499138731865589,17.515907204964417,8.668503926531137,1.8867497832681615,69.63286566702696,5,0
4,2022-10-23,SNF,3.6378215300978316,6.0,3.495525837824192,0.2644027304179986,15.6,3,4.301608910702302,1.0251114092261522,3.188869242953356,15.38331478283542,4.987129566070351,0.0,81.79316561577234,2,0
4,2022-10-24,SNF,1.1379988016670648,4.539054083136675,0.3432260334393272,2.559449675905693,10.0,4,3.963479436088937,2.4533631845555686,3.165104813624252,17.923607371344154,5.44270536731833,2.5360010484497084,72.67989283174639,7,0
4,2022-10-25,SNF,2.2002668496979836,4.034550369960372,4.9540610216071554,3.716131694730544,17.4,3,3.9048951468859423,2.260936604518043,5.208662554645894,13.660141211243568,7.980859332014667,0.0,92.31762188073232,1,0
4,2022-10-26,SNF,2.1365778363934314,3.614273474133187,1.5911539736470943,3.3373827534937135,12.5,2,4.474701068862437,1.7082786132525902,3.1942413486736996,12.973203129124181,3.7807602547854033,0.0,76.4797895122975,9,0
4,2022-10-27,SNF,2.9793946836717797,4.161867627635045,5.34380105929292,1.1027250256561547,15.9,5,2.4943280215098973,2.9510787705822548,4.489718597022855,18.42794869833279,7.593384908633471,4.027876102621175,73.14957890983806,3,0
4,2022-10-28,SNF,1.1124186905159625,4.480605335605654,4.249199144262317,3.564643296495553,15.6,5,4.91972592147111,1.3521544728670396,2.3901577191643604,11.770092112033161,7.988876066856273,1.567644028757181,99.05718819515373,1,1
4,2022-10-29,SNF,2.0308316089886493,4.89601939496713,3.709547514130314,6.0,19.4,5,1.7661463012230043,1.382211704969592,2.8117654523555116,19.77869490676356,7.629237557103966,0.0,112.74713340851577,0,1
4,2022-10-30,SNF,2.654414507994187,4.661097569778873,4.240011948301241,0.7301868796042612,14.3,4,3.02624594052841,4.232765771383996,5.970755868423143,14.518789688887173,8.86684594060497,2.11052645181075,86.84073098764337,6,0
4,2022-10-31,SNF,1.204089702858846,3.113158625679594,2.9284485366913144,2.436782284116009,11.3,6,2.4073800721303185,2.633487413181363,5.973392506976939,16.51923246341417,5.3970460300886085,3.7602261520479607,65.44115773239727,3,0
4,2022-11-01,SNF,1.6729117611503053,6.0,2.504626736021432,6.0,18.9,3,2.5527470168496236,2.848234750051777,2.38360317359578,19.627755613606574,6.289001167027423,0.8385958653923566,94.75641266709178,1,1
4,2022-11-02,SNF,3.2666324120442987,0.0,5.871053033475404,4.603557192130991,16.0,2,3.860432293109103,3.4642973767435614,4.907068352567709,16.296243121949992,8.288763142371774,3.3977815690325506,89.0763392767211,0,0
4,2022-11-03,SNF,3.4362537888513964,5.571765049669308,4.75241405586334,5.545992587582065,22.5,5,4.363670500887796,1.2988958348287365,5.935614136694026,10.827875933279671,7.178595985166284,0.7069389803264494,105.98878670317436,2,1
4,2022-11-04,SNF,2.2148690397302686,5.672182157105698,3.1470884694426497,3.8653679635642093,17.4,5,2.8539185579418147,1.9107363879784751,6.878725635289645,12.531886688073827,2.4231246429968296,4.324633208275471,90.390518894231,3,0
4,2022-11-05,SNF,5.088447044458416,4.857273797293653,1.4027097778888118,5.712239268392976,19.9,7,4.344404225506337,1.2592187025586958,3.8959887241336104,16.664765009155726,8.835678648856785,1.4775883100501397,73.55019242043805,3,0
4,2022-11-06,SNF,3.0931154314091573,4.569134346443596,2.7211454041797607,5.147694944002792,18.1,6,3.2803104309084024,2.199473888173067,6.54147629386043,14.816693911431738,7.2888416991806,0.9779689885324645,83.15986644447585,4,0
4,2022-11-07,SNF,2.4234335189533818,6.0,4.757561204254038,4.558943076486431,20.7,5,2.6303134826706702,3.55644170865599,4.5653968307202915,12.833227768224011,9.757626812915305,0.0,64.70866367512208,5,0
4,2022-11-08,SNF,1.45659209379151,6.0,1.3544588501380765,4.51208172482864,15.5,4,1.9735455342660477,2.835166348823336,2.878744953736375,15.214158118270664,8.316571780644901,3.757530934318517,55.91873100852076,4,0
4,2022-11-09,SNF,1.3437299245484349,0.06865205524504958,4.464332842948903,4.72807677044221,12.4,4,3.539451113208827,0.6030250263992106,4.508021234834931,12.127135103566626,3.513484210876547,1.8974153361779384,99.05712890685552,6,0
4,2022-11-10,SNF,0.32718198942255317,5.776403733532835,3.5961784980607643,1.608327576867894,13.2,3,3.8668283194676603,1.2286524456978638,1.921576746915417,12.043755624661788,9.19110138966877,2.4423621943913902,94.01901401990881,0,1
4,2022-11-11,SNF,4.682275646225454,6.0,3.4764671966061935,0.0,16.5,4,2.615321714912058,2.172828866839118,4.113781797307473,16.8141349921785,4.440400887736667,0.7082513667612917,110.69777749319618,2,1
4,2022-11-12,SNF,3.4760208706408697,4.525166831773711,0.29032132546227984,3.6408604319459004,13.9,5,4.10800285690261,2.1830870673376577,4.0745691055258995,18.311197597469896,6.210419117120867,5.423488558136903,69.44925330791663,4,0
4,2022-11-13,SNF,1.190667572002004,1.8651126673853176,4.252314743821442,4.7356511047170455,14.1,4,1.016161380305817,2.5700114413591257,4.461232584960042,14.411778331674876,8.79823385499413,3.326886417013673,90.74337001707725,1,0
4,2022-11-14,SNF,2.02521563146781,3.103593425288903,3.1678109997493635,0.738182449545316,10.5,5,4.453800054693969,3.83133522407469,5.366806656935288,14.873196527622165,8.745691257217905,3.1518283195057926,96.60605637705882,3,0
4,2022-11-15,SNF,1.3733430427853417,3.050788220677,4.527205673349693,1.929236436016776,12.7,4,3.2402427836536174,3.2114881978333596,3.846633616376142,12.967093485267927,4.151915717358994,4.642838035076177,113.07045897240556,3,0
4,2022-11-16,SNF,3.71691328794836,5.8191706680044195,3.791669771534688,0.7360722628759255,16.4,4,1.6268744299076032,2.4779360582621135,3.3345005783466566,16.549029639723816,8.554641542944928,5.142883865530382,78.09654084694091,2,0
4,2022-11-17,SNF,3.399174980474282,6.0,5.871053033475404,3.481730801570562,21.9,4,3.399254548559619,1.9163319098936418,4.464269686232071,17.444335167405352,9.774826978865145,6.384147916135248,75.35525252879923,2,0
4,2022-11-18,SNF,1.8690026532600272,4.497024787577983,3.105907867356965,3.464402354349482,15.1,2,2.5226844827534194,1.5560293351608743,2.3722453100438083,10.00570223777862,7.376011368617936,3.214548042604606,56.26780070135668,3,0
4,2022-11-19,SNF,1.4659678551646236,4.743317639505326,3.7285468455265764,5.46006027267636,18.0,3,4.430874622690919,1.5486317782758023,2.4662299920204465,14.876580783343522,7.987663813412414,2.305387979558142,97.75835946454701,6,1
4,2022-11-20,SNF,2.5093117975507253,6.0,4.391468129450505,4.532577207847519,20.3,4,2.0032804381132663,2.7223103409165406,2.7200511767380497,11.007550678741886,8.777471297753086,0.5026084717592454,49.13969478968195,2,0
4,2022-11-21,SNF,3.309617268763484,5.519219053625223,0.8106377198210148,2.8121158592954676,14.5,5,3.5879176665888917,2.847491026806308,3.3248572488645545,8.91529774268827,8.832820392034654,6.2437106315396225,76.74021005647398,3,0
4,2022-11-22,SNF,1.1280007061077344,3.1068742254322235,4.646769328877126,3.943924612924077,15.0,5,2.2306828613086895,2.3425742286531936,6.207571411969339,16.34942117429569,10.0,5.560286008049769,45.495639973758834,0,0
4,2022-11-23,SNF,1.2034820465231355,4.942163464293463,3.430287193374136,2.564412093045276,14.2,3,2.4175829292528146,2.616607081210102,4.102417694880168,14.52184767972963,7.631305379902444,2.6376447972432624,91.67326339036087,2,0
4,2022-11-24,SNF,1.074944725737609,3.247397641159859,1.3563050458456534,1.1668864515422301,8.0,5,3.552792318251692,3.547031195251948,5.231732675036707,16.97305283911028,2.9020174221444632,1.4665485835742915,96.30674246602214,0,0
4,2022-11-25,SNF,2.0500952759996935,0.0,2.1386716434382427,3.5309483281259904,9.0,5,3.4212268183405854,1.5949503120113158,6.126968212790067,17.044583034936096,10.0,5.038689069734688,64.34397112277094,2,0
4,2022-11-26,SNF,3.1438542997534378,4.6610739441307025,3.7993379201409647,5.49420121702061,19.9,3,4.311374634970622,2.239591774417032,4.235505296987432,13.630012802106476,9.479079431652682,1.4266342089957735,88.86614505628387,6,0
4,2022-11-27,SNF,2.7857185656300287,5.66032035104638,4.24944256149735,2.984821720843513,18.3,6,3.85527301197775,3.9036151094520557,5.77849038764121,13.788489168381586,4.00591049863977,1.4074367818480147,91.26796127643331,1,0
4,2022-11-28,SNF,0.5671479434326723,5.451486891510351,1.792543653057463,2.3304071026378597,11.8,4,3.0389742471002985,3.4149031975822504,7.159597201935875,14.534146512155644,7.5229503619595475,4.340499315652857,63.49631692019224,4,0
4,2022-11-29,SNF,2.157297549853745,4.22740267129825,0.856358475901937,1.8082517470800878,10.6,3,3.468386263718156,1.6860812586281844,6.455287937875372,15.15856251285939,6.8783048816378525,0.16250008960244555,65.68308988239147,3,0
4,2022-11-30,SNF,5.06725196633925,4.705498140969684,1.6679157047089144,4.273565011544243,18.3,4,1.6163609588154313,2.042330736192806,4.954662644923141,16.303569365646336,10.0,0.0,92.36195027537538,4,1
4,2022-12-01,SNF,3.0666129015909376,6.0,2.931017415316526,2.367789108260887,16.8,5,3.737155782663764,2.8017945306184235,4.099398740762765,13.670617529918472,6.342225620502069,0.0,66.71171029906787,2,0
4,2022-12-02,SNF,3.287912173002701,6.0,4.608523707650521,4.080687528856093,21.0,6,2.230893629527089,2.004272973802053,5.50517011112233,14.231381039587601,8.73687997299997,6.577109189949916,120.0,3,1
4,2022-12-03,SNF,2.0708860741586697,0.01645333045902153,4.747241395711894,2.919699478287267,11.4,5,4.179829538598274,2.302072403196875,2.2640580279652767,16.959063051248123,4.389662089589903,0.0,68.28907192556032,3,0
4,2022-12-04,SNF,1.6559163141331925,5.995704079143011,2.79143962184497,1.7543614394993141,14.2,3,5.047439194505964,0.8885216696897565,2.220185306601026,14.74526342823765,5.056168965635601,0.0,68.32316617770597,5,0
4,2022-12-05,SNF,3.0380714866472798,4.600545734726927,2.5795088553000656,1.4858623542801712,13.7,4,2.724539520884605,2.060549798652374,5.112467966200224,16.81360579529322,6.773243247623992,4.357652189359803,76.92527982699522,3,0
4,2022-12-06,SNF,2.9824386634885927,3.773084071587996,0.0,3.819718025310063,12.3,5,0.9288309704741708,3.2214684470458885,4.62398039887794,17.1938807685517,10.0,3.342457383979368,69.36414909678065,2,0
4,2022-12-07,SNF,2.5110165284105435,5.454971866421372,2.882478478175404,0.67089464437901,13.4,3,3.052496435315748,1.9256034683987564,1.3760211447118165,11.715295278272865,4.9478796811132835,6.007021711905818,48.89041729139316,5,0
4,2022-12-08,SNF,2.531134076868627,5.8693601588114905,1.0623557319324948,2.638971987784066,14.1,5,2.481375692876999,1.0729046643514977,3.517923642423924,8.13906863915126,4.8124647214385075,3.2352608217161505,100.65386194150787,5,1
4,2022-12-09,SNF,5.02027731883764,5.713115937750651,3.452970864958268,2.794976590584047,19.8,2,5.670491548532248,1.4139079317716001,4.001248530677117,15.967982286652143,1.1952061472019961,3.570718151733947,72.03743575818133,0,0
4,2022-12-10,SNF,1.180764840152508,4.735066224486258,3.6314052749734937,1.532372233475333,12.9,4,4.657083149428179,1.6170335617899696,4.552526875438006,19.734817890744807,5.563216163769761,3.1264810577987943,101.56665715347684,0,0
4,2022-12-11,SNF,0.936066541749764,5.950460706095114,2.0173745708069095,3.854056619121729,14.9,4,1.8099948323345518,2.3577021169135355,3.0680296565425405,17.56409409861733,7.48190292577012,1.2363927748895254,89.49998526606717,6,1
4,2022-12-12,SNF,0.8156733736064508,3.4981580374310273,4.578776994619597,2.4998555161348635,13.3,3,1.4770582180136762,2.8025187247144863,6.625501098129253,18.096947313476104,10.0,0.0,84.10784960403595,3,0
4,2022-12-13,SNF,1.2552158026466316,2.672009136747552,4.470232433509292,2.695825895340491,12.9,4,2.8630314250764726,2.587397369928204,5.612028405264507,14.833089366481632,10.0,1.7025593422608072,120.0,2,0
4,2022-12-14,SNF,1.3110937523354838,4.5756146497139465,0.7900661420708854,0.6662492306270058,8.6,4,1.71566235432995,2.2398587271743984,3.9130730973849475,13.19168683886824,4.371828844502021,6.784487692242853,82.22780483776147,5,0
4,2022-12-15,SNF,1.025383587742489,4.27127083118485,1.0572611151330433,1.308019786735421,8.9,6,3.097239954782415,3.6052350900462224,1.3227501438065197,9.85065557749051,5.935083254847314,4.0777341064568935,103.35290936768261,3,0
4,2022-12-16,SNF,2.593480441488637,3.0400189400213304,2.5019945341306027,4.6855681490794625,15.0,5,1.8730631212264637,1.5419162158376323,3.889012905879922,12.935526503017938,9.78888095820837,0.0,92.85326027467428,2,1
4,2022-12-17,SNF,0.624680442186015,5.533681247516036,3.877729912357594,4.239348241427698,16.7,6,1.1448824263198447,3.2690571793953054,2.0461816275519005,15.361637275933033,4.702412788770728,5.3688787947981105,120.0,6,1
4,2022-12-18,SNF,4.4448058492447275,1.4603439939889926,3.864503490799774,0.796198630040678,12.3,6,3.424061616314209,2.9197280614673122,6.513794799661395,13.202135295790866,4.088344252921204,3.4305624153156202,51.19353667277382,1,0
4,2022-12-19,SNF,1.8643969098450879,5.369653763518193,3.7293797944709635,4.62365630540079,18.2,5,3.081645816180174,3.16789408011046,4.729330039091682,18.34142603542052,8.618165415434824,2.0553848821187186,87.86855493223663,2,0
4,2022-12-20,SNF,4.036586477012551,6.0,2.936980004603151,1.6097404022920867,17.0,5,2.318458037294599,2.887693246371611,3.467222452257148,16.86851335236985,4.546349331680519,3.974135637036863,71.48809078436868,0,0
4,2022-12-21,SNF,1.4459051641746956,5.014086966698192,0.37746086233354914,4.643272877220682,13.4,5,2.8815208869865354,2.8817651551009256,4.800694190819591,14.361273253012323,8.812674693109306,2.888666229310555,73.20381049149802,3,0
4,2022-12-22,SNF,2.349275109707678,2.115448279778717,0.0,5.338672519045344,11.4,7,4.022311852164641,2.196652061853253,4.454645839179557,9.178664095053852,1.7596142117500757,0.0,120.0,2,0
4,2022-12-23,SNF,3.699507983728561,4.934441848625246,4.301277537774974,4.995283816378771,20.9,6,3.8869152179638125,2.3457714493535637,5.772456136128737,10.101142491291025,8.221776436214668,0.0,76.36913782670942,1,0
4,2022-12-24,SNF,0.879372878933264,5.991623019242667,4.942052615735573,3.3713287524016584,17.7,5,3.18454236934784,2.8556251466305578,3.8139695313749113,12.44371015162496,5.341094471764266,3.7110994053758466,85.18030054283508,4,0
4,2022-12-25,SNF,1.29986161292126,4.783009120294343,2.128411395817843,0.625849891682464,10.3,5,1.574429408049517,1.91452981472377,3.1976827274151396,18.340540414473125,5.833209610911554,2.576366397461116,71.18098271872695,2,0
4,2022-12-26,SNF,3.5454089993548052,4.9458930429342125,3.3330787973080707,2.56065286523783,16.8,1,3.8885110569849846,1.622797402144733,6.267364349995047,14.71845778492724,6.6940245593121865,3.688946084645491,75.81879887076451,5,0
4,2022-12-27,SNF,3.4782830143740258,0.2680471918473524,2.810745772340215,2.9089403995616565,11.0,5,3.3161133929225026,2.258482956882866,2.0138024499310028,11.189805412870562,3.9897636943429795,3.005014371566537,45.0226146469127,6,0
4,2022-12-28,SNF,1.38575115735443,3.500170133733543,2.434932815742171,4.004641572109972,13.2,4,1.6900737241818016,1.6502965705338177,3.454216400477393,13.950667334818915,9.77859008477749,3.5056759026524262,70.46314034387764,3,0
4,2022-12-29,SNF,3.533846872505576,6.0,2.0009459510659124,1.4831748664491775,15.2,4,2.3275710016054427,2.09159289523492,1.7753447583083095,10.735571010084927,5.681502307128104,0.0,94.39563891934627,2,1
4,2022-12-30,SNF,0.8873340173035069,1.5917636677104872,3.408312054503341,6.0,13.9,5,2.936530570106057,3.0082418114399796,3.5481555695781277,14.332279570977493,10.0,6.729434752220659,78.92085041741785,3,0
4,2022-12-31,SNF,1.520868104703548,6.0,1.7806376291600285,0.0,10.9,6,4.508078599389956,2.5254585628022475,5.318507206220937,17.378181219258632,5.355880140807073,1.5012853993253508,32.788227789343686,2,0
4,2023-01-01,SNF,0.46321560356837477,4.138241149355786,4.9255153701313965,0.9427297385749187,12.2,4,3.338866644738786,3.231403385135418,5.3127951900340635,14.022434258606523,5.777548399102303,6.907995314595911,111.19491939245057,5,0
4,2023-01-02,SNF,4.117035216235988,6.0,3.358648461716699,2.751281729429593,18.9,5,1.4393715683970627,3.210257378516419,2.7155620103511695,14.836723865267096,6.380138234544232,8.422334715349567,96.01972461835618,1,1
4,2023-01-03,SNF,3.6385032316009793,4.794730186025046,0.5883574103952515,4.126281145998252,15.3,6,4.147168385918591,3.205090858306948,4.309654529044128,14.66679669937186,6.746248377684161,3.4188314276990472,48.15203498681742,2,0
4,2023-01-04,SNF,3.5469996794137235,5.214174137162207,2.835476522256329,2.6181120125426665,16.6,5,2.229472327125705,1.3437975874724626,3.3473215021093545,12.060005076854834,10.0,2.408923385413692,73.94159826272801,6,1
4,2023-01-05,SNF,3.4659316126917235,4.7663357866647305,2.937047109256236,3.917529000429512,17.6,4,2.69263940137056,1.2233837204807354,4.578994611174476,12.903041400022715,10.0,5.924841237833093,85.03330357637272,0,0
4,2023-01-06,SNF,1.078588465301958,3.7286793369233626,1.3368988051032318,0.0,7.2,4,2.5240566382208627,2.207285442246668,4.549858550446428,7.152700407273115,5.1254964460186585,0.0,68.52821974591514,6,0
4,2023-01-07,SNF,0.0,5.184282322836594,4.028995236003098,4.0464549956995945,15.5,3,3.6421558556988036,2.562520630770157,5.4868983542086145,14.10152550237609,10.0,6.633864617104229,114.84594232261983,4,0
4,2023-01-08,SNF,1.722567719799898,5.133755777983403,3.400341923195484,1.2230872238773869,13.4,5,2.292799500042913,0.7023717780108765,3.7381909664162434,13.29173448477968,4.0703606648324815,0.08311435517099497,77.719486179675,6,0
4,2023-01-09,SNF,2.9538035477081195,4.949157542752468,4.888672771772719,3.9252249935213848,19.5,4,3.4736028330148705,2.81559330604895,5.068147701535669,10.837147691872547,10.0,3.928439830273725,57.704337876980624,3,0
4,2023-01-10,SNF,0.0,4.637637581017827,2.2459408634988685,1.765136524973341,10.1,6,3.2510502143991147,3.4725357781888175,6.359406498678785,13.769975163526418,8.417727839153637,0.0,51.816518384975915,1,0
4,2023-01-11,SNF,1.8461027062305115,0.05011716247189968,4.714677227676217,0.736792033183448,8.6,4,3.426097282221183,3.381134265310401,5.932986954658386,12.569835969512773,8.603479889003873,1.7137556953722992,53.127734172497625,3,0
4,2023-01-12,SNF,1.528325411940873,5.885818364694153,2.8282515734477496,1.2922416957917102,13.5,3,1.997781550696052,2.09295286972038,3.8121724995363824,16.821129638297236,3.1602884367657404,0.14499407570102418,73.07105386877697,5,0
4,2023-01-13,SNF,5.258596336279091,6.0,1.8861492047648958,6.0,22.3,3,2.645754177344562,2.1029274175063835,3.61993992345831,16.38113579302865,6.12463191166461,0.6332243505248778,69.78018889438664,5,1
4,2023-01-14,SNF,1.195037194154897,1.1793602557532468,2.0740725507069118,3.636938625053314,9.4,2,2.980226057638821,1.5654439682539156,4.427580461917021,7.677480712506596,5.0602014064469865,0.0,38.458000916111416,3,0
4,2023-01-15,SNF,3.4149565406029074,1.8393910456064475,4.146199929935877,5.869743532482458,17.8,6,2.905132850947705,2.585975685225553,5.016139347606064,17.104778329920006,9.303070796524427,4.829738439086487,34.011019452536644,4,0
4,2023-01-16,SNF,2.756212688756507,5.58876605319684,5.871053033475404,1.4439910005747092,18.3,6,1.7826835475938547,1.7915900919324028,2.3596297733828155,14.963982693541313,1.336206581106051,0.0,105.88383218052418,1,1
4,2023-01-17,SNF,2.3683444243114447,4.643797624699527,1.0115124759504024,1.9928612918400859,11.7,4,2.2888775167940563,2.2149567897950857,2.9807103819434806,17.23335592659746,7.713886806156124,10.0,57.223110844887145,4,0
4,2023-01-18,SNF,0.9069058529301466,4.533003671004871,4.390100047335517,2.816986276288703,14.8,5,3.5041551558033706,2.975191322419566,5.595609699873412,10.069907220464726,7.766616241885906,5.113780897758018,100.14387996366126,4,0
4,2023-01-19,SNF,3.4680821484240836,4.024529894947852,1.8122056261399773,6.0,17.9,3,3.619876040397714,4.240547446313654,3.822188166486126,14.402270896880571,10.0,2.7777826367156253,58.75910140482243,2,0
4,2023-01-20,SNF,1.90436443944851,4.061522091215302,2.8306484862329264,3.1927043422918606,14.0,4,3.336163006356569,3.260544021648678,5.772401726471979,12.744117678184404,1.8248905980947812,3.9199288029261066,86.1370076285216,0,0
4,2023-01-21,SNF,2.87433766783332,5.6760847420730896,4.151810760598888,2.0363319933040485,17.2,4,4.166593311370435,2.539500317410862,4.088959577691431,13.48919098709661,6.90111054215159,1.4178028561293126,95.13986914623182,1,0
4,2023-01-22,SNF,2.0082422103213537,4.630405984999845,2.32371003335816,6.0,17.5,6,4.223735271445409,1.2948873230394042,5.448075832084034,11.770391067622263,10.0,0.0,74.88147353385138,4,0
4,2023-01-23,SNF,4.315436265681583,5.270250398105901,1.7054933458956572,0.620765578352934,13.9,5,4.448429894553331,1.9777928760289774,3.427160082687746,14.10747196084644,8.044383924314515,3.287887624859848,99.54907319662838,3,0
4,2023-01-24,SNF,1.3636694886581986,1.7936348341506756,3.2827857759555927,0.7582302583274398,8.4,5,1.4730325107608888,3.57726264303901,1.1286426168859554,13.939214699883076,7.567630222224058,5.499466083966276,117.03281796873742,3,0
4,2023-01-25,SNF,4.0033043031480275,4.1287223559431965,4.450490402623625,4.691211050197856,20.2,6,4.62184262275522,1.9039208930555396,2.9431569431266853,14.67634125682321,5.911476572091108,2.097634412643792,82.71012553345102,2,0
4,2023-01-26,SNF,0.22637398027149813,5.013871698470876,5.245270739733187,4.192464949108818,17.1,6,5.1965990173624,1.2758592538993299,6.113597348739004,20.0,10.0,0.0,87.26155309312962,4,0
4,2023-01-27,SNF,2.0907768896940278,4.633923580373115,1.0699354559006342,1.6796274212481597,11.1,5,3.129002660498163,2.8398415385795577,4.462720313576967,18.224900461391456,5.742784839488856,5.974302523205057,75.31108001266595,1,0
4,2023-01-28,SNF,1.2686497525168248,3.795878495029303,4.336448714044715,1.4257615882406485,12.6,4,4.2010448621854515,2.962959483909495,2.958482057964489,17.184834828016665,2.844604210307806,1.4071887548219468,57.4707993014191,9,0
4,2023-01-29,SNF,1.637628620938302,4.518707387511599,3.84079618225301,6.0,18.7,4,1.60974335547226,3.4224800746734454,2.0210374957666413,5.275241009834658,9.864125237459403,0.8366744577626224,28.597232866020093,3,0
4,2023-01-30,SNF,0.7753278485981487,5.317286967566254,3.1431645973514577,5.005293874338967,16.6,4,3.4986483083622586,3.1338970443086995,4.5614700046243035,9.767676852518559,5.631988983809741,0.0,83.31989153849095,3,0
4,2023-01-31,SNF,1.3976744610911127,3.2506709090607178,2.4151190916920653,0.9796931073008663,9.4,3,4.349597571792974,2.049435344343416,4.420190474858504,15.62266379630988,9.360365659573247,3.268825727465907,119.0079678433794,4,0
4,2023-02-01,SNF,4.425370275604477,1.5677504138860279,1.3392189378280208,0.6601054843816421,9.3,3,4.111811508468136,1.1631881289895807,4.842581496984148,14.218933848117315,6.480528500094905,0.0,111.78840019883799,3,0
4,2023-02-02,SNF,1.4089532332789,5.0450600443010005,3.897114894754032,0.7512516571076122,13.0,5,3.2481626632153966,1.1551479099911566,3.746662795051707,13.566658120775449,9.865278696832302,3.8761375888974454,87.63551700910956,1,0
4,2023-02-03,SNF,1.5021038429004254,1.7316200989114856,1.6591341863669982,4.604825476411821,11.1,4,3.217824878624391,2.2970517978288325,4.415846133970758,17.784465028582005,8.23002068481968,5.734788590753764,109.92883684185865,3,0
4,2023-02-04,SNF,2.7005966053251806,4.745305774511664,0.6270121308448661,1.1468664551805379,10.8,5,2.0796504784458536,2.9533945196079503,3.5863732683939453,11.774413194237054,4.37976496209393,1.119458358113529,77.48534478008237,1,0
4,2023-02-05,SNF,3.882792952446147,1.906164847064244,3.3041495309540627,5.685004091134633,17.2,4,3.884379065025751,2.813418510135272,5.8531687205583784,15.758931006859287,6.650571002329227,1.8062651649182935,50.36105679181216,5,0
4,2023-02-06,SNF,2.1640424203508,6.0,2.092971542540236,6.0,19.0,7,2.999359531552848,2.7258366541627486,3.087844150998738,17.98194046257002,7.927589557825838,4.022291859154784,86.54012429648213,0,1
4,2023-02-07,SNF,4.020717316626461,6.0,0.27107701249102223,3.8051901162861097,16.4,5,1.70881074249941,1.0641876271561617,2.209744081285123,17.128521328148835,1.4213696243510867,2.5633864597174583,81.91538577079793,5,1
4,2023-02-08,SNF,0.0,6.0,2.799986852660216,0.36700621743933975,10.7,3,2.139566623103541,2.165173485679992,3.5855685945113476,15.819159891707493,8.010007639297935,1.9383499913330255,119.42562774916333,3,1
4,2023-02-09,SNF,2.0306382887733085,4.651747270114303,3.2146135803396487,4.173041105432492,16.4,4,2.2000153635352877,1.4612903921662828,2.2313242294101014,12.986074753799562,3.420784854893369,0.0,88.61637694324547,4,1
4,2023-02-10,SNF,2.9861245491281854,5.105303026281003,3.34601772524558,2.297537436842008,16.0,4,2.8216274464711035,1.2383632038560246,4.9967983263350915,11.19996572795242,9.829892126319173,0.7919017359525904,107.84062683723394,3,1
4,2023-02-11,SNF,0.0,6.0,2.9853747053419086,0.8747033431828397,11.5,5,4.131531936850962,2.112570129252922,2.306203152098104,11.915951604709624,4.665951492400465,0.0,115.77607699986233,3,0
4,2023-02-12,SNF,2.73774591170616,6.0,2.819586400959051,2.8972531642041877,16.9,6,4.541394370352405,2.4887487049192845,5.073805191151425,15.332505247886553,2.858477520954941,3.573546022883678,87.27549068337831,4,0
4,2023-02-13,SNF,2.60403531910019,6.0,4.3918897307878,3.0358325694053905,18.7,5,2.953253589272204,1.9105296626911086,3.63202545083991,19.286434633629852,7.762458227301754,5.521295612912103,120.0,2,1
4,2023-02-14,SNF,1.1401028784664538,6.0,3.2728164938179125,3.3395270970075837,16.0,4,2.7127477579896673,0.9557970699937167,4.075886764307772,16.84322686855889,4.527315931009108,3.554754536823572,50.39857957326418,8,0
4,2023-02-15,SNF,2.8369408708760866,6.0,3.768205123430395,1.4018838282189066,16.3,7,2.981162421231115,2.7200450872375925,4.6225904647796225,9.323203937889236,7.056216146843383,2.7354144539369054,119.61843480749273,1,1
4,2023-02-16,SNF,2.6129719998991785,6.0,4.412156471101285,2.437160711972577,18.0,5,3.724217155787155,2.012166330555615,3.037359199260341,14.312083554676121,6.151278972200493,4.987498978889608,75.53448193707278,6,0
4,2023-02-17,SNF,2.108439848497765,6.0,4.326336715868656,3.8262018701619986,19.0,6,2.12329810991955,1.652518551956355,3.627515103160314,9.561794167143589,8.238804752302311,2.140377003338207,120.0,2,1
4,2023-02-18,SNF,3.180315963143216,6.0,0.39095773867217143,4.488540065924938,16.4,8,2.3601949428557703,1.475779575383508,4.3020699383400425,15.863313851884284,7.745142900129049,3.7607338712262823,49.74000313358304,2,0
4,2023-02-19,SNF,1.0475842996611369,4.630514789180276,3.6468936429359355,0.10517241677931605,11.0,4,3.287517001052442,1.6764121493714192,3.1031428989343084,17.693168762316066,6.4776259738844875,0.0,98.24734147225405,2,0
4,2023-02-20,SNF,4.298574698071043,5.121827722269202,1.8737061447805883,0.7901000961936453,14.1,4,0.0,1.691106088937801,5.49637644540117,15.724142361861832,5.362515861445619,1.8975954589304074,48.740443255457336,2,0
4,2023-02-21,SNF,1.1047320971429357,3.349170134234455,1.1223085411867568,4.885642116360392,12.2,5,2.47948550874335,2.2678909012268997,3.114771467608887,15.995442237125697,5.1515371637744165,1.5057469714048755,86.15634686147061,2,0
4,2023-02-22,SNF,2.920253919596173,1.9693104912825996,4.346840136308955,0.34398179000504836,11.2,6,2.361056692265529,1.4225570908476366,2.78141887710029,13.026865550975224,6.4087797801457524,1.6489369758427799,117.47255074874441,2,1
4,2023-02-23,SNF,3.148412312707774,5.340971725806202,3.5162801573918365,2.1713471122675405,16.5,4,2.4021791079729296,2.602813840545729,1.7013621461080455,14.437960703860355,10.0,3.029642173799322,100.59904160149985,1,1
4,2023-02-24,SNF,1.9003395742844735,6.0,2.2757295914251006,3.9477438816828117,16.5,6,3.2511996410535526,2.3123564490634303,4.454748274613776,12.424318422107566,7.194086661953885,0.0,119.95376638039863,5,1
4,2023-02-25,SNF,1.0923560661111467,6.0,1.982715889652173,3.8363034550098574,15.1,7,2.636847577535493,1.416981545777134,3.5409903016671205,15.577179301680202,7.352007769065336,0.0,114.29793140374717,4,1
4,2023-02-26,SNF,3.045982100780868,5.5555750670930895,4.421913212986943,3.1184640956657725,18.8,4,4.36378039106909,2.4414671084938173,4.575118244332353,13.240494981229634,8.047635078729924,2.716873243167991,66.33351061111122,4,0
4,2023-02-27,SNF,3.426816254193822,6.0,5.812687349385581,3.776269059399092,22.2,5,3.7589084427051382,2.2002297175639716,4.037318203384414,15.636525236567307,4.236433601910254,2.6372519964946255,84.64174666124799,5,1
4,2023-02-28,SNF,2.1838242170123072,3.8341021138052973,1.7693629428856301,3.42410192088788,13.1,7,4.31087851106448,3.454452967876577,6.885231246758473,13.292667204419123,6.145530817920573,3.150534788731999,49.68020926089634,3,0
4,2023-03-01,SNF,3.2135028074035286,4.4727013868529655,4.9455893091191205,5.523394670186926,21.2,5,0.2740640792062603,2.5507023455556936,4.4365311551777165,12.615775600985131,8.19921595107648,2.462591672703734,120.0,0,1
4,2023-03-02,SNF,0.9191280303519409,6.0,3.630368851892123,3.1187540242977567,15.9,3,2.836477624135695,3.4628319439616857,3.599050059945218,14.651063714161857,4.0260783258505,0.0,68.3443432383223,8,0
4,2023-03-03,SNF,1.2654516181769304,5.900153144503072,3.9164088226267957,3.572810974023343,17.1,5,2.9962654897385055,2.6438639218497655,3.8192549170227537,14.02222719907105,8.37261383272486,0.15778367999482512,78.66942597935997,0,0
4,2023-03-04,SNF,1.7261560965850977,3.6347665409211016,1.8392917337130037,4.1261470743392135,13.2,4,2.0030124022888955,3.474714693078347,1.9038914112303527,10.825437443470834,5.999371331189183,4.717426976669753,47.34982449261382,2,0
4,2023-03-05,SNF,2.9625590969779667,1.6764043396130435,2.36452867775993,4.9415039902416575,13.9,7,2.064317910520325,3.3938609683620498,5.667170541246867,16.479753116230373,6.036672081058007,5.01516509772023,120.0,3,0
4,2023-03-06,SNF,2.404120341888179,6.0,1.3512603382444304,2.9807265367291036,14.9,6,2.108819462470542,3.3954834187410516,4.661964976335242,11.199537440028536,4.528777154887949,3.078116565253009,73.39340361250957,1,0
4,2023-03-07,SNF,0.9903126243058739,1.7532530983565626,3.3039845128668546,5.6765144274005905,13.7,5,4.56926730337435,1.555133999762176,6.7395463404288565,16.738513794689577,6.936271187599983,2.696619177647725,64.00299294160881,1,0
4,2023-03-08,SNF,1.7842724177462586,4.068193415711972,2.8168681303844654,1.9462446086676135,12.4,2,5.3111492477850435,2.727096330901283,5.833366172737598,11.221990125258952,8.114795640991698,2.0758299146566888,91.76234552997612,1,0
4,2023-03-09,SNF,2.263807978062347,5.2081292219176,3.565301005667068,3.953785587811555,17.5,6,5.61611596147327,2.5760565738954306,4.900575519821766,11.513497577608094,8.43248527183687,0.5190938494926529,43.693521100933104,1,0
4,2023-03-10,SNF,3.6747727456737613,1.669499421586114,1.660044412848638,4.776817389387761,13.7,6,3.4599463345783463,3.207789928842615,1.3158356601618906,11.02936331711848,5.437684509767856,0.0,56.21327476847226,2,0
4,2023-03-11,SNF,4.0448612204332175,5.9585437100012655,5.288989460693183,2.527641466426134,20.8,5,2.9704477972518983,3.2560114391450843,1.876023659902441,12.880318725536299,7.278220532947152,4.076298041327168,85.35437595732206,4,1
4,2023-03-12,SNF,2.0296499842993923,6.0,3.145904482687985,2.5153452144902078,16.0,4,2.9241896204105124,1.6145140229631225,5.985223796540269,8.774775814509294,4.695989213775382,1.7687824248715374,59.8143427179546,0,0
4,2023-03-13,SNF,2.2414868906157097,4.569889873819479,4.490934293683874,2.38959744551856,16.0,3,3.95921277947104,1.9901028475167493,4.450640971465238,17.201754434148896,6.986440096039916,0.0,82.08451410919018,2,0
4,2023-03-14,SNF,0.0,2.970015264900146,3.341645375378883,1.8648810497186203,9.5,4,3.4208170769198722,2.6261170089177344,7.660027979367088,12.063349839421692,8.35484429353636,3.6328040632001537,105.33973134347436,2,0
4,2023-03-15,SNF,3.6604601180850898,5.551143428268001,0.3286589228319623,4.897110888605249,16.8,5,4.739996656757012,2.0444419139683214,5.357719160445226,10.2903743146543,5.357421514373133,0.0,60.58013638555125,1,0
4,2023-03-16,SNF,3.717945870791552,3.6473385708631483,3.38377488439235,3.166556982788839,16.2,4,4.8368471311225365,1.5618505422586744,1.1117347625352185,16.443924585175804,9.321313679622364,2.701291447268713,57.366322897592745,4,0
4,2023-03-17,SNF,5.13471125231173,5.978174747001997,3.946109918387034,2.220007890495307,20.2,4,1.8393153174146455,2.2276858637207106,3.192869234380937,8.92790608689914,8.37168648650827,2.6136349673634376,96.72192422548301,1,1
4,2023-03-18,SNF,1.3402910163599326,5.143745426885794,0.7708435091406737,4.589667517064081,13.8,6,4.611849536242396,2.3271933416488757,1.8876178875470058,8.387950407844146,10.0,1.2154172175562472,88.0086871456959,2,0
4,2023-03-19,SNF,2.782824720008072,6.0,3.1130495031060574,3.571686395515256,18.0,5,3.188586838256986,1.0663765263680878,4.658325695999459,11.82213399650905,10.0,0.0,110.99520969563906,4,1
4,2023-03-20,SNF,3.760587196661748,5.537161706208967,2.319100984990849,0.0,13.6,5,3.070412577551634,2.054566892599045,4.510139126946884,7.557837858070485,7.033892882287268,3.001900318008356,81.41151085847244,1,0
4,2023-03-21,SNF,1.9418562785805191,1.3788348949378748,5.423934717369562,3.8998453785914275,14.8,5,4.179485216835412,0.7607328496971942,3.8728953105283304,18.578227926836682,4.446675296519711,5.018108784286357,63.663821235837815,1,0
4,2023-03-22,SNF,1.4545219317365308,2.750925883383805,1.7517009578481777,1.0274837475134344,8.1,6,2.113426273633639,0.5721732844392374,1.8442874984463384,12.771652703838097,8.496976554365325,0.005902869248238574,120.0,1,1
4,2023-03-23,SNF,0.7725182675989628,4.691279757380736,1.9624955529816228,1.593639274927845,10.5,5,3.2906086502712375,1.482933360558303,3.0191128463031536,12.829661762501733,1.0,0.8795557890953545,81.11535190307382,1,0
4,2023-03-24,SNF,3.1730365746720985,5.317440174724156,3.005450588735779,0.10482183243718346,13.5,5,1.7532261662923132,1.4357130840082537,6.755271081024246,15.353822613369404,8.077028280036785,2.163696774399468,110.43686148805439,6,0
4,2023-03-25,SNF,2.0223488514319725,0.6095522375847309,2.9366640267318473,1.4651544913317602,8.2,6,0.38566943075847204,1.9089935334986994,2.6891211570210563,14.095154614979903,10.0,3.899477372987286,103.01026155191367,3,0
4,2023-03-26,SNF,1.7383886665646788,6.0,2.7315234603931575,1.3904922514020344,13.8,4,3.604142428350561,2.0236405392287855,6.322797679954737,14.663903738691863,10.0,5.717986203148545,81.17018038941666,2,0
4,2023-03-27,SNF,1.3649371999637008,3.7636574651341173,4.6548120856457516,0.0,11.4,4,2.633756673729767,2.260642720200367,4.025542085535786,11.648992936001555,4.953559464294726,3.953768982412744,41.224486923054315,0,0
4,2023-03-28,SNF,2.6133023432166036,6.0,1.7042087760828617,5.24078669876748,18.2,4,4.7127844772251315,2.5659147911240634,1.0363060035939136,9.672014728462667,3.4591823218864146,0.0,88.97998763970463,2,1
4,2023-03-29,SNF,4.594730701853917,2.290232098708581,5.871053033475404,3.1473400863537466,18.6,5,3.360115694827605,1.3181655944806163,4.354480457278574,14.878223706132191,9.803303867363361,0.17619095513995786,79.31509488427864,6,0
4,2023-03-30,SNF,1.0441994514704593,5.988733228929962,0.6311154955283711,6.0,15.9,5,3.3027973960503534,1.146022758679192,5.7189748149082895,12.506435624721876,10.0,1.13336894369238,80.46370586455112,4,0
4,2023-03-31,SNF,3.8573197241845367,4.593872958831469,3.733837020481462,4.950895038187577,20.0,5,5.189154264257717,1.8625598761223203,3.8067771243555066,16.259336541638056,6.830978123997403,3.1979401034231887,85.7945131959443,0,0
4,2023-04-01,SNF,3.3049498277666385,6.0,4.2912085279201735,1.6870554928295611,17.8,6,2.677102079616672,2.1037162597809154,1.7538090577712797,10.078167002119766,6.870102600554738,0.0,82.29853429089741,5,1
4,2023-04-02,SNF,1.7987089199237378,4.981675659013929,1.5127385312967105,3.018058628208768,13.2,5,3.4287969961678777,2.7761841076139744,1.8854034595057043,7.6453557675522585,2.2639162273072464,2.372220517271194,117.72071611099493,4,1
4,2023-04-03,SNF,1.8381961043323112,1.9059315012856202,3.111781297408927,6.0,15.0,4,4.95636746626632,1.3482204463684702,4.094112292785616,16.119225647078842,5.477298865298699,0.0,97.50393706710243,9,0
4,2023-04-04,SNF,1.7425295749872505,4.126960338878818,5.2654909193651935,4.729372470773898,18.5,4,1.7043293692868156,3.1527747731296585,2.9741678909952873,16.66062192934414,5.746843338276693,1.772945263830846,74.25176284539998,3,1
4,2023-04-05,SNF,1.1855233631962143,3.0400661318436812,3.5563005770035536,4.9008139049840125,14.8,3,4.475493523523518,2.3490218539543006,3.267598129685531,15.235526266864488,7.577530656222917,0.0,90.94646626286453,5,0
4,2023-04-06,SNF,2.1245225452530017,3.8447724981103724,2.677262811643979,1.0519352108951208,11.3,3,3.8125625959874396,1.230547988250315,3.846031432045525,15.579522190602644,6.326185470210103,4.2184472448516415,70.83522738307633,5,0
4,2023-04-07,SNF,3.358312785531612,6.0,1.7989547774320191,4.163785057007477,17.9,4,1.5461739537886112,2.7759275697760946,2.974118136337483,8.565273132435436,5.292350887046495,8.961907567425845,98.83924093681344,3,1
4,2023-04-08,SNF,0.0,6.0,3.0429924001749273,3.524038099021798,14.7,4,2.840150185684792,2.314818935458832,4.501082617825812,17.006380060406947,6.1195301255689225,0.07634627502448543,72.71113572030141,1,0
4,2023-04-09,SNF,3.303523010717563,6.0,2.7607401349461513,6.0,21.1,6,2.004893676779554,0.9354807085155815,3.05675144294979,14.158145729352007,8.327867883082618,0.9187514989288088,97.86279690361268,3,1
4,2023-04-10,SNF,0.0675084455053907,2.7677702220798706,4.8565738446796125,3.625540706655438,13.2,6,3.65302746933757,2.9956439291009835,3.2045023268026687,14.705926116637311,8.708335057135091,1.475169628226884,101.28282139973888,1,0
4,2023-04-11,SNF,1.2161521506521829,4.346985066828916,4.619312571006397,0.15542360307381342,12.1,4,3.902728094937731,2.480721386871853,2.542019689851938,14.607891365891918,7.096148393857587,0.0,61.40272288246243,1,0
4,2023-04-12,SNF,2.5570703627276163,6.0,2.709985786382666,1.6275947721326913,15.0,4,3.515187384431999,2.900621734088353,2.18413750282262,11.249365251239233,4.973822945711214,0.6382345859475014,47.472374645968024,0,0
4,2023-04-13,SNF,1.9189334843122607,3.2459111528553826,3.8363703701209078,5.239189108590665,16.6,5,2.100061125771225,2.560516320285977,3.7497158411040954,14.303718299829036,9.368671326433374,1.7633222619440163,52.129207348486084,1,0
4,2023-04-14,SNF,1.3884769035312596,3.2919342073205646,1.1224641685002992,6.0,13.8,6,3.0278278826188103,3.195332924189387,2.8788408198582087,13.215556596165532,2.466707330410036,4.594864739930017,106.8583591560807,3,0
4,2023-04-15,SNF,3.104995156551195,5.260089158391866,2.3028486787834757,3.390659509647345,16.4,3,2.27634055364562,3.6933380951393753,2.702949996166448,13.393143195247402,3.3441435295933264,1.71706277926356,104.76039179676805,5,1
4,2023-04-16,SNF,2.780544630038093,3.997372963743516,5.871053033475404,0.5310785746532153,15.4,5,2.2896298412688045,1.1198761306252352,3.5765223707948253,19.160240176162876,4.899226650307536,0.0,101.23781715760444,2,1
4,2023-04-17,SNF,2.5983468054403054,5.343334063808715,5.871053033475404,4.426077386821939,21.3,4,3.473891636571417,2.645993461774441,5.450229543718438,12.571449388077378,10.0,5.093751609106797,44.92938543136278,0,0
4,2023-04-18,SNF,2.2034191797693428,2.7774061945283828,4.642327795040236,2.8748098386694805,14.6,5,2.048742591357365,1.3568056966526858,4.486694774263542,8.15879223833246,7.802691747689684,7.435483676056976,77.55003998185447,0,0
4,2023-04-19,SNF,1.454246677248419,5.07566053387288,1.6441130539385662,2.2595279512118216,12.2,2,1.6574300169760092,2.2135615717178934,1.7424670308226342,11.148316838537777,6.467117244874526,9.910677336151359,92.9361254105894,2,1
4,2023-04-20,SNF,1.5831876587974452,3.380698429698332,4.95436515393606,4.767648569273233,17.1,6,3.602661446209559,1.2530658539245991,5.499731932597072,13.820614507358057,8.099767139258491,5.537353983221288,85.2419806979555,0,0
4,2023-04-21,SNF,3.16061249853749,6.0,3.833932413772053,3.5110507420271624,19.3,4,3.331164731579535,2.0868118843258667,5.565835689174867,11.063994339906346,6.97962393187877,0.0,95.59098602367264,1,0
4,2023-04-22,SNF,2.337903367316788,5.891835574393576,3.9199789993362226,1.4653920723597302,15.9,2,4.938909052144684,1.2829032639275657,2.0710921923287944,11.88250558397926,6.251282839869507,7.530411886872956,107.42899732706118,5,1
4,2023-04-23,SNF,2.7175397590526447,4.305711850761771,0.5642756120548797,5.320841958790777,15.1,7,2.888264739162004,2.1807728393190313,3.6749604678351777,8.461063879396033,3.838891792715382,0.0,109.73265354507873,1,1
4,2023-04-24,SNF,0.43629038960439037,4.746909945344078,2.416089065910464,4.391603728099437,14.0,4,3.058307831349709,2.7777826646594934,5.219091121407387,12.541611912474293,10.0,0.0,69.0214100664829,0,0
4,2023-04-25,SNF,1.9762521276568008,4.73940343614441,3.321275445838306,5.048997216612065,17.6,5,3.1327325941139135,3.1660463258249845,6.327810303381485,10.186164847373078,10.0,3.8450496009756066,53.30357719373557,7,0
4,2023-04-26,SNF,2.832498441779401,4.229478404489262,4.813149322121546,0.48146869799966563,14.4,3,3.0654331093844553,2.119943128161515,5.294008423523985,11.002371125704427,6.852760729005152,0.0,39.67584714716232,3,0
4,2023-04-27,SNF,1.7032039147929865,6.0,2.306866834259253,6.0,18.7,7,2.3384862380427474,1.1577175010002962,1.7926149828304043,16.180534411494587,9.04992403742803,1.9296695103780568,93.1051669655817,3,1
4,2023-04-28,SNF,0.8515153536483697,2.690945716584702,3.2601605604531723,4.361453095004613,13.0,5,3.208664437242926,2.9054684694429547,3.929025927764662,12.402845030126697,8.13939086549571,1.234879722487025,113.71664719051606,6,0
4,2023-04-29,SNF,0.8970521056280072,3.8245205386873575,2.6137365214802823,1.7489576940171452,10.6,6,3.4377650946695697,1.292249666437658,3.9686664792618567,16.878273969377712,10.0,2.4656723769781204,41.996304189446974,6,0
4,2023-04-30,SNF,1.5502182878880588,0.0,3.9264814483217014,0.0,6.4,6,3.3520515621178752,2.315836204245742,6.336007088115992,17.574286710934093,3.3688441945480463,2.9435837619028744,71.37962468683473,2,0
4,2023-05-01,SNF,2.3793450653140495,2.795166768942889,4.885464316318782,5.178628764945135,17.8,6,4.527007797249534,2.440469998044717,3.4452063522754033,13.231556394099993,5.409703551514717,1.895758890220009,66.67148647155607,2,0
4,2023-05-02,SNF,4.0618325201160745,5.871295909883939,1.150571469688666,4.461873723182375,18.1,4,2.2071598797426684,4.096267976313311,2.2600033072685433,18.69061114450991,2.0091196887874885,0.0,78.31780805104344,1,0
4,2023-05-03,SNF,3.5405961337507916,3.75096856484676,2.2104765998834184,5.151087091137021,17.1,5,4.015090019186052,2.0866797651647735,3.6157488797990576,17.210865339297776,7.331784371195055,0.0,90.93612979367784,3,0
4,2023-05-04,SNF,2.363039805757048,5.145519914280269,4.466802662621215,1.7223923306129685,16.0,3,4.306800840413604,2.79360294924578,5.382187817798789,16.667777311515398,5.636337830977703,0.7942241432871848,85.34332699770965,7,0
4,2023-05-05,SNF,4.179225230175416,6.0,4.705226538961784,0.34390350095848476,17.8,3,1.5198572648770259,1.813870650682748,5.247494801833456,14.426893891535503,4.945842201950556,0.0,100.51141669120611,3,1
4,2023-05-06,SNF,3.1226089456060495,1.1852605749250302,1.7804216885294077,5.646811168171965,13.7,6,1.3572137669635094,2.1552393226159996,4.51774833319032,15.392111420234464,7.46409907626733,2.122239837659727,62.49107713200263,8,0
4,2023-05-07,SNF,2.2692561016523314,5.369225591399628,4.81678565198801,5.760155179618199,21.3,6,4.065152637363547,3.1647869065289695,4.190628179438211,15.279776649809515,4.739786146027044,2.673148666689424,120.0,4,1
4,2023-05-08,SNF,2.3935941407809342,3.831447311647569,1.1595252941908158,2.783041997443853,11.9,3,1.728532502592687,2.925874860017998,1.5469042066398686,18.808343001731977,8.918053936369155,3.9900627436189753,101.5265947855613,1,1
4,2023-05-09,SNF,0.772439307845204,6.0,3.9228624436178676,3.337484707707294,16.4,5,4.26367150333421,1.8779447675775758,4.960863735792445,17.948081499053966,4.424081831276917,0.7672928129416956,95.60641387693289,4,0
4,2023-05-10,SNF,2.2420570822560997,4.776645619584058,1.5045521720525057,4.811828426174318,15.6,4,4.34195200213331,1.3540222964216178,3.044690694979236,20.0,6.164263783466723,0.0,101.3581550336213,5,1
4,2023-05-11,SNF,1.3267240587602458,6.0,4.709251697206684,4.208422449649333,19.0,6,2.941483152754887,1.2097347833427272,2.4830949259129107,12.7005818181571,7.702381124057969,0.0,94.51235177701989,4,1
4,2023-05-12,SNF,4.163181739208269,5.225922963030498,4.6402058995381115,3.061700166920258,19.9,4,3.12779743165948,1.3106796731653916,3.6944332457599973,14.669845487803176,4.060914985869612,3.444550473388071,75.47533011650229,0,1
4,2023-05-13,SNF,0.8253849594842753,5.563646283329436,2.2623153209682796,4.068300992103433,14.8,6,3.490096886807194,2.2974472691466383,5.223189671145298,17.213855402297224,6.6570433343862465,0.0,80.24606103450027,3,0
4,2023-05-14,SNF,4.036414906092114,6.0,3.205646949737124,4.780350628469499,21.0,6,2.496465609184508,2.6986327861262907,6.050728060499452,16.630820612150256,7.94781978924943,4.8960234858688345,80.01153523549532,5,0
4,2023-05-15,SNF,5.520108048759347,6.0,3.0751474919178348,2.689141224107927,20.2,7,3.1703365423981955,3.6544665609167217,5.104249607426847,12.409825264444674,6.325999036911414,1.192932657222989,90.91974446504406,2,0
4,2023-05-16,SNF,1.4963706066667104,3.7747977817790415,3.0662804256532046,3.329267165793952,13.6,6,1.892105994373193,0.828381202156323,3.141368900160339,10.21283497905157,8.7186438926387,5.1072218919965895,93.06482570273242,3,1
4,2023-05-17,SNF,3.88919928111954,2.4771702213216376,4.076545341315269,0.6189203564053549,12.9,5,1.278013282700313,1.4092733631781762,3.1713175451924807,18.587743967127967,10.0,2.303991742726587,94.75756163033172,5,1
4,2023-05-18,SNF,1.6474937518994512,3.5494732983590556,1.8175577403794356,4.511838005885087,13.4,5,2.975775756591753,2.6729587869311464,3.1955942729526634,11.290102936491047,3.5958664927753503,7.155554596596778,59.6620708210472,6,0
4,2023-05-19,SNF,1.6519185352936399,3.2015890173425765,1.3186268790889888,4.031641657062197,11.9,6,2.9453630260809183,2.082187142365475,5.046198308696445,10.218941486959697,8.783304075087695,0.0,109.93540930502475,2,0
4,2023-05-20,SNF,1.1158197136872423,6.0,3.1316341641598027,0.7663913644426483,12.8,3,1.9279701386556096,2.9836476554190057,4.436720362469597,18.551545144777734,8.014535414260541,3.2748359641905136,66.43445771397822,5,0
4,2023-05-21,SNF,1.763445282361129,5.331670599263116,5.046640188157687,1.894614791427611,16.4,5,4.090310181730065,3.3936770366813582,3.354692907793346,10.640597674229495,6.018304850261936,7.000998917779594,87.4810828350984,2,0
4,2023-05-22,SNF,0.686989383045135,6.0,2.3489055220943174,1.7393213232459737,12.6,6,2.70556536016708,1.2098744330459725,6.250431358938734,10.82552354650973,10.0,3.965613107873855,91.34394998624116,6,0
4,2023-05-23,SNF,3.39195447082739,3.950346088035001,5.871053033475404,2.2494704733356605,18.0,5,1.9381885048602954,2.2604019457050306,4.280957897094136,18.786620292911067,10.0,7.4744979702920595,88.24906535884078,6,1
4,2023-05-24,SNF,3.300617786937444,6.0,4.877024342871676,3.191010781335081,20.3,3,4.333091216315276,2.8444452527216533,4.064218919438691,12.912097300323072,9.134913948867966,2.096923168374508,99.98157173724351,3,1
4,2023-05-25,SNF,0.6586525677321804,5.640832847986771,1.435682269956134,3.8262139339390897,13.5,3,3.1127700809143213,1.9664083532645402,6.768744402658959,10.913778310834026,8.050010341248742,5.901682029604734,91.46913508441476,3,0
4,2023-05-26,SNF,0.8552028126409832,4.570621442605199,1.704047612493329,1.088121473264951,9.6,5,1.9958096102238778,1.2192675004553344,3.065748545969647,10.48527490437257,4.310564787907129,2.0127050684583607,75.65435228435963,3,0
4,2023-05-27,SNF,3.355109053425757,5.322256518833157,3.0086273804787886,6.0,20.6,4,4.0397510975792095,2.364246352287398,3.6883411491768534,14.41301504922113,7.76791991517659,3.9458844296447246,93.25861123760548,4,1
4,2023-05-28,SNF,1.0938150057412044,3.0693932272608953,1.354912141045154,3.818145230228582,10.9,4,1.8095736371610465,2.566719909496459,2.71981901578513,12.610422516420236,5.921981611652741,0.09584059876441398,73.53989777076427,3,0
4,2023-05-29,SNF,1.5667514986801778,1.75277084786351,2.946012821972108,2.2088956286043695,9.9,4,3.313154914927199,2.8090462953149475,5.334966463949175,13.53957734643522,6.770889432370808,5.560742722738515,93.76134792680058,2,0
4,2023-05-30,SNF,2.8676076250968294,6.0,2.8220963951701545,2.527994384838449,16.6,6,4.7485731790525625,1.8755010583207068,4.973292053373178,10.469362109411433,7.666400302856397,6.535795869907233,107.93438767350936,0,0
4,2023-05-31,SNF,3.4097173242038474,5.8067347174484345,2.891068684756908,4.674267647506632,19.6,4,1.4210665201664343,1.3887138934679792,3.709396965161369,15.88122253453073,7.9168130737272095,3.688567869680141,108.3067506058672,6,1
4,2023-06-01,SNF,2.4366841672739397,5.29318233395304,2.293745985978506,1.451351956780145,13.4,5,1.7430738379875774,2.1846412328027616,2.72982208890631,13.7257314190734,8.238246257191939,2.0667125964901527,107.69209322421237,3,1
4,2023-06-02,SNF,2.4726372597402055,3.111144963260033,2.968891137003528,4.887062026790552,15.7,3,2.5491081661714063,3.3208665373565447,4.37596649153736,11.239073718430012,5.39057726186922,1.921911642982292,67.80304289969493,5,0
4,2023-06-03,SNF,1.5248927553102514,5.556511882462548,5.387201102479089,4.944960076920733,20.3,2,4.743078270780413,1.4533966097293274,4.3293688908599135,11.920772890478103,4.707809171155539,0.0,70.4266079234388,3,0
4,2023-06-04,SNF,1.711298031918649,3.0120689535635705,1.8656334108722672,4.615668860152997,13.1,6,5.383493600791472,2.2136248380311385,5.21907923508415,7.958126051162518,5.381082381717903,0.0,77.83609105925461,1,0
4,2023-06-05,SNF,0.6661275271246466,4.6470550751472635,1.1039146414799739,4.912243389111399,13.2,3,3.2998421776083835,1.8788728505513497,3.905291781384553,11.35288478529073,6.743939797804991,0.0,37.283370670552934,6,0
4,2023-06-06,SNF,1.0808071872089526,6.0,3.1867951647051815,2.156240869389503,14.5,5,5.387071100613274,2.582111735436626,5.689392823995759,18.95230108295362,8.055450827478563,2.6996857405100894,120.0,1,0
4,2023-06-07,SNF,1.4540021579974287,6.0,5.612883031984449,4.119921672615059,20.1,2,0.8569347765676708,2.2763811665285187,0.5432338999106838,11.492467446148892,2.171749944038362,0.0,83.16443556499587,3,1
4,2023-06-08,SNF,1.2546231290062981,3.3561946871968296,3.1568511875084826,6.0,16.1,4,4.1906755181264845,1.7240305299189778,3.713677422659318,14.837092660826537,9.625148262432736,3.9179191541663276,52.554215381129815,1,0
4,2023-06-09,SNF,3.490962586630025,4.580828691816557,4.86703196873912,2.023002784502398,17.5,5,4.17404542805393,2.7437078848965957,3.393440036613696,10.723664847367331,7.0526110275081795,2.14912723023278,74.79542617055824,4,0
4,2023-06-10,SNF,3.434958593846692,2.34819259558899,3.8756602129937585,4.78453202205996,16.9,5,5.142740174780092,2.4502840906363668,3.3456180075077047,13.014456566693813,7.815353682095511,1.5764303606772447,60.17743609021571,2,0
4,2023-06-11,SNF,0.9700904695182249,4.268431074122082,3.9479084145890395,4.769356359414491,16.3,4,3.1700204866624313,0.5391956376510294,3.29423896447129,14.70290091815863,4.298381467073468,0.0,85.12829716735402,6,1
4,2023-06-12,SNF,1.6062002380063154,2.7441804308503555,3.9949544115264515,3.292168823709452,13.6,5,2.449178956466822,0.5327461990803006,4.169742112813273,11.963437515873775,2.3760297880286707,0.0,78.9921570442727,3,0
4,2023-06-13,SNF,1.4946936436797325,5.441924140523069,4.911956773254428,3.8913222232316684,18.4,3,5.016837285626025,0.5640619283740245,5.139570364106156,13.632987242357467,4.527066978822653,0.9529674082661641,70.23188033779935,1,0
4,2023-06-14,SNF,0.0,4.686854707074502,3.6321709464248846,1.4584706061442612,11.4,6,3.4538622161980577,1.8068002309245956,6.989597037452288,18.41699887239818,7.280758593877322,2.0104299958596137,71.38491801338401,1,0
4,2023-06-15,SNF,1.6900677500892984,6.0,4.057794498486283,1.3564287692601382,15.3,6,2.5934663413285515,2.8116219283850956,3.180897715236257,13.19026396675819,7.5248967949882175,0.0,47.521464259146114,3,0
4,2023-06-16,SNF,1.5118506616369547,6.0,0.0033945867893885318,1.8405241596860349,10.9,2,1.843497380533973,3.732916095072591,5.4065848033866875,13.85560060716943,5.847190552390558,4.536901195930419,103.92072586915084,9,0
4,2023-06-17,SNF,2.271326036599647,4.5226072495143015,3.0506056519578277,2.696368461648571,14.6,4,2.6618528487745396,2.4221612264053,2.4491769958851144,18.43086295295333,7.918652246746705,4.114154975381842,111.36923874626581,1,1
4,2023-06-18,SNF,1.5835935001920456,2.0992602976839603,3.077884177466488,5.069318210270024,13.8,4,4.836884922581062,1.767150329113316,5.9385432157920945,15.22513412381999,8.903209606986078,8.49117090362654,75.27415631543042,4,0
4,2023-06-19,SNF,0.8875549173574977,3.147407234876037,3.3480766076987205,4.111184769848839,13.4,6,1.9209456930658204,2.8567329465768805,3.8243589258702344,14.9906515744706,7.830984645891551,4.748966703026188,119.06376311640682,2,1
4,2023-06-20,SNF,2.2431116865267593,4.080210975122108,2.0043176388131054,3.348720284142737,13.6,6,1.8898971316092927,3.102610694658158,5.659827320572706,5.706475581729414,7.936339293260378,0.0,77.3313222837503,5,0
4,2023-06-21,SNF,3.2550175583658696,6.0,4.6837301686524135,4.607258432029491,21.6,3,3.7537157253342275,2.914588346713549,3.152443103388301,16.758986308427744,7.18454975066286,4.461195617108265,82.23172189230496,7,1
4,2023-06-22,SNF,3.5923158417648904,6.0,1.9530040628269458,4.000135410892887,18.1,7,2.8526614337924046,2.6074687341123903,3.6883109642276453,12.42278629307302,7.351594477947224,4.337513121222533,107.34960634577703,5,1
4,2023-06-23,SNF,5.6987793092423455,5.090749594764743,2.7361974319025903,0.055756855531015725,15.8,2,3.2167366449675923,3.5386256386509714,4.437037407325512,15.595520501371578,6.0099474990685025,0.0,85.47242388286348,2,0
4,2023-06-24,SNF,2.446851957980745,5.206092031582344,1.6684054775761097,0.9583309716024804,12.0,3,4.0982873827120345,3.391814672707267,6.1300649152535165,10.885046880075711,8.520438882517267,5.391008540630928,91.67344181868069,2,0
4,2023-06-25,SNF,2.2132497999410865,5.462943130402632,2.5111860813327525,2.6891552257865436,15.0,5,2.0134507316188417,2.594802294958227,5.7816890008658826,15.310430535382618,7.866431333612427,3.849595850483115,113.98134644234023,3,0
4,2023-06-26,SNF,2.007337204879876,0.847973060396171,5.4702767657264255,0.7978268865367255,10.6,4,3.9396636809001278,1.65873638424165,3.895078805840376,15.401412730430398,5.289636007609094,7.1515356625787545,86.5325700566627,2,0
4,2023-06-27,SNF,3.668659268477996,3.6875865380194948,4.078134101281785,2.9178069800559125,16.7,4,3.4615963620981107,0.7537662744435764,0.701868662696171,18.32477117669773,3.529215935681886,0.0,76.98500138202964,2,1
4,2023-06-28,SNF,2.197414324257034,2.842949868116659,1.400806087409236,3.7630817023739676,11.9,7,2.426497890782465,2.5339040868456455,4.647491987710465,16.105369128081513,6.717858812025888,2.718118595849461,97.6920643218406,7,0
4,2023-06-29,SNF,1.8321865428431918,6.0,1.6009901585069097,3.7859252306539997,15.4,4,1.5754151327001256,2.986956524181954,5.7073481639801695,16.58101030737042,8.188701688745864,7.169274632329143,87.40147904961114,7,0
4,2023-06-30,SNF,3.4873185684672783,4.671823293047831,3.3046536738358405,5.692942280686912,20.0,4,3.2522392407424365,2.1450819551810367,3.8297144257504296,9.60666518481039,9.706966047307905,0.16472777197646327,113.91808795232694,3,1
4,2023-07-01,SNF,2.4878176091067403,2.0861912743647233,0.02811700635344372,3.911070750124522,9.9,6,2.864029880382059,3.8529588098214997,4.112091703774545,13.888165958863423,4.992967519713959,3.434904142477158,60.18818994206411,3,0
4,2023-07-02,SNF,1.1141491573533064,6.0,1.1690175775487306,5.793739817678581,16.4,6,4.233054159764924,1.7145850779431402,6.063732565498192,8.320324313309817,3.355980523927437,2.17550166119274,38.08455757104095,6,0
4,2023-07-03,SNF,1.7804909994471192,4.434172172149516,3.4242602909976805,4.73564497381599,16.8,6,2.7913525379087814,1.194209088233331,5.325798124579072,14.170478775986153,6.1371902428480904,0.0,40.22550964543062,0,0
4,2023-07-04,SNF,0.0,6.0,2.411401722362415,1.7137793365540377,11.8,4,2.677816615852796,2.0401736364076326,2.32372994720702,16.227383961233457,8.403872407706915,0.17077169991470553,104.51113529674487,4,1
4,2023-07-05,SNF,0.03671303702170414,5.709561270918951,3.2558972338683505,1.2059051274026558,11.9,6,1.7193749613295823,3.7530647634171794,6.673172716641558,8.502472465372435,7.718154415992034,2.226297332102877,65.81183137705845,6,0
4,2023-07-06,SNF,2.705579307244479,3.9991527709973003,5.325152998970219,6.0,21.0,6,2.99964501396766,2.6357096844222525,3.7252128894454852,12.160574293712285,5.123257871045882,1.9531007848101298,79.09006401546826,3,1
4,2023-07-07,SNF,1.750059732407981,4.817198228652497,5.3988676917485545,1.7816371822579287,16.0,5,3.1003010859338183,1.4985783791804925,3.3245732789372986,12.913550580803696,5.556863356942424,2.041200896652812,95.82782571113987,0,1
4,2023-07-08,SNF,2.8817181085893835,0.026311026254451253,1.7396028713343152,1.6746871012725675,7.4,5,3.4380876361433463,3.311680607579579,4.082963222890776,17.80646056625943,10.0,3.790793707312369,83.57608401210544,2,0
4,2023-07-09,SNF,0.9433501974873056,6.0,3.2015457218476193,6.0,18.8,3,2.5374453539167976,1.6673158863468023,2.4859674690832563,13.32473535911872,10.0,2.9218587043644204,73.22006203203038,8,1
4,2023-07-10,SNF,4.095922442029039,5.469286750663093,3.8716144896753075,3.9847685297795983,20.3,5,2.793482139717191,1.5300338134517077,1.335297205863169,11.890909723408576,9.215801651894893,2.3617469331730074,66.28003676640309,0,1
4,2023-07-11,SNF,2.757866555367252,5.353102510584957,5.2165294311317005,3.322733639510557,19.4,4,2.556860429052529,1.8918864654063843,6.811105754255488,11.17116973795431,7.576083927708267,0.0,56.983110101640975,2,0
4,2023-07-12,SNF,2.2213439927693037,5.995822933930066,3.6493420589871537,4.687675317512301,19.3,5,3.830636497064164,1.868492771996213,0.5228542949533592,13.299493307077825,7.498504806850469,1.798909136732794,58.31523210029225,0,1
4,2023-07-13,SNF,1.4213766280905187,3.2475613858702888,1.3172357452594752,3.1180107538400805,10.6,6,0.7754316201200717,3.977929334158742,4.230046696451756,17.278485501523342,9.563164573585812,4.500959826716496,53.615992269945316,3,0
4,2023-07-14,SNF,3.9178963843692656,5.530380846158226,2.8692568297683922,5.358213965720616,20.6,4,2.9697384131085705,1.4917999136871338,4.824232641870658,9.110886360030566,8.904062130874998,0.0,112.76812946316535,4,1
4,2023-07-15,SNF,1.715426288618837,3.8822223926031185,1.8360344147948453,3.0472264919737286,12.2,3,4.097191199735022,0.7411898029046269,3.728469282484369,15.210305822418684,3.6174907844424515,0.0,100.87877846806134,6,0
4,2023-07-16,SNF,2.7254160527457243,2.3049647884992774,0.8479216038359767,4.200603660164562,11.8,4,1.9631215285055004,1.4363461876637387,4.769744199931354,8.096118684475366,8.235429845110465,4.503182197718494,85.48079835083709,4,0
4,2023-07-17,SNF,3.0604642998244644,6.0,2.9255029578350737,3.412119595314261,18.0,3,2.816015494203196,0.8370436784758035,1.7586355166513963,11.329616190575678,4.112880007527547,4.789544360495315,73.55634396930644,4,1
4,2023-07-18,SNF,1.8905201202395163,4.637192897131085,4.222431331946516,0.0,12.5,2,2.5343329544281414,1.4919341493020695,4.909094754004909,14.469827747681697,5.321590234725838,3.6390436174269154,113.3039145536866,3,0
4,2023-07-19,SNF,1.4224525127948762,4.180008859753638,4.696508547586539,5.762768841127681,18.7,4,3.785065118754407,1.582924135552998,5.031686330576084,10.78707957300997,5.596914636210785,1.4324827506550735,81.57518264755095,1,0
4,2023-07-20,SNF,1.8676727375251028,6.0,0.614934174486288,4.384364728147215,15.0,6,1.4657763922632498,1.743107960804996,3.942218728432544,11.350968915679312,7.800775461669885,1.7526509794027652,59.50363180758709,2,0
4,2023-07-21,SNF,3.617048597741714,4.592806275258054,4.904971171049904,3.4853151500860884,19.4,4,5.520257618507364,4.432682395903644,6.101801086532434,10.978485181964626,8.707332048984744,4.774454903097514,69.22679890530951,5,0
4,2023-07-22,SNF,3.0303298993373966,4.490254705857163,2.6279873225486625,1.8916309639031472,14.0,4,3.306628925146646,0.5187783552689146,1.982414678448726,15.10618298565399,3.7239004504768745,3.5062200170777347,120.0,4,1
4,2023-07-23,SNF,1.4381671518653358,4.919753576016343,3.6394539514781163,5.293692433582686,17.8,7,3.8291296017043024,1.9055068074648234,6.036971613209984,13.877254346962838,10.0,4.065638709912992,101.24515937682365,3,0
4,2023-07-24,SNF,5.369270077460053,2.4415211753077646,1.6288536060518004,1.8219211261740682,13.1,4,2.571809279862935,2.159945499487282,2.909243433402949,15.025107415592931,6.933819250914998,7.550917124401559,119.20595278306493,2,1
4,2023-07-25,SNF,1.563791528799768,3.811883869509634,0.0,6.0,13.3,5,4.33046377822911,3.4354672127283354,4.819901530958587,20.0,10.0,1.1617487613211228,78.09275311357362,3,0
4,2023-07-26,SNF,4.744681657066977,3.379746603637902,3.5393111505061374,6.0,20.6,6,3.7387466761826533,2.2183122166651383,4.259940302380223,12.183295654088063,10.0,6.538469344298855,91.63887942883186,2,1
4,2023-07-27,SNF,0.5895980518161338,5.65792238111521,4.390924257999648,2.6550978525022613,15.5,5,2.582346839929502,0.2453166628589799,5.338909639880026,12.578312931406346,7.502689080753131,2.513867487342641,60.5206537654789,2,0
4,2023-07-28,SNF,4.32768672101914,4.590986789628169,2.1964354424294497,1.6086095604223105,14.8,4,2.594517744364659,2.8342340763754628,2.773311753540705,13.454728496401405,7.98469489346707,3.1269463064685112,120.0,6,1
4,2023-07-29,SNF,0.8707499256853495,6.0,1.6960436159442884,0.0,10.0,4,3.2036563726004723,2.516583830148441,5.223723771762546,11.994132559743482,3.372601852756901,4.555546968448997,97.81874419899589,2,0
4,2023-07-30,SNF,1.0832393588794846,6.0,1.9550619445225217,0.09402475040590419,10.7,3,2.8056918009515592,3.53969679448226,5.4295250243173365,9.00176462864103,8.400952214340483,0.07403716403409533,49.30660121412325,3,0
4,2023-07-31,SNF,2.6349749058045964,4.538111845783295,3.6843898043937475,3.6631833323759784,16.9,3,3.624748010024742,2.731736392346998,1.9654477440329976,10.445616895127916,6.698890889076329,0.14421887227655983,98.21002597101396,5,1
4,2023-08-01,SNF,0.0,5.500992715582601,4.8735796525308235,2.145848142665816,14.6,8,5.1184291360423595,0.6000814639836305,2.6161084827879844,17.820411101092727,3.7230993095820235,3.0916601658328777,97.43739244533265,4,1
4,2023-08-02,SNF,0.0,4.920588233744089,3.287122825502573,3.3927802381104257,13.5,5,3.7114608485909337,1.444463204471004,4.835365929980256,13.718317152510327,7.516568330111365,6.497699070667523,59.9440620595896,4,0
4,2023-08-03,SNF,3.798750777450103,6.0,4.395267886366821,3.01970046479165,20.1,5,4.969337268649676,2.4426239204880873,4.83203586118702,19.98222700367193,4.604380713848872,3.009191848695507,108.29852891459664,4,1
4,2023-08-04,SNF,2.1090150662228937,4.775278835413758,5.045790666612814,3.1071463973432207,17.5,5,2.1821843302835306,2.3974436349819808,4.303077263656074,16.55887513044725,10.0,2.059839104001627,99.72731483436488,0,1
4,2023-08-05,SNF,2.806584023510476,5.683780295953447,4.698213957990502,4.893106536284675,21.1,5,3.51112322457491,1.840873558907991,1.6628729839439722,18.91684141904418,5.789562988057797,0.0,57.64085639333622,2,0
4,2023-08-06,SNF,0.0,2.701606350808817,1.4537208927242684,3.437168149956088,8.9,5,2.987698540292019,1.5083485631441362,4.360267680142338,11.94084946694628,10.0,2.5116943514935075,65.19674735835443,4,0
4,2023-08-07,SNF,0.821659931615218,6.0,2.6477053311073107,1.5216996316909561,12.8,2,4.68669332373398,2.4706379018890114,5.807341699834625,14.205044641105589,7.151581432915026,0.0,62.512176549996354,4,0
4,2023-08-08,SNF,4.777622582531132,5.020833501653879,3.33669378367391,0.43480168962247756,15.8,3,3.160445606652206,2.803973253299338,1.6865403346478642,11.235109179140123,8.411424552828855,2.5202740305682623,98.57667974650342,6,1
4,2023-08-09,SNF,3.278849306492229,2.7123871378396225,3.063150030795102,6.0,17.6,4,0.6278034328334519,3.312352075610217,3.5460603501751864,16.01898234610136,7.440207740762439,4.416228181174288,94.68419342176564,0,1
4,2023-08-10,SNF,1.1507661888862684,0.0,4.451457397652317,1.5501074271625197,8.3,5,3.4325579181462476,1.9339735411565973,3.6311850924221125,14.952150144075237,7.491925789253577,2.0292693900743206,93.88730304633191,8,0
4,2023-08-11,SNF,3.3926075567649425,4.976420270541082,3.5871152685857455,1.8666763282357768,16.1,4,2.9050020941211367,3.648663079169249,2.8570650849330645,9.064363067729428,6.050467714611086,7.3534589410525,57.403310374030994,2,0
4,2023-08-12,SNF,4.176714782063545,5.161019004174976,5.871053033475404,1.6756926737673326,19.7,4,3.661692071827837,2.643731899884842,4.891363136319317,15.268755935387174,5.064480011403789,0.0,87.79107139480311,7,0
4,2023-08-13,SNF,2.4178519650820167,6.0,1.8054774410620191,2.54805031130324,14.9,3,2.952670930748294,2.9726777153597963,4.030676582507189,16.901877330593898,9.084176765762365,5.417650932454666,86.97350074457358,3,0
4,2023-08-14,SNF,3.4222960834795315,5.5783270869421395,2.0582260310029574,3.7458704682553394,17.3,5,4.825592762837139,2.851219777779481,3.727905119304115,14.26906348758535,5.4464530424087965,2.1979457661865416,81.21346676068147,4,0
4,2023-08-15,SNF,1.7569277752123167,6.0,4.027800301288113,4.449463635911128,18.9,4,2.049465373564126,3.4158665299001783,3.2185398001612393,15.869666076858346,6.419114421505707,1.4821110466911065,43.35047843122201,4,0
4,2023-08-16,SNF,3.9609711318691367,4.526468930482377,2.7901281641715734,4.190572972139275,18.0,3,3.6516803157846525,2.576645648147972,5.199186791529687,14.837956835288688,7.936911759208054,2.9988914197548655,59.41829195227244,6,0
4,2023-08-17,SNF,1.8296934205200865,4.212566107847636,4.102059103857863,2.9425505439139243,15.3,3,5.0519758754008555,2.712069005014686,3.776780788015621,14.150868521666212,5.114631526343366,0.4850311291617313,120.0,5,0
4,2023-08-18,SNF,2.284612591937517,6.0,3.861481599978637,4.1610325462361,19.0,7,3.2670312159980353,3.2667549803903873,5.401939296119417,9.602383316580996,1.3402420155514756,1.644853511030243,85.62834080335614,6,0
4,2023-08-19,SNF,1.5511990144814274,6.0,3.011844649542984,1.034124731663123,13.5,5,3.2606763024247702,2.862015525074139,4.654562155976319,17.229386176339055,7.324667565312889,0.44852286413662634,84.79385685144413,2,0
4,2023-08-20,SNF,1.654168266447552,4.255447620388786,2.6195114186683344,3.539827074327783,14.1,4,1.504427204945089,1.959060157480551,4.814384771132912,10.77417500650457,7.23643693592346,0.7954503236277675,110.04431270688235,1,1
4,2023-08-21,SNF,1.846319669751669,5.173476146937524,2.218951706788818,1.3488238223761329,12.4,4,4.091903464642352,1.556999874333806,1.6107533218729362,16.93821525541412,7.406249067151675,1.3574067429496575,87.16662781480287,3,0
4,2023-08-22,SNF,4.190530995103722,4.563002198699103,3.0806459488121654,1.225126515413554,15.2,4,1.5393134787550102,3.0385321219424397,3.550801193550709,13.564946815156167,4.851349006020406,0.0,106.7648850483,4,1
4,2023-08-23,SNF,2.4922803125449784,3.3151236067537546,4.31846131567808,6.0,18.8,4,2.361555563218307,2.3710386246903825,3.046754153568816,12.684600848869119,10.0,0.0,99.03669822288134,4,1
4,2023-08-24,SNF,0.36230462721749035,2.6555683628528897,2.258074936842183,4.047711455643883,10.9,6,4.123885386352371,2.055343507801643,4.746750639128197,12.497535141023757,10.0,0.43048500362269326,81.06166276688216,2,0
4,2023-08-25,SNF,3.145349122394322,3.7883134914066723,2.9104643775147743,2.522925233252686,14.4,5,3.824881222783784,2.6800750516624348,5.011700537299678,14.66547712540458,9.303391474366816,6.3416376954230484,95.6613444489085,2,0
4,2023-08-26,SNF,3.76863259185033,4.02705069710928,0.9202476818748311,0.8670809897118701,11.2,6,3.2940875514892216,3.8933412645227743,2.9271608843944517,16.962016648416657,8.621242467252527,3.037936421541812,62.32653856625069,3,0
4,2023-08-27,SNF,1.2739261381064884,4.125779389301637,1.573686526519608,2.051252660966199,10.5,4,2.930720986491704,1.8361084043395128,3.3648778251277993,8.95557272818151,7.283380750411239,3.1300204508283387,68.86982287091453,0,0
4,2023-08-28,SNF,3.171780647900633,3.77207772124699,4.055838130756838,2.428570381909401,15.7,5,1.7439321191182764,2.3370472408576664,4.7728098094732285,12.616806431344283,6.512806219951492,3.9503557394398143,53.84714523901179,6,0
4,2023-08-29,SNF,1.8016927110718464,3.132285175279081,4.909533149952762,0.814186762821856,12.4,4,2.233641273608272,2.5495254414407986,5.151091549614035,15.223008910928892,10.0,4.042847712315352,81.12937859826715,3,0
4,2023-08-30,SNF,0.11870250607097943,3.549517435949049,2.229592846860232,2.0150732102841595,9.2,4,1.1400713459295273,4.051799414437459,6.036612342229245,7.48241198495257,5.390089343178675,0.415440583650331,54.67489422019857,0,0
4,2023-08-31,SNF,5.811320036212272,5.84601751443095,3.967517416803152,3.727086882440414,22.6,3,2.419645755298038,1.8470627330721476,3.207020454080354,9.241069504770874,8.53213082586109,5.0573910714563,106.67918468366348,2,1
4,2023-09-01,SNF,4.798297555781744,6.0,1.024128052186658,5.611466669560992,20.3,4,3.091708775109823,2.2014348440356177,2.7741551215184184,11.170247041441174,4.409400414529467,0.0,112.99069728802743,2,1
4,2023-09-02,SNF,1.0672811089886884,3.0300139816717495,3.3746502114451977,1.0075475366898041,9.9,6,3.0801411794570166,3.2836828107760976,4.765002504672328,17.57787393065407,6.960479547744756,4.817188714253987,29.900319915694478,0,0
4,2023-09-03,SNF,2.7634210031950124,5.9149825581577895,1.8382366617021133,0.4573248255506156,12.8,3,3.5019274761685795,3.361085338897205,2.2902315338546124,12.50470942829299,8.604976458171512,5.973692616961339,92.1683141794769,4,0
4,2023-09-04,SNF,4.170031297438313,6.0,3.2652541241023014,3.2712529084388624,19.5,7,2.959842435304766,2.8928728969057227,5.030426918242783,18.06928295116994,6.0835352638352775,3.340699783388931,61.6899994719555,3,0
4,2023-09-05,SNF,3.687997410318937,4.146968732118516,5.174647155185472,1.9598874985651802,17.5,2,3.9084072795260574,1.6436363019206741,5.6374135892022466,16.300911512710346,4.433192693296412,3.3219962533245018,83.89260876936022,4,0
4,2023-09-06,SNF,2.482724795456237,3.6193034090824474,4.617435949991453,6.0,19.5,5,3.990456042764027,2.159010729581379,3.551006029009209,15.855048189526162,6.528077889158,0.0,89.21010961550861,1,1
4,2023-09-07,SNF,1.0101809403811308,4.173249616484584,3.793049704696032,3.310789255058035,14.3,3,1.1943055824809081,2.957163587822372,3.860101404527631,17.87848494861421,7.179934023153601,2.1703695761383814,89.92508145262707,4,0
4,2023-09-08,SNF,0.5706240908638502,6.0,5.28936128958407,6.0,20.8,3,3.007508643394072,1.6328944716392337,3.677329266584641,16.000523946995372,6.102199362895407,5.417536994668678,109.8388714606707,4,1
4,2023-09-09,SNF,0.27613618084905034,4.881449438260419,2.586965395824986,2.8678606392208614,12.4,4,3.097521918999204,2.2551857374678725,2.6594399142154868,16.596405339219718,6.077048373586748,2.8406550727137048,57.38852559505647,4,0
4,2023-09-10,SNF,3.0375241761039833,5.038566540810237,3.13028676531073,2.161762794015149,15.6,4,2.8444294587375083,2.170318485767924,4.927067500649722,14.961188483925739,5.495288781514553,7.132845974629723,83.1209167580272,6,0
4,2023-09-11,SNF,2.012228755940475,5.622455374300755,2.9949427620338285,6.0,19.4,4,3.4618151454113177,1.6416267737936132,1.849351151637721,17.64789994702252,8.909191729394982,3.3499886850849165,85.48223252695396,3,1
4,2023-09-12,SNF,2.9935905121268656,6.0,5.052054908716219,0.9590031355020552,17.5,5,1.523276141108756,2.0684326981562213,2.179746626950185,16.22970473249296,6.836247001748699,4.128934660769006,95.46313432302713,2,1
4,2023-09-13,SNF,0.0,6.0,2.9339537788024965,1.0004847026115944,11.6,4,1.2985548164637315,1.4829506584897387,4.694168091855284,10.72449035599611,6.14297037858157,2.866292500231232,120.0,4,1
4,2023-09-14,SNF,1.5590476385678405,3.9877201353770197,3.993393071680739,3.695311745525684,15.4,6,4.0662049867623695,2.6652396577688995,4.112773443507313,10.769547224609399,4.213210224667728,5.147920944229398,79.91048714318252,9,0
4,2023-09-15,SNF,1.8182546131321153,4.304431187932947,4.56841955408523,3.1781607718358,16.2,5,3.8465729148611345,1.7334773343556062,5.957984238674148,17.234732949758943,4.475360168437325,2.253838979331263,109.31711416368876,4,0
4,2023-09-16,SNF,4.65838633056393,1.4344926420271704,4.15049549876038,3.52327503847933,16.1,3,2.3255923304298345,1.922663094560058,4.043876198965643,17.20543911748853,9.581171892151277,1.8231954406620785,60.21046808581447,6,0
4,2023-09-17,SNF,3.634870568821406,3.866601089007216,4.9847329879451685,4.052014487565298,19.3,5,4.147574747966078,1.4171897563433806,4.799018244175798,18.01971708476602,7.126176562564524,3.251955618220653,104.92345324972116,5,1
4,2023-09-18,SNF,2.2519171128702618,2.175855392951899,4.251455756222838,2.200547831232255,12.7,5,3.8483855950757797,1.1827787300250527,6.106291007057347,13.555558541056055,6.19665442336451,0.1707529437808164,99.50328427851592,6,0
4,2023-09-19,SNF,1.706934158165293,5.75157409410472,2.855708378581874,3.944087768928852,16.6,4,2.506247811864029,2.475021498314961,3.389048013260179,17.63313425788497,5.048311465114885,0.5851400873457124,72.22695690831338,2,0
4,2023-09-20,SNF,3.0678577922481858,6.0,1.511800966541653,2.962001254154625,15.8,3,2.6077383614123555,0.36873300828787237,5.918004480327788,11.05533757231547,9.563027411430236,1.0547214557227553,72.74454808139802,0,0
4,2023-09-21,SNF,1.684062826701373,5.780710809187607,3.177027424639202,2.4690116622954665,15.3,7,3.6128274800948956,2.074372447168212,4.335185465719611,18.601685488049426,6.905816770299305,3.643014517903362,71.10144328982021,6,0
4,2023-09-22,SNF,2.5119311248615857,2.9695449741528908,3.326296033689485,0.0,10.3,4,3.894773588245167,3.585065627117597,5.866670397474543,16.441444567808897,7.945635873474752,1.7072444983878792,86.46162397300238,3,0
4,2023-09-23,SNF,2.4039244735148415,2.2767066243220837,2.4236772345287774,3.1962259122791634,12.0,6,2.479406317525398,2.315626231374641,4.453431015867119,11.55527152171161,6.503781598747636,2.7354467048602564,113.72055011225207,3,0
4,2023-09-24,SNF,5.704891334332959,5.696420916526739,4.483024325736152,2.743789988835532,21.7,5,3.5450187857443014,1.3490632821006343,5.648991298615347,15.500587326057035,7.2178074141454855,6.075606480468782,112.07366588507247,4,1
4,2023-09-25,SNF,0.0,3.943045955809734,2.9264464637325682,5.227715264720037,14.1,4,4.1897763165654975,2.1922868426484703,3.6697339680736727,16.489902634178936,6.219339069198375,1.756457115630833,69.0995254989317,4,0
4,2023-09-26,SNF,0.0,2.3248763152200493,0.0,3.6699064473092156,7.0,3,3.6218321223265093,2.7861284100229486,2.4324857329132823,14.946670617330298,8.435638102976974,2.6261991770547923,104.90371593873901,2,0
4,2023-09-27,SNF,3.383530329789516,5.812997440217663,2.2985296674461195,1.5883531007264655,15.3,7,4.421801593494433,1.707382024375582,4.0398793157246935,5.594771916797401,4.752943148655281,2.8942993357060165,95.40789853094225,7,0
4,2023-09-28,SNF,3.341372522104021,1.9508065615569326,5.251953816648854,4.310959235742581,17.3,4,3.5015000999011696,2.8050027025172497,3.3939650190285695,13.905088808651692,7.361859448757711,2.6815978351982928,109.01849148752939,2,1
4,2023-09-29,SNF,0.0,4.153294163555219,0.6034031950406333,4.793762967447243,11.1,5,2.5796372922407844,1.9794899204220968,3.611520234231878,9.90784456438792,6.824617466809161,0.0,106.46487689518389,2,0
4,2023-09-30,SNF,1.7144900434393178,4.854320270907935,3.1260229365258936,3.682760761638471,15.6,5,3.0737918764640835,2.6313542137098405,4.7890483799856245,18.622977003172256,9.67796724116143,8.97591292670707,53.02275249431904,7,0
4,2023-10-01,SNF,1.8045482114270652,6.0,5.084720609112604,5.9170663957814735,21.9,6,1.05955549716831,1.6452765307434456,4.028249129206022,17.8093609127299,8.806362384488715,8.745193847804014,86.35224661610228,6,1
4,2023-10-02,SNF,2.1481933724900464,6.0,3.7052810819022666,2.0996932230076464,16.3,4,2.9193087194254956,2.5174142352675117,4.483287975317129,11.03829804055849,6.992194736650145,3.748760652540696,120.0,3,1
4,2023-10-03,SNF,2.3888198077771543,6.0,3.20993075047391,5.096817951601225,19.5,4,2.021839037292851,1.293455082504503,4.430783711055366,8.071242037451437,6.822384141109837,0.0,89.38348137943316,5,1
4,2023-10-04,SNF,3.0177381095310705,5.498801219334787,4.813153663466196,1.5276039169296702,17.3,3,0.6760427182597192,1.3565184141744158,6.275521645358148,17.51327523011289,7.571870570910467,0.0,65.04925291593581,2,0
4,2023-10-05,SNF,3.353905799173476,5.489317034516036,5.409352340857165,5.2084291167612005,22.7,3,3.9852944395789445,2.2110025601321692,5.864611960629816,8.952099665285889,7.078495480074583,2.2812156600814,67.15573680719876,4,0
4,2023-10-06,SNF,2.3675798854771415,4.364617884225723,4.222568131230521,3.350209939434833,16.7,5,4.147557999024515,0.7213262426068577,2.6951074039968326,15.184169035941228,6.05255963523759,0.0,114.30321422491285,6,1
4,2023-10-07,SNF,1.4933156300804205,4.10596610867174,4.278984979562293,1.637164251312902,13.4,6,3.8369279194867048,1.5780075839193182,5.854585906087564,15.635169657908818,3.910246880822376,1.9498790643942239,46.51436621849781,4,0
4,2023-10-08,SNF,2.235091926586595,4.363275848301295,1.4890595024789115,1.6220806254806188,11.3,6,3.446588928739982,3.458897703164815,5.236177743947401,15.535342875885421,8.522445387483794,4.255475873110497,78.15566806473208,0,0
4,2023-10-09,SNF,2.419339577279904,6.0,4.344277710953932,5.05714884126971,20.8,7,4.175975578566268,3.317459302323138,3.857592846287851,14.036623903082313,5.570048168024133,0.3351800353987775,40.50313952828337,9,0
4,2023-10-10,SNF,0.40205339012746233,1.432957339357888,5.587547294779047,3.9125063300606273,13.2,3,3.0110533456947315,3.157376018490649,3.0315108041227625,17.731950069326608,4.963135156872703,1.615780910332477,81.70391173093788,3,0
4,2023-10-11,SNF,1.2198801986504095,5.380298819841087,3.0205463021409513,2.1855197240417876,13.8,3,3.6131356168029685,2.921985394457705,6.54571388201396,14.990820448531867,7.443878554563806,1.3559612787942203,66.07593147795356,5,0
4,2023-10-12,SNF,1.088058886308293,5.156854869209387,4.76502389647253,2.561762481485464,15.8,5,2.190062404463086,2.428186237514195,1.6737171533808282,10.522520187868528,9.43170469336824,0.0,46.855248643205314,3,0
4,2023-10-13,SNF,0.46740791879299604,6.0,3.3105561306243567,1.8306776419762358,13.5,4,2.2876324283951295,0.43158999691400746,4.64058964048803,7.810338991945387,9.756172451097303,2.200384380629984,74.36877500732062,3,0
4,2023-10-14,SNF,1.1257863413271705,4.5387641828481815,3.273057659470773,3.4295092717389437,14.4,5,2.4329403149041817,1.240980143363125,7.396296008017134,9.851338272867796,5.879749241091785,5.959954745349259,93.24120394538045,6,0
4,2023-10-15,SNF,2.0359146163614,6.0,5.428939949350651,3.2502526869828596,19.5,5,2.7371668356856462,2.409713661197453,4.330378351089835,13.284028948017045,8.886290376842004,1.8154669140556314,52.24880698058737,3,0
4,2023-10-16,SNF,2.892510122814644,6.0,4.278461184946957,3.909061394344663,19.9,4,2.9275427902093485,2.951372159754597,6.018510912413931,14.6361972253459,9.365574341015206,2.319631535540392,116.12901337117776,1,1
4,2023-10-17,SNF,1.4959160950297914,0.0,1.8728889741085708,6.0,10.9,6,3.3733582656796375,2.328848125684424,4.376304931320481,12.30596510464843,9.837881545025901,3.6239588430348575,40.54094527199516,3,0
4,2023-10-18,SNF,1.6006192929477214,3.7388413117112087,2.916121108260392,0.8921594836732167,10.7,3,2.357742553095484,2.145811776017224,2.417457153518641,6.475477172505295,6.078295653671964,2.72154696692787,88.70756442648754,3,0
4,2023-10-19,SNF,0.0,2.48175946212197,0.15012355351757245,3.109478722544881,6.7,6,5.410476535785656,2.307690936914289,6.832633610830606,15.226468795593902,8.760855892740068,0.0,75.99297172978697,7,0
4,2023-10-20,SNF,0.7096022851728092,4.046370585726526,3.3809154756125754,5.3585210192647725,15.7,6,1.5110487866245546,1.7775978863750632,6.0395725942632055,14.084511055402315,3.846955312238357,1.6470424315204832,50.032257339131036,1,0
4,2023-10-21,SNF,3.2989482376519645,4.376042154253744,4.885634863443776,2.538818150794941,17.6,4,2.5619763720163315,0.9543298815495063,5.229996457746213,18.09863585833347,8.924824557790352,4.807793155353163,46.51538332553527,2,0
4,2023-10-22,SNF,2.056423631041966,2.8947369642694203,0.4001655258782959,3.713441505264092,10.6,6,2.4089645443441343,1.319468383061253,3.2394436320016373,17.034865952400907,10.0,2.3936661889139996,48.46872606948459,2,0
4,2023-10-23,SNF,0.0,5.698334979229371,0.3977989418245744,4.341825721649119,12.2,5,1.5674454719732018,2.3071229826865958,2.011411546389716,16.739016639330263,10.0,3.7723434244894043,94.58933140475516,1,1
4,2023-10-24,SNF,3.2691398320539897,6.0,2.8994252930015723,0.0417488497410205,14.2,4,4.495300378226123,1.2618674667503043,5.319551762822966,9.441893926337713,9.059020878382773,1.6449694681282465,36.04368380591892,1,0
4,2023-10-25,SNF,2.031662461007853,5.445713924559032,2.427068263071913,2.3510586194180103,14.3,4,3.4395620626818837,2.495330708224647,4.832913326188838,14.536739065973622,6.787581591210625,5.723474273085885,66.3436504299231,2,0
4,2023-10-26,SNF,3.186991659268636,6.0,0.9879081167038986,4.842317036268119,17.5,3,2.4306522040459853,2.267009005573224,3.014149217190096,13.85205817269467,5.546469249925717,1.779239344581823,96.71110215770392,5,1
4,2023-10-27,SNF,2.857851629195465,1.531513722421055,5.871053033475404,3.864268077691797,16.5,3,4.0629384459715165,2.198951962761541,5.446012610227765,16.490600166606566,9.8761078625893,4.637968082015577,70.91481552309787,2,0
4,2023-10-28,SNF,3.7919052982581354,4.774797407352157,5.270967109205525,0.0,16.1,6,2.897843840482459,1.3191066336565067,3.16582894713168,12.610063054560506,5.8711568513017625,0.6322473865691052,63.99769950800507,2,0
4,2023-10-29,SNF,0.0,5.1042365740947915,4.8049761173222505,5.85451149854796,18.4,5,3.9662237341834334,1.6169016849029572,3.231588352715004,16.72774009135963,10.0,0.0,101.22053582476818,2,1
4,2023-10-30,SNF,2.2432116219145684,5.324265212528735,3.5240886645404537,1.737076679883373,15.0,3,1.47388276647264,2.4168310004677904,3.2490646972631594,11.254104701460054,5.610045728371645,1.4618455703056927,112.16968445687228,1,1
4,2023-10-31,SNF,0.0,4.214226989292753,1.8580710971951706,0.03879770030263607,7.1,4,4.46673244463176,3.048658400619897,6.850534590797589,16.394978965114415,2.3021220514853735,2.9365714822136906,69.09254538824842,3,0
4,2023-11-01,SNF,2.858294441825113,5.066888492756606,1.2367919047518423,5.430839223484329,17.0,5,3.18862990167282,2.974137079711959,4.2052447891201865,17.89630285069892,10.0,4.565000032833439,112.98383654469114,4,1
4,2023-11-02,SNF,3.0928924372186364,0.972042024003442,0.7286188799457757,3.476643833115144,9.6,4,3.597986839806853,2.038457715868888,2.9252498877596063,17.687098446919013,5.052674277828076,3.606046273371242,117.77573362410915,4,0
4,2023-11-03,SNF,5.853963895586853,4.472447759404724,3.837048410190079,0.3727147218176383,17.0,6,1.5763527662452734,2.0575016049556316,1.956077061426877,15.340127701417767,5.7742919516640026,2.269005054919613,102.58643630500026,4,1
4,2023-11-04,SNF,5.295452622385813,4.35746949411795,4.967408481251489,1.9793410492896006,19.4,5,2.3702470676224388,1.7600146172228586,5.081529935972615,14.21611713170533,10.0,5.612845637570385,100.76924833375638,3,1
4,2023-11-05,SNF,4.411111108156422,1.5146497960848013,2.6680277744776757,5.591814983033284,16.5,4,4.823045617102902,1.4105898127165624,2.633677819370225,7.8013143651373404,3.8416083612185754,2.349542861613708,42.363262646898285,6,0
4,2023-11-06,SNF,2.2920562549055354,5.474867420395517,2.4769171512863877,1.6934547705430356,13.9,7,2.546046817741842,1.6881727559477901,1.4661863069352423,14.451413397727041,8.58845169448875,3.355465105170407,120.0,0,1
4,2023-11-07,SNF,2.701779516881648,5.305940795566857,2.912522298949638,2.253204884405055,15.4,3,2.896044490561752,2.6232268332716755,2.948023663211499,15.812544969120312,6.868848679468238,1.7300224522241139,98.907588599696,1,1
4,2023-11-08,SNF,0.05453950270320118,2.414379385590437,4.338197173615907,1.7076395548955132,9.9,6,4.934949364344874,1.8327012804627132,2.788958103465494,5.987891062767096,3.6506767033345167,7.39851459638019,33.33846354168446,3,0
4,2023-11-09,SNF,3.4593141495938684,5.156151520157328,4.5841340626164415,5.428054897274595,21.7,5,3.3715716329805754,3.270351771936252,7.101882774915643,12.583450997164878,10.0,5.9625735936227136,104.08256846910518,4,0
4,2023-11-10,SNF,2.9605243317999284,5.10077292999163,2.646023709259986,1.8026323146219307,14.6,4,2.7375773331872213,2.8030385913323927,1.0128676305849762,13.40376936686999,10.0,3.8586339158133343,80.72987255878655,3,1
4,2023-11-11,SNF,0.0,0.07667182168508946,2.820503656222127,3.6655330738733682,7.7,5,2.4690916533172063,0.9158972355714733,2.773667331011115,11.499029507286078,1.8074860014229155,0.0,92.194941543834,3,0
4,2023-11-12,SNF,2.7115093249078646,5.599764118505959,1.8559145541996864,1.9120345420481348,14.1,5,2.304553705113401,2.4499745379491147,3.402099427306602,14.833029154200299,5.530245039382736,0.9070460306636114,56.03863504258877,7,0
4,2023-11-13,SNF,2.3817169777512106,5.250899485741435,1.763150628263746,3.588650897350276,15.1,2,1.8190439291241567,0.44104075728291214,5.85592309182361,17.37937410021658,7.406119264136012,2.3273334018392595,102.9275073508814,2,1
4,2023-11-14,SNF,0.5362537309468616,5.139611383633211,4.892285799558501,2.1248867045286532,14.8,4,2.4515647486446155,3.382087980301255,7.006267943141242,15.19074047257746,8.553113850554535,0.8268759007683033,106.68354240661284,4,0
4,2023-11-15,SNF,1.1045131523153198,3.193456641338916,2.274117247611323,3.35088438520568,11.6,5,1.3628641532365702,2.1825228635818004,0.5159874649923337,18.89112875621473,4.903573140798738,7.441592944861583,116.7146197998029,3,1
4,2023-11-16,SNF,3.0955162896824664,4.9693960357766835,5.574213155523957,2.3178340159135007,18.6,6,3.0389751428036886,2.28867017737832,5.26593588576624,15.539644668921765,10.0,4.327056127826586,112.58752788559829,4,1
4,2023-11-17,SNF,1.4257355750927712,2.9116116896808864,2.4709057417803857,6.0,14.9,5,3.393951587979608,2.5929720208188822,4.506950045725504,10.701518248984002,8.711933608119974,3.1521416844709433,85.61329922610115,4,0
4,2023-11-18,SNF,2.289050495948006,4.656361408689568,3.4532647524068727,5.8413347324414,18.9,5,3.5123683974701936,1.7451771034240569,5.2862181722821235,16.32501703734284,8.38224888089214,1.1867085824595227,73.04169156160295,6,0
4,2023-11-19,SNF,1.2180552125659267,2.4590794230733346,3.081051010493061,4.65480201252512,13.3,7,3.0542867707960735,2.8572835322124828,4.358027465362927,9.96661788230242,1.696593491219259,0.0,89.38065085691552,6,0
4,2023-11-20,SNF,1.5437697171892624,4.0568423086920555,1.0801124005945246,0.9230494420019812,8.9,5,4.017894778898584,2.0432590425359742,1.8537628507584585,13.660540796556369,8.07848430298816,2.765132400080123,89.57473194660346,5,0
4,2023-11-21,SNF,1.376805235085689,3.2946379842865534,2.6716345548545073,2.7535853026814965,11.8,4,2.8941186593387784,3.2695807198555453,1.9115339027280864,11.142952062129218,2.483632427737448,2.807803710875503,118.18560746785037,1,0
4,2023-11-22,SNF,2.335568408004413,2.1804634438248285,4.448416555538081,4.742999135605865,16.0,5,2.707849208186559,1.6021591206375065,3.567382669170757,16.830437624331882,9.106924958971591,0.42308797786537156,106.9470250355319,2,1
4,2023-11-23,SNF,0.039378705335880504,4.206703713003347,1.2244270847749763,0.34958122453439533,6.8,5,1.9879698945033502,3.694774526685647,2.8176633109503015,9.89839669521599,5.360641898270366,1.3120751707885459,56.13171380086476,7,0
4,2023-11-24,SNF,2.357489962324112,5.780639803842832,5.009477788829646,0.9763057677100482,16.5,4,4.266084800888548,1.9025674800319887,4.778298326503514,19.292433415958147,8.133154179801235,3.4722575135440663,73.42049993331312,5,0
4,2023-11-25,SNF,0.22249629696077267,6.0,2.4375920304424854,1.4080717341458104,11.7,6,2.3648151328265983,1.7822206616890823,4.715946634422598,16.53618690060371,7.218478220340674,0.0,88.1441546267733,4,0
4,2023-11-26,SNF,3.7644059668282575,1.3471891256572044,3.298878423886753,2.9569144557502662,13.3,6,3.6013584939520866,3.111774908142622,4.23857437698693,12.59160097138981,5.369740839610643,0.0,107.81627503481029,6,0
4,2023-11-27,SNF,2.6645167725884757,6.0,3.369063216730634,0.6700658119575431,14.8,1,3.818843002841314,1.5620209183469385,3.659919725011038,8.235489241990217,2.3847428876597823,2.461189359267093,45.06647919632785,6,0
4,2023-11-28,SNF,2.9299179155679167,4.786277488811486,0.5907299416976373,5.570334448726399,16.2,4,0.6149946330721177,2.3600147565908793,2.1473230296430104,16.119221317354402,5.525937006957055,2.3480347445096994,59.64913982248159,6,1
4,2023-11-29,SNF,2.6012691159603634,4.900098573890862,1.3950282799940341,2.1023250139438554,12.8,6,2.491664097266748,2.0311429779360983,4.287440718280185,16.647953383675347,5.492611608606988,0.0,81.49877010959152,3,0
4,2023-11-30,SNF,4.450083368137945,2.3871368984510597,5.61411824668636,4.376587886668938,19.6,6,3.3456669669344996,2.392974246712506,5.981416063838642,16.96298854301468,6.623563860460292,2.730499402551254,65.66960530053396,2,0
4,2023-12-01,SNF,2.8668441274608543,6.0,0.8663573977674521,6.0,18.4,4,4.523569665205815,1.3608218529275715,4.61283561342811,13.193626535544254,6.104817388191307,0.0,90.20757480189732,0,0
4,2023-12-02,SNF,0.677635518895038,6.0,0.6953898309218671,5.017841924798551,14.5,7,2.9873337510229225,2.7254874358890593,5.380859679184713,14.739488510542227,9.090169185749563,1.442531282541243,78.15680186414332,0,0
4,2023-12-03,SNF,0.8047237561255693,4.525555218691766,1.9645002413788557,1.6847039842273284,10.5,6,4.866185672447538,1.6558412383723649,4.948029253637828,11.532155158398469,7.8012904234872025,1.529049641924047,92.18355627254645,0,0
4,2023-12-04,SNF,0.3888475536870324,2.9963626300771047,0.8888866384280032,4.594653268983537,10.3,5,3.7041294865599417,2.9139019715851395,5.325887209432496,16.702810387641943,6.734168021047085,3.2354386649012623,72.71436577190309,4,0
4,2023-12-05,SNF,1.562350606377678,1.341250105040697,0.0,1.1843878669844201,4.8,5,3.8960290759448344,2.019481511257212,3.539710402083341,10.957294469531487,6.408045121807718,3.422072677628908,69.57852475547898,6,0
4,2023-12-06,SNF,2.686379660861266,1.9830804928138697,4.417709798863875,1.282795115790175,12.1,5,2.21309651533139,3.449645271462287,2.4896933163262576,12.97653317048929,5.276309162833037,0.0,103.80812932502656,3,0
4,2023-12-07,SNF,3.166104870270571,6.0,3.188329204276699,1.7300103974571548,16.4,5,3.627211352442621,1.953964122678331,5.236621655808259,15.819262296750612,10.0,2.3552907538399204,100.88613286968169,2,0
4,2023-12-08,SNF,1.0209988271796586,6.0,1.5874831627004544,4.866129172575052,15.7,4,3.7166266520615903,2.8113764377130805,5.9355499921041135,18.18827310107179,8.415990065986879,2.0124882752187117,95.02126544543452,7,0
4,2023-12-09,SNF,0.733622316939218,4.176484237913069,4.793042639692862,0.5434355821054013,12.0,3,5.897234641436059,3.746330751337396,2.933590930582222,16.41941701014645,7.973374308948566,2.299433273566065,63.077996874329415,3,0
4,2023-12-10,SNF,1.5346756450213919,5.2636598500073335,5.213561027284792,5.816416268996765,20.8,4,2.5711157239561477,4.716130754019018,2.821223468042702,13.119146171721145,8.24207192614235,3.160557390208135,120.0,6,1
4,2023-12-11,SNF,3.1190163601828944,2.621292057916732,5.031134465423158,5.011859875172923,18.4,5,2.055897060767829,1.3374622503896352,3.444289068924853,18.8668556585623,7.363724914284137,3.2843678047893885,95.24915565857327,1,1
4,2023-12-12,SNF,3.5716254828854725,4.175328963083167,4.274594847473758,6.0,21.0,3,3.2240561388107505,1.961537613424355,4.590187987609827,18.514952890337423,9.320714722389365,6.933124702508292,108.83533425607007,2,1
4,2023-12-13,SNF,4.36460778391608,4.026814303209182,2.440735812242071,5.994845050204902,19.6,4,0.7294360750198114,2.515173080568168,4.601604886948462,13.410879964767885,5.644025714426613,1.684299815695646,72.1809825486632,6,0
4,2023-12-14,SNF,1.9636531930656054,5.390044059828103,1.2151131107383146,0.0,10.0,5,0.4636900001055485,1.2219363075854162,4.214092251465712,11.944874276269955,5.762226269865503,6.724947942151204,92.41950123980514,4,0
4,2023-12-15,SNF,1.5460953066080105,4.849217648477628,3.8686520788452965,5.4713238087082665,18.4,4,3.1343237484341526,2.312102754575787,3.462717713582271,11.970126127738848,5.877112626922435,0.0,60.45309546536964,0,0
4,2023-12-16,SNF,2.2214076660359767,6.0,3.3057363157174873,1.9989536431037436,15.8,5,3.2110660079214552,3.0764285215338236,6.138473023808828,12.62826278616702,6.408881365610197,0.0,92.22460321573365,5,0
4,2023-12-17,SNF,1.455397658886827,3.6825036018309003,1.5027942711210378,2.1996211856370724,10.3,5,3.149338857076626,3.4852947392326916,3.7345865066021853,16.77836978235386,4.743779879083881,0.722646452034672,120.0,4,0
4,2023-12-18,SNF,1.2619936811161818,6.0,0.9542279692180683,4.580091395519098,14.9,4,1.698097235766551,2.353836450615017,6.870627513611289,11.078537413214878,8.635906636254408,3.386209462422018,102.4672821175018,3,0
4,2023-12-19,SNF,1.6479507399450475,6.0,2.4811674463905575,3.839258374764536,16.3,3,3.604638971624279,3.366280169292387,5.184249974009626,14.95486804053106,9.546623413576903,0.0,113.42562699899099,4,0
4,2023-12-20,SNF,3.4948524866897435,6.0,2.4997345336244345,4.748780575301177,19.5,5,2.56435831916683,3.0223555103619475,5.049593027866905,18.748743915381645,6.096838250617532,2.786275107710656,71.38644526055657,3,0
4,2023-12-21,SNF,2.079463930607499,5.470874086257705,3.5703628804952694,2.082479126215967,15.4,4,2.925021298845314,2.042559875241002,4.8631136842563585,17.309380035112234,9.539843843074362,1.8842130183362074,116.7971639111979,7,1
4,2023-12-22,SNF,3.0932240528003065,4.456811886555448,2.1317375167352255,5.651285412177949,17.9,5,2.6262965153197517,0.9335841597769056,3.2396897264107896,8.77382161583968,8.310569789365418,1.7058996695625535,35.74120662100315,2,0
4,2023-12-23,SNF,0.02687248844838286,3.1049493494103806,3.5761508361047287,2.92953750383893,11.2,5,3.0730696645428015,1.7421712823626747,4.01957152599313,18.49629177214237,5.795978068959997,1.7981986396316825,57.695320203436545,0,0
4,2023-12-24,SNF,2.247733486899137,3.9843765491196748,0.38724532566001857,2.65661697803646,10.8,4,2.7065616865295596,1.6038582435302895,5.0135904879541595,13.337035029147613,8.189391233586361,0.3166576482717125,120.0,1,0
4,2023-12-25,SNF,1.0728264236598473,5.014556852001859,1.0007984509436145,1.1365202999703974,9.6,4,3.6229596343595065,2.648938971347728,3.0374084608772915,17.931073658996052,4.793422754087038,1.6882454357767225,76.77892425017154,1,0
4,2023-12-26,SNF,1.145015671442389,5.930053788812137,3.6520981425683128,2.010104300318069,14.9,5,0.649076715840976,1.2615318648190248,2.7082846760174415,17.052517012089183,5.943968182644742,4.734345549467692,115.89805455448622,2,1
4,2023-12-27,SNF,3.1917758714557762,3.8843079149249187,3.5217420847517507,4.574433275087966,17.7,4,2.7127817009851505,1.3319716622511124,5.075854076538532,17.8265108479002,9.991048166930028,1.8087014067856266,78.06188421434591,1,0
4,2023-12-28,SNF,3.6700837634457626,6.0,3.0494575725042146,5.254952437603823,21.0,6,1.9649457642911152,2.045862984342268,5.466866412220657,16.05542296152449,7.838665924357768,6.840556384558001,78.42110431232881,4,0
4,2023-12-29,SNF,2.7429277109360837,4.785306475304834,3.06726262204551,3.2375091406519774,16.1,5,3.6760312876693098,4.239077575160917,1.5023467111658753,13.89825704122852,4.475214305106943,1.0633198655422342,81.66650695839577,3,0
4,2023-12-30,SNF,2.9698360239535897,4.9835315990122355,2.6414744911924193,1.2466430443214014,13.8,6,3.625032644628107,2.3389009553475866,3.000710999513815,12.68594380187945,6.634406047531464,0.0,79.89137470811856,1,0
4,2023-12-31,SNF,2.992231110647237,3.135000175027013,1.9051272241973745,5.116682122025926,15.3,4,3.623674811102408,1.7066847192130599,1.581878757307372,12.899583519543132,8.970394192280349,3.4413673841118957,92.06866630494575,1,1
