facility_id,date,care_type,adl_eating,adl_mobility,adl_toileting,adl_cognition,mds_adl_summary,rug_category,nursing_hours_rn,nursing_hours_lpn,nursing_hours_cna,medication_count,fall_risk_score,pain_assessment_score,resident_census,incident_count,staffing_mismatch
2,2021-01-01,MC,3.0263720518521007,3.103544230144932,5.528289775106552,3.0364907153577914,12.289180834213107,6,4.197756906757425,1.5715052935382399,3.6410515305048143,13.883893035278376,1.4824717348908538,6.378605285900234,55.07284122875652,13,1
2,2021-01-02,MC,3.412529863143133,4.45507277533792,4.492936058529342,4.400674103621414,18.645113156148383,2,3.570294355181394,1.9698913427051705,5.443020353704984,11.532855969561849,0.6955699627175651,4.806658148359905,17.577258950631002,7,0
2,2021-01-03,MC,3.693816158128506,4.28894769720275,5.097459531847175,2.852868876234604,26.001241377187434,6,2.7367060818177227,4.986324894169206,3.94012864545714,14.844624504153911,2.559213374085192,2.534816944503107,50.872809919239714,9,0
2,2021-01-04,MC,2.9992181729609766,6.0,3.8103518153018765,1.6981822160889206,6.552233708112926,5,2.298550082806679,4.464169575526647,4.692608623071069,8.94461926466806,7.801425326171562,5.918458859414893,41.32746439973741,13,0
2,2021-01-05,MC,4.470387846371517,3.8167040937684447,3.0574552056681332,4.20076390419591,12.230728374636303,4,2.081619758367046,4.107828328601827,4.184846147729557,16.587884567908947,6.776513959808172,2.261713291493147,52.88659275735693,14,1
2,2021-01-06,MC,5.582097037648511,4.901642582439476,4.98341687277581,4.704312885439926,10.297602507894126,3,3.1096969921153033,6.0361591356995525,4.68777230456188,17.108495716327052,5.725100035441392,2.018185352018953,67.33067685690632,10,1
2,2021-01-07,MC,3.886323643073917,3.946388382850446,3.1109812133090835,5.714282455151428,20.69912538492422,5,2.8890713297575275,5.743073857549542,2.5702489341988444,14.017582036113144,4.858215289382968,4.802003146360098,36.56506469558003,14,0
2,2021-01-08,MC,4.505054357335537,5.394042586088464,4.7125811255126,2.116469241886683,14.494465405886846,3,2.445128372109708,3.3787418487709515,5.544374397157665,14.924214999888052,1.846446063079878,3.1098316965229125,39.024876121016675,9,0
2,2021-01-09,MC,6.0,5.6365742144990865,3.444600729298819,4.236924614430743,13.278805525489192,6,2.8532957072804663,6.7330711103593215,4.748405172768532,17.7191466131695,7.571261024834746,3.0894147072207185,50.20138476778485,12,0
2,2021-01-10,MC,4.586660150407253,1.3836804037175652,5.4567439383583585,3.5881278290182235,23.527876884336443,6,2.224156735239809,4.886299898592522,2.1885056856788605,13.290952390021385,1.6276206466759215,4.331746756575998,50.700960047024715,13,1
2,2021-01-11,MC,3.28766775259328,5.336373197128662,3.7845423722103617,1.6012976467633724,23.031687753289233,6,2.857210226981536,6.847800998721556,4.6320417413536745,17.201124229460206,6.348076075057978,3.6844811972744265,55.92570861971439,6,0
2,2021-01-12,MC,6.0,5.725884481023472,1.6585843620009695,3.4705455125355416,26.001241377187434,4,2.9767409771529043,8.464785702446097,4.1369621663193925,15.745000962897487,4.216891549203298,3.232825895158774,97.00577739091999,14,1
2,2021-01-13,MC,5.392550132001631,2.714000845974125,3.516530254399278,2.0705472608363173,16.82307654911844,5,1.3196928845264615,4.14650864744052,4.9479129104114525,18.32551741730564,5.053004711796982,2.397756487044441,54.303533145463774,9,0
2,2021-01-14,MC,3.6009978546237558,5.624513357202818,3.8068017279190043,2.514204340591865,11.554851528018762,5,2.0381714557911375,7.014498067138754,2.515412438775894,14.241301494991905,3.721112443530937,2.986335771436412,28.09909618488246,13,0
2,2021-01-15,MC,5.78510074150725,5.720995840516723,5.144003519604823,6.0,14.629641880273883,6,2.502824211269216,3.1886678393321395,3.0487147046572822,15.345836093997418,7.716414582424575,6.678080178925392,73.59121648586574,7,1
2,2021-01-16,MC,5.3164305359592765,4.83583796892154,5.459510091100283,3.085261392395835,13.141380722754855,4,1.762939257688438,6.169629751314359,3.8990091854590765,16.064214032295375,6.201124453725685,1.6505089432303741,73.20964995983633,14,1
2,2021-01-17,MC,4.914952211845426,6.0,1.5539431872458587,4.611428907737618,18.756069358866355,3,2.838630065697877,6.546066201956442,5.210511630272466,19.184599488404654,4.087820672217304,2.036099182525136,61.658451071736444,13,0
2,2021-01-18,MC,4.186064538578469,4.554395509464863,5.460057524628393,3.7975829702882704,9.15799939180723,6,2.670007998825776,2.933385718317895,3.6275100864026597,10.162855749251083,3.278029102423171,9.333912082659921,90.28496857954458,8,1
2,2021-01-19,MC,5.122338690591761,4.927931262760072,3.5581309377461396,1.452367434647246,17.504255337741654,4,3.4332748319063726,2.4055751445457663,6.538242951431183,13.305879696963302,6.364013878094219,3.857747599107814,37.26199861345419,8,0
2,2021-01-20,MC,5.22198203652807,5.534522856529002,3.42060369806362,4.062816473938735,14.307768999411596,3,4.3176432620998035,3.895138307778058,5.574114755974155,15.29919562748403,4.218888199217305,6.21381889287979,70.07525303825628,13,1
2,2021-01-21,MC,5.547228139028725,3.96058966726534,3.610787161787586,2.0746563497282535,26.001241377187434,2,2.219183585409964,4.34396143752657,3.737395786638995,17.89747460396205,4.155787060615384,5.495086441976389,65.71483052979544,8,1
2,2021-01-22,MC,5.924544399101402,6.0,0.6359805484231085,2.8431334940054507,19.959053338754412,7,0.8192649633979437,1.4710958205988838,5.638244399685926,13.18732896538895,1.0397592956061352,4.342809528795332,62.01566711262292,12,1
2,2021-01-23,MC,5.887845650722731,6.0,3.5331287134376304,4.622771071860951,17.87190823483074,3,3.676166490200913,3.7497750696680994,4.042974746319839,14.125166176582969,3.5580433340103927,7.979113174046567,35.327458470538446,8,0
2,2021-01-24,MC,4.975859498190371,3.3450168063963424,0.9932662369808254,2.4019455770916682,19.69424281679722,7,2.4243524798162954,6.833945137892892,4.134151579008011,18.68065763189343,0.6955699627175651,4.658160747380486,74.49342420844617,13,0
2,2021-01-25,MC,4.965250121339859,3.008051874974966,4.7897173750171005,3.775824688805877,19.75437143324511,3,1.1345831332759264,2.7954487856571437,5.845204884761047,14.094625944685287,2.943538071719651,7.2940983104265875,36.1917542600399,11,0
2,2021-01-26,MC,5.388646016821285,6.0,3.6663912293705434,4.709855836183148,10.45207073858337,8,2.7936744529247752,4.794299727112058,6.294926941654623,8.413577149134586,7.413198628841553,6.499303863433217,56.89898594500698,6,1
2,2021-01-27,MC,5.8317975893718375,2.61539356607938,5.528289775106552,1.647748592650938,15.231471887565723,4,2.780821183919127,8.275342522797157,4.361513127105986,12.237781882720219,1.858482059666871,3.281890430093021,46.340253177264444,12,0
2,2021-01-28,MC,4.127636158975136,6.0,3.784618637507635,2.1530998992987787,20.780722050839948,5,2.630491875454708,4.140155617653987,4.077272348354337,16.837131394614094,3.0310605226478287,8.737110185411252,73.10651301908182,5,1
2,2021-01-29,MC,5.52996659346748,5.986407653830847,4.826617725180837,3.6954208300064253,15.552345027465307,6,4.415265581806452,3.4429105280145342,5.083902128248706,17.99625718636313,7.046741866660921,9.27883961421232,17.647877633141757,8,0
2,2021-01-30,MC,5.335282399044589,5.054838845000507,1.8924063623276988,4.698634369130588,3.852475708750543,3,2.7318704902417177,2.7387323444723917,6.3866758993373445,14.73841618224687,4.345624446812473,1.8540655705463593,12.274248035851267,14,0
2,2021-01-31,MC,4.00728342458026,5.338905218136296,1.2565247047560864,1.452367434647246,15.528146667758465,5,1.7954789631533352,5.124081686476873,3.061194614933341,11.393223570374827,5.847652875575605,7.532682988243353,71.92534503431594,14,1
2,2021-02-01,MC,5.744527100280934,5.395289568616445,4.7172751359841,3.6380662406320767,18.519872814369883,6,3.440271720853363,4.222111422147131,2.046841152231086,20.0,8.477494310400985,7.424901400331426,76.73816389082008,7,1
2,2021-02-02,MC,3.630881135093703,2.7295837692383755,4.1325447016609145,4.499207984064227,10.114754900094805,2,3.3942682812031855,2.467698761389525,2.5651380950876934,15.587304382402229,5.738969056988664,8.243638503666558,64.10878040939689,12,1
2,2021-02-03,MC,4.910470750200792,2.3742334077519627,2.826273069669121,3.593764822847949,17.375321931694206,4,2.1182175811296546,5.511367703337326,4.650590076249121,10.468313412351922,2.109523901798976,1.89953603714814,46.632145728697864,14,0
2,2021-02-04,MC,3.7154208839460576,4.8107259085149625,4.418545550995665,3.7371349620432786,12.84646078503971,5,3.760328047221457,2.416320647865887,4.459251989949179,8.327468337588392,3.7678032228657394,6.363695864343532,48.188080289210795,12,1
2,2021-02-05,MC,4.582135342919326,2.7632645783000216,3.0831194722707087,1.4560122996329135,21.35193676671869,3,4.6842143201976825,4.895280298842801,5.785797324873378,17.03210831328099,1.3330232884667903,7.405251394983409,51.748153866543646,11,0
2,2021-02-06,MC,2.987617955645557,5.7603257305477085,3.096016464226443,1.452367434647246,20.59319340056535,3,2.4388968254973222,1.333017840396781,5.5279716786019435,16.662788727000407,3.351692178045897,6.091462855391756,23.76331515047228,10,0
2,2021-02-07,MC,5.870883837389423,5.858626607725232,3.2963809342838304,4.583876162142993,12.608748781243346,4,3.492516981278199,4.34907042827401,5.7386990593804725,11.093923370435773,2.415325397858298,5.758908081710576,81.4967963495299,7,1
2,2021-02-08,MC,3.2185435150086663,5.131420054268796,5.267362625924922,2.517894939515579,14.796070270480714,4,3.04053663631773,3.42392566396407,5.3102609051963565,13.512987114523803,4.529818203657893,2.7056187308869717,50.562949210797704,7,0
2,2021-02-09,MC,3.2795832590802214,3.8160563434015637,4.820000236432019,3.247102001382636,26.001241377187434,6,3.340905721224623,0.9812473527496604,4.616630253598724,11.602516689344512,4.274595945425335,7.550738238802733,35.70613249575176,14,0
2,2021-02-10,MC,1.1288486458088356,4.934610879902662,2.7387525445521046,3.007567982669645,16.785905866316785,4,3.456032922103522,4.81623724964856,7.063152479116762,13.69663316938188,7.406435866879029,7.559405384393147,51.30546833393695,14,0
2,2021-02-11,MC,4.338862507354089,3.345352712603649,5.528289775106552,1.4984119601052206,18.045467981034996,5,2.1339528874637406,7.981755111860382,5.812736485173943,15.901067818225524,2.6778584607392215,3.4671479926089352,64.69888478894762,12,0
2,2021-02-12,MC,6.0,4.889946231605085,3.405888788143325,3.0624105382869127,16.652240788776133,5,2.4005757968927055,3.9208525880120706,4.565384784749684,10.411400037898812,9.160014256369976,2.8205417479032273,61.38602184763527,11,1
2,2021-02-13,MC,4.6630019576605655,6.0,5.239156078816357,4.868074276550372,3.83769933805676,5,1.9083501478532545,5.073659573838236,7.278461246373394,12.077782816919662,5.728893471778639,2.0880459479645426,41.74431512623037,13,0
2,2021-02-14,MC,4.825311816537108,3.713654249081924,5.528289775106552,1.452367434647246,22.54319542637016,4,3.1620508249934067,8.094200707553048,4.429186212884169,11.394132397284901,1.9277594248823462,1.988736904005889,42.93095958327481,11,0
2,2021-02-15,MC,3.6373896386860314,6.0,4.230553456910366,4.268046617022587,13.327771338717406,4,1.7787616897676894,4.712665755535983,4.922665233222866,17.20082243993909,1.1836821527313361,7.448945110262626,85.236126965765,10,1
2,2021-02-16,MC,4.289191386411504,6.0,4.8971369385948815,4.506262057795971,10.288155743180031,7,3.2289650785155573,2.129144967297888,5.190290328897558,16.07096642915054,5.242126048452577,3.600739742354933,67.741928777993,14,1
2,2021-02-17,MC,3.2440210517442494,6.0,2.9005921161115062,1.452367434647246,15.364911703138404,5,2.0063190086670986,2.587087834958597,5.211709875548487,15.843431605207673,3.546810189821458,6.0095939297827465,42.19037884643443,14,0
2,2021-02-18,MC,4.994344222145244,6.0,1.7090958607947413,3.477114131637793,13.467767215001247,5,3.7750756138934025,6.662107081351577,5.890688692757303,15.175982291667792,2.0272285546196205,6.976483427870361,64.61510128231231,11,0
2,2021-02-19,MC,5.620032509297692,4.1237699556165,2.5382280426344317,4.142442679131841,12.913116868426265,2,2.1405569312422736,3.525017168275069,5.672792847545528,15.792330983796806,9.167207571618675,8.811779506844521,16.71973530534344,9,0
2,2021-02-20,MC,2.467522208649536,4.690018057781613,1.993491357383657,3.24046545397726,16.688535240264997,4,2.8997729708875344,1.1597183898323478,4.156728925522654,15.042582261660856,4.2611091708382265,6.6364083153963165,60.507024507533544,8,1
2,2021-02-21,MC,4.042859001505801,3.6806297918380997,3.7177605549421378,4.112204373044248,17.170544678862292,4,2.34987993613157,2.5978731661214627,5.025750426529234,15.60747954903929,3.731188718956944,4.746285697241164,91.65416695016235,11,1
2,2021-02-22,MC,5.432113594428003,2.219884981184803,4.400997438305572,1.452367434647246,19.853057446061612,4,2.512767031165523,4.802299309985667,2.5006069571273546,9.22536432407047,6.950517226717929,6.015465057106251,55.753290023189116,5,0
2,2021-02-23,MC,4.271944648451172,3.157008550640209,5.369170343833473,2.193864585732156,14.994206455237327,1,2.3173615387741027,4.019470735233398,5.077113167521811,15.901733142387029,2.9694942959284365,3.96536476414106,34.71326877121852,10,0
2,2021-02-24,MC,5.343199985864736,4.2170703269509655,3.9566145261214802,3.330944942519081,24.345365036573074,5,1.614801717476806,9.468109674726357,4.519016980406665,17.21406148346357,0.6955699627175651,6.883598845693017,39.99720446986176,14,0
2,2021-02-25,MC,5.762858667915198,6.0,5.528289775106552,1.905227066623497,19.39269706944667,4,3.1741508268796035,4.211758130170254,4.061402567202972,13.425830527595753,1.9243911928119126,1.1320898858489126,68.31707346606842,12,1
2,2021-02-26,MC,5.7135764106964295,5.858461193769843,3.256638812037268,3.3475406772008864,11.44922775057254,6,4.032209917610664,8.041355436092596,5.407301190477481,15.43396881986462,5.901940691018572,6.40076605067589,84.4700517835884,10,1
2,2021-02-27,MC,2.508059300932024,5.633994456306767,2.925226947645464,2.6817183658214017,22.80642525662305,5,2.507505879571514,6.981882713165914,4.573565552216095,17.839490753114635,5.205872130131183,5.359826737994648,76.91184900623966,13,1
2,2021-02-28,MC,4.417335511526762,3.9848636380131492,3.785741119818235,4.1094227733178466,20.6535111046856,6,2.4686015053164136,3.8630682887124026,4.761376506076564,16.383688263126658,5.682019310755978,3.6470618151694216,39.03557852831883,14,0
2,2021-03-01,MC,4.038082346257068,5.793869653978819,3.5688623356350546,2.6315100138766403,15.774790492373587,4,2.3916608502900853,6.726841116297806,4.9886866007407065,17.56301147549201,3.6033965663183656,6.039284053139757,72.23496857786822,5,1
2,2021-03-02,MC,4.108604264519329,5.204902837078461,4.920713673846505,3.2389392441125153,13.34433291773423,4,3.757074140016964,4.392761994773856,3.8446560945842694,19.48053799913743,1.9081957199471344,7.383066077126876,23.74132615993475,12,0
2,2021-03-03,MC,3.6651894985805,3.0926612674605787,4.835166739454541,2.651031382411504,14.602032338230622,4,3.80328723023822,0.71574487669233,5.740316461405369,16.097458483516625,3.981246539473017,3.3564441282771447,55.855875125708714,12,1
2,2021-03-04,MC,5.508567466246195,5.691180312780084,3.1561768812461612,4.60776980723594,17.894491162134845,6,2.8036176416322007,9.87910337975951,5.511054543411786,17.093595442731033,5.7423517810936255,3.2999952631392584,17.70344285187436,10,0
2,2021-03-05,MC,5.7002963177399275,3.741844056719034,3.2465261047695733,2.9033164571032923,9.420629118908916,4,1.6277726334731393,4.993890000145779,5.194760503602763,17.730268849899872,1.1238280361582769,7.7314671219587945,87.06939092947623,14,1
2,2021-03-06,MC,3.6325667844781973,2.5633506968695547,5.30441889115823,3.2776413953545114,18.48838844441533,5,3.537325363934722,3.4541137530742945,3.29502868393972,11.833111994798118,4.763800964750868,5.249891253201463,46.093977827783384,11,0
2,2021-03-07,MC,5.417845374950726,0.6064365689821392,4.39588743503135,1.6887348590782474,8.020005992995749,4,2.9815910397261582,5.605203812332153,7.300874079061585,14.954424448378868,2.4414661925719243,3.923187536986323,105.48348156314484,9,0
2,2021-03-08,MC,5.628078028853681,6.0,4.776456536186349,3.0501163543629355,6.6382052476924365,4,2.237223517272064,8.858158410744519,5.87358907798791,15.663117064304467,8.82551702358519,2.9042554290844267,42.774683120070776,11,0
2,2021-03-09,MC,5.273846483242834,5.980365326922078,2.1671154540084876,4.156982186008022,10.501466782459191,3,2.7001197831739154,5.5063830136648555,5.532265465789699,13.726011551108348,4.585173808446117,5.292153297388288,43.80049761922511,10,0
2,2021-03-10,MC,3.4572966004573336,2.648393478223717,5.006349776156491,3.410199994811365,18.374272464331284,4,2.8202393621277606,2.658731027068045,3.9542651950372236,13.673063408239392,5.011844580286174,6.814663634215081,27.679468605772943,6,0
2,2021-03-11,MC,6.0,6.0,1.8291610237387386,2.722268585149722,17.526542866893873,6,1.309669472417706,5.435843455983676,3.639899448150697,15.432562996077616,4.298148694028004,3.6288209262314526,87.07872275463595,10,1
2,2021-03-12,MC,4.759158777892022,3.6206575210286696,3.3117874358098525,2.768766665180654,10.427556228027736,4,3.875862474132024,6.460008583241055,4.977159860781357,16.627453323598026,3.0524675354183985,4.626330532748296,38.38442426399587,9,0
2,2021-03-13,MC,6.0,1.8270881472832174,3.5906600560370485,3.5958368126274123,11.58443150095799,5,3.492042965609931,6.011647661391206,5.533068521802119,15.730849402146191,5.495041501465729,9.266410053824178,75.96633733639196,6,0
2,2021-03-14,MC,1.2580665428547753,3.381074566068625,5.507138668330512,1.9901515383976787,11.031755144981501,5,1.793872032432174,4.560811829610372,6.173501781520391,14.683858678215648,8.222111744708624,3.746602756186838,54.63297476892499,14,0
2,2021-03-15,MC,6.0,4.694977904708906,4.8769161022385985,4.873886549525098,15.591276631394216,5,3.099961786702496,7.961304477550737,3.8224924949698176,16.365494458910874,1.9157156383175833,5.067168295974417,78.0955178368711,10,1
2,2021-03-16,MC,4.345841937621563,3.635606215748056,4.844161754849561,2.1433115738049606,24.660330963636422,2,1.2160985900525296,2.7505884611889155,6.303690638576001,18.319178528088617,3.813882781282884,6.408840844489696,41.305716506349896,9,0
2,2021-03-17,MC,6.0,4.4778813979391066,4.351968814693473,1.8848274814040298,12.930813691468199,4,2.755860924460859,5.361209999123323,6.569701532849243,10.608009563594186,1.359438474880502,3.0536605006958504,113.79306003320116,5,1
2,2021-03-18,MC,4.3018587987989205,4.751739885320514,3.7226626664757045,2.3289028710546633,15.068796313992431,3,3.4297965455620734,6.7261747205207385,5.383356842721679,15.68417392557277,6.910782277003278,3.0326853646533207,48.40874244532651,13,0
2,2021-03-19,MC,1.475481974640337,4.409127467998295,3.888381362188726,4.5395631696245955,18.903716926010436,5,3.607609333263282,2.972621758277468,5.660573792297937,4.374076746649286,3.735260799505016,8.346780019088289,100.78169628881665,8,1
2,2021-03-20,MC,2.63400906337563,6.0,3.680221464650291,3.9504341963073837,4.920413404007984,5,2.179303032554344,3.9030960796734355,7.426940705629413,15.486112872779476,0.8380194169951203,3.3108153503166236,23.74280448369438,9,0
2,2021-03-21,MC,6.0,6.0,3.5460904225445007,5.660608938799051,9.392244873411741,5,1.9681340696928848,5.269640418208259,6.298190153519155,16.99769016766405,4.585713550425235,1.5219585755062077,42.701715029458036,12,0
2,2021-03-22,MC,5.519468114249806,3.2635430387519664,5.528289775106552,3.8311073094886425,10.422102297040892,5,2.15794144308458,9.82647122845427,5.139873011093665,19.032003828332698,4.5808988199162615,4.801665284697739,49.49947899874487,11,0
2,2021-03-23,MC,6.0,6.0,5.094338155887769,3.7333209905122153,16.069761220887454,6,1.9326321748211004,5.842181630638486,5.768137099805157,17.466034775486417,5.606897289107015,9.812241370874743,32.6152774635657,14,0
2,2021-03-24,MC,5.078286047283752,4.100893615583977,5.284140427465425,1.8489817627920548,15.52037772799486,4,3.460419486988451,8.405134402765404,6.848509235535084,17.437170669676476,6.310278742990488,6.940347282159712,35.7350866246408,8,0
2,2021-03-25,MC,4.606480320460966,2.38487069136482,4.544592518076214,3.1739822720678057,18.41073876931678,5,1.2112084707322073,5.735035905832554,5.237518970424695,14.110562499272074,9.30005335539703,7.32241573724233,70.90645191505439,12,1
2,2021-03-26,MC,3.2659549985848972,5.361914011296676,5.439200442751652,4.933458832256676,18.80968840667888,6,2.34042754396651,2.0403174668947845,3.8485896999021483,17.592475459648735,8.993218582880663,3.1867777333782983,41.58655297254044,5,1
2,2021-03-27,MC,3.5223413553421876,3.2013739832591463,4.053903339949484,1.452367434647246,20.844527395585725,4,3.6619099544917786,0.430116592203719,4.571804840565645,16.082565490601365,5.771987048554285,6.61560973929898,28.685282115862325,10,0
2,2021-03-28,MC,3.9524498389373717,3.587172793584425,4.020476517616235,1.7320867462940823,24.174909236491807,2,3.6231871118891723,5.5308283232537745,4.803923821095673,18.757485154120698,0.6955699627175651,6.710805205615389,52.94712095069557,13,0
2,2021-03-29,MC,6.0,4.232918657544687,3.77640973296589,1.452367434647246,10.050417782166399,5,3.4857468190795298,2.6375035823691206,5.6370752484365925,10.66791133839648,3.714066471106453,6.446829393222684,76.60874017605572,8,1
2,2021-03-30,MC,3.3668165080433887,4.431688821144629,4.066732106662775,3.7434539577680863,12.917997220698037,5,2.3532811675293934,4.4029554822703165,5.688571719478139,16.27410185264337,7.760518458826667,1.8650944241225147,42.929014672102355,14,0
2,2021-03-31,MC,3.5605570038728054,4.88103074859161,4.743875534581639,3.7744020654456643,13.425596349924605,4,3.1707858524323322,3.7320139012550326,6.0580653773385515,13.566752645191496,4.06445099437376,4.042968223498728,11.930432269530744,9,0
2,2021-04-01,MC,3.831032071246252,4.704967858346783,4.526243985332306,3.4378983156365126,12.784933911282113,5,3.3891416713717506,2.8644959643598553,5.975147791009965,13.825877025652657,7.624488605943786,5.129328438044409,13.761688546284208,10,0
2,2021-04-02,MC,4.524114783709288,2.416225008952444,5.276321451098889,1.452367434647246,23.414668070964982,4,3.543813517418678,3.8159353505645908,4.394951124921813,7.84868373839066,7.312160376674145,3.6175316587379625,47.31264344488717,10,0
2,2021-04-03,MC,3.157710212487483,4.123982432311062,5.528289775106552,1.7099725046729752,9.901839462410344,3,3.377095307772434,3.7473615039125283,6.549419161330071,18.352488955937392,4.07903430853392,5.359161695753399,76.27326280460595,10,1
2,2021-04-04,MC,2.313098181668616,4.535868910303698,4.707646699025448,3.675453351525081,13.028849373585098,6,3.0354620176094578,4.324303781440226,5.93235629459468,13.287328667890911,2.438804405957613,3.9727317987305812,36.81690656874633,4,0
2,2021-04-05,MC,3.4198438935161093,4.916262275179495,4.871990865751639,1.6232541443172839,16.281198705290027,6,2.751802521347919,3.8519489614031865,5.730938275625466,15.769986790651219,9.63388968492925,7.3442464607922675,51.15111823390983,13,0
2,2021-04-06,MC,5.067251801321284,2.789122133068979,5.377847058719391,3.211763230619427,19.48326674501484,5,4.2457070067237765,2.55904727069076,3.760988759374358,19.787174506423952,4.4419255891926985,3.4798539874714542,20.276605717097766,11,0
2,2021-04-07,MC,4.40006056033932,6.0,5.435290828468525,4.496163499054069,20.580090664197794,4,1.728460092988114,4.9032554707927405,5.644015092728587,17.28189312627062,2.7493097495753682,4.37485080878724,41.07165101527119,10,0
2,2021-04-08,MC,5.20534912640951,4.703685562655992,4.470069268155358,1.452367434647246,20.036188167988133,5,2.7895024829774835,7.474237681299586,3.7097387851097072,14.079206709072205,6.462097671310648,0.7548884477120095,64.26374512688501,6,0
2,2021-04-09,MC,4.292560988005065,4.415130223564741,5.085276809883144,3.3637251667241284,12.669575935277043,5,2.426614058056174,8.485644156329043,7.001554679828064,15.9987163331546,2.016482777468082,1.2681496081592485,82.82941986332771,12,1
2,2021-04-10,MC,5.3561851366688575,5.126761408872211,5.528289775106552,2.878702305152437,16.642263309028824,7,1.1032606565741214,0.5727263330256915,4.687366651891001,16.04301808503278,7.556001407109646,3.6713025379624824,72.19412373805346,14,1
2,2021-04-11,MC,3.564005204809284,5.067981888574974,2.2101989532575645,2.6225086980240078,17.972518818987286,3,2.673153437618117,4.446082384042733,6.08857410566985,16.44957863123651,5.25917318631513,4.094389824762178,46.22478689607696,14,0
2,2021-04-12,MC,4.448978194848186,5.691731744810099,4.5398719972761965,3.4852903631241685,10.70487583022462,2,3.9158377673589873,2.9095563398317594,3.8200357805787624,15.397264709095888,1.424537522862432,6.278344197477214,28.08977490037192,9,0
2,2021-04-13,MC,6.0,6.0,1.5174681788346818,2.9635481425563777,6.3949839845212075,4,3.262805827545268,7.682795274534029,5.215232591633825,16.680263889795423,2.272532045797301,1.123447911173356,49.02638462905448,10,0
2,2021-04-14,MC,4.78216768252398,4.389555539842043,3.3797153554400405,3.9093368778926476,15.327230901100693,7,2.5291216126747393,1.5152528965180245,5.3667634585817074,18.478969114588654,3.3811430712899524,5.4037687293322945,81.83515969435396,10,1
2,2021-04-15,MC,5.0902571531955045,4.976372863039035,4.762706121694636,3.7049397873791947,16.685524863299534,4,2.4697255042110267,6.192111320004078,4.961285418337178,14.586849799148418,1.5557344402077091,5.356642075083675,58.61325179146854,11,1
2,2021-04-16,MC,3.012535726682353,4.454051347121482,5.528289775106552,2.9342479817490146,9.230682450149152,5,2.0604300500324864,1.175670231401428,3.5412529005797477,8.383158267698176,0.6955699627175651,4.744069632129946,26.910082217439438,14,0
2,2021-04-17,MC,5.366464314518703,5.91826636245429,3.0336271308111216,5.533626571827357,20.891891168995716,4,1.9172176073747607,8.594487743237405,4.626306651598052,13.377565641399613,2.3690604218997713,4.660601738084933,46.705923425343606,8,0
2,2021-04-18,MC,4.956041609314064,4.336948514228057,4.916072844845778,3.455168810397095,21.661620057929586,3,1.798496390433886,6.077594649317491,4.286382436101142,18.35472427695651,1.254437000301495,7.698645630168274,71.1514188622953,13,1
2,2021-04-19,MC,3.6968953687765183,5.4245614784533975,4.637605866864973,2.0765852931618145,14.354778353042082,5,1.507610564514862,5.943538853138099,7.403410348593681,12.619375566130556,1.535905338096064,4.57370486217885,51.3901256483506,13,0
2,2021-04-20,MC,5.018454598278882,4.772311907893919,2.342896939655143,1.452367434647246,21.96964307261299,5,4.658168229733082,1.2816623577772641,6.35141640293431,9.767847742885658,5.392433378214025,3.702853507902856,53.5622011582426,7,0
2,2021-04-21,MC,6.0,4.862337200395757,3.7541053167971676,2.53281976117917,7.411491953589843,4,2.293617870081748,3.0508143274291064,5.4746129296951285,11.108206109494066,4.273712857291407,5.618358857175068,82.01699128038305,9,1
2,2021-04-22,MC,5.080493438439497,2.5041910399649057,4.343808313221814,4.668768345191209,17.96510822598477,4,4.493640698278841,2.737470984103129,4.859966404504935,10.944749958051311,0.8330904738569811,7.138823891288748,86.60732951257225,11,1
2,2021-04-23,MC,6.0,3.6251832463337696,2.3606901202561286,2.8029912303668922,12.227061208821393,3,2.4585022114913158,4.9211057382582055,4.016211131271492,18.03962563029655,4.487440546667243,3.9239991029241854,50.960211536735805,8,0
2,2021-04-24,MC,4.4445682483418985,4.075234847075443,1.6694481611838567,2.9679233219532017,19.97372733262143,6,1.3979976442985704,3.0206471794171406,5.357230300582206,17.25411586855559,2.9748021043075514,4.821585797171076,46.855537865956755,12,0
2,2021-04-25,MC,4.286874709384002,6.0,2.6747181031190195,4.279948905754559,14.65578810717241,5,1.6493260254731417,2.7458030189747245,6.553775481150419,17.29962253590414,6.918144153433089,3.8929675682594924,35.64609344158577,6,0
2,2021-04-26,MC,3.134981060255046,5.7801740061047155,2.4136726418975147,1.8329669584358441,25.77977152709015,7,2.879597443536318,1.228105139270561,6.272734612212109,16.72004751158171,7.011142442252221,4.661395224959813,60.0674099751089,12,1
2,2021-04-27,MC,4.6426054559873595,6.0,2.520300290303376,2.737396193859176,19.07182545529085,4,3.050929909960363,3.8623349958505964,6.2855216771052556,19.023087727226155,6.8565155028771745,7.999577017468591,74.15014535370852,11,1
2,2021-04-28,MC,5.331896592489115,5.215525335381035,5.47434018825667,3.8392720621656533,15.910169052311193,6,2.772422381780977,3.9195575099887625,4.644993327534731,19.44941079832879,0.9837534092148781,6.518477336702194,44.613800677503285,14,1
2,2021-04-29,MC,3.4784078670816605,6.0,5.528289775106552,1.8705392182764395,15.143804066148554,4,1.359356478545976,6.393006117898747,5.915818939657244,12.319592216034543,1.1974025262637586,7.565698697662382,52.04010996387808,14,0
2,2021-04-30,MC,5.3574746340152295,4.048166697371333,4.836554200387674,2.74432646387924,12.523488429930513,7,3.4819417726319752,7.8348513511142,2.7409639684617675,17.172945363421604,3.037425520918041,6.877310002185025,67.93967388500009,10,1
2,2021-05-01,MC,4.193632583866133,6.0,4.411250918946257,3.8388045697952786,16.587550277772202,3,4.3045224928593475,3.4500579181625,5.725469013920826,18.103189341862542,4.32644584905379,3.299746473664883,50.22513311920042,11,0
2,2021-05-02,MC,5.398753947793699,5.861879606406869,2.8263546440407707,3.9023938270414447,16.931116404719432,4,1.6248964258765635,4.645241452826992,6.71161302447289,14.288373313465884,5.338121352986134,8.727677756153959,60.403592597265245,8,1
2,2021-05-03,MC,3.722850875072948,5.436440816272007,3.5807431730787918,2.7854693038983602,15.18514221117193,5,3.925855032487454,5.586445621237463,5.250962046451949,17.689340035287398,1.441871771822477,5.5503461621503405,65.30861054688735,10,0
2,2021-05-04,MC,3.16653164057984,3.321343295872394,4.90299664011087,5.086611447076801,7.572501438887867,5,0.8153029054425004,2.846050591363662,5.926001671994721,13.018573677464646,2.839268805349753,3.1489249831522375,38.305066638219635,11,0
2,2021-05-05,MC,3.154164699545089,2.7573004176622407,3.4477613301621024,2.0078263469587325,14.69903281107234,3,2.7868798558644987,8.715236327583323,5.079078672255616,12.799429174151326,3.950089498695995,2.175228696489176,46.694267461123395,10,0
2,2021-05-06,MC,3.134287532706681,6.0,3.4831168956274356,5.329427591395183,5.760846433516266,4,2.134008188761597,3.1167707026745552,5.266550169546817,15.231730289630859,5.5563764539167,7.714471792036815,14.362692133448917,11,0
2,2021-05-07,MC,6.0,6.0,3.6243442196987377,2.728697016034215,23.191456623019256,6,4.525879533441321,7.738102720785941,6.785170417940915,16.28986442688189,1.7545596185173502,4.661914793899716,79.90909628895498,11,1
2,2021-05-08,MC,3.3276056664029436,5.578084745123985,4.132270314558526,2.705969265238524,8.667374441174092,4,3.4771870225675863,3.1659299325939467,6.1253176706632715,17.54409733199667,6.21909474997278,3.2851576144586114,43.194153816488516,6,0
2,2021-05-09,MC,5.476442252454906,4.689163933358978,4.576910010310204,3.978695398461121,4.754480052390121,7,2.7757620256380657,3.585080233938143,6.832002981350559,13.71068541471334,3.821843890622504,4.429043719158001,37.79064819858771,14,0
2,2021-05-10,MC,3.3568006750056187,5.206338674422766,3.786629480923362,1.753871994295593,16.491667514907636,5,3.100865861086194,7.085773348803234,8.22738196417874,16.24710427958943,7.92681057145991,4.1977143388016795,45.75157317105372,11,0
2,2021-05-11,MC,3.786589447378352,6.0,1.32923329916061,4.44808907104292,13.788261324606392,7,4.37814800977782,4.795900379800752,5.441304029216671,18.785013156792832,4.336936085606514,9.812241370874743,61.77066063981538,9,0
2,2021-05-12,MC,3.48088938543008,4.598658942674183,4.584789884755903,3.9361079720672234,15.236364222335606,6,1.6640385247955896,4.911477042923496,3.775391055038467,17.243092952252304,1.00224165054461,2.866517935660906,61.595070338288465,9,1
2,2021-05-13,MC,5.0384673272371145,3.792894998257133,5.528289775106552,4.284597592299112,11.858821227143483,5,2.6905229092031204,3.1605450091604617,5.0247103081447735,18.52697536941678,2.6344746708489004,4.077387032268548,10.179525033626234,14,0
2,2021-05-14,MC,4.556875727183927,6.0,5.290501027989345,4.957337894354869,12.693081597737308,6,1.526839348526907,2.54875035134132,7.032440506785216,17.676118295486788,8.943382295776725,0.2300343135948104,40.48106869625465,8,1
2,2021-05-15,MC,4.389756958499272,4.852327244135559,4.911396690037923,1.6745827312415245,4.955471600531535,3,3.7485922159645213,5.1615276582500025,5.173580561304441,13.337741222445523,1.608754675896761,6.739322183687697,42.831450841742175,14,0
2,2021-05-16,MC,6.0,2.0305156463699165,2.5294611186538436,4.893515557336096,15.9407461158034,2,2.222316558102853,5.627674928508476,5.211478848583745,17.228550616052754,3.2685788373417473,4.724102690009956,75.16951190090398,10,1
2,2021-05-17,MC,4.449956228974558,6.0,2.922883072925847,3.5462481471627982,16.908544105239905,7,2.0151617016619374,5.049372746626645,4.039223205483035,16.09512570500902,2.038067300053513,4.672377349044582,66.45049116067736,14,1
2,2021-05-18,MC,2.203135339393668,4.203027409070552,4.588819971793996,3.2220011597694,17.63394387170795,6,2.084501676206841,5.145687503624382,4.809622801856211,12.535145658820392,3.5265620902169155,6.424334203588799,65.62688373385069,10,1
2,2021-05-19,MC,4.412949435008969,5.696284949097061,4.06908336768954,5.015134695461716,13.144893318761811,4,2.1561995132441782,5.693919585681626,5.237139340953299,15.571759684568772,5.38074119917375,1.9569387412614625,59.0419306998271,12,1
2,2021-05-20,MC,4.872591297939246,5.94118627647446,3.8281646822035342,4.2575674706659745,20.416954585485815,6,3.8226576975970437,6.1171207074502405,5.570017603527499,10.829806239965295,5.3127540742471,4.875012913970821,95.5108863892519,10,1
2,2021-05-21,MC,4.8488512116904126,4.985378665363972,1.97582152319622,4.525721493648,11.357977248780047,3,2.2398997661805464,9.891105648801151,4.524302809637882,16.127788222443698,2.797178509791787,3.9710544578489646,63.32605485139916,9,0
2,2021-05-22,MC,6.0,5.443538895275459,3.087552324189529,2.9859630937427815,21.62143853713142,2,2.9066648724057114,6.071338213916755,6.69943804494809,19.147820031116677,5.598913825042663,3.629391440515197,72.6409081362824,14,1
2,2021-05-23,MC,6.0,1.748716897881418,4.551532119103889,3.404681732241461,18.130969858232103,5,2.881051383450667,7.172674543010746,2.817040864888771,15.907252991576204,2.2644480634228197,4.298479154966117,73.44566688977959,8,1
2,2021-05-24,MC,5.116651510066778,6.0,3.963830024135575,2.784374639304203,16.17858543057092,4,2.226550470937453,6.976412182251241,4.377300968917151,18.083170247622274,2.6069738356461554,5.198427842503265,18.05802977667566,13,0
2,2021-05-25,MC,5.378316475367997,2.472187862980241,5.3097356046848905,4.306487653965501,26.001241377187434,3,2.542994413325268,9.571310454950055,3.7135126664799367,17.36318677619068,3.915299327256886,1.4100314711675876,51.92952935323198,11,0
2,2021-05-26,MC,5.756679180553891,4.807627174324548,4.955840939407235,3.1742141162304933,9.477303065617962,4,3.1063622777500157,10.009310642278965,5.9740338291084285,11.5750551485942,4.845587872331293,5.619837543620416,50.72628795813992,13,0
2,2021-05-27,MC,4.370507662592541,5.599914655244092,4.3964798647375405,1.452367434647246,18.04166013434004,6,3.1853948750580603,7.0877920573015505,7.155791895628586,17.10322484144747,1.7792113417282929,3.2241272202166296,87.95644405950864,14,1
2,2021-05-28,MC,3.9882522807353515,5.155203556694124,3.646569313728865,3.961440475435094,11.011336008477361,5,1.7165192890193928,5.320264875762559,6.446636979014445,19.521002523364416,6.602583317250888,2.7707155195448294,90.20433744164451,14,1
2,2021-05-29,MC,4.757685909936514,3.479402747023231,5.215026173880245,4.266989004587181,24.07422823492897,5,3.283039850529599,5.615874387342023,5.5806228052494955,12.657631689281132,0.6955699627175651,3.737006038778311,53.64066222403664,12,0
2,2021-05-30,MC,5.322582465261728,5.200490153234414,4.310297620830846,3.6685379916260894,6.996321129101705,3,2.37399831955383,6.957221162731964,3.7567153387541508,10.347663317434515,6.057072340847932,0.9335288190410118,70.78578098148088,10,1
2,2021-05-31,MC,5.2965334487107105,4.664555109936084,4.902633909098075,2.7618262706231542,24.496208435897877,4,1.6406400084196335,2.5618295942725617,5.220891628927481,12.1922250550816,1.9958411508563176,3.029651633798915,15.597212378610685,9,0
2,2021-06-01,MC,5.637606208585443,4.157789809550753,5.528289775106552,4.102241760697504,17.3673544189677,4,1.7751876582480337,7.4070573915275055,5.6433986897810335,17.87641390317494,7.16805559343582,3.394192694180383,52.230259263186824,10,0
2,2021-06-02,MC,4.753220394947439,4.9112045994763465,4.650221650645153,5.451913262967573,19.153651133684498,4,1.0858980166628998,5.891712782670175,5.8459630633067325,16.25450176262748,6.050898640017079,3.434963972083647,80.77551798030659,9,1
2,2021-06-03,MC,4.665014545788812,4.483376885703285,0.969637658593199,3.9360688908556525,20.179557782478582,7,2.5735627257332543,3.7602434369142355,4.769366313481322,16.20832824924673,2.8696769618765527,6.031903254491573,74.25030804361037,11,1
2,2021-06-04,MC,4.071431976611058,4.560565880977808,5.334875600054073,2.237491984846175,11.55326146832927,4,3.3368816520225275,6.105065128772383,7.031359019229631,11.869856923102772,1.9442061000388446,3.3746085637367353,89.08016594898682,8,1
2,2021-06-05,MC,3.471863020548417,4.853571826258261,3.574834920929601,1.9256902176599964,7.224506549611352,6,2.72213793313371,4.836416582978155,5.174925649513936,14.292410199383399,1.025998925586773,1.2157734339959347,68.0920608054058,11,1
2,2021-06-06,MC,3.985687867244092,5.58655850704017,4.724632862784683,1.452367434647246,16.787181205265668,4,1.7718522101973135,2.1133509428350026,4.3817408083535385,7.560008178733761,1.1196700154531989,2.1677759628315694,69.21051766421648,14,1
2,2021-06-07,MC,4.785162758880318,4.004049650885474,4.796629280200278,3.8524513559852838,12.300586779726558,4,0.8585029679107896,8.096788745822892,6.915161160265885,16.75014609761535,3.818730226073649,5.883147449959959,49.97988448699339,10,0
2,2021-06-08,MC,4.582417653875332,4.03008605729011,3.4623023155547585,3.2834216754948695,19.92242567619559,5,3.3326816691980463,8.006765142380841,6.2908736560660365,17.533010735747006,1.3433877030042547,1.8387828407366678,21.20672342495186,13,0
2,2021-06-09,MC,5.9399896388253115,4.178466039627521,4.728154658470464,1.4740439231130864,18.928300455582335,5,2.1744864263022183,9.186974893169294,5.855595777564615,15.466066105805327,2.2195949936332022,5.315965831597313,38.87879303899384,11,0
2,2021-06-10,MC,2.3134450043105366,5.499130706863859,4.067743659361197,1.7525634028157866,20.982004134612474,5,1.1690730002318612,4.682540490855922,6.590525846757801,17.366291629351867,2.775309610975797,3.9914286284746243,91.914430805078,14,1
2,2021-06-11,MC,6.0,5.328611053382616,4.160963413966238,1.6481548376459076,10.996914018916232,4,2.644851426475938,2.2525214815374284,5.881461850419213,17.01935447735752,1.2044944435573615,7.404525837649634,77.69158923812049,10,1
2,2021-06-12,MC,5.024637635153786,6.0,2.406967965809541,4.81549804695158,16.628393620969714,5,3.269219713305444,3.098163022941476,6.363662445991743,18.54550908546861,6.430795744830221,7.219591826091461,35.555889145018945,9,0
2,2021-06-13,MC,5.1483630471443504,5.437286483687064,2.638962123228216,2.8679137335659215,17.943695247248126,3,3.623438036006126,4.279836055350891,5.7120038506834625,18.14866221249781,0.758885907878355,6.939936303580849,74.69011963004854,11,1
2,2021-06-14,MC,3.396648736713974,4.177154075885907,3.9294778513275572,1.452367434647246,15.99703921703234,8,3.2437641398743002,3.4905088371162036,5.835668441537405,8.562849556167503,1.5199777898475095,9.06465582495458,43.97931773336275,14,0
2,2021-06-15,MC,3.921818801604042,4.505109378525038,1.7858891305011801,3.7957253583257344,14.365451174454012,4,3.130403020118716,5.346795605313959,3.489373587065324,15.983527682238503,6.626736271800982,8.808901370794775,88.2699771184818,6,1
2,2021-06-16,MC,5.805147233542693,3.843995899292496,5.528289775106552,4.300410981774335,6.399142533408768,5,2.212972969902309,2.240241619876969,4.913850420487208,18.263585191328403,1.635892958912582,4.709580202623571,65.00105763871761,9,1
2,2021-06-17,MC,4.748508533558662,4.196895499679627,4.123883238387071,3.325935085948689,10.74463408024401,4,2.1895428844184615,4.834773592812139,4.569340700706863,11.958284206124024,3.938944722546126,5.410906323308269,82.32237665814444,14,1
2,2021-06-18,MC,4.1797049758576,4.103125383589964,4.005079637736726,3.0128781752080305,10.388826759850534,6,2.014540458992761,5.641590798441211,5.937405392276504,13.088398077748238,4.447004551082075,5.7261266272111255,69.60567670607597,13,1
2,2021-06-19,MC,6.0,4.442626417133667,5.433438139623401,1.8056120483357492,20.02554833236371,3,3.257023039798334,3.977100868867198,5.035084646237751,17.02464870441417,3.903628466915787,9.273635464575687,56.306377145048366,13,1
2,2021-06-20,MC,2.767503725962156,3.173567671045605,3.4563625791968544,3.3928729412397716,22.12956166314345,1,2.418151289841442,3.9767019309339258,3.842932744537284,11.84625055172335,2.6179135532479147,6.807254305254755,26.75232551132824,13,0
2,2021-06-21,MC,5.079808692819665,3.097180526394107,2.692631877515539,4.091234895980448,9.144440344649091,4,2.612137498574439,6.160507444393632,3.6256944924762844,10.93015290591363,4.312587545438055,4.307538574430764,35.89349503866177,8,0
2,2021-06-22,MC,4.363699550245458,5.959660542982926,4.773783698956496,4.557234423648994,7.670039498831569,6,1.951969626393645,10.48300177691073,4.267492216143404,13.136396439235483,1.1882680882931176,2.982851455359861,47.38533654541427,12,0
2,2021-06-23,MC,4.591583930971278,4.135892057077674,5.178448136346369,1.4532503378719022,21.036133638197256,5,1.64512861893627,5.809392171950852,5.068261916651581,17.461685652962714,3.8965964897478846,4.225870929143813,37.2927285181564,10,0
2,2021-06-24,MC,5.661481552329381,6.0,4.151716058165119,4.454353897918876,20.109052283668177,5,3.311373278144927,3.3278289036510578,6.159776869842122,15.32179260810526,0.6955699627175651,7.866266110827454,41.603043694721606,8,0
2,2021-06-25,MC,4.878055171713767,5.996643362406177,2.3021599338818572,1.452367434647246,21.964517718503906,4,2.272584958011288,4.1137009987737105,4.649409185680113,18.45987877013673,4.041185329661424,4.251962629285703,33.26214716118542,14,0
2,2021-06-26,MC,6.0,3.97701967512116,2.007205329626701,2.859681292647531,13.44272908880402,4,4.085017461745454,6.614946973895503,5.770154626105547,16.492288747272067,2.9925608859807444,6.755821210323187,72.80858022211366,12,0
2,2021-06-27,MC,3.79953313804016,4.465232779620839,3.8750959847348643,1.452367434647246,16.0479926077872,4,3.0432503240236537,5.045390840359448,4.153928677442992,12.716966759023169,7.607697577305258,0.7069155176239543,49.84619615309511,13,0
2,2021-06-28,MC,6.0,3.672861612277326,4.0406377751465365,4.411384934101889,17.88220436842813,5,1.4981236167941276,7.626258660603202,5.325937634534681,17.828534022457873,4.090638340498312,4.687817282674612,49.85407173873137,14,0
2,2021-06-29,MC,4.812302016678364,4.488345373658099,5.528289775106552,3.6221577840916597,19.187921753939086,6,4.348026716512712,9.14485196946984,3.1967672217091083,16.640770851447076,6.5804695572216785,4.9027239624521,50.93746462581287,14,0
2,2021-06-30,MC,6.0,6.0,3.5673144659165485,3.4868135286274566,13.721836503517228,4,2.963812736791868,5.7606559474324985,4.4166007382314945,18.322525589918747,2.877527779896199,5.220256772850667,69.62879070977803,14,1
2,2021-07-01,MC,5.057206579030562,4.366986771256968,5.528289775106552,1.568864854299295,16.211132543371,6,2.9008154898329486,0.9497772516179516,4.337612767093475,16.96536614074435,6.976223033982625,3.8694457167794996,44.87873285770979,13,1
2,2021-07-02,MC,5.993414084630066,4.857964348581095,4.068036090094438,2.4745362995571414,10.022114081637664,6,3.391193477224251,4.576999032004249,7.012883518548152,18.411293885664023,2.806282111907314,6.769545095105868,65.01776089449267,10,0
2,2021-07-03,MC,4.8013955307407645,4.4951336328962155,4.03488021743761,2.9590021386461194,19.510206077316436,4,2.288520640156813,5.696219391777777,6.297783630370687,16.394558030895194,4.490002165291245,0.0,57.31424814421652,11,0
2,2021-07-04,MC,4.752681719408713,5.154316514071412,3.781287009006486,1.452367434647246,21.03646493332716,5,3.9432155640443187,1.6106604802219522,6.116723886418038,13.178927329115666,2.471122079478769,8.902720623966292,60.58785951288393,9,1
2,2021-07-05,MC,5.9606680684949005,3.7441462379756025,5.284561370477947,1.8163172162018577,15.302211594427714,3,3.2598577744645403,2.8772055819213738,1.9572855179540327,19.70827540049067,8.619898649679685,7.900346866078387,42.90293909561113,10,1
2,2021-07-06,MC,2.9879160533776843,6.0,3.3137242219667997,4.4305324112388025,16.276140020405826,5,2.098257061435966,2.54811919559142,5.222538864197273,15.19041583625712,3.1391994288157967,7.9794230762284215,74.55468943686206,7,1
2,2021-07-07,MC,4.158087457892575,4.108236551368238,2.7094140981746833,4.033427151511193,9.755966056304022,5,2.2898279909488775,5.847470999505035,4.078780968827606,13.927742702215381,3.4106941616748565,8.03042598646957,31.659250841329882,8,0
2,2021-07-08,MC,2.2327919866484995,6.0,4.566390997935587,3.3596314145750545,19.630813373246763,3,1.9044696251703916,1.606412929840372,5.462354407804693,18.709470500463294,1.7346084413258138,1.9018897522050229,10.021297993146934,7,0
2,2021-07-09,MC,4.158065691768318,6.0,4.082108268357523,5.069238101286731,15.153484546581485,5,2.390880830266177,6.685606657858047,4.128590364638176,14.470440595470805,5.708832747173098,0.8748014891983957,67.36403324944752,11,1
2,2021-07-10,MC,2.4276845573266654,5.339195721251979,3.327384225144373,3.429516068855343,23.014220178918542,4,4.742687726184921,5.931927708415173,7.18651069496899,13.838229165886691,5.601024681201569,3.0922044236354447,47.84007267955759,7,0
2,2021-07-11,MC,3.8174968920648693,2.3913870548089005,4.025442949136442,4.642010888980416,17.091612840356973,3,3.105164274464292,2.4900548944943797,2.89678728807801,17.117896907340523,4.8767437525331365,5.628743244981989,10.738778449908411,14,0
2,2021-07-12,MC,4.764536388646036,4.889379627086251,5.4071613508565965,2.898482651900507,13.280717673915106,3,1.8142641095196577,2.388451331753866,5.099106962421803,13.839744414631568,2.7782535296723845,4.7411907147091785,59.24039357750294,12,1
2,2021-07-13,MC,4.900494171917757,4.713854461777361,4.841970868280383,2.256532918254009,11.796235109254805,6,1.7163609532699269,5.93109390239724,4.106421852170128,13.78282314162405,4.3191405414441375,5.337537736247895,39.606761251727924,11,0
2,2021-07-14,MC,5.343358547034818,2.3091043104178235,5.42254329131362,5.77781254099536,26.001241377187434,6,1.378956877126815,3.894091193239004,6.173261085831295,16.553755481709423,5.052704390296067,1.3655199541065697,54.05056533545274,11,1
2,2021-07-15,MC,3.410295213725543,4.501094919450105,3.6603283202915247,2.690937480132109,13.348461827581234,5,2.836584781918647,3.6764633303163694,3.9870190687436002,18.89104897235975,5.582286225728666,9.474107415693426,25.46005681931067,10,0
2,2021-07-16,MC,2.1765920115845523,6.0,2.49280432039974,3.6623524681475814,11.1345361507707,6,0.9661177126301863,2.420954085470282,5.746837360572067,16.657258795399212,5.1194330449891,6.183173429376866,72.47614301834587,11,1
2,2021-07-17,MC,2.4882447841873843,5.061549220086294,4.968407107218173,1.452367434647246,10.468699797594134,6,1.4456302054900536,6.528715360988378,4.962876433808317,11.375976611989746,1.5683766744404948,3.101317406277173,48.22821729097379,13,0
2,2021-07-18,MC,4.736754249873934,2.9659679621287727,4.812364053462123,3.714574493875892,20.875117290655844,6,3.548142972693717,2.491500430259103,3.6676147550031413,16.900278426236493,3.550289400015214,8.818384009723072,59.50844556895413,14,1
2,2021-07-19,MC,4.591374295485506,6.0,3.6276601563098696,4.957006681742557,17.723428783288952,3,4.408548602408172,4.833387863313645,5.065600263872342,10.322423495332758,5.334704517033559,4.587197469813946,65.40112180693365,6,1
2,2021-07-20,MC,4.327141305295302,4.4145798534942475,4.786151574288475,1.452367434647246,14.558673296056957,5,3.6545718031287078,1.5791515601002921,7.537516715359437,17.753760713191834,5.836366348597363,8.574138237479874,22.852293344290736,14,0
2,2021-07-21,MC,6.0,5.760454713926081,4.83132880509524,3.7866216085531486,17.06603061113718,5,3.1465994810410454,7.821694261027887,6.222769712787884,15.676687719964391,3.6418678011494454,9.541570821705319,73.94964532817188,11,1
2,2021-07-22,MC,3.5993814406138114,5.3416687010327975,4.862514197579529,2.9529576687060075,20.457110678682874,4,2.6336622656106163,6.324313968588603,4.372779557293904,14.437355303710682,3.8811007605911176,1.5070495899371639,50.86940314299639,12,0
2,2021-07-23,MC,4.66344277215374,5.7984997502847495,5.528289775106552,4.593807573972518,19.365708877451535,5,2.6315780551331076,3.6768521281711846,5.59863803912684,15.269929026295774,5.098269097198626,7.8108149547879036,21.597085228158686,10,0
2,2021-07-24,MC,4.483820299886828,3.652897824781939,4.665678564202566,4.052891902186769,13.722012377875664,5,3.0959255151100535,2.4898600789806355,3.6396465734328336,14.307699091710967,4.270483145654629,8.1578619540953,89.56041628564553,12,1
2,2021-07-25,MC,4.454741460941126,6.0,2.640176804300055,3.068847775811558,22.82614962082239,5,3.002292834993293,4.046842988511119,7.187656381269709,10.891653842977401,2.7253121988989815,5.990462619763141,43.940765832030344,14,0
2,2021-07-26,MC,4.693744100049526,5.051481497200734,3.595669752987235,1.452367434647246,16.324447866019618,5,1.7314547225169843,1.2848872932011952,5.233160700951736,18.663930004448755,3.9912278377835033,8.516523651550031,34.5462860489517,9,0
2,2021-07-27,MC,4.614485136986058,5.793847499009084,4.948634585480281,3.08267843933871,15.267955243655496,7,1.432554503651979,3.7589319309048563,5.000316327341927,11.43588486309579,3.1831425215023703,0.0,68.68474800601118,11,1
2,2021-07-28,MC,3.585687415535509,6.0,3.7853335209277876,3.171916292977697,17.049526655043874,1,2.7802955989896296,4.839301125811716,4.9113877834061155,18.43861984508166,4.533329295698456,7.492777719695551,88.00015162652318,5,1
2,2021-07-29,MC,3.7370772174908344,5.642082663804545,5.399598248829312,3.9833012864855912,9.197391767110117,5,4.152310061278172,5.090431508595512,6.398538432345812,18.084443934182904,3.8505056308883674,6.008961875514064,43.73949135205311,10,0
2,2021-07-30,MC,4.521338017254849,4.096672876310564,3.315094140920533,5.895512265092082,19.809340632324858,5,3.5042831188971935,0.6774167809041765,5.4740717148254605,14.715648463848437,5.083063834988586,7.321415461808493,57.67820539430964,11,1
2,2021-07-31,MC,2.914494038804323,4.86464664032744,5.528289775106552,4.295250161188718,19.914507037096712,5,1.3871361865930538,2.7490793239880196,2.814377236353078,18.602979993529193,4.217732364773026,2.619570307113086,39.07131549392809,7,1
2,2021-08-01,MC,4.714480585726386,3.650307554087241,3.4549420840458103,4.450438846833957,7.0234029192085945,4,4.041855691309212,3.9345513219365547,4.944662782433941,14.306540582948987,6.42032302776189,4.287570614368754,33.775910220995875,13,0
2,2021-08-02,MC,2.2307988863610717,6.0,3.915865252489577,1.5593117943577495,13.547406647030103,3,2.097525703907556,2.5628099340448784,4.95949383850757,13.641571342816984,1.2018851108342918,3.6667752073935853,37.597891476304056,11,0
2,2021-08-03,MC,5.657890141827014,3.713148749588627,3.7095460104778244,3.6018650775771475,23.18196755199816,6,2.694253417712587,7.518366297367994,2.660023884532022,14.837751563336608,4.365201952500929,8.532510741851285,75.5607192703744,14,1
2,2021-08-04,MC,3.862108474970704,6.0,0.3399430580894376,5.398282098263746,6.788270122746484,4,3.293031674144761,5.83799339444244,5.752987811911906,13.043815925967444,4.352031581025941,5.285685905534408,57.403725153649795,8,0
2,2021-08-05,MC,5.474670955099488,2.571133388773018,2.310342700778052,4.577399182553206,17.091217586215752,6,2.032446858874323,8.59943670376878,4.178113805817501,15.050115864389968,5.330599318472074,7.79822851216764,77.30777448915703,13,1
2,2021-08-06,MC,6.0,4.962804186705863,4.6652980682943,4.094933823286706,16.38210355720886,6,2.27575078793953,5.34079528979529,4.91094142871984,15.148759886004333,3.6771559531501423,4.7369205017369085,70.25255670373497,12,1
2,2021-08-07,MC,3.1929867072149705,5.197288537138322,5.501357029279392,1.452367434647246,16.522891707412434,5,2.110492970182507,1.8175629844047612,5.597393048806773,12.597531623616412,3.3281689642095973,9.812241370874743,25.804274543096774,12,0
2,2021-08-08,MC,3.762505803268794,3.8935995870671154,4.484519930508112,3.9121269069034548,12.01405994354501,5,3.347206827130581,6.193144026200076,5.697994523824698,18.296482146374252,3.2383455949122224,1.9813645587777473,32.42991725715107,6,0
2,2021-08-09,MC,6.0,4.832268891897714,2.490655217287414,3.5323818755818337,12.82289241833221,4,2.08032089174301,3.5691828460965684,4.755297217923416,19.80645578500061,2.5584627103925617,0.0,23.749992988562322,10,0
2,2021-08-10,MC,2.302421998486019,5.687244439939076,5.185968868010237,3.201439029465451,22.50290401226853,5,2.4946440348731818,1.9879713051032517,4.471563990512465,17.124059928719177,1.7444482728582131,4.564347019093679,16.36718948599604,12,0
2,2021-08-11,MC,5.13164033773708,6.0,2.173477893390912,3.5285067426616505,15.774114597013984,2,1.2251466218009335,3.603445801080937,5.175084073201508,16.38310722260486,5.151354077644772,9.422559923635976,53.413922176047976,11,1
2,2021-08-12,MC,5.483030469071831,4.725918338177946,5.528289775106552,4.195764643196104,5.614230638930405,5,1.3909258609408446,4.2643262056343305,5.029997950374002,12.32915450649073,4.5906995976871805,8.530272825086422,57.968152325050696,14,1
2,2021-08-13,MC,3.61153219679463,3.624013446142503,4.794855984118828,2.4764866716938947,11.341418535659168,5,3.253677570245609,2.4726198731409195,3.8281914933350936,12.529787174456983,3.20439447671126,4.732833311984128,87.52266179676332,11,1
2,2021-08-14,MC,5.370975578467626,6.0,3.6650197901847275,2.3832213022936095,15.574686040130471,4,2.613708337723283,6.231056567757656,5.179653190292019,14.956039438750553,3.1965471712984455,4.425939363711411,40.7724111608448,14,0
2,2021-08-15,MC,5.783334338536772,3.4828533036121794,4.099964201497778,3.532723482761883,10.55947656222752,6,3.372874277831594,3.6904293307873925,2.2384300871895526,16.119095986741602,6.504387326623703,4.596804024937714,88.39117319824518,6,1
2,2021-08-16,MC,5.86493081307605,4.824309706646295,4.900209416084295,3.8789961244150595,11.413381160571445,3,4.264034405939481,3.2600631884219924,3.1648589290750215,15.038959409348005,0.6955699627175651,5.694520692075328,63.542362125007486,12,1
2,2021-08-17,MC,2.9148601029117027,2.073675195112708,5.254532231253749,2.9371790668137154,9.688277098759068,3,2.7531501463122408,1.3588737015214694,4.593152381570813,7.18172689650897,5.561323122343687,2.615900403174389,45.44028379862188,11,0
2,2021-08-18,MC,5.847660173988842,5.839814062119724,2.279330765447436,3.6447159319999045,13.729763917858554,4,3.4751105633457877,7.592431515386535,5.814223120233686,15.46617076378351,1.1908329816650132,2.193150054592539,64.22117065645475,13,0
2,2021-08-19,MC,4.8676198286710886,5.2605844877326655,4.730661302168089,2.38961137760012,14.908290398623548,6,1.9353770091666254,5.921582175885674,4.098403315684014,16.349803811704366,1.8766447595484097,2.510950052168962,93.64486582522223,13,1
2,2021-08-20,MC,0.7675644324516413,4.229338391808764,5.030172945010188,3.6716790984546024,16.88395887587697,5,1.5431281617273631,2.81714588391837,5.345934449766855,9.903073980574629,4.286022093417489,8.216922360735865,64.02362151698814,12,1
2,2021-08-21,MC,4.094381507746084,5.092858385060836,1.976626059345902,4.408192201693591,20.274491339735548,5,1.5468479581837984,5.156261310257825,4.564653041950936,17.03799607540928,7.0214640671258115,6.646557057730002,54.28808030369223,7,1
2,2021-08-22,MC,5.0404281627498335,3.331538872831932,3.1813804500573197,4.66656911290354,17.490664969915244,4,2.5371546839349226,6.9667607662650886,3.786058424507731,16.587559820126717,2.4282682669032836,2.2074404242264176,62.866057401318415,14,1
2,2021-08-23,MC,3.4201477292055618,0.9301460299390496,4.221873511074848,4.114189234883356,17.996361432573586,4,2.7523367904588056,2.8474335209692514,5.686394578368955,10.653867815190454,3.54748172788757,3.460794296570712,53.560501975745204,10,0
2,2021-08-24,MC,6.0,5.3328066072250735,4.787304349032472,2.8326753864820273,9.29922123908064,3,1.878772734329754,2.5311203687106754,5.231018830927269,15.754519260726093,2.3737081813377032,3.186274173407369,23.37803211605425,7,0
2,2021-08-25,MC,4.39848402471573,4.667577000703194,4.196816399877759,3.8056056625083636,13.396977332512037,5,4.412897184261031,9.078842789590956,5.604610950129877,13.315379416406524,2.008232811421473,3.0475591980366175,95.50774624961169,7,1
2,2021-08-26,MC,2.9998666160733545,6.0,5.437964153037434,3.7219241842396116,18.56435163154434,8,2.587862457179814,10.621016644436256,6.77473339042505,17.1282786561171,6.030209903986448,7.4647899492956675,43.58444344388739,8,0
2,2021-08-27,MC,3.6803524608661777,4.267048657198289,4.192596359433272,2.6889436203329957,20.712636402520467,5,0.0,4.396920463983958,5.244632656912317,8.369807075752481,7.196144250537792,3.705341936191073,52.26195111672626,11,1
2,2021-08-28,MC,4.172011110640437,4.335264067623901,3.336423419968201,4.472021769917091,19.22221568684113,2,3.0941040374371065,8.430681369331563,3.8522162045318296,12.240636822638027,3.57325072429427,3.3816499348770486,59.42585419208429,14,0
2,2021-08-29,MC,3.042472389652999,5.423921838713757,4.01675331278151,1.452367434647246,13.4797504300415,3,1.9735340290928602,5.079768584461028,4.853753356083568,15.17158598240801,1.136331435130383,3.047167840823601,72.5167121958404,14,1
2,2021-08-30,MC,3.7511101515420497,4.165516123743988,5.182700041983269,4.327539899799556,11.273275692775815,3,3.510157778869732,8.983115035570888,3.669924926150263,10.30764395748306,4.68589829116625,2.387776277851302,74.9124373322941,11,1
2,2021-08-31,MC,3.3117186569650836,0.5025493588534582,5.315122224966073,4.128355772459746,23.056389954123524,3,1.6746789627649363,2.661716327421726,5.728412918564488,12.991507583425333,2.431999437412556,3.213496091412304,106.40011655514878,14,1
2,2021-09-01,MC,5.571155605800282,3.1492926699952672,5.528289775106552,5.183926707071547,6.388952912795728,3,3.488735265774306,5.872035951015034,5.637575132263342,19.344596258964817,1.0642574333580193,8.514548921741982,10.803239761746399,13,0
2,2021-09-02,MC,6.0,2.3402771258055353,5.299590441536442,4.544116182378691,20.290649380334372,4,3.3313273809225956,5.756235424398471,7.085328922923257,17.427660491714004,0.6955699627175651,5.220882089727442,72.74690346685547,7,1
2,2021-09-03,MC,3.15733767811145,4.941933370929191,3.8904317899214256,4.242543528938715,13.997270804924437,3,1.1621380084401092,10.379593155639776,5.033320776159631,13.581479882852745,6.697184177031684,6.1169524349083195,21.78138436457872,4,0
2,2021-09-04,MC,5.547094305399052,4.85916380325595,2.319287000772572,3.574144109509352,4.872197165763355,4,3.1640778151382074,3.719786717391336,6.111649018937694,16.46579103042612,6.820900297971823,3.55401697666933,63.5419814131357,14,1
2,2021-09-05,MC,1.4672883627247832,5.613988738243996,4.530422572953322,5.676038245961178,8.947386763724818,5,1.9805514497516183,1.3237103734131381,4.713377972979115,13.255607530381287,6.172851383483601,2.7035753615963496,26.304174726644682,9,0
2,2021-09-06,MC,4.024638064880251,4.7072537187340355,5.528289775106552,3.9795921476905667,17.44359313961022,3,1.9386503183605033,5.68601345482786,6.46752589213449,13.22958565455544,3.3447541611843237,2.480998236190584,16.71220488625077,10,0
2,2021-09-07,MC,5.650847863677581,3.1107990928338745,3.801885725238996,1.6417460347332464,13.979902180695705,4,2.24173606787552,2.6883149133786732,6.1568144865037855,17.57620098879673,4.159593554317484,5.6794935571175404,107.54260008782263,14,1
2,2021-09-08,MC,4.446290186483998,6.0,5.09817381932085,3.3091186747403283,18.46686773922266,5,4.471204643853688,2.269235929000442,4.549185681456532,14.0149730386713,6.381364606127569,5.647450243375241,50.540665377170136,7,1
2,2021-09-09,MC,4.244607316490203,2.1675391795072807,4.957345635834574,1.7831088487407352,12.184728442357954,5,2.9465367505144853,3.257572373334053,5.761344961722717,14.71618330218295,4.071124114991905,8.373865469782283,17.900254107864296,13,0
2,2021-09-10,MC,4.527551835332787,5.850028991081255,3.7813249265044,2.8939468916874005,16.216508679856727,5,2.926450606939593,4.557490190200301,3.2362391052369484,14.34637589518679,2.7074521701112513,6.939048070591376,49.67838173480673,9,1
2,2021-09-11,MC,4.665747170467851,5.493693795756698,2.244735971917187,3.215228226466467,15.713760693072627,5,2.3612023624618224,4.9607269437992,6.362705774097226,10.049346639444698,2.8103948300471693,3.5325105009215334,61.65913404127979,12,0
2,2021-09-12,MC,3.6650484599280335,3.591800758189844,3.616713013348149,1.5669731860049,19.19546853788579,4,3.431188986280275,3.9356962295943942,5.336613807981809,11.316688788642264,3.245001767484448,6.447447572703166,14.341390623406907,8,0
2,2021-09-13,MC,6.0,5.1954423529912885,2.6447728634143637,4.099713237943615,18.600103976244377,5,2.577503348728344,4.656659916863028,3.896119155556447,14.895996574506901,2.2175676991581046,8.995085819778918,66.14552323871654,12,1
2,2021-09-14,MC,5.382752204862683,5.1859466653914605,5.356479222255089,2.6321555760694446,18.906814422624183,4,3.196581165638326,1.811914970859938,7.092312351492882,11.976009621614816,3.4434547064786245,5.0986449587447895,38.78857538833191,8,0
2,2021-09-15,MC,5.680892188889144,4.945896473321712,5.00088038509249,3.289523193218262,14.523978719880953,5,2.343845152267865,4.123930728252951,4.825326440317844,12.187184131789534,1.4828204864899006,7.6651925571961215,62.17859511918547,8,1
2,2021-09-16,MC,6.0,4.1527115342552126,5.0853505901455,1.452367434647246,12.576724745970482,5,2.9652338411200856,5.654460803225672,5.049501911970234,15.628921198014817,5.0124302760888915,7.100535154863885,16.558085298156687,12,0
2,2021-09-17,MC,6.0,6.0,2.538501475825512,2.614467892279162,20.53511302493446,3,2.323039588385603,4.73897633738262,3.021125559997235,15.212401644423561,6.580388120868129,6.460060261617351,95.07272326263477,14,1
2,2021-09-18,MC,6.0,6.0,0.8975926494323345,4.148321174475367,16.879626308823585,6,1.685536923313021,8.110347021290695,4.13306746302897,16.686604629025595,2.5103338770504893,4.186183090523542,69.34512961037376,5,1
2,2021-09-19,MC,5.819156653764068,5.147244493943027,5.200173851286921,3.6230209387858854,8.01493768890857,6,2.5869252225899806,4.199877203041323,4.2540673214760325,16.650013471323923,4.261355592748629,7.071567253263801,66.61377405248163,8,1
2,2021-09-20,MC,6.0,3.0005779580628276,1.472238883392246,3.9033427690283076,14.978421239073473,2,1.7937690199859875,1.5650075274004505,7.71415850946702,10.73295531906361,4.92693410591716,7.191127746979951,20.492427781355367,11,0
2,2021-09-21,MC,4.218978299520713,5.5377377063374436,5.528289775106552,2.9957644456418375,9.589680370354575,5,2.3314951039917062,1.9960003915767948,4.1502934792579484,16.535791972009775,1.9616633014929574,5.711734022549194,66.572795276292,10,1
2,2021-09-22,MC,5.114118302948615,5.424945060719336,4.102890819609753,2.001700889125674,1.1321245614879363,3,1.9971461341263355,3.952986991382656,1.7131569827096682,11.119565736332644,3.2153869821829284,9.017658837219633,70.88948175006519,14,1
2,2021-09-23,MC,4.158371690483162,2.587135440177539,4.368988362818242,2.784391070977869,12.694636824534726,4,2.5948883036563624,3.914228963282717,6.460372531201833,15.740136638031737,5.446278898170571,0.42589045170273243,46.65425259431577,12,0
2,2021-09-24,MC,3.269086833950432,3.890852392276548,5.407686882813403,3.304350230698693,17.002774340493204,5,2.5883396096525964,4.475542642018829,6.854897666189595,14.80232697309824,6.35383985077228,7.894678426663603,51.52799946247612,13,0
2,2021-09-25,MC,5.483517684303538,6.0,4.342075984807682,4.249038119371612,17.708482982485737,5,3.124390772528705,4.469057488453112,5.361125888794664,18.016844809915387,0.8347078600041362,9.812241370874743,68.74937428096425,3,1
2,2021-09-26,MC,6.0,0.8211636168218535,3.9448964753324747,3.34554163119678,18.32533403323367,4,3.3095548211157633,4.368935200534896,4.672008697136945,16.064867314160495,3.494802065160501,3.899960526855321,94.32143057734196,13,1
2,2021-09-27,MC,5.688223602268186,2.707935976217982,4.753945781836346,4.7487613926365615,15.681053291373832,3,3.2993740268240126,4.1376157907802575,4.60201387308967,16.627733283734138,2.8338761683014533,3.0907251694819444,59.05671572368721,10,1
2,2021-09-28,MC,5.045847196532304,2.229746548709084,4.090839905160322,1.452367434647246,9.219373364556912,4,2.9508634773113678,4.997140407875683,5.014921766524634,17.962910303068234,2.9891325404951217,7.566350687712632,65.35636408848876,11,0
2,2021-09-29,MC,3.3027663772795712,5.37822539091255,4.585233916109454,3.238395299406326,18.355148047300613,5,1.9725663767292099,3.1182781431173394,3.8845239005160197,19.91673131296315,3.40649837616394,0.7198721393697358,58.31707183325909,11,1
2,2021-09-30,MC,5.079863180203565,3.9823452028271467,2.5837868384675944,4.0486950803488035,10.20364225366831,4,1.8155267014612673,6.360120460584118,3.512223373803891,15.436373881711878,4.0774929102698385,3.5022999120233522,97.98759309232524,12,1
2,2021-10-01,MC,4.9943506840555045,4.9703414258298455,4.139927260883227,1.9981764977065506,17.131403072729036,5,3.6749042169094013,1.0372201661104654,4.128044552008998,18.613006931044602,3.315343860340503,4.8457394803056575,70.06321895142541,14,1
2,2021-10-02,MC,3.677797204429041,6.0,3.115831282518661,3.735811985924861,7.966127948799223,5,0.9465266449145401,1.906298891707584,5.011500093174319,19.251937044304842,4.054002954677864,5.1747812025185915,34.529348557921146,14,0
2,2021-10-03,MC,6.0,4.63590002250742,5.118094381489601,4.314478315506593,5.556496967758141,4,4.105276719578055,3.3780258474921663,3.726800244686219,16.31267720290148,3.6502681010026654,7.75577656508221,36.4603394059095,13,0
2,2021-10-04,MC,3.431767329284435,4.18183429158107,3.255148835444241,2.307593286242076,19.969488887614702,4,2.7666724927451067,5.17100325578426,4.635524881616861,9.352029291032245,3.2770913907290944,4.533798840984771,79.60797417241784,4,1
2,2021-10-05,MC,5.5928518073289455,5.850758540690472,2.866107035122814,3.565459379111783,14.122508733388996,5,3.9791184724379134,2.5072778353092313,6.056739120274517,13.876401314660443,5.137821550411214,6.196955897464223,40.622087851044114,9,0
2,2021-10-06,MC,5.348174524187797,2.615982525035362,4.583543956910312,4.403902082469677,12.160026600241142,5,3.701512030910756,6.738856530332519,4.151741066603803,18.012945577374683,1.4958367868420552,5.408430021084603,48.49426344607877,10,0
2,2021-10-07,MC,6.0,2.491342180041811,3.5731676418657563,3.3938840746411514,23.996187446997656,5,3.6104713436905618,2.8729874829584556,5.691135038020367,11.516142113627138,5.672622598401742,5.505706431108002,48.70469972547965,8,0
2,2021-10-08,MC,6.0,5.010725062207351,5.528289775106552,3.1945422349240835,11.524088775539699,5,2.9030887043467644,5.95401627262355,5.336049597801978,15.08417745416885,1.5602277257350643,0.2485622356073196,21.561942526433732,10,0
2,2021-10-09,MC,3.266595405528882,5.55755654407819,5.215158539002125,1.5427771188577106,14.604214852834684,3,1.924949538105155,3.5795438006715146,4.170214663983063,12.065677569777833,2.9548328274150393,7.508435027674958,73.68707167770783,13,1
2,2021-10-10,MC,2.4734087780442784,4.804586289106697,4.709066920467457,3.996212141473038,16.18028811091759,4,2.023063807269917,4.510415519879253,4.538286473776558,18.538754437187915,5.294971971808342,5.648879124064909,44.5125817490629,8,0
2,2021-10-11,MC,3.4630848939895067,3.690019016787668,4.788059129068026,1.8536422356266316,15.718441295086713,5,1.6067919358158114,3.5276221688481257,6.842556848866168,15.11069525979936,6.6738274597294875,2.348231359611122,50.33114838359563,13,0
2,2021-10-12,MC,4.216737208658678,4.66119148710442,3.066257839755191,3.351803312205034,9.739033874759311,5,1.312652092944838,3.2124245689179123,3.565263920360448,13.089490451747892,8.496530406446773,4.36876443425974,53.99505036690964,14,1
2,2021-10-13,MC,4.11203729403476,4.055103747535426,5.014501898423433,2.9804949028563716,12.28394786288087,5,2.234049516338333,5.926171860304916,4.0526871216958735,12.471309694800402,2.1728301093357834,6.761876898888163,61.91151199775194,9,1
2,2021-10-14,MC,5.999900614305528,6.0,4.784018347562418,2.3090553000338128,17.07275170865208,4,1.9403866078155882,4.198460999554198,3.0999119491934666,18.52296559215771,0.7095213625091215,4.377228993943143,78.81342155464732,13,1
2,2021-10-15,MC,5.479112278412575,5.205910957832167,2.844975454264409,2.30614684877661,19.51264567730575,3,2.8576170796881257,1.996952607732493,4.882279069755451,10.52004610146037,5.24844754690751,3.5015186274723056,29.53703123813563,10,0
2,2021-10-16,MC,6.0,4.1820793542631325,3.739244504541414,2.0549665227745986,15.57698392150742,4,1.775334777534883,5.294062578762391,3.4862203958311717,8.208936311694883,3.7512589169301958,2.290757581432155,51.40238951719648,11,1
2,2021-10-17,MC,6.0,5.246092970234198,2.477609908767003,3.2289836427358267,26.001241377187434,6,1.1866169295727782,8.305467337101078,5.283307509436412,15.217811148047893,1.5319239019304942,3.124945543168713,82.14671557488346,12,1
2,2021-10-18,MC,6.0,6.0,5.528289775106552,2.7001520025778465,12.018303531047499,4,3.9967966172084575,5.731168227220749,4.3381654144988016,16.980146591716323,5.927895875146658,2.8994218543455106,69.23785177241088,13,1
2,2021-10-19,MC,4.367181604404068,5.214680880679674,4.2378504568902216,4.428995016059947,11.571231405518676,4,2.385343767394704,8.949313510128096,4.871215390899691,17.07985528152328,6.3860926361590575,3.293334618022532,52.80023904980438,9,0
2,2021-10-20,MC,1.4532637755528606,5.447532706657476,4.939736488673693,3.2473571782000334,22.29290789851555,5,2.225530731493702,1.7271522955175136,3.817052541380588,16.94137570420483,3.3493282726176976,8.462288645689497,23.539965482228574,14,0
2,2021-10-21,MC,2.604715755264308,6.0,1.893960460713775,4.786447215397266,15.542831269033037,7,2.740565570072412,6.067104385577935,3.7720332290156344,15.80167492766532,1.940636704337125,3.9874774717777624,40.887001304353866,10,0
2,2021-10-22,MC,6.0,3.114775920683888,4.624947404273929,5.334422615024504,17.61919028100624,5,3.8220408075571655,2.7598707414461634,3.9797514088867914,16.880793521730975,5.287605921311934,7.442411885156296,49.01206460608181,14,1
2,2021-10-23,MC,4.148005558513845,5.085343112318521,4.656567370328462,1.452367434647246,9.856949931241058,4,2.759901701259058,7.6795139331190505,5.321991089078959,19.130602477163574,3.045514739322373,3.339335423068127,16.2802300437924,8,0
2,2021-10-24,MC,6.0,5.590977981139317,3.815343936321952,1.452367434647246,10.558703363243406,3,1.9291475821208575,3.892755779560106,4.985766970221158,12.379518390960023,2.2050789941688858,3.6154811575312937,84.94198628041582,11,1
2,2021-10-25,MC,6.0,6.0,1.3175887297038729,4.9424754539646365,19.401608565987793,3,2.1512518951348696,4.430130045704331,4.91053016275954,17.393318116333138,1.8479622562293794,3.1865652448631523,83.6259306341954,13,1
2,2021-10-26,MC,5.411091842791513,2.830069596492186,4.472918012518263,2.7769476578619288,8.334078144897733,4,3.1318445838495217,3.757362224370679,4.5796185198820725,15.43777828568418,4.3896899016012245,2.084439311889678,45.35556469176084,9,0
2,2021-10-27,MC,4.830808699864311,6.0,4.463579788857009,4.1177354455058515,16.90535520770586,7,3.4611825131161083,3.510339759576072,5.072628388784692,14.597287110757616,2.6914527205438783,6.842343968355488,17.235400486437406,11,0
2,2021-10-28,MC,5.562373534813552,5.789598170856587,3.4602132147926454,3.5943240853727456,9.422108717631673,3,2.4604232325498727,7.235044896778851,6.4957421482221545,17.795889802548785,3.3281511367531804,1.4604125539447326,28.966076326385657,8,0
2,2021-10-29,MC,5.825823294691295,2.87719488578757,2.3585219068203935,2.5163161482951026,4.903270593857876,4,0.8497715700444508,6.644409867884221,4.270381587537139,15.077861357947848,5.190296149199457,6.252885235491524,81.67155960218469,9,1
2,2021-10-30,MC,0.6557030289509773,4.276686490628904,4.516543544817787,1.9288017013781158,24.53837593016261,6,3.0130412870327694,1.710743790067418,5.511018542011704,14.051891200638781,5.289095937444724,4.070778256044086,31.967554227706973,11,0
2,2021-10-31,MC,3.79099376316127,4.368536858437802,4.583298465115733,2.2372835501911763,13.676564027830228,5,3.2018086504264867,4.465436841260128,4.837551565152366,17.95753735193753,3.4043538231145374,5.283134362243964,79.72818113084136,10,1
2,2021-11-01,MC,3.43339802666442,6.0,2.874338818507946,3.068939731421431,11.837316135381682,4,1.645478995603761,4.711781834208373,3.7110887224251368,18.49079945059328,5.026161252914145,2.0692672045783045,23.098531209019377,11,0
2,2021-11-02,MC,4.081501925205572,5.384769918749467,4.276962959780055,1.452367434647246,17.060396176918687,3,4.444602695539057,4.62345593074172,4.668047935944202,18.072733300094797,1.2784952370379,5.910941326438539,80.1449524953641,8,1
2,2021-11-03,MC,6.0,5.79031373023077,4.795748267183198,3.9124203219084572,12.938493657886688,4,3.557645954635534,4.620282930871973,3.5734823913716927,19.59563973717811,4.238726477241205,8.036936691061625,83.3395734262922,14,1
2,2021-11-04,MC,4.9786072278645115,3.660749225104917,5.201811820328205,2.2124857686598154,23.278309918281714,6,2.003015921308358,5.714371617741363,4.114559428247825,15.298557194056224,5.282503868494225,5.328290789530672,91.7824756077586,12,1
2,2021-11-05,MC,3.5321045803025974,6.0,3.420662172666569,1.452367434647246,24.276959862500522,3,2.81726840737095,9.524794872529576,5.590495433722798,13.37381367481504,5.954658904342609,3.7434288223817616,64.55856050645495,8,0
2,2021-11-06,MC,4.348800065644763,4.343889858098957,3.99657138362086,1.452367434647246,26.001241377187434,4,3.4096947013043684,4.23030750219033,4.350579015193258,17.935100878326597,3.2495987621803066,5.821836975861137,47.16807072870663,10,0
2,2021-11-07,MC,6.0,3.5846264679390596,5.151521660322021,2.9064695713405366,16.303990245607686,5,1.6770748764713894,7.1820693402071045,4.464623805303939,12.681657665186187,3.0739304707232584,3.0388441421367816,64.7123843773376,13,1
2,2021-11-08,MC,4.179981620294184,4.575240997260235,4.554050744258072,1.870567489758802,11.729145794034306,3,2.152432539933708,5.187693141745377,4.779828476280721,11.653711160375108,0.6955699627175651,5.865113347318864,48.26922342989808,12,0
2,2021-11-09,MC,3.388315716585126,4.102226987139452,3.7779845452709973,2.131118731725226,26.001241377187434,6,2.787787454288041,9.11749281711191,6.381023476890836,16.215246367043626,2.5689658443296057,8.378222124312696,10.457865759918443,8,0
2,2021-11-10,MC,5.455116351664895,4.592160169893269,2.515918355957501,4.7397824445827705,8.222890705178617,4,3.1435751443500215,1.1132850627919813,2.586079194333471,14.06487273281749,7.050371820312033,3.2936023374713015,18.26306017692142,12,0
2,2021-11-11,MC,5.235475544962,4.568886350415318,4.339754165803621,2.5127369246060463,26.001241377187434,5,3.201212648334462,3.554288569929223,3.20834226769065,19.314066587524525,1.4449864360382736,8.77651208679497,59.37452266849481,13,1
2,2021-11-12,MC,6.0,4.272264949938696,2.7378679400294064,1.452367434647246,15.26132664670981,5,2.520739613753697,4.113408031103899,5.172415755413324,17.028381571047753,2.189012788471586,3.445357740501467,66.4907299699199,11,1
2,2021-11-13,MC,0.4522765739689647,3.37046688183242,5.528289775106552,1.5107496710229222,14.2361640741983,6,3.0749964963942857,2.7360043320141725,5.8796121137552895,12.740091891915382,2.5107625113353675,7.6826405158825555,62.4279733499574,14,0
2,2021-11-14,MC,2.1969331816882054,4.182780324690587,2.7576376032185617,2.7262997023737414,9.832502939007792,4,0.46848675595277167,3.645416747260074,4.517777186941647,8.203134660084165,2.9531162763695082,1.6148199499649594,57.44952396710229,10,1
2,2021-11-15,MC,4.76608877814232,5.165939519041256,5.528289775106552,4.110954437680921,17.64641577990369,6,2.6427979432357898,3.4918309667050185,7.2811299428429095,13.766696896565824,1.9120701760116092,1.382730929500843,39.65695006557449,8,0
2,2021-11-16,MC,6.0,5.660504100045383,1.2631034499221172,2.4788469803249065,7.96307262065072,5,0.36852547860843754,9.438619915376044,5.096980463528242,16.16624520690408,3.9295026181385397,4.682073259873731,104.18854073590278,13,1
2,2021-11-17,MC,3.931405508194078,2.9492349723784694,5.014763345293885,5.095109420910305,13.261832715313183,5,3.4289744267942877,10.382488777723262,4.476398133165715,14.162952679061638,2.4088788405940496,3.318604716021733,46.90107638963695,14,0
2,2021-11-18,MC,4.868124481192245,4.401828217173936,3.774135623458425,3.661228745698332,14.244097145284965,5,2.4299539027152997,3.903953131610959,6.494450938824688,19.6305640465334,3.5458886447094145,3.8224875300591172,52.78759513947999,13,0
2,2021-11-19,MC,3.8171969244606,5.55946692131884,5.144110352524057,4.580651163960236,16.62420711517018,5,1.7284540762164298,3.611195736095499,2.955861825273257,8.557971633280872,2.2733361136712955,3.4466689914589432,46.819845530636094,14,1
2,2021-11-20,MC,2.6421968538305727,2.496957586200886,1.8987515072063808,4.719287987951461,19.739197299584774,2,3.293741251027372,2.0589192739269917,3.9152431863787274,16.912481233212294,1.704692581212051,6.619040723934701,62.85925501123465,9,1
2,2021-11-21,MC,4.600676188830099,6.0,3.6260055971651326,4.398942430308416,4.674224174295005,4,1.5989378166666395,7.195581938916134,4.056505755187079,19.110736099401876,7.781482892175958,9.118455947233597,42.976112488646564,8,0
2,2021-11-22,MC,5.443744056253548,4.0145254822999625,4.649782696514346,5.432844663427239,15.114558285637973,7,2.777270578808976,4.597035902187198,2.1249362921398296,17.60325830379558,5.290146820851426,5.323988481804485,37.214025103921,14,1
2,2021-11-23,MC,3.414356808133393,4.0841009013541125,5.134748989757309,3.837881162017679,12.334587247537138,6,3.562452498778986,3.8421418855781946,5.019196773021088,17.4962114664626,4.052001915521174,4.70317561785972,47.87964765281833,14,0
2,2021-11-24,MC,3.033274398425709,5.611715418494354,4.630237041978699,2.7646079211214465,12.911960259768595,5,0.5827853300532165,5.797570065098593,3.431956032626701,9.288777116725111,3.718476399889062,5.067836212559012,91.81546598294928,9,1
2,2021-11-25,MC,2.7558181606850987,5.405566188435182,5.121918350269749,4.6335547672802155,12.715625797177083,6,0.8936383179990894,2.931816648090415,4.410513687868621,19.49251201294054,6.27638389272722,2.0949590655974855,52.61680627782739,6,1
2,2021-11-26,MC,4.976601947945614,1.6291413404962816,4.00299168234588,3.0206730364106926,20.049506464498563,3,3.745035489415125,1.238065915708657,5.467074930374305,11.702406904444926,3.6350656852703254,5.146611168916368,69.04639615431392,9,1
2,2021-11-27,MC,4.772006794452062,4.985005043793093,2.3168435156523546,3.703203758504837,15.73775046673484,2,2.3437727915888864,6.079233663934662,4.742290620274773,9.96035349617832,5.561945408826721,6.894360267927208,64.30180208011609,14,1
2,2021-11-28,MC,2.7204751482803387,3.4923445631010215,2.0612476031403113,1.5894675620162468,12.390236594004985,6,3.471505035313249,6.533138725646523,5.4974620530048375,13.457508477150013,3.0372414303735225,4.7101099949509555,72.5561441905617,14,0
2,2021-11-29,MC,3.879782099391015,4.9270481291736195,4.782938602184585,2.7649783315623386,24.720238935181474,6,3.39103266313117,5.495446847930324,4.54641922223592,16.809873063043696,2.8530676437756792,9.812241370874743,72.81148456094421,5,1
2,2021-11-30,MC,3.2420782972381326,5.440455819106063,2.2667922815615262,1.897974621068357,17.701364733807196,4,3.7968437467926166,7.044133379417798,6.899359365590241,14.12810546034186,2.487358259333069,5.751703486792418,104.82444845645674,9,1
2,2021-12-01,MC,3.9045585074617972,5.81168134537854,4.7024932817082075,4.512087423747772,19.58310472590096,5,3.3988431407549564,3.5199294072364733,4.675039166934353,17.39325133545386,2.6876121314696717,4.588030895177191,17.769971133089445,13,0
2,2021-12-02,MC,5.454318933125899,5.168573592263702,3.9687807712892527,4.792167737011274,18.284938238333314,6,2.3746418954356567,4.148970110905411,5.049098013899453,16.43839379267926,2.6915043148831415,3.2123313687920443,38.24959090023124,9,0
2,2021-12-03,MC,4.305252664089593,5.19054011291413,5.528289775106552,2.041066317255235,19.756593613878575,5,3.3079108484207453,2.1297407827419947,3.651812599343628,17.6606916675799,1.9481609085721767,4.896241655945195,50.20539158278366,7,1
2,2021-12-04,MC,5.063107588921403,3.7872056454708494,5.450507033766012,1.452367434647246,14.616623759324376,3,3.172640523323158,1.9660334672836306,4.234046756751801,12.757732958704525,2.0025505069391762,7.406916406527812,63.18427989763333,12,1
2,2021-12-05,MC,5.437054937073844,5.42480166081025,4.874878540207304,4.997292601463216,16.071431074969514,4,4.01970832167752,3.8713555075058244,3.050096857938324,16.1809439509834,8.024235819714654,1.5258348034609028,103.91766468834486,11,1
2,2021-12-06,MC,3.2395696991505925,2.331134712950277,5.36381443584687,4.890083677964283,10.645465605189774,5,1.5399422309260569,4.423745511224877,2.776208304045461,6.15862614574765,2.0941963144476694,4.545369248033707,42.59805308719014,9,1
2,2021-12-07,MC,6.0,5.048368764355479,4.476481637582081,4.084476244123314,11.147420159651862,4,5.234415837884852,9.572525538667774,5.953912867344486,8.893213662563761,4.434107397514039,6.183623155376971,84.80745824651434,10,1
2,2021-12-08,MC,4.895377605974503,5.845793653163792,4.166294239145569,1.452367434647246,12.100368506910588,4,3.265616734780435,2.329798077567015,4.648483711949893,17.18781278105441,1.415807054671527,9.812241370874743,27.577895051374412,9,0
2,2021-12-09,MC,4.900522712928372,3.887237577384874,4.911157252115056,2.9837652730540256,14.877135192104046,4,2.243721885513424,8.515658696069348,6.528485571877486,13.406422080054593,4.957886050815342,3.111388196324115,56.93630924407347,14,0
2,2021-12-10,MC,4.102294611048936,3.3170108367052538,5.067034192917429,2.363168087751369,10.956032695846703,5,3.498855031951913,1.278913460983753,2.7651666210485537,14.614025316705792,4.439694903625508,1.293205838451735,76.17313147879348,5,1
2,2021-12-11,MC,6.0,5.026581570190238,4.280317044483355,1.6986624711428142,26.001241377187434,2,3.277864155731066,4.34472542743824,4.810325081755626,18.80041757985444,2.7979877524570127,6.7433694728188955,72.53429709766085,12,1
2,2021-12-12,MC,4.9301874941300925,3.0619836138105945,4.274148290745941,3.139629517317829,14.875190315901456,4,2.596912449682324,8.37339146453886,4.343141598927849,10.502010652588956,4.1532411063750585,7.792648617630398,42.2890196841176,9,0
2,2021-12-13,MC,4.587823869042551,5.373715619674208,2.5889632843659056,3.574137902613443,17.070113710386586,5,2.969161692052265,3.5454762165621285,4.945058136177811,14.563849030544759,3.4064045972145505,3.689176996981894,41.173939892995506,12,0
2,2021-12-14,MC,3.8907156690245994,5.766295994238017,4.0746560586971015,1.452367434647246,14.91129820034269,5,2.6964269698849828,5.154871110573773,4.019823936955306,15.558405324243505,4.2786067902823435,3.2954478382418175,61.61843391970069,13,1
2,2021-12-15,MC,6.0,4.710482891292258,3.3183071508917052,1.452367434647246,14.570013399148088,4,3.0200137950276202,1.8170050383051648,4.145689759305798,17.908404222661634,2.5379006453807844,2.9330256048426695,62.52227153231887,14,1
2,2021-12-16,MC,5.245590594441111,4.380941619224798,5.528289775106552,2.3975632272157483,16.79841190175947,4,2.717070725639849,4.466647480824334,4.471927425618016,15.571687481419605,4.608059696853375,7.451807346853617,41.66231270952883,9,0
2,2021-12-17,MC,5.6688338896395845,4.921221143246595,4.682278704353059,4.004878382981004,13.943668222664357,5,1.8790021775945758,4.670399954576183,5.455331962691221,18.315836926810118,1.757433608139518,3.2829550099898417,20.592464029497386,12,0
2,2021-12-18,MC,5.454322516819091,2.6889612056077175,4.415929579980816,3.682859061502959,16.742702945196612,5,2.2156033779513535,6.181223075996199,5.802951358118545,18.484289111014732,8.56070936546185,7.273268102070359,71.68108422369295,7,1
2,2021-12-19,MC,6.0,4.22500348414128,5.345877714908482,3.075972496464516,12.645131267108166,4,3.0819226070585,4.39092782514402,4.340627584197339,18.79070049942489,7.941263578956024,1.8803456434039525,41.11260884013487,11,0
2,2021-12-20,MC,3.4176013578218294,3.5077549870111824,4.3461394691447275,2.533756591669564,23.22959680054959,5,2.137266827003236,5.455276201970401,3.728211748289957,17.0366067233741,0.6955699627175651,6.076626182257996,52.372772019633544,10,0
2,2021-12-21,MC,4.252644088687124,5.238744496413785,5.509079687804419,3.25394883520491,5.712434703732926,4,1.4635032591350932,3.151522715634291,4.159569318234345,14.251987613722664,1.5974073644895057,2.900656972725421,32.11650064394438,11,0
2,2021-12-22,MC,5.92930487517419,5.603568868272774,4.4010180212250205,2.9819583453200216,13.713679011210804,5,3.0035397570689826,3.9876236047208597,2.8785930845005745,15.37334671154335,3.8466225055031775,7.815057976590999,53.8217207874918,10,1
2,2021-12-23,MC,4.6496017948798105,1.767789301663712,5.137028755503983,2.5791724771710105,17.485638407939433,5,2.2248746894219775,4.500573004830039,5.157916889974834,14.31166037708158,9.757962778019554,6.43185351561415,31.93005337554434,7,0
2,2021-12-24,MC,6.0,2.9740990661560267,4.870143436358758,1.452367434647246,21.520709363618458,3,3.7810235392897393,5.829169871695624,4.999611878276912,16.897152464437145,0.6955699627175651,9.812241370874743,18.508745027430358,14,0
2,2021-12-25,MC,4.539587472148645,5.58583595254847,4.705888746793228,3.238916937552785,21.53434863371048,6,2.1536769518264194,6.401308135501449,5.321806075695235,16.513714332267167,2.5014941217214677,3.103777844761554,42.829708368310655,11,0
2,2021-12-26,MC,2.5436925442663165,4.880535126851446,4.550213638350167,2.059583778056519,12.093045725326611,6,0.6122188302171503,4.142052611112741,4.0521779464717245,13.35963531650187,6.3031132396889165,2.7686483378777345,50.66019770219076,12,1
2,2021-12-27,MC,5.315773371982544,1.9670030476761282,4.765006453605629,3.9882780103003013,17.730176051022212,3,4.5149939258213525,4.7126083035420905,5.415489364700999,18.325715079257275,6.468865570413037,3.9322037593370665,53.32525294973977,11,0
2,2021-12-28,MC,2.8616746463392837,2.7651576834126006,4.686579077562452,1.452367434647246,22.091663398121078,5,4.004602713896075,3.0706236196694983,5.913681229332204,14.016927458892832,3.925289568401915,3.766255058474172,68.74407183430769,13,0
2,2021-12-29,MC,4.98396480795165,5.264983902303641,4.230635866476842,3.3628317676232395,12.631323637142817,6,2.5472115035256864,4.386633943331899,5.068015180824145,15.031151822747645,8.223099072238046,6.688758286945383,48.085705291001105,7,0
2,2021-12-30,MC,3.164891316034399,6.0,3.3396127317092446,3.2721877216450084,15.930926091605272,6,2.6189822628632937,8.175724940039697,6.111556298938541,17.633299388790103,6.916987799858955,4.149257776161576,19.915403963915956,7,0
2,2021-12-31,MC,5.009766458133533,5.995400083137002,3.8051571467411476,2.9918199724933943,11.54362447100246,3,1.7838905294391405,4.9137055153990765,6.772086535845561,5.408418381793878,7.038349630865873,6.849358424921488,93.12555755908151,6,1
2,2022-01-01,MC,4.591592219396078,6.0,5.158842206887316,2.520050054808041,11.184249000131333,5,1.9046201517284969,2.17029110091156,4.291209540657427,15.013588399619543,1.6747648304277396,7.79586608277541,59.983055323100196,14,1
2,2022-01-02,MC,6.0,4.844141859901847,5.528289775106552,3.0408182779820625,2.1148940587441327,4,2.3926322508653204,8.360756384129001,5.609223772590321,15.627933766536643,3.223534109677346,5.6850357605756425,57.17870107878693,14,0
2,2022-01-03,MC,4.7592707288314875,3.56488989851609,4.26017039951155,4.593818919932765,10.928029845708782,5,1.8337257169691235,3.55078084853472,3.1454459358029094,11.49434686656426,2.153746020966768,9.416783788369928,68.2610549892208,13,1
2,2022-01-04,MC,4.237929709833541,3.453788555478753,5.056382611606766,5.350012512773516,19.978550307979727,5,2.6897621118778323,4.480041302110591,6.191917645484726,13.442865130417738,5.561831095607646,5.831277835123467,40.26508165384428,10,0
2,2022-01-05,MC,3.345847593705992,5.568023914486566,5.528289775106552,2.9474763709518035,6.941071525971061,4,2.686259793261331,6.1573666741179105,7.17545198410872,8.694712696502684,6.824075361624526,4.139164160943594,30.395885561746436,14,0
2,2022-01-06,MC,4.600616007658727,4.056724068782207,0.7789121665976726,2.325982444933912,17.818468104542085,5,3.2682524208374817,5.111051172495316,4.255867237692717,17.37701612884817,6.6240794407041514,3.838594429222629,41.91529167184069,5,0
2,2022-01-07,MC,5.580876775268964,3.8314306336975945,4.859987726660135,3.3665738337001563,26.001241377187434,1,3.2107529128092684,2.148174468767174,4.832084810119933,14.793658004955379,0.9114303652802827,9.812241370874743,32.57490961914477,14,0
2,2022-01-08,MC,6.0,2.825063259358484,4.152654120268987,3.835544340081782,11.849478480690966,5,0.9315887922387125,2.194858404389558,4.323396630746384,18.473368236264047,4.050077461286979,7.1620712448420845,58.39095661750435,10,1
2,2022-01-09,MC,5.326995034282313,4.13047659671324,4.464627000507961,4.5406127930831275,17.12526704678627,5,2.7022020616518145,4.171244568778087,3.52368180352831,14.694406502216882,7.472500016123071,6.683694742044996,16.019400807843418,8,0
2,2022-01-10,MC,3.879492206472821,5.506789468414987,3.9108117326757017,1.5857033131798806,13.940104593623436,4,1.633084055775368,1.9188411205874432,4.61973025354759,10.868124668044036,3.8602872600130045,6.7248885137610195,34.76916248653621,10,0
2,2022-01-11,MC,4.388880308990405,3.650773675052567,3.668116393731286,4.810332564958205,4.22103272979254,5,1.2677913220131765,3.7500632516483776,3.4313968262368673,12.719341116566847,6.6967271630851375,2.025012028093753,28.44251183530881,12,0
2,2022-01-12,MC,3.3345391720488786,6.0,1.561335386599439,3.8227518600439256,22.321296178501207,5,2.545797131975073,6.977567062992262,7.386321430953619,17.515668903878908,3.071439976561657,2.506843066966236,83.41459839209578,9,1
2,2022-01-13,MC,5.500254536538328,4.58183558217773,4.702253080198196,4.116379363317024,3.8775578141108973,4,2.1977362273300423,6.0440103353480445,5.151878342112886,17.362460340005935,4.575855838598956,5.090386474408916,28.265719468154447,9,0
2,2022-01-14,MC,2.8553425780853017,4.124536478692456,3.7637076627766004,3.937037281590188,18.422096485455896,3,3.359850550322789,5.319401816977124,5.100118979610446,14.80926873096853,7.5148877660363755,1.6243429004827443,45.452584547413416,12,0
2,2022-01-15,MC,2.924220253050437,3.6972414627647376,5.504229162948163,1.887038599441809,7.191819619307662,5,2.8856862049178416,4.34610428915699,6.487742801567348,13.947708190595465,2.903682071187633,1.1410528938755329,43.96758150164855,14,0
2,2022-01-16,MC,5.064986283054497,2.6501914446365724,5.528289775106552,5.3485027942872385,18.211308104968207,5,3.6995776324682694,0.5004305859666329,4.91339261990407,15.459613911757344,1.5506964484590182,7.064036154121044,37.439799160831946,10,0
2,2022-01-17,MC,5.3235183644084785,6.0,3.141954801391898,1.9970492398747646,17.418875956714196,3,3.2543228857047932,0.7841182492963159,3.689203277939202,9.866713629459532,5.33227049210657,6.005533963998312,64.2604540888065,10,1
2,2022-01-18,MC,4.086524909878389,4.050377418807994,5.124266965490815,2.5962254931932214,10.965457596898698,3,3.274084436732249,2.4377887674984944,3.914821574764826,13.533119706717326,7.0175803953328035,7.616352898979617,40.976937154331935,13,0
2,2022-01-19,MC,5.183764026269848,4.586873352656768,3.5815420336953037,1.584899646773609,17.936996663606525,5,2.38810729229043,5.876935347717042,5.356892586554391,14.452999070916878,4.014061218117079,7.699782612535169,58.63244229779258,12,0
2,2022-01-20,MC,4.075758210026868,5.774820820950552,5.528289775106552,4.209385727145467,14.600610807691988,4,2.504606183617203,5.2202178291270505,4.88334904520563,9.193846064243159,4.200892976217171,7.214639826759517,54.18521585747249,14,1
2,2022-01-21,MC,3.679417975042543,5.9821760192108915,4.02959606331055,2.7109201047755245,12.569635472730038,5,3.2142280932613025,2.0343659581605307,6.088756999101901,14.420371301390842,3.188478453954976,2.45338953819251,58.49838239576613,13,1
2,2022-01-22,MC,4.909570964652298,4.749043183825363,3.5968419784208767,3.57097471539613,11.034218743284367,6,2.7442326876047223,2.0716092077685793,5.36576190397414,13.751390174798576,6.133801702884113,6.162109644757687,22.93210001939726,11,0
2,2022-01-23,MC,3.991779709772527,5.06379177246657,3.9748218852888835,3.126568475121684,13.501405763982044,5,2.3852669083464937,2.3308994042029916,4.240301271729037,16.082340603003647,4.364058674294025,9.54986111888587,31.58599720663975,10,0
2,2022-01-24,MC,5.2602367455751065,6.0,1.5959761054666362,3.6880053572094997,22.54319188944273,8,3.782490128892301,5.242864616305253,6.716736815056079,19.05285516995418,3.018049316650359,6.46782879086988,71.75830884061365,10,1
2,2022-01-25,MC,6.0,6.0,5.012550476242214,2.6278484967644014,8.982788989485961,6,3.2973972268026177,3.8419152375569814,5.067145746102367,17.67763894358908,2.256734092554954,8.459193219252807,64.21079868529043,13,1
2,2022-01-26,MC,6.0,2.498009187291547,4.998507784259679,1.745569362210904,18.170671639677064,5,3.7888280595330768,1.8046272724343115,5.141407259301201,17.171027052868006,1.7993210834556654,6.695990593895331,39.28764381919028,8,0
2,2022-01-27,MC,3.528516415782966,3.0624154594478608,3.328289489634186,1.5938271326404538,19.361183617332426,4,3.769141721473891,6.442984423526148,5.59561503969115,7.843833129703683,6.760655124109096,2.1701725553904443,108.42425714348428,7,1
2,2022-01-28,MC,6.0,3.5934170735602793,0.906737990484141,4.91030608143501,6.115920759543567,4,1.7802714142207807,4.592909855442633,3.3062352739571983,19.090221915857164,4.350364210187078,4.825912085845238,46.06928342587794,12,0
2,2022-01-29,MC,4.620416910358841,5.94798717661046,3.784354572529863,3.245354192020945,10.919226367230534,6,1.4935254795987458,4.377334112666006,4.220599619214399,10.577201743074932,4.197726205330632,1.8994139350549948,93.53311361920125,13,1
2,2022-01-30,MC,5.249197840067372,5.786330422282649,2.8075016646065674,4.702980452032248,12.585973696014282,5,1.617869474327153,6.615794819406429,4.1839724384025665,16.242097044943687,4.094343028319413,4.237620635873071,30.73449532672892,14,0
2,2022-01-31,MC,6.0,6.0,3.960053413755121,5.977799389102037,10.515534180615228,5,1.3954219287105725,5.299622728769541,6.026832070309488,17.782484493157593,2.885005254543226,3.0764232082497593,42.7743527365677,11,0
2,2022-02-01,MC,2.54116450262913,3.979831885772513,3.0296801537658,2.195978554313027,11.436031763615173,4,2.6686234714083326,6.245866653271805,5.653074313672991,8.845567230024988,3.0912887934328586,5.9755298176041425,51.66005603469892,9,0
2,2022-02-02,MC,2.2572938967260097,5.326614693790507,5.528289775106552,2.0278660560157675,5.525628365561362,5,3.3783949912979843,5.274840525201653,4.914770558329073,8.543483689924829,2.45619386271111,2.26338337201035,43.40892432924311,6,0
2,2022-02-03,MC,4.429747302634852,1.8770830625702422,4.466582251562842,1.502213664153889,11.43905319041382,5,4.057930674595571,3.3855158490486867,4.660314373261508,11.415829740806323,2.0675179631643896,7.7351688437476165,45.00804822581063,14,0
2,2022-02-04,MC,5.359865853254444,4.410222505191262,5.415264916071504,2.9882233717467077,26.001241377187434,6,2.7582777413524657,4.735315507190994,4.842896185649731,16.956952094099893,4.060449450942805,5.8355397922329555,33.22275960498514,12,0
2,2022-02-05,MC,4.7158769330487385,3.861342370331342,4.554727650713915,3.1916833938158673,14.941153826735416,4,3.8330139970484227,10.237683625686422,6.8642195585297054,15.271005741161597,7.571368792862446,4.472788849042887,32.72748791958034,10,0
2,2022-02-06,MC,4.0330917415386125,5.105148553133865,1.590647658391563,3.7799028051592307,10.554243558540495,4,1.9303470084271181,3.3594733561945267,3.1503104559157675,17.67148991996135,1.668281644821283,5.856197074164261,65.14013659455136,14,1
2,2022-02-07,MC,5.92637118891478,3.4572675205974064,4.058803446401625,1.5977705542472078,20.52195710780654,5,4.929959043578393,5.418691946880344,5.124397251196707,13.444561427008328,1.849854072345841,8.020585082236675,53.01022698418358,9,0
2,2022-02-08,MC,1.1817135730482067,5.38562817976309,3.547379093591469,1.452367434647246,14.436931736978138,4,2.8062938401294746,3.875029116256338,5.29112430726864,17.811792314836204,3.6640416360729713,5.165993498542301,60.654789353815396,11,0
2,2022-02-09,MC,4.620251430155882,4.4793024354887,4.484329344211094,4.449503396962384,12.855875529064614,3,2.464280310658863,8.295251639313543,6.838143727514616,11.699949115325765,3.527141995750646,2.992581447466556,54.32672173749994,7,0
2,2022-02-10,MC,5.342193843167303,1.1769892931940404,2.6186948943671573,4.059735507815211,8.308254462536322,4,4.001947810305616,7.366766274447308,7.633108559168905,11.610464066116021,4.902378568446478,3.9668431178126577,77.05443810479679,9,0
2,2022-02-11,MC,5.08725179099463,6.0,3.785180324664306,3.573980688328291,13.004459923868872,6,3.046839966619976,3.9071111486064187,6.778013098408227,16.74753229823926,7.489376066048439,8.679308370744835,57.2999259023992,11,1
2,2022-02-12,MC,4.090759299737601,4.290916062310021,4.858018822201489,3.865080424500726,15.066049993914348,5,3.265801091371064,9.169873387682141,5.0930570765532845,15.177813351423536,2.9740073539877234,9.812241370874743,41.59174470533223,11,0
2,2022-02-13,MC,4.800887990849982,6.0,2.213258025362416,3.4589525511148698,14.176547549375151,5,2.384982340300465,6.263822213412071,5.455381839594656,17.517981921747683,4.954025856819043,2.4059435415354034,99.40029597019604,4,1
2,2022-02-14,MC,5.016181667837714,4.116408443102776,5.52759380040569,2.8368577201220595,13.129245712250619,5,1.8481839693687352,6.237415189320787,7.127165716495661,15.01820471283685,5.470687363104918,5.56462437641439,11.371929492320128,9,0
2,2022-02-15,MC,6.0,2.8164387870563683,4.612249478029511,3.6138213758618565,9.689255201452928,6,1.9659268287892402,4.632369614935308,3.5679068604241304,11.453819482529866,1.7580870232913668,5.708399171607406,62.57804714387156,13,1
2,2022-02-16,MC,3.7167075531708873,3.8476494993958252,4.88449496825501,2.130844120192722,16.739265087333273,5,1.429736016568316,5.32876343344796,4.715205695412202,17.767882581238165,3.258768962808313,5.997699088596957,35.08056394526181,14,0
2,2022-02-17,MC,3.682555458012238,4.084183562331113,4.552220795861812,3.199389803747035,15.577014690773726,4,3.2708484017899933,6.283971344694457,5.386157931839702,17.005176020540425,9.376264546688521,2.8903516146059225,14.215464581788318,11,0
2,2022-02-18,MC,5.069748182115011,4.457477513546129,2.788761153428216,3.757061742734857,21.986046642950598,5,5.069016651647213,3.6985699662034204,4.17611812493146,18.733974102858365,3.75338429151661,5.0391466272477325,103.64918025233827,12,1
2,2022-02-19,MC,3.3979126854593087,1.8481687568740612,5.528289775106552,3.3474740783382604,21.146001067114952,2,3.5486564657859665,3.5682331830018077,5.198047995131128,16.37962262201567,5.377773792911872,9.812241370874743,55.24097035936829,9,0
2,2022-02-20,MC,6.0,3.719239943644186,2.1292774044436724,1.709259775200418,17.910426385167902,5,4.067854516638302,6.480428638280693,7.285052870076747,13.589081357707265,7.571940154422779,2.5139241254211484,50.27330385019624,4,0
2,2022-02-21,MC,5.6485353494615325,4.927792057549652,4.250983459197642,4.065685489179139,20.52486951490801,5,0.7341068624582288,5.155074676230427,6.309659849981162,10.94022743026128,2.2206777958848374,4.4247108820356305,27.855024635366714,5,0
2,2022-02-22,MC,4.013156386173594,4.920025545533973,3.527549952848433,4.930351968886727,15.502701813000625,4,3.3555814378532225,5.128427092681151,5.938630074455337,15.905726672379046,1.6972457564614123,7.995714183328847,36.859593396448666,10,0
2,2022-02-23,MC,1.7488488067028478,4.490371843299211,5.528289775106552,6.0,13.133764686531896,5,4.248224730165952,4.0597131343934105,5.355905316365839,18.705679177664848,2.9171767727363407,5.387739383822565,40.9047807352792,8,0
2,2022-02-24,MC,5.474705307058158,4.8584297561484595,4.8736547559019,2.996403824208574,9.70320027862624,4,2.0831757332261818,4.919553106291978,4.623905588854378,15.457937203560999,2.991627400231691,5.015259740715819,43.105410331192374,14,0
2,2022-02-25,MC,3.6239113623828914,4.552570619631893,5.528289775106552,2.7231497730410714,14.515097843971292,6,3.015726924183707,2.2269001867113967,4.3859285017635194,15.989814114037637,2.30079798696549,8.457846830911933,56.5764713746967,11,1
2,2022-02-26,MC,5.30914219970318,4.189400437498079,3.4589346614372944,1.946871680436271,21.905552490768965,7,1.0964870972947682,4.062816510439187,3.8891737975522656,16.761981878201205,8.22323930359592,4.585999794438141,77.144694713814,10,1
2,2022-02-27,MC,2.8889880852848964,6.0,5.528289775106552,3.601573637415205,13.139633988361158,5,3.672293885907451,4.829160245372386,5.171484696493791,14.677368220290093,2.773818089380645,8.563355296815253,56.69657965934924,13,1
2,2022-02-28,MC,3.8972403508947355,5.059643100703518,5.38554972708823,3.3122927788915155,12.846156383491678,7,2.3536463372250647,2.6447237072960315,3.2611261552571893,15.361334881376187,5.196148215500634,2.93523427861233,20.649644080746008,10,0
2,2022-03-01,MC,6.0,4.182636364099832,3.983175641137718,3.672914522073246,8.64477831479753,4,1.4520551914902189,1.3133128661037619,6.12941746989664,16.60942217310593,3.7821030116123544,3.393788067122118,27.251398521744164,12,0
2,2022-03-02,MC,3.2564672747532386,4.160276908153323,4.710166248832435,5.0202080891552425,1.6443519004395917,6,2.120692847702625,4.965214168135494,3.305932358770635,11.010934564901296,3.5339064765236947,7.395231898803579,64.52946113483203,13,1
2,2022-03-03,MC,5.1769360586138475,5.897979904440314,3.7838525385355175,3.147075383930248,10.801723767237112,4,2.7496170258187163,7.913991132399333,4.679791294524433,18.623827237668387,0.9470956311686178,3.3427001016071247,54.142441585281176,14,0
2,2022-03-04,MC,6.0,6.0,2.4652174938266036,2.3323488406230295,17.986832901527954,5,2.3419994070603325,5.533262975429793,5.335911141217255,14.739853291984067,5.516793034400219,8.28124303378321,34.400117436471845,14,0
2,2022-03-05,MC,5.497662844453581,6.0,2.6389009575314044,2.6980669357353144,16.658064621598584,4,3.144644448434094,8.077555828905785,6.158898955851151,18.328912655717392,4.499666163379322,5.373022293120493,63.96598549170397,6,0
2,2022-03-06,MC,5.305983228755583,2.721882080288916,4.448141328200155,1.452367434647246,10.354098533807099,4,2.313596804073227,3.1568997565654557,5.635814403061407,14.35283919057265,8.55189929141055,8.818937051776981,11.063458599422244,11,0
2,2022-03-07,MC,3.3525577222407317,4.353650116799655,2.1758396650965275,1.9194708516864785,14.030967522652029,5,2.84893060987991,2.3555327559753945,4.749822187021608,12.24802961099069,1.4901192004144246,6.1534419933922,35.917352905641685,11,0
2,2022-03-08,MC,3.901553899416939,6.0,5.234034805209747,4.083298816747752,15.623261283720371,5,2.7756942209860713,2.0190285896909845,6.542165946157334,14.660847546862108,2.3413724593824607,7.1105658177789,92.1253144798529,13,1
2,2022-03-09,MC,3.741339954365352,4.520544050537993,3.5101769748884433,1.9703532173795426,18.59162631915247,8,4.6205173328809845,5.09241874679196,7.3377550225997625,16.44375467494216,5.989630259623096,5.679616994972876,51.888341652159944,8,0
2,2022-03-10,MC,4.113802440224073,5.708379507283014,5.528289775106552,4.092885620118931,20.407890765289434,6,2.231609200463927,4.0938571490539495,4.273533024690338,18.740568217903736,1.7213869695017436,6.520065995616311,16.354981994735407,14,0
2,2022-03-11,MC,6.0,5.18837053012001,5.362250219764681,4.124891240385824,21.54598374842726,6,2.7756329000054953,7.2720192419716625,3.987743622852975,16.97678028605606,6.2116547128711,5.037804024323382,47.262351258873565,14,0
2,2022-03-12,MC,4.365940430808617,5.927868189939378,2.780891725536881,2.4902772126733925,10.432062160762836,4,2.2570395912709067,4.679908148821401,3.8234003650236317,16.75523235194246,6.600039979904551,2.4929808753313067,46.89155007897457,10,0
2,2022-03-13,MC,6.0,6.0,4.905762550830526,3.7382582359212386,16.40336162385003,4,2.9380827773982396,6.2051714092218795,6.463013396992127,14.864923266229338,5.325613989159822,4.240171369664351,49.16930268008223,12,0
2,2022-03-14,MC,4.032499489078124,5.8581833485199635,5.528289775106552,4.012401505483244,23.292183263490777,5,4.075704922222838,3.416124307967636,4.908304951505915,14.476649042624823,4.482899148890497,6.743143636230457,51.74280216060529,8,1
2,2022-03-15,MC,5.206974886197787,3.3293080989951216,5.014640923438696,5.52935191856796,8.3622859379575,4,4.142674434914524,4.630586227047574,4.433451519718078,12.561485919919525,4.771936789552935,4.75946938978515,63.23450833915973,3,1
2,2022-03-16,MC,4.35369828323285,3.696042108718791,4.1375461562274145,3.672268418969376,16.77919268093304,5,2.406792233323723,4.014254034247573,6.360735869370652,18.36946150865284,1.7981192595789395,1.6907209045653009,46.42989938947316,10,0
2,2022-03-17,MC,4.535807431545791,5.677409339662712,5.25315893168427,5.15604465678487,10.381776249852528,4,3.3208958977390175,6.03660760096274,5.335480151482032,16.16065334975921,4.890175912912271,5.812637477519961,19.26853876813708,11,0
2,2022-03-18,MC,3.306725399808633,5.521690313445062,4.86981125674246,3.178433094753715,4.968735957651836,5,3.7400836452878528,3.133191215290121,4.128654945849793,12.21000144129507,1.9741766031952368,4.4929806774340735,28.421326171416872,13,0
2,2022-03-19,MC,6.0,6.0,5.000110515545698,3.1343299403246654,13.104785344472402,6,2.048490601950734,6.86228693675318,4.763400733092472,13.927159089057668,5.450878219537145,4.812560267598991,90.60535347927936,13,1
2,2022-03-20,MC,3.097208252261997,2.4312874108615192,3.0030002393466697,1.452367434647246,26.001241377187434,4,3.2552079088348416,7.532312624883705,5.390047396179515,17.526762055684525,5.762027081408589,7.109155493270155,73.92974908571149,9,0
2,2022-03-21,MC,4.985343136959221,6.0,2.661633263822654,3.9354785660973373,18.229112259842612,7,4.351767363202484,6.1237494189635875,4.916403027558407,15.796550853772708,4.618290077685249,2.0295936006802435,74.71357326329331,13,1
2,2022-03-22,MC,4.825632182173933,4.712699109112472,5.329671126506856,4.873127853399096,16.805062177278398,3,3.288743372308658,4.756193793270911,3.6463789263211286,15.813908973498986,5.04122995858665,7.737080489610041,43.39857503792141,12,0
2,2022-03-23,MC,3.7041474318895817,5.098689571359612,1.7148725842200268,2.96644393965579,22.579250290515784,3,3.148803955209847,8.676146890344162,5.136525200640317,14.811723163797794,4.919388227915905,2.8487382806794126,48.288201591061615,6,0
2,2022-03-24,MC,5.369036556329717,3.2095438573569437,4.270489508938472,3.7638059181787105,24.151609133256795,5,3.855016974793487,5.7534214589652715,4.816413478724324,14.157698145398758,4.7957064204540885,7.088676936391426,29.440197104119797,14,0
2,2022-03-25,MC,3.6815763574382387,5.664403341723094,3.240772480176226,3.3281993778972985,4.41765669987359,5,2.369753464694454,0.592908683652021,3.451242221497353,17.995058677381184,6.066202581015803,6.202210408554075,42.28156103353219,14,1
2,2022-03-26,MC,6.0,2.8364722892766236,4.491899350999904,4.250578102660898,19.973283363820673,5,3.629155593685085,4.086714288750405,2.4397635857798456,17.752947973256802,4.642176137280226,6.8162809189842966,68.4420413637338,13,1
2,2022-03-27,MC,3.3595375950059205,5.9441294763747266,1.5046403076386845,2.8411172151008968,11.010584861263114,5,2.9288664039473957,5.298850414096061,6.884151662428964,12.297680985061955,5.441314682628289,4.573721322858539,51.831112058681256,7,0
2,2022-03-28,MC,3.3880061927197658,4.275386170291158,2.1418421212820236,1.503460130401752,13.380137715891035,3,2.2734884493752445,4.197448998864726,5.593872572575877,10.807055437691815,4.589390469588296,7.262216824601321,74.11700422474418,4,0
2,2022-03-29,MC,5.655175761837905,0.0,5.331644956831083,4.862869599601112,15.72397342061054,5,3.324399810036885,4.558497198558458,4.76504345248763,17.92615380872367,5.362717440393706,9.374656586967989,56.92144806154747,11,0
2,2022-03-30,MC,5.634715909188038,4.021860840275032,0.3399430580894376,3.0926230683146354,14.13450876073132,6,1.666461192571158,4.159444561873791,4.609799202629341,14.993481234651039,5.469144602573735,7.107996072881784,73.20838213105725,11,1
2,2022-03-31,MC,3.87372273833126,6.0,1.7859132467999368,3.7000578065787826,21.909606360842325,4,3.2480479646824305,4.0259701871961875,3.7523947317291673,16.166010096639102,5.0242126150730915,3.020399824745639,55.69263026411849,8,1
2,2022-04-01,MC,5.054559267949223,6.0,3.8817216032804582,4.146633816182848,9.561997972836721,2,1.2914855633798388,3.856867755768137,4.56291846310499,15.33880293667952,5.267493443452159,2.375978731938642,33.417789045017855,7,0
2,2022-04-02,MC,3.562165679016551,2.2646648822823,4.592217085742089,1.452367434647246,26.001241377187434,4,2.313979131666166,2.453844595996025,5.790515923087848,11.579641265050071,4.663732010029784,6.92078339439765,39.09563268737375,14,0
2,2022-04-03,MC,3.040075494535221,5.081805299689561,4.976756643449005,3.7790749747813495,9.60319347788391,4,2.7743512873603278,6.38073619515175,2.521259793921804,11.984704199087817,0.6955699627175651,4.999762168060595,61.63296650056415,10,1
2,2022-04-04,MC,4.139898545706125,6.0,1.7923795381118168,3.034826613993316,25.297303298477566,3,2.81536030098114,5.34325156453487,3.851479024570602,17.020334487436262,5.512597147456379,7.173324957142679,41.55447215209933,14,0
2,2022-04-05,MC,3.323783158229692,5.248952526303716,3.8137789867515135,1.6653482206776835,11.446371951259588,5,1.8358499966932431,1.8254726004134645,6.671023388597857,16.22093793340599,0.6955699627175651,2.907401603022954,68.76493204918823,9,1
2,2022-04-06,MC,4.482889903484776,6.0,5.528289775106552,1.452367434647246,12.05168391514009,5,3.21573025333274,0.6869458665525204,5.885955247812821,13.230281122943518,3.281458090002073,3.0942050859109353,48.770589931130175,14,1
2,2022-04-07,MC,3.6307349766576733,6.0,3.7266627939105197,2.136438092164676,13.839244090411205,4,1.4889184012642507,3.1087153664200695,5.580924708542886,10.451856639097635,8.616051950794741,4.065647454924968,18.89508143096127,14,0
2,2022-04-08,MC,4.616169344905369,2.998251211217865,2.289321490999785,2.407665780332005,19.40472246794398,3,2.566770633325993,6.126710956312715,3.747431666548028,16.82595851421643,7.747072092374708,5.940960808598553,47.91168100891655,14,0
2,2022-04-09,MC,3.7479410513216047,0.522731859383486,5.367338864872208,2.588411039380413,22.689271034531473,4,4.164331816300155,4.2276846595385225,4.41795382547713,15.320805552044355,3.732195911741008,9.812241370874743,21.31471987905575,9,0
2,2022-04-10,MC,5.451045311215747,4.405161032445164,2.647583989434591,2.41443806086982,26.001241377187434,5,3.1483681645345905,6.785226542186038,4.39721017478433,16.879665008456776,2.319348066205963,7.1290290468955035,31.211932393989862,8,0
2,2022-04-11,MC,4.4338759641304275,3.7948638738285303,3.328245549916318,3.376613431772858,20.270991011355967,5,2.084155288505259,4.021779478831578,6.937057929467016,17.735057767014094,4.100551249581619,5.025708367443342,29.5649324686431,10,0
2,2022-04-12,MC,6.0,5.574713098481053,2.8947099808898242,2.4058711714579513,21.3931857537218,5,3.7404574954317833,4.003045623762859,7.253948783708054,16.418247672842394,2.783764441134272,3.777330078062989,64.32999853247952,7,0
2,2022-04-13,MC,5.225984667187585,3.4332490238131377,3.308015263628681,3.2366556016191845,18.712916962765345,3,3.3836033023947065,3.2138438967966123,3.1356622386229365,16.287998509615434,2.8816786291418284,5.849580346472268,57.63915580176564,5,1
2,2022-04-14,MC,6.0,5.665223694340518,3.3595849355707794,3.557887928368813,13.16937084715147,6,0.83564537025863,6.145782163968878,5.606276072596721,14.413214815298085,3.0088249457078495,3.1772936311891353,46.96048185710073,13,0
2,2022-04-15,MC,3.9362808497528725,4.273145160951511,2.713026033642123,1.9462394436555361,12.246073828669306,5,3.0556144907800786,4.215608028781778,4.909303519543654,19.905016873792025,0.6955699627175651,5.4594453498606095,21.356244954252563,10,0
2,2022-04-16,MC,3.3979814793851464,4.767749038056981,5.296706548140701,3.3401330321130764,16.218080054045167,5,2.3747057812020547,6.113169035562543,4.356815439451221,12.372748389011353,2.7595379944002243,7.455792017821121,46.88446287566373,8,0
2,2022-04-17,MC,6.0,5.311169885791672,5.316521209256866,1.5563807439219701,17.12066674149445,2,2.4722933283203696,5.275569756170847,4.847601485941427,15.138013800067618,1.4337517686637864,4.959402680576388,50.18850596150475,14,0
2,2022-04-18,MC,5.897365415012997,6.0,1.454546937267574,5.279973634979269,19.14825689952735,6,1.7194466435528233,1.9489982600152669,4.057941307139261,14.418474709890782,4.723607659148887,2.605402365173866,65.50832259323246,13,1
2,2022-04-19,MC,6.0,1.7774596401527123,4.601059065639744,3.0786915089039475,24.738172673080925,8,3.021695912649932,1.1350897319287092,4.882297950153453,16.179501329087408,5.399434332397797,9.812241370874743,13.545577947837165,10,0
2,2022-04-20,MC,4.053424508854465,4.714225415790138,5.112823349461629,1.6930042130612843,15.012897090441466,5,2.1776143062581577,4.571640581883411,3.7535635719159584,15.742572553699594,0.6955699627175651,7.84649619080729,62.5593226204712,9,1
2,2022-04-21,MC,4.686860141839223,3.599543607477591,5.159430175676803,2.4775086767776484,18.800436517282947,4,2.114245038992708,6.858301263467187,4.8678472246838895,13.329384496389636,5.293355482932338,3.6869029570434075,45.525693620435504,9,0
2,2022-04-22,MC,2.7587514395871695,3.743577954958286,5.528289775106552,4.076919396791028,20.91446090869495,6,2.466060018419995,1.3719280576957147,6.1103959102691565,17.531359952688344,3.371852046517556,4.909531511033183,19.916248342042554,11,0
2,2022-04-23,MC,3.6029262287266794,5.021338918606071,3.4431827917302105,3.3317718533408636,8.190060708467524,8,1.3820401836273415,3.8266426308322847,4.22735501596811,13.217649526857352,7.406511561205711,3.59254320087175,30.356190532948617,11,0
2,2022-04-24,MC,6.0,2.9101727959953223,4.216067527869861,3.8075490868507726,15.068600218844153,4,2.103222848320807,4.904277251707323,6.219672655570145,11.196159913735595,7.514539541534975,8.834369260842239,35.64397719147234,8,0
2,2022-04-25,MC,6.0,2.790349364715616,4.543883450627784,3.151637825214957,26.001241377187434,1,3.170899131521967,6.889325196018663,4.933708192576191,19.06273230212133,4.30891651028614,8.253651746627288,70.3718395216943,9,0
2,2022-04-26,MC,3.111872045546225,5.160727847883369,4.074329415912887,3.6700052189936336,10.78273993153373,6,2.87266323512931,6.848546900057995,4.82075295635973,17.49011675489556,4.884082196216353,6.204908966297398,77.44303844673057,14,1
2,2022-04-27,MC,5.928440809873411,4.179248536184209,4.150398015200281,2.0276565409219525,21.538715867832614,5,2.7943196288496917,3.951991692910493,3.6878555319970863,16.4035215845999,2.299930301084113,6.36247859217723,38.986803721480136,10,0
2,2022-04-28,MC,5.184323567346896,6.0,1.5372631004163637,1.7418935292843474,12.64527901413559,4,1.7292196613314725,6.541727527101099,6.802283881031278,15.934331971430456,2.4217705472289035,8.184365527247829,24.13614420002176,7,0
2,2022-04-29,MC,3.095357522154788,5.556397000480462,4.731897837645237,3.6966905645620027,22.954164161696752,5,3.4680535137641764,2.0043587207028675,5.272548678790646,16.493955241597067,4.577703662253277,1.8289857479194938,92.0785184224758,11,1
2,2022-04-30,MC,4.266398034575172,6.0,5.054337249924169,2.2613660812260754,17.405061600468905,7,0.27051917406230097,3.0137313752223918,5.187609038743306,14.72683859028054,1.3028607495467988,3.9892136938821405,57.69629199975436,14,1
2,2022-05-01,MC,6.0,3.065475181960138,3.961278225800906,2.8291106136621407,14.606399984992057,3,2.6522644923332668,4.371630288639709,4.825334953225911,18.06110608522852,2.3536934334875643,5.335153567772872,56.37758268610587,13,0
2,2022-05-02,MC,3.382119411803526,6.0,3.618040522294107,3.32304082667315,7.608460233222615,5,1.4688589671301997,2.8761375681684678,7.1280409964480675,11.56783641542492,2.408166736639509,3.86785464035504,37.02263356589032,12,0
2,2022-05-03,MC,4.575396349044305,3.5310350945969944,3.6288138929057334,1.452367434647246,16.37184418983432,5,2.784529322582595,3.460914775822116,6.762366860295749,8.608620715621903,3.376114551635603,5.754308932259735,10.0,3,0
2,2022-05-04,MC,4.564500025436242,2.52241969899654,3.318174597015233,5.802569843928405,10.002996459752362,4,2.7299103475920687,3.543262539854223,5.20767215705515,12.416252408105116,3.8555109649712116,6.15266751381488,58.94175708018806,9,1
2,2022-05-05,MC,1.694631687006892,6.0,1.398769242537766,3.4444746653477143,15.076389192914164,4,1.4304449043245409,5.674270159890423,4.506394727622745,13.40142231207996,4.996875525923593,3.0808115729475873,32.40389911363813,11,0
2,2022-05-06,MC,4.558260931686536,3.786263350305321,4.198933415383969,3.5138616623442562,6.9945391448831975,4,3.2571989868964835,4.907209831066684,4.230192610141866,15.186798595341196,4.197495705692144,6.567403723632653,57.080635080314664,14,0
2,2022-05-07,MC,3.6568642826342415,4.425107093879014,4.564886499108648,1.452367434647246,16.631218565308096,4,3.1020686449603625,2.9104707412462982,4.157591527001827,17.149488993143706,2.1224479807872463,6.159201411865593,25.091235302729647,12,0
2,2022-05-08,MC,4.820624276788017,3.639738244800829,5.495180831228504,4.0461655730855455,13.859309652216309,5,3.960469882394942,1.6237880484612672,5.440766861022522,12.374706709633383,4.606788316260055,8.117558837136626,24.591135662243353,10,0
2,2022-05-09,MC,5.803665606025712,5.601170868667252,3.418543106962783,3.303455042836579,18.437423179823828,3,2.0566883393604205,6.574853307675171,5.352592745327223,17.774342557715535,0.6955699627175651,1.1387524810016973,83.43127859362163,12,1
2,2022-05-10,MC,5.051272150746897,2.4452241538193062,4.681781224781025,2.749183216432131,19.366258617029327,7,3.3069154613566516,3.4774757678716237,3.7126978274757896,19.982799409259062,2.3357492956720294,5.028863807524186,13.561517318780153,13,0
2,2022-05-11,MC,3.284031224230699,4.957383484977486,3.379611664402181,1.9998771084035771,13.310740687188138,3,3.627238005568988,3.7603046854076823,5.503707773502435,17.469710886652,2.585778348949598,2.6677654416700185,20.4157211537727,13,0
2,2022-05-12,MC,4.040693019885845,2.918731116537957,5.528289775106552,4.887656329666643,15.94951332777443,6,2.385640378426022,3.3454163655288065,5.134137685446249,18.69463366966652,8.221026812756469,3.642031674471805,25.881724709936798,13,0
2,2022-05-13,MC,5.972715991304833,6.0,4.9462058244930835,2.376447221024434,14.79638833065953,5,3.479725950867265,6.561756130730649,5.433537648491954,15.19327320791724,1.9953831118066523,0.06695124508809469,78.23304791787585,7,1
2,2022-05-14,MC,3.8328191637429696,6.0,4.506339287277031,2.7852465598462146,21.1073438979757,5,3.777142591249093,8.190685563141928,4.150035983715068,7.50109227391339,0.7070832823005277,4.692526784288636,65.3165160007465,10,0
2,2022-05-15,MC,2.815661420026773,4.89363625896439,4.718872272945588,3.3278016698845976,12.01024044052633,4,3.762504683054011,4.788817937886933,6.039182549550935,13.375949531778245,1.7032027236346967,6.761414346971464,53.569912908294974,14,0
2,2022-05-16,MC,4.148592193068572,6.0,0.3399430580894376,3.0879874455728356,17.731101558381816,4,2.3378559760995516,7.893241136071619,4.832314933781593,17.260592948549316,3.417757327040632,4.674877992970737,16.05312695445735,6,0
2,2022-05-17,MC,4.739708965205161,4.274496967411566,2.5776306174869443,3.030860143520932,11.580377189209722,6,2.1482409104240716,4.887276171704626,5.658845979564008,11.55080857818056,4.6689931329971595,2.5010011805813166,53.78604329831977,10,0
2,2022-05-18,MC,6.0,6.0,3.737724323740842,1.452367434647246,8.073408638379838,5,1.6763081599553957,3.8552679316601983,3.3023380359937993,11.167118802939084,2.2614882393688727,5.857283283610635,79.85840436263369,10,1
2,2022-05-19,MC,4.852192547554662,4.726193925234219,4.093333241711433,3.014695563333797,14.987052467113042,5,1.7704611651632018,0.9792525680752364,4.747919605740202,12.401254737377332,4.632808783119347,5.406662070076438,23.13034383314425,13,0
2,2022-05-20,MC,4.737846417550049,3.977571058630702,3.0163043049385507,4.289001015990455,24.189669504062703,6,2.366437411879913,2.187717561453647,2.0084715750915167,17.823974566718743,3.73173151526124,5.5383801676075155,75.90491659129722,11,1
2,2022-05-21,MC,4.884843896137586,4.436017316947805,3.712632424243962,2.5748582849770925,14.54990061593035,2,0.994886391378947,5.061921690863768,4.239648065388011,10.96951585148369,4.353668640780635,2.099199115983509,25.20595277707762,14,0
2,2022-05-22,MC,6.0,6.0,1.9597065287390398,4.940691859966638,22.070749334270005,7,1.6917878491179876,3.8812906953550796,3.74262995198098,17.375714364630447,4.129609880683342,8.465108396684718,30.19408152408826,12,0
2,2022-05-23,MC,6.0,6.0,1.6641628757663747,4.272231473723714,9.812140965805694,6,3.4353680742272426,5.073005004588008,6.305859734398451,14.420680777998452,2.451856798928758,6.627092993691098,70.69065973511519,4,1
2,2022-05-24,MC,4.313122765312731,2.387677542870864,4.359753898561301,2.250074775302065,16.44285220247393,5,2.6132398323185413,3.0994472392718713,3.229951931743747,13.598433427790033,3.0416515046274,3.7068517733216892,85.04681442609203,10,1
2,2022-05-25,MC,5.778562199581511,5.817648386358828,5.514188987210158,4.602624511343959,11.761803005472276,3,4.075279961091141,3.0322073450674916,3.719306742226604,16.479594006723595,1.1326189367650734,8.453949711119488,69.9608205885123,10,1
2,2022-05-26,MC,6.0,3.8645743596867286,5.206742118767326,4.219070709192033,17.298001079956208,6,2.8730085262232024,5.086268002651033,3.1555265190712567,14.745003298536709,1.7619083987612436,7.6397363635491,64.71309120396374,12,1
2,2022-05-27,MC,5.649399191169101,1.4679215752744996,5.528289775106552,4.174075067187979,7.737454496937807,4,2.300713532695409,4.186780606732549,6.78411101400396,12.604076755640536,4.698014006745489,4.541591823328686,35.522388192874246,10,0
2,2022-05-28,MC,5.591783539528846,1.887668745318238,5.036771409553886,4.049140165727652,19.877361076045275,5,2.294959671105602,1.922833054249307,3.326464672901151,12.146025692963825,7.402301011139885,9.812241370874743,69.69609173360911,5,1
2,2022-05-29,MC,5.987366739315142,3.019384994045378,3.589205716307455,1.452367434647246,14.787434905889539,5,4.13263301369491,6.515069547837561,5.47279566906986,14.27113690504645,5.794761631115584,7.024035765635424,49.443750450386894,11,0
2,2022-05-30,MC,5.324893810485684,1.9488882120263478,2.9730621226815273,4.713756280841605,24.87684857596866,8,2.5258566774756828,6.467385064262985,4.633427550764148,17.314660724281786,6.868863179576888,3.289935993441837,10.0,14,0
2,2022-05-31,MC,4.733756795100045,4.694922806768176,4.277897888842594,3.169879823372762,18.30996950786953,4,4.471997021923206,3.395816051632589,5.356527873479082,18.495734343945312,5.55284827908137,8.723693719914607,44.46806225836887,9,0
2,2022-06-01,MC,4.82845795844458,1.8326369213837712,4.166753551927655,5.219875599414776,12.101120530650793,5,2.1211360064331424,4.406980753980555,1.4677107102944031,15.345302288077217,2.379561482429169,9.812241370874743,40.696315380750676,14,1
2,2022-06-02,MC,6.0,2.2865587380541585,3.3258055407829867,3.6047110741740602,11.870076359549941,5,2.545293469570032,6.737995488562707,6.366966316787046,12.935316421089402,2.9735832964997777,5.988874592476579,17.630610822887355,9,0
2,2022-06-03,MC,6.0,2.9622397187263787,4.392152089792959,3.5692182498207132,19.337484386504794,6,2.9647498815678,7.7500966979824275,4.289179887330317,17.565415963796337,5.689574712980473,4.084848312184531,21.685063497716808,8,0
2,2022-06-04,MC,4.179594731039183,4.776647136146039,4.5287778445016915,4.261704686683689,19.866552152772144,3,2.001881836887394,4.36196949356108,5.697958519509527,17.888885656656694,5.513835309438289,4.450688133562409,28.716287123242125,4,0
2,2022-06-05,MC,5.372343814100289,1.4274123914287484,4.020849965561472,1.452367434647246,10.401711281205056,4,3.2941645357903235,4.018200528306254,6.411523284116784,12.253093830244556,5.527680487981996,4.106792783099606,81.64390025076196,10,0
2,2022-06-06,MC,4.206232935539768,4.1490964215184265,4.868365483655033,1.901040006063643,15.375918437650135,2,2.6937102229060588,4.634163987914157,6.359401239112675,16.868654444515595,6.041655870546403,8.72766672106143,49.88423574065875,6,0
2,2022-06-07,MC,3.4905067330182806,3.8178676315132067,4.776111377573358,3.4374207841888023,21.782731178996734,5,1.6780970927157437,3.2099553322105203,3.154264283192841,17.183888577356562,6.950088078086945,4.197178585059401,13.799347668199406,14,0
2,2022-06-08,MC,5.715681075633469,5.498851049015082,4.662388635123119,1.452367434647246,15.164075355899548,6,2.2637348905952073,5.008530356616518,5.063048507496444,12.108096960405252,2.5880757547108777,8.085052269342585,60.32135827860209,11,1
2,2022-06-09,MC,4.270316945967017,5.950004445058956,2.820101018840332,2.6864662641635397,16.95271522975129,5,3.3653140359806213,4.106253791978426,6.734699855260829,17.405325490770228,2.740206494216997,2.808786053319783,83.04413598854683,1,1
2,2022-06-10,MC,3.430197468451167,4.049279994260802,5.048771950752694,1.452367434647246,21.44771335044751,3,3.6487230278131015,5.602273296692532,5.409019017281776,16.876689571804384,2.8647020563481607,2.4292083399339153,47.494816006957095,10,0
2,2022-06-11,MC,5.03130990536298,4.290235965043315,2.796463111797058,5.315298267104663,7.088857254834604,5,1.9446771267861094,4.091946295054748,5.786280486016483,13.019863613905448,9.277188698142767,3.7339848062773138,65.79956422589876,11,1
2,2022-06-12,MC,4.707461010653578,5.585041193839422,4.920768597054209,3.721292780297131,22.848187734194287,6,3.6798529089176037,6.944607030298064,5.505936598599509,17.76070964798066,2.5950980856336154,1.6453393154766944,49.45840794470208,13,0
2,2022-06-13,MC,4.06962592884719,4.283082785560315,4.077697690587266,4.658717307451146,8.236615339908177,6,2.7071648305234834,5.7649928578875045,5.074296205680542,17.243979779567287,2.1888967654486216,4.449605160309368,80.84464397941747,9,1
2,2022-06-14,MC,5.020446739925822,3.807441489707898,2.671734758018476,4.085500174574126,21.17929599768724,3,3.769821179966503,6.346288917516674,3.669438660588018,12.503442308166942,0.7425391165094317,5.741253175251917,54.44110370601312,4,0
2,2022-06-15,MC,4.615685493974139,2.3294398371237897,4.668903401883287,3.485774223614349,18.269857355262786,5,2.785036240579735,3.248018292226523,4.477296305960185,15.005285627928846,1.7287705766239032,9.812241370874743,40.950242224522405,9,0
2,2022-06-16,MC,4.984086179320022,5.0236061596364046,3.7620971354752175,5.032479565667655,18.65037804330913,4,2.8392540130302537,4.715284311320083,5.315674053447499,17.04266668546467,1.6320685285147225,7.57532589630281,26.578705656051035,9,0
2,2022-06-17,MC,6.0,3.997555584378477,1.7509824698200422,2.6819001496522628,3.6858783621396434,5,2.160029018145713,6.050898724257596,5.531003562408003,16.50755572999889,3.101331906994805,0.27752273078371026,90.71731249313227,11,1
2,2022-06-18,MC,4.593057829120453,3.504039146721581,0.3399430580894376,2.192315776688835,15.562278386058216,3,1.6986840764915199,5.368403618104866,6.988274842576176,11.473364006997942,4.110891323488018,5.149437227364316,78.8580040716027,2,0
2,2022-06-19,MC,3.4622920362834497,5.695269864064688,4.5018163002116385,1.5510469776316351,18.729145993722916,5,2.704521778600755,0.8789767742945763,4.471175311074812,14.128044043311945,6.288758217957465,2.216479049486778,20.235131930671272,14,0
2,2022-06-20,MC,5.446394478284734,6.0,4.890439227311054,1.452367434647246,4.737601870347652,3,2.178155181187775,5.148527829577735,5.503114253851705,14.358820309195751,4.818874100770839,7.269573552953926,65.67319298320783,12,1
2,2022-06-21,MC,3.5727775835257787,5.004629549897398,4.221901624249801,2.719251009572062,14.694553140160263,5,4.041143860167773,6.145369153910416,4.02945875378948,12.887653295116262,3.5726699831598583,7.845584140409776,98.97102039380073,13,1
2,2022-06-22,MC,6.0,5.622049058714914,5.528289775106552,1.452367434647246,10.616542837694219,5,2.765559431330707,2.4404220197954327,5.340893019314884,17.73100137111471,1.0193683831443767,7.739010527293347,42.0901270023766,14,0
2,2022-06-23,MC,4.716078017441706,5.960757151666884,5.314914842165624,1.452367434647246,22.338451212312663,3,2.748999583396249,2.846474208407942,5.01154548417805,8.416499154322294,5.330009088250239,3.9715877676763216,22.135454778981824,13,0
2,2022-06-24,MC,4.787888497467294,4.884738675222208,2.9406098901131967,1.4531503972813842,15.492404650904083,5,2.910007100874911,5.012869601250534,6.025153055726865,10.83188402116498,1.6666988805727319,5.947284314302935,48.059433153863495,12,0
2,2022-06-25,MC,5.015478984652048,6.0,4.10304967100926,3.614856321505422,24.373493663988867,7,3.420410963901526,3.3805938433544735,6.980397132075593,14.096478363174343,5.311865758304439,7.933590290755275,43.68342107366004,14,0
2,2022-06-26,MC,3.8887875990641603,5.500286824165433,4.805278910098379,2.1618185903643528,15.771466811654589,5,2.6106152691108586,0.8735130568177603,4.767794541606842,16.60153786226048,3.3792126179241957,5.113554325028963,103.52700747583415,5,1
2,2022-06-27,MC,6.0,1.2827106447032761,3.4484005475873927,3.53654349054778,11.363169928215202,7,1.086828671050228,3.1147970257750934,2.6433583531787344,18.46006133583305,4.819199708492292,7.723016815936575,13.713754155688392,4,0
2,2022-06-28,MC,3.611742631815237,3.885300608333181,5.528289775106552,3.1749083206791777,16.318503912293547,4,4.191420360109884,7.758958679613981,5.789635134420223,15.595699339055555,5.780506036514988,6.033583621301053,22.466667318841125,13,0
2,2022-06-29,MC,1.5725924507366589,6.0,4.633814028637778,5.356102247123904,25.125602651081174,8,3.657526267218607,4.9075688806311755,5.985895195939178,17.822089052736892,4.400570027611501,8.410660330556045,46.64784495920104,6,0
2,2022-06-30,MC,5.492997663631842,3.4185804831084234,4.846813948505267,1.491456095005185,15.893296221702666,4,3.379136580470682,7.059921300129223,4.168268464776618,18.29862931312916,7.973415028858172,2.333702188951145,59.51336632657532,10,0
2,2022-07-01,MC,4.431919103071833,4.238966193811102,5.170118099992358,3.0440087264726694,18.740590554894226,2,1.3530188361544186,8.28906408405771,5.84812960042736,14.437721806925744,5.019570471677816,3.503851446032917,41.99416943023988,8,0
2,2022-07-02,MC,0.9601750170169918,5.967246253132872,5.2882603526548735,4.052135118034057,14.475414945342187,5,3.7846838595227057,5.642227541161754,6.514138026974159,12.260033980253693,3.9044718688717,7.83096276562374,57.67612328586989,10,0
2,2022-07-03,MC,1.9376535331482736,6.0,5.399475588403219,2.7393719750818093,21.689777470943945,6,3.3401852729322545,3.7164625234436883,7.239288065450924,18.513109964118005,2.3644882159559777,7.497291239484641,95.50340536354334,12,1
2,2022-07-04,MC,4.495358504369468,3.2588237917200624,5.1545234081049385,3.4385094424454326,13.922417322284394,4,2.0855625564327376,6.1882005509041615,6.159159363307548,17.04935201668908,8.536401553749693,5.774374647699043,37.69886904435575,7,0
2,2022-07-05,MC,4.894866940676104,3.5871674829529283,4.087175139641191,2.015571742723859,11.636241808437926,4,3.0807202020676807,3.9291612846786723,5.7188810691174625,17.515032396043953,6.524991147120493,1.5234979709139909,33.799761468943544,11,0
2,2022-07-06,MC,2.8122015746221676,4.922547902614907,4.711124774477941,1.452367434647246,21.265071099645606,5,2.4709243078658956,4.067632179729105,4.71309610477489,14.307792957365873,3.9971181827800386,3.3693030372117145,17.073329250040796,11,0
2,2022-07-07,MC,4.697876708654688,4.145700266246843,3.9969091837180404,3.783084066955043,23.60777167679495,4,3.9383487456576804,3.1506968918343485,5.739645964017455,13.725683713050712,5.752264729578608,8.72483566807314,61.51501344929822,12,1
2,2022-07-08,MC,4.129075484565966,4.344817392198563,5.5233182362295805,1.6453019389511818,12.924129185040112,4,2.5262108861779202,4.2485677109669515,5.136195782776284,9.044532736854578,6.207354740030827,4.850054014872068,46.41603412140392,14,0
2,2022-07-09,MC,4.751760983523348,6.0,3.751268626550017,4.020903171016159,7.433119233764914,4,1.5685300501844157,6.93493201480833,3.569186290293024,12.58183887577295,2.93162301206671,8.440857677343192,80.91253880593399,13,1
2,2022-07-10,MC,4.9471789047855665,0.843530504251218,5.329268749538253,4.0421254625381025,9.443119241148398,4,4.324619044835347,6.185962126243368,6.405806588501806,12.32248403047357,3.116880704966075,6.19627337163614,75.37899885320377,11,0
2,2022-07-11,MC,5.678031590676509,4.357592921394797,3.906696000121361,1.668094155929585,12.018957313675326,4,3.062339033219679,5.150608470651576,6.536518743452572,10.93345334462872,5.867488232660369,5.58729296235436,33.3742984597339,11,0
2,2022-07-12,MC,5.469109951510741,4.88247915507638,3.906850488770304,3.9523428499348094,17.961404631318945,6,4.055294038490852,3.6653960785696635,4.267942146479067,18.0737558243543,3.4569664185995683,8.021369992418228,86.27996855623597,8,1
2,2022-07-13,MC,3.723323040507234,6.0,5.177422269463618,2.771220071623013,16.79828679161409,3,2.398560064888671,3.2272073638454395,4.724184454322351,16.582900134059944,3.405592659173193,9.17153032826063,61.7225546719846,14,1
2,2022-07-14,MC,5.013573511827212,6.0,3.723728212622376,3.6285197904329776,26.001241377187434,4,3.159418152725105,6.733079378246602,6.11936935405851,16.676430501094906,1.8895255788689282,4.087458563201945,51.51115053218615,9,0
2,2022-07-15,MC,4.850723190020811,2.8034097364359756,3.580601291188108,2.0325127532554355,22.45415325295251,5,3.039947264022624,6.769951324753563,1.886053197833585,14.129877527322524,2.219511504928868,6.273584193675426,10.0,12,0
2,2022-07-16,MC,3.947077514061876,5.746102730081606,3.2899007227833676,1.452367434647246,14.196618409084687,6,3.587097908051922,5.981264017652962,7.398831919630204,15.625276770132528,6.708092704677055,4.180236640530788,53.76945682912832,8,0
2,2022-07-17,MC,5.605414466734758,3.7772364597584596,3.5855413648539725,4.1346989960980505,15.525574862773947,3,2.8864524595102363,1.2676982751161041,5.163096043092187,15.92219876390153,1.6067843291252384,7.424679411053386,31.566056194961703,9,0
2,2022-07-18,MC,3.8024155368650088,1.8862738760120357,2.1725717405175544,3.186728315831509,18.127706087588727,2,1.8743287767678523,1.7963551331709242,4.490800986768576,14.239719246881554,4.8031349287081895,7.72400316929045,33.93618537681991,14,0
2,2022-07-19,MC,4.633933359552765,4.294426635724397,1.9332270326171148,1.5909319167587521,21.834039573375673,4,2.791490798613502,7.888777929107419,6.429116260376871,17.97750652222318,3.4912992796776647,7.95415326609185,58.9580810722287,8,0
2,2022-07-20,MC,4.01527937609448,4.942552676538158,5.468752697801978,3.403064821886089,11.311096886084915,4,3.5749634541367796,4.069740904019749,3.1254583629903694,16.469031903792764,3.378671159675466,9.5206251125762,64.40338236846559,14,1
2,2022-07-21,MC,6.0,4.474865576465136,3.536342191130519,4.8842363807318865,3.781732364255909,7,0.3861690006508869,4.295372207870397,5.370003094336431,10.25307284414203,3.2507964567129073,5.871811074884047,102.71052699367578,14,1
2,2022-07-22,MC,4.563637524744252,6.0,2.7660429424797854,1.9185998379273175,16.289908036111907,4,2.077744132335535,5.664148801915891,4.744729548000837,16.86837525762186,4.493303978145532,6.394702681147225,13.604556748844235,10,0
2,2022-07-23,MC,4.166646649833969,5.806658676453247,5.1206300587113045,1.452367434647246,19.23615709949263,5,3.181225459464004,2.7566220460019566,4.192772918229931,15.648348499900312,4.473063238087444,7.195680734198273,74.08340521675767,11,1
2,2022-07-24,MC,4.0198266581960365,4.491687342486274,4.092466649656201,3.7615341978441306,13.09655843948722,5,2.9871534690599506,3.634526867949044,4.653167370492744,16.761375689956267,1.8206591737266384,7.001842569223519,78.56828893365373,13,1
2,2022-07-25,MC,5.457285756764659,4.265491113651942,2.9490756631489683,1.6403807202155785,19.418250566028068,4,3.629547079670152,5.389023314238902,4.403014170169907,16.44773794374353,5.292547051400146,6.1299336369107795,32.23334419865308,14,0
2,2022-07-26,MC,5.892603261857189,4.13106484823905,4.689554788495876,4.9608943875043945,19.48294757493413,5,1.1182048469656845,1.3986498256772502,5.63971747779727,18.00560157334274,4.838868691759671,1.1776705616331977,34.11461266565149,12,1
2,2022-07-27,MC,5.4889765408134,2.7689063106190743,4.095914888103359,3.1233743489643992,24.756861797624495,6,2.6915355070346756,2.6397932507006883,4.241531588315303,19.143033102225793,3.8441367369427932,8.628526572240517,85.34897092038393,6,1
2,2022-07-28,MC,3.4333856536034117,4.502610766112974,4.490486793583405,3.574852772343424,16.8496615002702,6,1.9758270087940601,9.303828461573783,7.35016802140852,14.217813583877007,6.26950427976936,9.051377665950962,56.59208808355944,13,0
2,2022-07-29,MC,6.0,4.4685447627058466,2.554550935622534,3.0756264151840136,15.11472116347769,5,3.5226201112401814,1.6635359139850705,4.310900856078779,13.475862821060833,6.632419965312738,8.15132940290762,19.56437142178824,11,0
2,2022-07-30,MC,4.7749093287436795,3.214681114205765,4.044894171991779,4.227538015010698,11.403254842147856,5,3.3094988541933863,4.462160170237546,6.243532120649597,14.302405622374694,5.544078959526967,6.948977284461385,50.97376179890473,14,0
2,2022-07-31,MC,4.663578774393716,5.166990021101227,2.554633722045475,2.665589395096924,10.724037455098518,3,2.6280591039606085,2.5096451689104944,7.05264359977315,14.279378000893786,7.083084631300966,4.804203512078745,74.49037817967431,7,1
2,2022-08-01,MC,3.477761874460093,5.274055643898107,4.465089173295408,4.738935893540249,11.911174390465703,4,2.553965452147466,6.698815299575627,2.3841151249302093,13.429048401289682,2.158466704703899,6.606862732882603,58.02248653107284,13,1
2,2022-08-02,MC,6.0,5.214800209154954,4.733001885973695,1.452367434647246,10.93437961866557,2,5.308013417374381,1.3629839296083277,4.106898368500625,16.703687806757458,1.9043694995411293,5.773416580390939,28.100714557264602,10,0
2,2022-08-03,MC,5.3526548271333745,2.968329558397228,4.873217886807536,2.8417435118296095,3.8299299850573565,5,3.5395946256382236,2.5272714314751443,5.314397254223653,9.382462910535553,3.390971628200487,8.774710056184999,73.86673360432536,8,1
2,2022-08-04,MC,4.35233977437154,4.1024054008326445,3.5491463811344897,3.6530601564565472,22.4829594572108,6,2.448176726698641,3.8062271450436564,5.899729082288013,11.181009972180346,6.4979114959606,5.817395858116516,84.02748887967626,10,1
2,2022-08-05,MC,4.043846224972711,6.0,4.39071800019256,4.046534935184408,26.001241377187434,4,2.714854336747734,3.430466963811377,5.330060088355765,17.543028624238776,2.5683734059230043,8.92545916779494,32.30512243547817,5,0
2,2022-08-06,MC,3.680454618110449,6.0,2.814714368907308,3.329453997249503,16.35226772544173,3,3.6136449789030394,1.1272562953404819,7.881190055906475,19.34082849404481,6.838626388147237,9.129442853191795,23.408487183538327,6,0
2,2022-08-07,MC,5.485583572248622,2.2115296219195217,3.848550785447388,1.452367434647246,15.278061292136076,4,3.4346216953885964,9.993782656972959,5.299437307931291,13.400916044234895,0.6955699627175651,6.397117891694428,93.04782083088742,14,0
2,2022-08-08,MC,5.247091016565596,6.0,1.8432193413660785,4.724276611439474,12.92633217782847,5,2.5359736181561647,6.149792929986914,5.5887360512824875,19.53866993495443,4.04437290650276,8.248490082096891,22.775268868447483,6,0
2,2022-08-09,MC,3.315175701148398,5.928972184074476,3.179438361786176,3.8907443474524763,15.025293759462569,4,1.3142355928682847,2.424722724477354,7.553962358917191,16.649325889679027,4.973710871241897,4.8609190777111095,38.3315701747762,10,0
2,2022-08-10,MC,6.0,6.0,4.828668134305563,1.5688326212079386,20.113934051231496,6,3.5876423793486474,5.147023857497433,6.034434661345758,13.91531310372559,1.9162420026999212,5.573201057235841,83.24388727414426,14,1
2,2022-08-11,MC,3.730350308321872,3.8301572658822374,3.8541592249713053,1.452367434647246,20.353036105833283,5,1.9116560742564315,4.252978605722389,6.41055047817004,12.61496380213909,5.350181683733123,2.7696717874555112,50.62759490850031,9,0
2,2022-08-12,MC,5.355455491945239,4.548068648539767,4.4271370095000195,3.378031157388075,25.8511517753942,5,5.328810334816639,5.799298317012115,5.082981242242557,19.830974852860585,4.246856485324818,9.812241370874743,17.69378942627213,10,0
2,2022-08-13,MC,3.790026810298489,4.3446062013711915,4.919537460139521,2.3119923829196507,16.24804220674219,5,2.456460747578606,8.439432299036744,6.10616134138615,6.899157141393967,2.863490989887894,2.5104611975699314,68.1313207194161,7,0
2,2022-08-14,MC,6.0,4.862528926412802,4.5090734025278625,3.2577480471711677,20.986437281419846,6,1.5811518215867715,6.5313934375519125,5.8038680431223995,19.16059565595573,0.7939880716603183,9.812241370874743,62.933879294440075,8,1
2,2022-08-15,MC,5.528863851383374,5.42689988745706,4.908064262138865,2.3729319232986823,18.93369331652042,4,3.1031414328543425,4.799397552398747,5.932320106749113,15.245249268879387,4.1423700167403865,3.084978789195167,14.175396950513278,13,0
2,2022-08-16,MC,4.905162645204538,5.431200235642571,2.851654828004249,4.1074485151100015,21.90434144613591,4,2.326912504797331,5.569016174650472,4.098641198826515,6.529574911542907,3.201404674603065,7.883922258873707,57.5913157147427,8,1
2,2022-08-17,MC,5.307990757315345,5.852879912946713,1.4663875040619092,5.570800326252799,15.078404986704966,6,1.9400917342127004,5.609738618947606,5.290068655369884,14.253010567808014,6.298287386926516,2.6379229962652615,19.343823484043465,11,0
2,2022-08-18,MC,4.482642047580448,5.839474364279519,5.462370022067609,4.752282435719488,19.80253520499177,5,1.4143118350398058,3.86630105420598,6.0040141515995336,13.959582981500281,3.980737819370525,7.080967820750731,37.300458677524254,7,0
2,2022-08-19,MC,6.0,4.594923035573519,3.2376958493125647,4.781806989848439,11.323016848427299,3,2.0439174870734576,4.580109278351692,6.460439876493881,17.305514842720747,6.1319828529088936,1.3213641964505016,69.97357789933238,3,1
2,2022-08-20,MC,4.599567413811668,4.065614800359956,5.332294729836494,3.473319066146079,14.152084268495809,3,2.915179971407898,3.742148930764575,6.087177059494382,15.702525416494638,3.7556633586360446,8.722846776563014,43.771919597462116,13,0
2,2022-08-21,MC,4.522767019591629,6.0,2.6862017134900396,5.329144088301611,21.298158603041973,5,2.8550854603652027,3.136295018610743,5.313278746669944,16.47186497474183,4.9358744835937935,5.724469006074441,55.42281793603047,9,1
2,2022-08-22,MC,3.9500374915033793,4.883246538943336,2.5733166323597794,1.596230568787554,17.906913888810834,4,3.5809064391672782,5.271207684154707,5.5127029404775865,16.03550030188444,2.5969894425080953,2.689358255366194,53.60712940184181,9,0
2,2022-08-23,MC,5.195757989907611,3.0984829540136496,4.3008156029682105,3.8516701356071565,10.741134196507602,3,3.4894209487753383,4.599251598596679,4.910871281506164,18.09354935259858,4.107444935564196,6.094442871186397,64.78683227035827,7,1
2,2022-08-24,MC,2.63464494864049,5.487859662009223,5.006042247140735,1.452367434647246,23.538663146452077,5,3.2936014151523083,2.177562841265284,4.589535602767573,9.901395254312764,2.0699381644669077,4.34575819747816,17.10588318502171,10,0
2,2022-08-25,MC,5.355635505994744,6.0,4.1583792056175,3.620912647661723,8.914497971859953,4,1.7670480110648024,6.555716887931025,5.459887569725501,8.71218398719691,1.84201404144991,3.2809435035413235,93.00699775070049,13,1
2,2022-08-26,MC,6.0,6.0,4.304350919683678,1.8402845904662408,14.5349769327122,6,1.6887823643336382,2.9041992119269846,4.159710578104613,13.401232929078457,4.1692990249972475,3.4880263876736284,38.53624772292218,4,1
2,2022-08-27,MC,3.434766697855268,6.0,3.2628653452851535,3.0088266647013517,12.917680355783338,4,3.623535018444354,4.993070243951282,4.432234074146985,14.3102103994491,2.853233905809999,4.661594224461751,82.995196140493,10,1
2,2022-08-28,MC,5.675430899194122,5.355408651996544,4.972173562510186,2.026567188485309,15.912954368343835,6,1.4128899927339296,3.100956933437309,4.159024205380948,15.657443170375211,6.1413318993525845,6.5996695932884055,114.27270796300482,7,1
2,2022-08-29,MC,3.997878174332787,4.0105672744794,4.358724934402368,3.2645110700192648,17.1228135620584,2,2.014350497034556,6.826170692016819,5.585895245015067,15.800067712473115,4.435109696629448,3.97336552828631,68.01059669064757,14,0
2,2022-08-30,MC,4.783843529945232,5.394145661163754,3.7900160280744735,5.4295479212300215,15.847538208707508,6,3.9452833334033857,4.879808984532856,4.86197013868486,13.053959315273975,3.100078613745433,3.8351609717196458,50.974968042212026,5,0
2,2022-08-31,MC,3.169576149951002,3.90157803294151,5.06527858790976,2.9520000122349925,14.066105424816815,4,2.7536334703735523,7.355922809884907,7.2257939625223635,11.869680834750223,3.7534523981267167,1.7597788119800926,29.19697407964966,14,0
2,2022-09-01,MC,5.4927411875672325,2.971780236134009,3.9180438672384432,3.024361720756234,16.875008519046176,4,2.710972989984923,4.416505963475883,5.7322380482742,15.931982568868838,4.656773302489821,8.119398627002392,19.18723982218213,5,0
2,2022-09-02,MC,5.509306649591815,5.84860301580165,5.057139657655228,3.0516644431137125,10.588426413534085,7,1.8009113113222868,4.683439340148662,5.206701117564075,12.288283130948413,3.1620206857228905,5.703650364204812,84.2767506763352,12,1
2,2022-09-03,MC,5.2860487467068635,5.13767430654476,5.528289775106552,3.582293668173812,4.833897299233049,5,3.9979399808133085,3.2897780731238377,2.3466960307952482,13.266896342142696,5.132926737465512,5.364233213486804,75.70783591918496,14,1
2,2022-09-04,MC,4.179103299521816,0.0,4.629694245626549,4.3508435056244705,21.191577556571673,3,3.3924403980080746,4.35780003590341,4.506405487226921,11.647811007816015,3.981078857870412,4.7482586661813535,60.576020791075955,14,0
2,2022-09-05,MC,3.4200009771843796,6.0,2.0046242488518677,3.134008900301697,19.22346051364849,3,3.0193338711008906,6.36719903312667,5.755792197483704,12.54737036802507,6.975969698641981,2.0057134330423336,83.92667255333274,14,1
2,2022-09-06,MC,1.9553284056432891,5.166904330911651,4.967389226449649,3.319200946748666,14.575840318241449,5,2.6096894051583592,5.149707870780594,4.83335755846239,15.406585442849886,3.543627936237433,4.8395609184181065,55.293037162419495,11,0
2,2022-09-07,MC,3.099967616101675,3.628469381573258,4.842626466194197,2.5619881878326063,17.41613672063851,1,1.2242039464357592,3.4477902750328133,4.477066084039614,15.368474067617399,4.669416886851437,2.495559040782477,20.2485517084714,14,0
2,2022-09-08,MC,5.151303406241359,2.041044103461566,5.423750581500002,4.29382322564445,13.621693265155843,7,2.9997646336165853,2.257237868926274,4.129834358000401,6.450529496122064,3.547392070210969,4.989217155632334,47.82869507166328,14,1
2,2022-09-09,MC,6.0,3.044264415359846,3.084802007512969,3.9271144835326215,17.351508576570872,4,3.345201778132449,5.986918360422896,5.874226844087531,17.4091703497543,6.94494037878345,5.176209860498962,69.22319543622262,11,0
2,2022-09-10,MC,6.0,6.0,3.585219542769461,2.2867496406690653,12.702634983530196,5,2.782156519333161,4.215302424346066,4.750464838366165,17.328844037154333,3.8490131003612884,3.136171910634788,26.628683392317136,11,0
2,2022-09-11,MC,4.862169576742542,4.381654246821787,2.701416465553422,4.061758184118063,20.545652055748324,4,3.186571461527613,3.7724938922619047,3.7192093647968028,18.13949917984429,4.967970976801615,6.7532990479666015,80.47841894229006,9,1
2,2022-09-12,MC,2.93224899789756,5.487729120772041,5.067437006869968,1.6241761187739523,10.516237772197716,5,3.8806347278268856,4.3160244655539435,5.511729590820166,15.500737188607875,2.814805790655644,2.427005289077867,42.80066073950178,11,0
2,2022-09-13,MC,3.5570515603727095,3.9427530434227527,3.731791447408509,3.5656168083600384,24.900183091333496,6,3.7739962879473223,8.170228227177859,4.104512370639292,16.738238038502267,3.3145175999489873,8.067278413642692,55.57062223359678,13,0
2,2022-09-14,MC,3.3351969553799172,5.747997819201579,4.584846981864434,3.944998447563562,20.107925645962677,5,1.9349622865450748,5.62995964169513,5.629809382732264,13.69729419630365,8.595569979639587,4.20564983841331,53.347007569494814,10,0
2,2022-09-15,MC,4.217750087945261,6.0,3.165046607322,3.2730103795198344,16.737846157926988,4,3.4110310172421503,3.4306905658373417,5.015601183130305,12.880120445854125,2.8498934990041223,3.4589415621316046,42.7528899346744,8,0
2,2022-09-16,MC,3.8997005896133974,3.2969603610380833,2.8027428876076983,5.5004113580220295,8.012663666210454,5,2.2760952047156144,5.685108752242775,5.668262376227796,16.463682040669923,7.7399632300882395,0.0,54.36674104613252,13,0
2,2022-09-17,MC,4.537927912114276,5.788313340238294,4.648609354893699,1.452367434647246,15.099873503303485,4,1.218066059435832,4.049036770198579,4.618586225509554,14.06494379808511,3.0441565296492845,7.350965301687661,61.00740345266862,8,1
2,2022-09-18,MC,5.575850711690116,6.0,1.8477006727107388,3.703180101839763,5.551790674094863,4,2.47929416697846,1.9057820512337749,4.5801138790403675,11.476595809749224,2.0683332894993196,2.605991993592683,28.99365963590422,12,0
2,2022-09-19,MC,4.2286025702719074,4.940893935603693,0.5953614361912907,2.2076027254290587,11.656026018132032,3,3.700855181131852,1.6963119059189822,4.146431264762587,16.715428369995458,6.2659285693777615,3.886925303345289,43.92018213993578,14,0
2,2022-09-20,MC,3.715380688974913,5.886064127429877,3.7937152742402303,5.388227099765061,26.001241377187434,6,2.340373776066368,7.655340105188926,5.976521716882598,16.06811985067261,9.292709107899213,4.233561946089397,13.511623681168384,14,0
2,2022-09-21,MC,4.243665407913492,3.2015962839790446,4.124020376465606,4.815121903547894,19.218072892255567,3,2.219484116882121,5.138369868668137,5.090018766875869,16.9889450145074,5.994386424347755,3.9817542674832023,23.186874643689745,13,0
2,2022-09-22,MC,5.565226417444779,3.7595353152569686,2.425276563519655,4.949930122840271,20.528356925354633,5,3.807301938319612,7.859423163313401,5.855805313975982,14.714834391566967,5.388159833934901,6.966258704001265,72.37106496493767,8,0
2,2022-09-23,MC,6.0,5.759058102235771,3.3715774160436216,3.6812322518197935,19.91184699545575,6,3.0690822657419354,7.303095685781248,5.06314484578001,16.654957273062355,3.257337507535381,6.169381356918267,74.95958193275521,3,1
2,2022-09-24,MC,5.750577287068285,3.221955727814754,3.6142953312966775,3.3395883100690913,2.3473818301407228,5,3.737104739299557,6.862601800664872,4.418946357240407,11.627494706059734,3.542057703254341,6.991040736673263,48.57052831724312,12,0
2,2022-09-25,MC,5.089025334402327,5.734971652260574,4.037646942297989,1.8290613521876646,19.830852687210232,5,2.621935802183459,4.442156516815315,4.976394466764871,16.14543574676535,2.0479567412503665,3.577188280043321,33.338274364293824,1,0
2,2022-09-26,MC,4.469560083384215,2.3720297129921106,4.272845600367799,4.049017998541271,21.571347862216182,5,4.234491131573556,1.9156581004866269,3.7886613519287,9.576689812120067,7.6071752868681575,6.815149910120819,36.05571117360072,7,0
2,2022-09-27,MC,4.184297042721124,4.964415532677399,3.9866882320530523,1.452367434647246,16.38323827523333,6,2.751753498273709,3.203490747454952,4.069882616882657,13.019298483891905,5.240200743735833,5.7694618193318625,42.704313516898225,9,0
2,2022-09-28,MC,2.0497817362057367,3.9386511913783373,4.203527388075565,3.106587047770501,19.50118091086715,3,3.7375600266431364,6.622314553763525,5.357705368963936,16.29664299387805,0.6955699627175651,1.582106702632772,50.57044719595642,11,0
2,2022-09-29,MC,4.917866998591096,4.604492459205407,5.013171051748176,1.806942608738156,21.631746154215037,3,1.8485583849658727,6.365099008890022,4.306440109086357,14.595945349500704,2.7073706347074,7.49436859522836,36.248590602331454,12,0
2,2022-09-30,MC,3.319880138991484,6.0,3.618705295602069,4.4957032547850355,16.483755377644215,4,1.0648545376477787,2.633336731050738,5.471626514387486,18.66041329391135,6.6223142669152395,5.181300505286909,10.342624926661466,12,0
2,2022-10-01,MC,5.176028796195217,2.709306402034956,2.3788871385299943,3.042987214591493,12.805436516658894,5,2.2422126101807693,2.929961079731697,4.088045194511334,17.13102129486818,4.5616293611492384,1.758974787414495,69.15030522486977,13,1
2,2022-10-02,MC,4.588470149957155,3.7859839522601617,4.863463121805166,1.452367434647246,11.978416153096923,6,3.682751276846664,5.826628428498993,4.339775629737185,19.39016006291377,1.320482400742192,6.513065083612287,68.08512242837212,14,0
2,2022-10-03,MC,5.0311570807102415,3.8745727452649703,3.6184558162499156,5.797361068855183,17.42490056191546,3,1.3889198865939134,6.313664422222162,5.821234404385628,17.69318106514977,4.5026699719806755,1.4981797902885008,74.32801907046883,11,1
2,2022-10-04,MC,3.6220487175521514,5.965649354559517,5.528289775106552,3.4946106979450926,17.15373024657726,6,3.3854406841520386,5.690803877306919,5.1202234346110735,17.94497443913353,3.214313025402032,4.484899219379632,94.84944739806966,8,1
2,2022-10-05,MC,5.333089693220726,2.8600366799326857,5.528289775106552,2.852308445379537,12.419613771926226,5,3.5380293106469813,4.033892626926826,3.8559246076080345,14.356818081013081,1.3963266197611133,4.273797797421313,55.70480020190725,14,1
2,2022-10-06,MC,5.0081897835168405,4.5257758981087735,4.2002336073498725,1.452367434647246,16.660276066192605,1,3.0324681560701294,6.340016764965105,5.544002725203493,17.109885137190552,3.428382331057768,5.96981563978469,50.479525769391856,9,0
2,2022-10-07,MC,3.984983922169313,2.896259044342902,5.528289775106552,3.6626327354443236,17.549854355421093,5,2.60413389743677,3.1258835751123732,4.865745563359308,12.784048070138105,1.9203546146374788,3.8035252006213565,23.833048649490117,12,0
2,2022-10-08,MC,6.0,1.0579722830441631,5.528289775106552,4.38070993524496,12.576735129010997,3,2.4938631525932764,4.38148516234106,4.897392227460307,16.982591760006255,3.4221606708931573,2.358225830684052,54.938666890700745,11,0
2,2022-10-09,MC,5.286435519414787,6.0,2.260732064382146,2.8951923675330153,21.885467959322384,7,2.446042357950742,2.7506814173988765,5.447373464536847,16.68061122315386,3.551834628498601,8.0964881196485,60.80355520896646,11,1
2,2022-10-10,MC,4.527205357133972,4.609867650538992,3.4045123438823626,5.802017472129036,14.971138314776493,6,2.4341811856249658,6.877207107847262,5.066037170215532,11.304921778373126,2.7677102268289526,2.4421793555288107,54.683870402788045,11,0
2,2022-10-11,MC,5.366392421811951,3.209317453545959,3.75733037666682,3.277814715302161,20.652059805432327,2,1.140762091579927,5.649054725098464,5.573482322906768,12.223043370807524,6.392834268203035,4.005793930385051,63.68595691021459,5,1
2,2022-10-12,MC,3.4242277796817424,4.513996447922987,5.528289775106552,3.222047660972133,11.50187508488638,5,4.071139948603989,3.8251312379096345,3.719322303207573,16.59744509876214,8.077406162380127,4.7757008515339345,36.53252195646341,14,0
2,2022-10-13,MC,5.078050516936505,6.0,2.9008868212113965,5.26293816812043,6.249682679410526,5,1.5162007622432092,5.869067019960869,3.1391341839389053,16.75066307437456,4.6158985586804615,5.084109695468291,44.16535856981617,14,1
2,2022-10-14,MC,3.571852008445571,6.0,5.065091429921648,4.470397321646701,16.890901230780937,4,1.083476487797665,0.0,5.714694947004266,16.976646638700302,7.755034230050978,2.67878137524902,47.8763821895175,6,1
2,2022-10-15,MC,5.247507310694372,3.2970173506719678,4.630062230734881,1.4911134158272472,10.44354757468086,7,3.58373392306282,4.019840452796401,5.698846304501482,15.00125102622178,2.8399471509109873,2.399474897774329,33.409002125075375,14,0
2,2022-10-16,MC,4.138454846252525,3.6937490880713146,4.777110388567972,1.8039328663419147,16.576830673050573,5,2.830844236166608,2.819960524167796,5.158742849178717,17.20288493527186,4.285481574254161,4.050340836830956,47.86421488206295,10,0
2,2022-10-17,MC,1.3026779882467645,4.416203509946613,4.056295910414626,1.452367434647246,20.6958646997783,3,3.3096223156817066,3.9571307226382633,6.8079634468265935,15.115736880600831,2.99964455552659,9.225946944375597,61.989529998070346,6,0
2,2022-10-18,MC,4.563894826279341,2.932786467885398,4.3225376581906305,3.2516131965935395,15.110783747316608,3,1.0281358566619598,3.5299589179766193,5.948813737953685,14.612224984781715,3.5156147466166487,4.777617588298799,63.82423909752543,8,1
2,2022-10-19,MC,6.0,4.001128237780632,5.528289775106552,1.8361086944408231,11.041289332123544,3,1.5797100727470053,1.450716941380088,5.562589269010022,12.967264723075843,4.451078255117409,3.112195597260813,63.13548045277136,14,1
2,2022-10-20,MC,5.399787746978838,5.071246628964355,3.6347641554620664,2.77593501658125,18.061601353800057,5,3.4820842591821894,1.389921038311801,5.7501166597042,10.66946716477776,5.5236327508345155,6.100243306645784,69.63619127570509,9,1
2,2022-10-21,MC,5.539966181562957,4.695590838453362,3.585219803993527,3.889812632915393,14.084360879913888,4,3.115941832253671,2.311192088059348,5.488294681500171,16.26567541568047,4.910201705665327,3.668611262872187,33.877116263524535,10,0
2,2022-10-22,MC,4.8372890389276355,4.113386063706134,1.2778783290018814,3.4154649068332157,17.117189749614383,5,2.4949138127037984,4.738133322477187,5.184098638953337,15.723005370816992,2.962271067898175,3.172811176603893,97.06034484115716,11,1
2,2022-10-23,MC,5.1463986183935475,5.771889171741263,3.6528975371150123,3.060805540738218,12.871796555632818,4,4.407969271188459,3.3772681977515706,3.1348502429697085,12.145952499567478,3.2924921545906547,8.10867012612758,12.492950197369119,9,0
2,2022-10-24,MC,3.9741877431814094,5.37272496541836,4.551184203179131,3.2950334032508755,9.598333476556128,5,4.215722551489323,5.661425007702888,3.9482993509554296,14.307563245881244,1.6428353817351664,6.103385043468316,32.041001603490855,9,0
2,2022-10-25,MC,5.911359431290993,6.0,3.3833083548247616,3.5360737068810733,17.357558037168317,6,2.738872104047276,1.3847439537193522,4.470868110731843,18.169562778218523,1.755291637838607,6.852847514602271,66.60859982231545,11,1
2,2022-10-26,MC,5.483289500365138,2.2881889090436185,5.528289775106552,3.481177707510336,12.83908073331798,4,2.183068682577836,4.567625934310567,7.256380541381638,10.918294170357118,7.006441385441198,9.748141868463785,56.619216058680976,13,0
2,2022-10-27,MC,4.80768442050652,5.13267035185243,4.09554494297134,2.470916469375902,12.505751447799108,3,1.1561702278575745,7.69325738515163,7.041514424716961,11.471744331062519,6.521045119842199,3.2753662585876815,48.9151240843485,6,0
2,2022-10-28,MC,1.9955586629013182,2.6183720345779005,5.528289775106552,1.4636032826838616,10.243141420780265,5,4.171767309069339,4.876445806712679,4.58124235525303,19.389554436731906,1.6192626098478158,5.036922504348531,40.75325323487886,13,0
2,2022-10-29,MC,1.1507569234090609,5.325837309921803,4.406533892945346,2.477959579910363,18.045089836179994,3,2.962505834213092,4.293622691973596,6.497338728944075,12.24714118948759,3.836172194842438,3.2296110048686852,10.0,12,0
2,2022-10-30,MC,4.208504576557607,6.0,5.127349350737207,5.369719331843806,8.60901534227292,5,4.3219987940586755,2.506529042345712,6.483867188387838,10.062895163957133,1.4492152359380004,4.6723667715360016,23.30904858033356,9,0
2,2022-10-31,MC,3.7056051084686867,4.277981267203872,4.958778662304297,1.9957120167663234,16.697972959956637,5,2.1085773939907946,3.625991363216114,4.418262674631612,11.897989015842565,2.8122171928604907,9.812241370874743,64.1205480457382,14,1
2,2022-11-01,MC,3.4377848376545277,2.197853035611721,4.590936521245922,4.1312977485169915,16.627543566420318,6,2.430182547184946,6.787139069132603,4.766547971404961,13.882201345494437,1.8624088407310975,5.696616560761101,44.03564836632662,14,0
2,2022-11-02,MC,2.50908988426575,5.922166140469714,2.261892553864767,2.2683543594906035,14.461400974581737,2,1.4946006652530366,1.7813018906904357,3.970489993719617,18.208194086830765,6.0372261401124225,9.812241370874743,37.94900854523789,10,0
2,2022-11-03,MC,5.166201899511213,5.818139896233734,1.9512725439631806,2.7033898076009177,19.743702468705003,5,3.0608093171008623,5.2138632346541005,6.076416424194338,17.2559965593481,3.5803644951788156,4.380626200621259,36.474504056199734,12,0
2,2022-11-04,MC,4.698559891077965,3.7823137132195743,3.2719313549173177,5.29495785861753,16.04599817651432,6,3.6630315943241247,6.494283892360918,4.971607324458149,13.768310137632296,3.7787297060833103,6.791716844299286,58.34480317995828,11,0
2,2022-11-05,MC,3.226170667655926,4.785442431042494,4.841468301563582,2.804906983443236,12.64419274761421,4,3.3134458262498603,1.7584176640860854,4.920664951713417,17.345224482604852,2.356196861100288,7.725845845824569,53.21301921582658,14,1
2,2022-11-06,MC,6.0,6.0,4.439589064789372,2.321512219367591,17.03705206899204,3,2.957992014992392,5.950306933099832,4.302024902050075,12.078961586522054,2.302109879145151,5.441859296602919,43.54474467095126,14,0
2,2022-11-07,MC,5.537763190346951,6.0,4.172214470530953,3.1012604041240968,13.332821654927404,5,1.376442721545811,0.38852149099560385,5.320591398139455,15.534663735519286,6.041800804398509,5.9305874951287505,10.0,5,0
2,2022-11-08,MC,5.46279431595984,5.001649411576625,5.38206860840972,2.891334795793882,26.001241377187434,4,3.0928545894193515,5.233563258806016,3.3593851602054974,18.578603875674585,8.40502037304244,1.6877487098242532,23.513468813355544,13,0
2,2022-11-09,MC,4.83965419344202,3.161546458724199,4.739321566781332,3.76979314793754,9.47979414958807,5,1.7628660488404082,6.294594773913485,3.946766818998642,16.18100083484031,2.6994966853586044,8.51826057511408,50.15269710893391,12,0
2,2022-11-10,MC,6.0,1.3886487888030037,3.651203724471542,1.5996506978608942,17.732970341341588,2,3.117591464461582,3.8180238606330996,4.6158513631425375,14.845457720936759,4.751555116214117,3.6570892549465643,66.9108719616014,14,0
2,2022-11-11,MC,4.145406492278604,3.2700698648429807,1.4997453214195324,3.857660066562026,26.001241377187434,5,2.677308486695842,5.124007778273424,4.756339767918677,11.785358916485919,6.528691328266087,3.7586504450979277,76.38855082570319,6,1
2,2022-11-12,MC,3.5021285820893597,5.277948529665391,3.7964220382073703,4.095663311731912,11.650569830128951,4,2.8473165677999877,7.345959828676298,3.9806771219665107,11.807977111584014,3.9538653048234633,3.8999822838548077,50.46192464960021,11,0
2,2022-11-13,MC,3.471781217399306,6.0,4.508683657808932,3.3190284820735663,11.795220693576212,4,1.9370209382814283,4.167408680285337,4.543729969185717,14.048115653682627,3.2953412812696796,2.6121249301838323,77.5336768742276,13,1
2,2022-11-14,MC,4.07339764589183,6.0,3.965504655098007,1.452367434647246,17.905170068833424,4,3.7167110488055513,3.6615625907830043,5.188166126298636,11.249108984510022,5.230044671709964,7.049050883147856,52.46366402503362,7,0
2,2022-11-15,MC,5.228598695298173,4.503650090512287,4.207885930405019,3.6122440497912542,8.063180557143028,5,2.8657471032354223,4.145154199597711,4.853649532790902,19.986809845495202,6.975152165970174,7.557379525323047,49.57126028263068,14,0
2,2022-11-16,MC,4.872803481871394,4.98450641285206,1.3958060547973958,1.8675662107999562,21.381371726792104,4,1.5966269077588422,8.301646928340805,4.743216532476538,16.606407479162183,7.687417576755385,1.5596312778906452,79.31278259672511,11,0
2,2022-11-17,MC,3.1279183963250943,5.789202329500656,2.906850218372497,3.4479184553921476,11.187877202307682,4,3.32407485665333,7.511408574364534,7.324581817751681,11.69336499077504,6.195803825125272,4.382160668753416,15.753641843630078,11,0
2,2022-11-18,MC,4.249364204476143,2.9983984070635055,5.528289775106552,3.2262745203797145,11.892379237332705,5,1.9561777718011157,6.678287702252385,4.016892608669929,18.863407089202042,2.8810688757819514,2.1817831736149293,58.15639073567634,14,0
2,2022-11-19,MC,4.306792862045589,3.0713151664163156,5.22389960183522,3.7674882805760737,21.016800317933903,2,2.834417277536135,5.723110766776931,5.1558459792386255,15.83257234408996,2.1059187093603144,9.812241370874743,95.4031271661925,7,1
2,2022-11-20,MC,5.872320918484612,5.6814769025309735,2.7915533773535577,4.836011519007824,13.015121652565979,6,1.434278598130585,2.903464742197014,4.489070125103645,9.800732119834523,3.0929322046173704,2.9746707566193042,53.308763126007015,14,1
2,2022-11-21,MC,4.633611145687694,5.213866452200506,5.206538708449972,2.3441303956599846,22.013351065374675,5,2.8064538457100374,5.6012760366819325,4.545035950270377,13.848565975609818,2.11151203684061,4.211728373714131,10.0,11,0
2,2022-11-22,MC,4.760378711044068,6.0,2.638243252352555,2.9130412617983628,7.312384403939696,6,2.2975903705146017,5.7615139021009,6.358678342861336,17.590435284144917,6.242424298547095,2.418304197169684,76.79291814141766,8,1
2,2022-11-23,MC,5.202499145980406,5.296058042948235,4.008527147523328,3.410375318518469,11.084304252171194,4,4.923048274789777,8.264339124241664,3.6538855102851318,14.312525000657535,2.013665894998806,9.812241370874743,44.39836904810463,14,0
2,2022-11-24,MC,3.4005118863981547,5.121995059239747,2.6778550392505833,3.421621403576184,15.110316953191871,7,1.6090035812362307,5.153086754160555,5.6961298702119105,12.759402900136088,4.18464336439338,5.0886366310727835,77.07503684099014,9,1
2,2022-11-25,MC,2.9108751683902283,4.3131603706615875,4.886893053050595,1.452367434647246,11.19667875522022,5,4.4828175100857335,2.224369389903969,4.728217290255549,9.667264374142128,0.6955699627175651,5.233713792312356,57.19772743995416,13,0
2,2022-11-26,MC,4.767968529743099,6.0,5.457004746537656,3.299449512644303,17.410977940306974,3,2.4462762829795324,3.373407239476761,6.289552003992716,19.81153170321042,3.4566542994169587,5.3553763769889775,26.147626297671255,10,0
2,2022-11-27,MC,6.0,3.4745683492990453,4.684733411560865,5.005486253990152,15.176303601058008,3,2.982856435516018,4.119969194969833,4.771509288268228,15.217962895963202,3.7278306742311056,8.407596253197186,67.53450377228488,12,1
2,2022-11-28,MC,2.941059233093412,4.124404171032211,5.528289775106552,1.7737562101996336,11.577495603904435,4,3.180937949512815,1.4596020505472123,4.1237517888037525,12.1380799299774,3.320532095531379,8.903683619707648,50.08893340896146,13,1
2,2022-11-29,MC,5.223189216478387,5.258614201251351,2.6708359467578244,2.1072359017982265,13.299565606547546,6,2.4025577095190935,4.200994167805,4.836630756400141,14.554668444749176,5.5035793473787145,0.0,37.975024776224984,9,0
2,2022-11-30,MC,4.808301374210667,5.4921234947436295,3.316990696661494,3.310629780970785,9.309560637448811,4,1.0690252839230454,4.735006040739336,4.76283140142083,14.431322282701565,4.6334840336996415,7.4351087280313095,19.51129914799168,14,0
2,2022-12-01,MC,6.0,5.9757246692119645,3.3419310396076956,2.7581779596152973,19.507523065861072,6,2.366084003288291,7.370337744425348,5.294093836713133,16.801589089137664,4.4182631521777935,4.436895463369632,71.50379433900093,12,1
2,2022-12-02,MC,3.3322437300088827,3.2031721772606727,4.527674506837867,3.9632682396244583,26.001241377187434,5,3.0754494854854286,6.7263412016377835,2.5724763798386543,19.984200289481457,0.6955699627175651,9.489458700746807,70.46565662419972,11,1
2,2022-12-03,MC,2.2285289261572556,3.586011176692466,5.528289775106552,3.9415658248744654,13.578900214620171,5,2.791938249524153,0.9746686462537688,2.423067603761258,17.392138974012017,5.285352720767115,7.981268048859933,10.0,14,0
2,2022-12-04,MC,5.083379634516439,4.6753935301809575,5.528289775106552,3.425052989802807,13.186288958710236,4,3.1791949681794276,3.6136708889976834,4.358088166768576,16.29715262311377,2.0068576159582974,6.078631123907471,70.98668641232615,12,1
2,2022-12-05,MC,4.229686349576877,6.0,4.713377596971222,3.04192235139758,10.91979737959501,5,3.2654835109015883,7.267622896275364,6.780582053203865,13.941589649115329,5.2107201596030155,3.747403754413669,71.98056352175556,10,1
2,2022-12-06,MC,5.284636715013461,5.846817917942007,4.396314838050261,3.9955111231082783,8.740940242875425,3,3.8884502284080633,8.156242268983075,6.071628852193975,16.89943314460332,3.1127108266864982,0.9749106717809108,66.65834550103523,9,0
2,2022-12-07,MC,4.485055834096815,4.939037885717788,4.093304798743392,3.8178949724361826,16.34425178861414,6,1.0787833851018833,3.737953387386327,6.260272083722872,14.806596661409703,5.1804384943933135,9.812241370874743,50.81073231781187,10,1
2,2022-12-08,MC,5.505210377821995,2.1122721961810105,3.7093253352990265,1.5621420038373308,22.018655584616276,6,2.327753817363875,1.9439929525091006,5.6439645874235165,11.417942966034781,4.919725437550967,5.145808639424072,46.915775410027464,12,0
2,2022-12-09,MC,4.031644519991439,5.546761793435595,5.164469925400713,3.721931230027011,5.2430992580914975,5,4.146125547637902,4.881492897555458,4.117747796112239,11.374945677399369,6.11722094637487,5.538212470176682,64.09977547608534,9,1
2,2022-12-10,MC,6.0,3.023766972257249,4.214621776401016,2.2175186327397807,21.819781832460055,5,2.256101096318298,4.670021444764234,4.8995632628153185,18.27538676836413,2.9856254669589566,5.175345463583237,41.53673106771073,9,0
2,2022-12-11,MC,3.7281490311443797,4.278003420125393,5.528289775106552,3.8373777050536244,13.002865028167733,5,4.911881889866924,4.180456939875526,5.3858513316273156,17.15642610124044,2.7465313748891913,9.812241370874743,44.728309352435744,10,0
2,2022-12-12,MC,2.632571941581504,5.9593922442242935,0.8382919675044245,2.3212726320600527,6.979380376730726,4,2.6408913273282457,2.7933527444131765,5.253716964205508,12.755611664464007,3.544934559477095,4.673554553489026,11.162917417226968,8,0
2,2022-12-13,MC,4.162585694141295,4.626579491328931,3.84150044161968,2.5108685757827724,4.647484626558755,5,3.153486232763295,5.064510619735581,6.295624642546373,14.089633196406737,4.917240853381369,1.9827542447635547,62.258048098269185,10,0
2,2022-12-14,MC,4.092999955764716,3.437391403297521,5.144015251586101,4.981909525285795,9.799498353326328,6,2.707131219988489,4.3495610950619294,5.6068713600043,17.177278952458387,3.4743477684141633,3.1219529774439936,47.80917921071304,13,0
2,2022-12-15,MC,6.0,5.2006236776834776,3.9073361463506426,3.0411321251068184,14.90762133139591,3,1.7965946306738354,4.623981954599961,5.173451218888029,16.34309096719583,1.5839585791039523,6.077524264703566,48.29483862893622,14,1
2,2022-12-16,MC,3.385129916366819,5.340532097305749,2.6057825250777404,4.826832756452687,12.424949984868388,4,2.7507297272454805,7.192349965200695,6.67818773040488,14.562043402086127,2.2198482874480843,3.4357904274686,65.92359581027917,9,0
2,2022-12-17,MC,5.723206244619062,6.0,5.335661521926721,3.1898779130262236,12.485207862897537,3,1.3508557625020692,2.157559241626642,5.287769217777928,17.223445972419523,6.180550547333556,1.0414458025829267,39.41911548747109,5,1
2,2022-12-18,MC,2.958122388292539,2.810839131421339,3.9185020561634207,3.0776194214373414,26.001241377187434,3,3.3678717756708747,2.47818338633797,5.4765277045741865,18.17745191572568,6.070364810840869,1.594049404630232,12.910464635919565,8,0
2,2022-12-19,MC,5.019464203442292,4.359837664374215,2.541280864692829,4.888257802420027,13.971989352969421,5,3.0034790051020033,4.547661499724884,3.986143940924374,13.274598753996957,2.1460511542138145,2.658623680948456,70.00842924742952,8,1
2,2022-12-20,MC,6.0,5.383134111760349,3.2880042768403364,1.9597236802305826,17.33877566381817,6,3.0992563273090568,8.160538535100471,4.0388511862511685,16.360192750166764,3.6333980133174952,5.068331239589518,58.872243720263036,8,0
2,2022-12-21,MC,4.638900097662312,6.0,2.9240295018835907,3.71837024903468,12.309315292806302,5,3.02610758183643,4.189614898166018,5.591705452718365,18.53331780322921,2.6810614697966106,4.768529166943641,53.611353249068344,10,0
2,2022-12-22,MC,3.237133767138572,3.4287548815361095,4.981510325120002,3.3753243290669515,14.805516499518168,6,2.4938487212945644,3.4527181253669834,2.9299767922052666,16.237978812333825,4.421164844190357,3.770778583967658,11.281286852179061,14,0
2,2022-12-23,MC,2.8286002729824076,4.040850063230919,5.528289775106552,6.0,12.624271747532847,1,5.062205433232155,4.493673693898513,4.315301996452478,16.41111085403301,4.302125652242871,7.452263365484435,55.1271851053225,9,0
2,2022-12-24,MC,4.808186023724403,5.041101360022564,4.762687666070477,4.347654406049723,6.556824242662799,4,3.421103250080245,2.1219168123368197,4.496595023025963,18.394929467663992,3.7512417753898486,7.903852003817331,73.05063761134998,8,1
2,2022-12-25,MC,3.96188779402522,5.0160443916309125,3.5406304777840303,2.4135719090853325,11.000725939523466,6,3.0344518401637663,4.101064710770546,3.9396088177016564,20.0,3.7043235158953145,7.3348463422374675,52.444087109638744,13,0
2,2022-12-26,MC,2.429352986546768,3.5160130529796474,4.861312511562705,2.63731575185661,26.001241377187434,3,2.2866648372968887,4.706493891303074,5.580430154192602,13.53547563955965,4.8919594711400975,9.812241370874743,55.52806809617877,9,0
2,2022-12-27,MC,4.569971971415786,5.0636261527724304,4.3418314600537515,2.297179476710126,16.228182916609967,4,3.2246704010033036,5.886490300350186,5.4626614895631285,12.701660430591392,2.4923691130949353,8.379651168795188,91.85843204553157,10,1
2,2022-12-28,MC,5.288088481936675,1.2686134434862502,4.741050913583805,2.5787354396697735,12.141098101841772,5,1.298625875820679,3.545200915911209,5.398206765125469,13.945244550547828,1.5043650712374146,8.153601160622905,71.24540043121323,10,1
2,2022-12-29,MC,4.7424568302826895,3.879294945259534,5.231199969222914,3.422763365504987,10.241398114717075,5,3.147534214858678,3.863183499666037,3.834210644326156,19.322468571474232,4.585640676878798,2.4725733108811805,52.749913405522406,13,1
2,2022-12-30,MC,3.103800940498306,4.4434671171028315,5.045801730921904,2.8886764211043934,11.381370956773342,5,2.6887201301087598,3.298839033684971,5.423657773371758,16.531492862219643,6.7213320800046255,3.8537372625646,66.39021421730604,11,1
2,2022-12-31,MC,3.97795652714789,6.0,5.355018053941409,1.8377610455373834,19.162692326899528,5,2.67206117295132,5.140704608708115,6.119473409563269,11.938899595845244,1.0853495036139948,9.51634717503916,46.900369977978684,12,0
2,2023-01-01,MC,6.0,5.210124384572704,4.329344677113462,3.3349280621318353,20.531490303790548,3,3.234293797194191,3.053125846196129,3.880344403674404,15.901007235847532,2.336187508119321,3.487908863938195,42.047094971649955,14,1
2,2023-01-02,MC,3.133712051393334,6.0,1.9012413568840658,3.6641310392579545,10.48373301551392,3,2.6491545524579054,6.715321806287697,4.632080724808125,9.331078581634006,3.7417390824633134,6.221556975638373,88.90607850747739,12,1
2,2023-01-03,MC,6.0,1.8643666722710732,3.5903176219808532,1.9452169883889416,18.233818286019808,2,2.9396235097232664,7.41691262691438,5.587463355263437,14.88077051367446,2.685251725893724,6.85531700705068,48.88785111336521,14,0
2,2023-01-04,MC,4.925874770119812,4.266656880846872,4.805911965116419,1.8373087018195806,21.197741431137864,5,1.196695465475897,4.917500611505076,6.8169847821292295,15.447764405178937,4.946839903549745,7.97817831779116,18.81835314957374,11,0
2,2023-01-05,MC,5.919473934045736,3.2671503076988904,5.070005711423807,3.2579326157032855,19.54121677458935,6,1.6999986303617005,3.8839760411240487,4.775981018508079,14.268902115160078,3.8885568846917398,6.265280588894825,42.07713339685828,14,0
2,2023-01-06,MC,6.0,5.926358478988327,3.9263557520220584,4.303652130894748,25.36517996752388,3,2.290820199685805,4.061880955590423,5.850450313815285,18.87147841081001,6.411202446994386,1.7399262979921115,58.859580679885354,9,1
2,2023-01-07,MC,3.8339242888427982,6.0,4.131705591104499,3.272920215363938,8.044064871897934,5,1.2059265095771132,5.440840199467937,3.622906887243118,13.512994281114585,2.180001392993967,8.773959485974824,51.69641644859788,13,1
2,2023-01-08,MC,5.305258688742397,4.449249096077059,5.358910415389629,5.159197674806973,11.041930010152193,5,1.422172822049885,4.06478920435122,5.935413338675723,16.143865850432956,4.924845401324191,2.3961730940285975,39.806370015898594,6,0
2,2023-01-09,MC,5.54104981012287,5.907350284019022,3.8851484205481857,1.9000740937617742,20.544085651539334,4,2.405622685861122,3.1000523115198475,3.2990968120624977,11.653464871039311,5.148275403362166,4.926794081765396,34.062141049273485,9,0
2,2023-01-10,MC,4.726725299506985,6.0,2.004713453288082,4.781563826526577,13.233901879097598,3,2.310869794997975,7.441118795709107,5.457315302938186,16.811894960739874,1.7828970909037918,6.961746612209607,48.177208996567586,12,0
2,2023-01-11,MC,3.3329141151446313,6.0,3.9532280960336847,3.2442862682874933,11.367097433489269,4,2.9929478222167094,4.662638206611199,5.210293362899315,14.281880525068699,2.2489780105618395,2.161068465756082,77.66341705515924,11,1
2,2023-01-12,MC,4.662671444134548,3.1067399187215123,4.093058723989172,4.987275839644514,21.31219890856527,4,3.7559540787513677,4.379440686492903,6.615943647993245,9.884004222833141,4.275350019324628,3.72719091843999,66.50157745336976,6,0
2,2023-01-13,MC,3.713308136821681,4.061981388225356,3.401696255066834,3.327248449334229,22.091915318565725,5,3.422795702225528,1.8123904496381753,5.997247498758404,13.522639097185527,0.6955699627175651,5.655867326306601,37.47670508459997,9,0
2,2023-01-14,MC,5.007611323539077,5.284240102834181,3.4069622750545485,4.105791475020091,20.905601732249032,4,3.2615581894251413,3.8969952340165808,5.248955828027427,14.647750287029035,3.5085518128350293,2.4885451359711035,22.582484732398974,11,0
2,2023-01-15,MC,5.591842495454813,4.059827843572009,4.371803433941483,4.23840422376879,19.570996440367082,6,3.8640931206869644,1.7042048515772235,6.170153825575211,10.028583105545053,2.3170291061622583,7.662297138887306,89.1603383555049,8,1
2,2023-01-16,MC,5.139130750943043,4.569005868001609,3.592423654779289,2.4274141310548822,23.477812973931815,5,2.55221084700536,5.007431768975301,6.813435594079222,17.77698422019037,3.465611288647676,4.003751253093909,23.892532540055242,14,0
2,2023-01-17,MC,4.902505880726548,6.0,3.3217750654458706,4.604108129273451,15.545158129446168,3,2.1612765299787573,6.4735391998044,5.143053432767863,19.422576980392744,3.7979076672255543,6.334929350199571,82.63904392090974,12,1
2,2023-01-18,MC,5.611121090025851,4.0318284026723745,4.84906619992335,2.8517250084186765,17.369739066878864,4,1.7770628487181301,1.0742245063902338,5.7960900072685035,16.935889262171315,4.431694906785594,8.046471562761226,50.93022664274803,8,1
2,2023-01-19,MC,3.6736698871275166,5.566411001839725,3.717690276736001,2.034468347513134,13.424416345592771,5,3.771530632164881,5.242433457621715,5.0856518142585445,15.699087527540943,1.93276354763998,4.749093758984662,62.3090667427265,10,0
2,2023-01-20,MC,3.786970345543688,2.862105147730958,3.076423125981964,3.317241976490635,8.726458887465116,2,1.9176555921509182,1.7972003690821277,4.682139265838668,11.446880441473319,0.6955699627175651,2.4359287430716483,32.98860210345282,14,0
2,2023-01-21,MC,2.806450762957052,2.352646174717211,4.924653858240175,3.7588585339507756,11.140027222394501,5,1.254656859623407,2.100992607949756,5.099207861186611,14.118688168250364,5.037448344293171,5.854906334276419,52.67968066057571,10,1
2,2023-01-22,MC,3.8890120712297156,3.278811477206949,4.816811173512523,3.409737240615383,16.277511878661997,4,1.640630321056145,5.287875060510741,4.963477658506703,16.26833836434454,5.678859496912571,2.30054398703467,16.84683810895125,13,0
2,2023-01-23,MC,4.278375168777123,2.5525536365636823,4.662814873200029,1.5829642207071497,7.8991308231923325,5,3.4332148065934076,1.6500593394986869,5.7471708449993635,9.273376383610591,4.340688580455431,9.812241370874743,25.71032200361787,13,0
2,2023-01-24,MC,4.639075091535475,3.662700997306388,4.819129167517461,3.4888639032548676,22.765968295314487,7,1.1904849914846136,6.926113299111451,6.745649115306453,13.349250106417506,7.018925041006292,2.765349213048009,59.361216386413126,9,0
2,2023-01-25,MC,6.0,6.0,5.14931019846882,4.019335586492978,11.306740272160525,3,2.3494693968103095,5.065014492468736,4.802040626493649,9.950460933187532,1.6440058980778556,8.392627701936348,60.83835259771599,13,1
2,2023-01-26,MC,4.682760207431621,4.866033933068456,5.528289775106552,2.1784857096559698,26.001241377187434,6,3.064966890934294,9.416457236618628,5.9885440235691,13.276143885486407,3.0057615318141173,5.800630638766169,58.80225599361572,9,0
2,2023-01-27,MC,4.103298586557426,5.08043315703822,0.8186935189935332,3.321221975453153,11.192143073958471,5,2.074448093541941,6.7928066860337735,7.29728205599897,10.290219755381244,7.24414999459076,4.574091826090197,43.587439110665706,14,0
2,2023-01-28,MC,4.13747464992838,1.5491077321254965,4.193409242178905,4.606265269777777,20.16752879922605,4,3.27885019835161,4.920238818308455,4.954076998443619,18.052270238588775,4.892222296260139,4.564333861603302,17.063269325464077,12,0
2,2023-01-29,MC,4.936680630334854,5.121976792624032,4.7637230083129545,3.626712287976412,17.65299812817097,4,3.322347703873489,6.719874460863357,5.00985927562379,18.453271658976302,4.726015128411702,3.5640438764915245,47.22356935527998,5,0
2,2023-01-30,MC,0.8839406742500677,3.1372913516480745,3.7725432204706815,4.921384860117708,18.087415097587478,5,2.662314001221358,6.462765199133417,5.61418898902185,17.12186147302573,2.7497944345998704,3.7334741614872415,13.819734084300539,11,0
2,2023-01-31,MC,4.5155575256529765,6.0,3.805385487175919,2.957522477687048,14.839200050313906,5,2.012615266874989,8.327997902853586,4.818086634019317,11.293141573233319,0.6955699627175651,1.9975662816286892,78.47605583219992,10,1
2,2023-02-01,MC,6.0,3.912960233562585,3.5988946448979937,4.951868609322591,20.138910467479583,2,1.0790416384159482,4.5329663108069695,3.8420921188299877,16.31964150794604,3.3713712395426567,8.550556796500224,38.11864545094252,9,0
2,2023-02-02,MC,3.719543203478034,5.806552278328973,5.528289775106552,5.416375298754477,15.932394274145215,3,4.321457341815095,5.862088256620824,4.955857647966125,13.94585449597944,1.3575153619833915,4.412270361325306,49.129986911241424,14,0
2,2023-02-03,MC,4.06760917491026,3.4724030757825726,5.528289775106552,1.452367434647246,17.96183583612993,6,2.264917682443485,2.6209893597892195,5.7220589887921385,9.991481667358192,2.5502503685445856,8.459767963655354,51.87298832331559,14,0
2,2023-02-04,MC,3.227403552826576,3.468057999419682,4.133924752342337,1.5564396278374644,11.355332602304223,6,2.345018372096557,2.318242534578081,4.270120052732261,10.196826057603445,2.8609597111239617,4.404671245962239,32.88543367131476,14,0
2,2023-02-05,MC,3.9224193962276384,4.154816035933914,5.3660608585813705,3.4530350954145046,20.702674646412035,5,2.56012384409763,2.3260177718335324,3.8979874769446305,17.189640319540025,5.2554543704119085,5.662403998943974,43.819260946711275,10,1
2,2023-02-06,MC,5.333896725099926,4.827632305570674,4.7646200010941735,3.2227917033458806,22.650605343859574,1,2.594808085460544,3.327599168973575,4.756982790288289,15.86923799885564,5.537302665511994,4.936870492978029,58.192992855730836,11,1
2,2023-02-07,MC,3.0289810677474702,1.8813797231934426,5.528289775106552,3.1966008999964965,14.570935962887722,5,2.898894571591449,1.4694390794368195,5.166982696897355,13.491597832991383,4.102291511430634,7.201392130254819,17.745067100542062,14,0
2,2023-02-08,MC,4.563201337380008,1.968744420460225,2.982628048483489,1.452367434647246,12.334635490155899,4,3.563684615182518,4.573574153570165,5.785767580643198,10.583852032953883,3.9851794323052587,4.565208484645322,78.97651377787498,10,0
2,2023-02-09,MC,4.370043056937982,5.701541430870291,2.5773609771365535,2.894667988369439,17.909742776064657,5,3.5368366611607924,7.292174896265772,5.37781087373949,18.500384195420168,2.508108384147467,2.6355940400394906,38.43241876863129,14,0
2,2023-02-10,MC,4.755252765611047,2.659610824071793,3.7350047360308114,3.5613397805280775,20.035973129819233,7,2.0949952435055263,3.3701574011757227,2.9438062113404873,12.429262903448718,4.007347419861389,2.8659475074782437,65.97374544729993,11,1
2,2023-02-11,MC,4.753461407925964,4.8693140520379155,5.520578268725854,3.1876804012272313,19.72220425672546,4,3.1902675531725984,8.016649759318215,6.695814952281728,16.591655770696285,3.628923532183998,4.712171272090388,31.94072464221084,14,0
2,2023-02-12,MC,3.7025035444541734,4.739469388822219,4.6174496948210475,2.548258061390259,16.22647089406266,5,3.9888851483749552,6.965069292643505,4.605226496586786,19.1288322805944,3.1317776179521446,7.84099771586787,74.50568252105164,9,1
2,2023-02-13,MC,5.385220880666027,5.348880373274903,4.687123488423994,4.188769457111715,20.14145117052714,6,2.989307134154155,4.598622747881306,5.602812022223987,19.37504071662711,2.2176870016060395,4.702366408460245,63.81087697389702,10,1
2,2023-02-14,MC,2.9025847976124695,4.0958549749445545,4.5059808977428855,1.6027848707941583,21.237114486690633,4,3.2302382825058635,4.8671742816047985,4.6202306566217715,9.637625407193903,4.422199363087565,4.408137000689151,14.955639858894124,9,0
2,2023-02-15,MC,5.4714987476112915,5.914782999669844,3.3691356700459254,4.045933631704223,15.58008116099638,5,3.442467211299798,4.214312025363635,6.242123959572903,15.96275759703788,0.6955699627175651,8.81780505591293,46.52255000864322,9,0
2,2023-02-16,MC,3.389024371049247,5.214965760931831,3.475670243669808,2.5939783605282285,12.5050181279035,5,3.2838458454295907,8.468533168508841,4.533979157219185,12.311177475293526,2.7290714431589094,6.041343765471339,71.14880567372096,12,0
2,2023-02-17,MC,6.0,1.876901905762941,3.60137210662836,3.6771329856761685,22.933592932471072,4,3.0550664017853424,6.053512956053459,4.594405098823484,18.368787660173247,6.965561728723248,3.262519740986205,58.36199441251236,14,0
2,2023-02-18,MC,5.1255142409710235,6.0,5.528289775106552,5.266401303651387,9.756350372153939,5,3.332747734605986,8.392026042676292,6.179448679518001,11.90449099807391,5.4876338952593455,6.267331734916638,20.691883343628934,12,0
2,2023-02-19,MC,0.6801399765529292,5.642242934291172,4.577668646727343,3.6198220541286297,3.6969377494861515,8,3.298718935738858,3.591064621537162,4.9338635098986385,12.475920692740468,5.2327340086834715,4.892638899430827,35.384880375183855,14,0
2,2023-02-20,MC,4.789472994229229,6.0,2.088389517304189,2.8029748437115103,14.52824249344642,3,3.5091467187877283,2.82013569062251,7.152855943848673,8.063245776840485,4.571382518803391,2.6998931993554014,98.40787822981213,5,1
2,2023-02-21,MC,6.0,5.107969720898602,2.4354930790215352,4.036781807103871,14.028516585348985,4,3.673623534328181,3.9654266876960476,5.514667858040506,14.555946919008344,4.828673675779063,4.670769329147014,36.91336142698706,11,0
2,2023-02-22,MC,4.482280004594744,6.0,3.7241394898112667,3.5016800903008334,9.46683246859269,4,1.4226038848074318,5.374957206561835,5.34621648859155,13.04253798910179,0.9012387860936562,9.251884561528376,44.48118290303822,12,0
2,2023-02-23,MC,2.8952671113089656,5.82065052620589,5.528289775106552,4.77350564036076,17.599011583665366,3,3.938632891471053,7.629327109636367,5.627063450938139,18.47602242175494,3.309364910745242,7.476598969647268,47.386807155620076,13,0
2,2023-02-24,MC,4.946765492571206,4.740785637504172,3.8319623700027576,2.988473515224034,15.622054939922958,4,3.0657549068856884,7.258461926392319,3.7252395807723695,7.999531052515486,0.7908503211856743,4.959720583200324,64.54615192509232,12,1
2,2023-02-25,MC,5.285527428756208,6.0,4.277481057498747,1.8916508126759197,20.862298489605685,2,0.20850857941439727,6.765151572669834,5.521985099598167,17.172678877534583,7.061690561740262,3.451566374078532,12.686232145683778,8,0
2,2023-02-26,MC,5.705229802724457,5.418977770571893,3.641712178973598,1.894575920698209,17.36524842855754,4,2.3168371474915865,6.5159291333505776,4.774183723667556,17.277782149395307,3.8017287881180994,3.6872206589947276,77.43350335807187,12,1
2,2023-02-27,MC,3.9369958259565645,5.671350446474536,5.097119290538405,4.633361318424989,14.260937276155541,3,5.454394904751248,1.690248383906678,4.49097251711608,17.868685744526278,2.436716675788993,8.145344054593663,16.892236466467985,14,0
2,2023-02-28,MC,5.259002563085792,1.135273288031918,3.706438430336512,3.00790109186641,13.716325483882692,5,4.116526841635033,5.87417178355289,5.712401301603912,9.330309343318575,4.8579156369512955,5.875669482713398,49.02169252799453,12,0
2,2023-03-01,MC,5.196294422580874,5.1074228921510905,4.140655563440459,1.5524592912378166,13.294420223262112,3,1.6858157041483266,7.105445380979672,7.18204475442582,8.172964741466693,2.348189641290343,3.9233829879392736,116.10545079801888,7,1
2,2023-03-02,MC,5.532727214701473,6.0,3.50998414990375,1.699503772834524,8.984572344569695,6,3.3728473652925146,6.641210461535986,5.438053660466643,19.039656764246896,2.451534630297838,3.893587702325599,24.818813302353114,8,0
2,2023-03-03,MC,4.210350084430847,4.93446998137885,4.001805241410872,3.3339137293838297,17.053855265142957,5,3.5547896773004215,3.4520831564838366,4.0951748667800985,13.783845439724788,4.422263082679471,6.526650569942833,56.30170703881597,8,1
2,2023-03-04,MC,6.0,5.618213102781211,3.980833330065499,4.178061285403716,14.3674814317807,4,1.2482484043752655,5.299412582738956,5.742756231759044,12.362936833193253,4.4084335578120575,8.54450092163857,33.383169051974846,12,0
2,2023-03-05,MC,6.0,4.407208234064405,3.8696652377421166,3.6511563304986394,13.272315019359928,6,2.4079339144917915,6.154395515900176,6.9343306186360145,15.607322260447408,5.310024888402771,7.797910149748182,40.09952175800646,14,0
2,2023-03-06,MC,3.329387250529848,2.9516799814630397,5.412474465396151,3.979435242757507,18.366693978784603,5,3.1871444958426967,6.034689474984213,5.398165439664415,14.82319546657375,1.8398884904468575,3.1987270963745726,52.851271820284154,11,0
2,2023-03-07,MC,4.711109040151165,3.1520256028621425,2.296174793150258,1.452367434647246,25.066916993008178,6,3.1633341070501766,8.111727919795744,5.809085928118221,14.953355420865176,5.359777285250891,3.4042650259606457,57.3553318625892,12,0
2,2023-03-08,MC,5.485379624879861,5.2365768804399515,4.598802819903954,1.940601533838382,12.2794848912018,2,4.36842953760552,6.243931876333982,5.570697498475609,17.282292816247114,1.0385192996106438,2.9503343313924697,96.07782096703941,11,1
2,2023-03-09,MC,3.6664430509794634,4.569669735514734,4.895684095395489,3.8400596795536726,19.868311997670077,7,2.4003522108140225,9.9241039483388,4.562955526179976,13.584633882441015,1.0116723960484917,9.018381267943859,45.058369301171986,13,0
2,2023-03-10,MC,3.8637499254290377,4.542064473521389,4.833555662388056,4.0778991685463275,18.408020446057186,6,2.033361525733257,3.4755624592330276,5.156691537025886,16.804808661734135,4.008242938055864,9.812241370874743,33.70350556176871,11,0
2,2023-03-11,MC,4.129006364674822,5.469894142839458,3.658745941162766,2.1846009033202725,15.897822732180309,5,1.8628796158703549,4.585935711820992,2.786558812814641,12.585399187797162,3.394734992595593,2.5174519286869943,71.13023849154877,14,1
2,2023-03-12,MC,4.656526550134522,4.6633701625930915,4.202690096550519,2.46506184153949,10.274872333794715,5,2.7905916563119564,4.393848732488981,4.5371707016579395,14.06823445024929,1.8999181647427497,7.14486109845221,82.34045857220767,9,1
2,2023-03-13,MC,4.333951454604633,2.2367904314426994,5.528289775106552,1.452367434647246,23.56620570562992,6,2.3900941995507976,8.103863115170492,6.67355385954265,16.9113802208616,1.5820939799555647,2.381483709843131,47.250276852170764,14,0
2,2023-03-14,MC,5.212122799978781,5.744018396596857,4.338537770692535,2.9377556244494403,13.174807802288013,4,1.149924814359109,5.891063556125455,4.4399926730466275,15.039737949175846,1.4713264515279585,5.253863129843129,51.42690678195009,14,1
2,2023-03-15,MC,3.514107878489086,6.0,5.528289775106552,3.675294155618226,10.861307011559168,4,1.4599843741754377,7.588381308948592,4.944943781439837,19.746385167568242,5.733291312687109,4.573829705889603,34.71548225587307,13,0
2,2023-03-16,MC,4.191188648022623,6.0,4.5807272927240685,3.6766935528054883,13.722644303893116,4,2.4243007077592518,4.0954854595170085,6.0703083073176085,14.080825285741378,7.270274846737815,3.2213043389675504,54.394116652217306,13,1
2,2023-03-17,MC,5.9437204258078395,4.558161224159534,3.6080095465741158,1.927168978253387,8.06425603079629,5,3.093442225944347,4.30134739346396,5.0678226181778285,14.137328374745385,2.644938047643315,5.171823278454264,87.74170080994017,8,1
2,2023-03-18,MC,4.716953393737071,5.038366688703884,2.069301468241109,2.910093419542645,15.612278326959885,5,2.896698059364075,7.764672508060895,5.996124789507879,14.222315564364493,3.457422732310124,1.0216190200079396,53.38744450439499,14,0
2,2023-03-19,MC,3.251354464352243,5.1205397354820965,4.336332049511995,4.039007305279566,15.52769001480084,3,1.8373082250551138,6.640996556436909,4.728498019274949,18.111022902043906,1.9149235731187528,5.192452753714832,46.733292926402015,13,0
2,2023-03-20,MC,4.588705685367986,5.300564361812346,4.220134829573523,2.2778440336882526,5.590415499571846,4,3.304473376500274,4.387262415410956,5.773672489273916,13.163353794221294,6.228157202234812,2.6477807854904025,77.632788977156,9,1
2,2023-03-21,MC,6.0,3.610767209239386,2.521953653869806,1.452367434647246,26.001241377187434,5,2.9520317613106717,5.356625313900728,4.219924580893656,18.333210228444187,4.508495701508622,8.529622674218261,42.00404831285029,14,0
2,2023-03-22,MC,4.315179955137099,4.57480159787927,4.659079995613897,3.086074969654186,16.5303543479956,4,1.2915065205561442,1.669523027196177,6.958155327733337,16.0761989854403,4.792679553692555,0.12346722633439677,32.522532436569676,10,0
2,2023-03-23,MC,4.4823718980001335,5.239028845713951,2.687473845335753,4.119266535146364,26.001241377187434,4,3.8341584955780976,6.8182683397374815,6.5444956301324035,14.980211464805855,7.6167082984741405,6.372537180477692,75.7045638401772,9,0
2,2023-03-24,MC,4.919970096292461,4.805290356635246,5.1157482910290355,2.8849007826421706,20.659497312585174,7,1.808874775216188,6.187684290429923,3.596097074894237,13.650091981046982,2.8340393275690294,5.716074015239377,50.18981454091411,14,1
2,2023-03-25,MC,3.351119749052015,5.448725468693013,3.099124673071968,4.1573887447481725,10.285894633059101,5,3.2465877942328882,3.928293665567326,3.7784201997832576,13.167473005760707,6.766444516325446,7.416907947139903,22.693836276744413,8,0
2,2023-03-26,MC,2.672478881610876,4.346030152430316,5.528289775106552,2.941398794806274,22.50626799066687,6,4.396100272438503,1.7903989844134276,6.237789380136455,10.979367140557649,2.6897578114142418,3.3672701058026293,62.126800410768766,9,1
2,2023-03-27,MC,5.1600265087814545,5.049874163212578,4.32597927952942,1.452367434647246,19.64127835212166,5,2.793753546392475,4.530010296764059,5.884880642192001,13.01436292282993,6.315142358057119,5.678228768837851,10.0,14,0
2,2023-03-28,MC,6.0,4.187218219536907,3.9744238776024012,4.869486190020773,18.580253256938423,5,3.519499317931663,7.453777946110747,5.834758442184387,11.908549534940136,5.4898191899744795,7.367200924598066,93.47043798223595,5,1
2,2023-03-29,MC,6.0,1.5983712795683531,4.54553026074484,1.7517483918019428,18.869537455103067,5,2.6023620968771075,4.100485401189021,5.6829391307179495,18.190703309424435,0.9023735221209961,6.4569868124602285,39.01791562247551,8,0
2,2023-03-30,MC,6.0,5.08647518979306,4.655165291079163,2.2798794903817976,20.023695249771837,5,2.6277471682568723,4.940173957125341,5.539061892481716,16.42210247000588,4.694497572318516,5.259830374834446,62.712686473872836,8,1
2,2023-03-31,MC,6.0,5.174223589829494,5.4681522550234805,2.6280111928428385,15.845095008971162,4,3.8905063740260286,4.791097286892882,4.744537307075975,16.395423984725696,2.7712247039398643,2.830565506384599,63.37073793832476,14,1
2,2023-04-01,MC,4.968681385060442,3.8479889068363162,4.937560917770246,1.7999878240769362,25.291666951979145,5,2.041182156705087,5.243497291525303,2.5064719314248105,15.495628041037964,1.8319314843111925,7.824682755568981,97.14038763512579,11,1
2,2023-04-02,MC,6.0,3.424705531449083,3.875163675221808,4.774627123319227,16.88265558641244,5,1.7461006349559933,2.7782361344150552,5.428860930471973,13.514555460904512,3.7382603177514486,2.960706766615016,26.853403407360677,9,0
2,2023-04-03,MC,4.553565719220618,2.230554489915529,4.698951168034136,1.4939032889243493,10.186474791838233,5,4.344392160673146,2.5659996182176146,3.922427592624784,16.92556051059462,2.1840563375379265,3.665782899778224,62.963855872414264,9,0
2,2023-04-04,MC,4.594133450439685,4.470228070725164,5.435919598792628,1.7331398139938081,6.432633353962006,4,2.710485905613011,6.048294741876609,3.8665777127111944,15.736231829568592,1.4154008162718923,4.175169891275885,41.072289905029315,12,0
2,2023-04-05,MC,3.223238172590539,5.3055456697619245,4.042664787411945,1.452367434647246,14.461960092433419,5,2.9780424591085635,1.9815953575388017,3.9123503031070817,11.45100214201558,2.7439482635616232,6.6480226099769455,61.445984318849014,9,1
2,2023-04-06,MC,4.937176289590695,5.4564483954097005,1.9149916608210826,1.452367434647246,23.217030629444263,3,2.7216342480809783,6.162638912409907,5.9620635364986425,19.18676870487051,1.9990742794711411,9.566976547398205,101.62246551534675,5,1
2,2023-04-07,MC,4.333680223802983,3.4086329373704896,4.598019369521916,2.9265997335237532,21.02853096293541,5,4.0960112533869175,6.1549058283563784,4.810338181288487,15.375332402595118,2.411969579121404,4.9083985299379655,86.48994272199377,13,1
2,2023-04-08,MC,3.5662608879218145,3.7619482261817456,4.059851633093124,1.9728942294025986,19.14213194317847,5,2.64924931378669,5.914956596714548,6.192280377678342,12.813707015433609,2.209500153832693,4.44775643492128,29.62057902056799,9,0
2,2023-04-09,MC,5.265817233882897,5.749438172500858,2.8252828693044956,3.7514726552467192,12.144989428384589,4,2.2842504366562104,2.1812538620252218,6.001776174826203,15.889535931615272,3.099399357761585,9.812241370874743,49.68233134286797,11,1
2,2023-04-10,MC,5.037357687339574,3.817838287835432,1.1931548815621624,3.6307283841375857,24.591621095542518,4,2.1865161218817515,5.110694025334188,7.257189293604487,17.41076935851757,2.9287882086170143,3.346065991590125,48.19503209966235,10,0
2,2023-04-11,MC,4.9739460483467335,4.343268385146169,5.437601070609654,2.167208899619413,12.562774446609332,4,3.6321644569650062,4.484212227657803,4.115331579430614,13.238412932408346,0.6955699627175651,9.404087178742586,26.31488367664804,14,0
2,2023-04-12,MC,3.9625510121557195,3.771980889094689,5.110893437095487,3.549526184463567,20.715419459133045,6,1.7701705570255166,2.6098362403332245,4.639613299851574,18.201639105792964,2.911335836323383,6.811874882414817,10.98334449248908,14,0
2,2023-04-13,MC,4.994075100595659,4.9323554688504805,3.3268089054588503,5.8421231425152325,17.369665529189476,6,2.719606484027741,1.4452462457982012,5.637342840146701,16.531532148033385,4.58721943101426,6.9941083297828275,74.85265625096953,3,1
2,2023-04-14,MC,4.220346897728359,5.04260142927256,3.752331415042568,4.093674886612922,14.022682104897433,4,3.171965647818602,3.588922928967105,4.779794675706031,10.69795068068828,4.396334064985393,5.902021020068497,20.277437871679627,8,0
2,2023-04-15,MC,5.108988704949931,6.0,5.0852165093289585,5.312869661975662,16.072642475554424,4,1.9471908518971475,7.109445784784363,4.389029395950111,16.109373306768717,2.0329715070994463,2.283846862625384,48.557390994348644,11,1
2,2023-04-16,MC,5.423528093548934,4.33515749495115,3.458620686293042,5.230310054254968,10.434053450906294,5,2.229128993184934,7.4068087914122875,5.227040706950867,7.211257909061082,2.635095625150532,5.893592496859133,94.70923943154004,12,1
2,2023-04-17,MC,2.73377861367315,5.374473808072448,4.216596254092701,2.1122300501539373,20.22956341126458,5,3.2968934159734564,1.2656184860895814,6.007844617631733,17.61003344616699,3.2665424219575487,3.0613289704123967,25.397470297804283,9,0
2,2023-04-18,MC,3.3252631718583703,4.655073536750653,3.4536119467851645,4.464147219176171,17.26599435738394,6,1.5076007218896907,4.708048712534104,5.7064490887290855,17.555325313109048,2.1826314074062374,3.592985651651134,89.62441683250952,7,1
2,2023-04-19,MC,6.0,5.044728225585471,5.528289775106552,2.2925644723424066,15.138449656707424,4,1.4374428782696291,3.2629735134000906,6.321556578201104,13.287073413050175,2.1470373991168263,6.196210944348197,42.16841719712373,11,0
2,2023-04-20,MC,4.789013200675992,2.8873207243281236,4.1320325841918715,3.5241711215943594,13.634834988847773,5,0.5753417967136951,1.6085303824243482,4.127849710521725,13.391852492358392,2.6923451087249157,7.816832758580334,91.15526342045395,5,1
2,2023-04-21,MC,2.849158980745124,5.4840643992790445,3.974294612022165,2.5279220419878237,14.687561210079172,5,3.130059822960628,3.2185508190997436,4.050279709720228,18.767300577194764,5.218667708451332,4.971868472851668,65.20748281542795,14,1
2,2023-04-22,MC,6.0,3.577093716491573,5.39229945699719,1.452367434647246,13.162402559762256,4,3.6096637822326034,4.318822183551646,3.4320110546719858,12.823638519251755,1.706224189802477,6.977637789164965,86.75843036573946,13,1
2,2023-04-23,MC,4.173718742368965,6.0,5.528289775106552,1.452367434647246,13.42627481653209,4,2.0071135938812756,1.825321209071791,5.4685652380545555,11.79880978087841,2.891175086703285,1.9216352242483676,27.661984058121824,9,0
2,2023-04-24,MC,4.9710488474762915,4.541401400107312,3.172781982134058,1.4529294475434291,18.631568850811426,5,3.578472902724304,3.644365448966495,4.3358994335770475,16.63548182343903,4.264572848907712,7.883059866392572,17.831455283359055,14,0
2,2023-04-25,MC,5.619678737878934,2.088204213379976,5.164756832280444,2.932199210761045,19.00848259233057,5,2.3120748043576773,2.0632816737868427,5.647890020848509,16.041954546943618,3.838400898090542,7.4619103879025115,41.5525994517689,11,0
2,2023-04-26,MC,2.373484074349684,6.0,5.012961644369095,4.956757060863264,17.054607783689406,5,1.8788722266916884,1.5435293657155227,5.6141889802536316,20.0,4.0182893982697445,3.5955995962549676,27.844920856712093,5,0
2,2023-04-27,MC,5.78615461054246,3.932798489708631,4.256764163034459,4.570638611662035,15.199992249750425,1,2.703304593011156,4.59400636087315,5.215577830615396,18.391914075429973,4.0239229499406886,5.4909870271993215,21.85512441055195,11,0
2,2023-04-28,MC,6.0,6.0,5.107833277226602,2.9270608107886558,11.44331210840123,6,2.6324457673998727,7.545719307582514,5.466226070079261,12.35569487155702,8.194138459728931,3.7270933829507227,15.269558533028786,11,0
2,2023-04-29,MC,5.173652256453831,4.794341080165165,2.983874320402171,4.479585033016604,10.74161020256654,2,3.0677975276533416,1.802664205718691,4.202398045007988,16.240363537021807,3.1103340927159815,3.703419384494381,63.959452219518084,10,1
2,2023-04-30,MC,3.5181496117236444,4.319930033218776,4.101885576997899,4.03544351150675,7.736700642890299,4,2.8062224582450717,4.299242329732782,4.719856948291654,17.317639633931996,5.175665846219665,1.6965605304168,31.557901856369895,12,0
2,2023-05-01,MC,5.091853575885198,5.010643152216334,4.922288980142374,2.9988257628390214,26.001241377187434,6,3.185113836827031,10.063903096034919,6.7664627652083915,13.152883792644767,4.948670524121257,4.145361284989619,62.97330056683258,9,0
2,2023-05-02,MC,4.615513896511539,3.345504856409632,5.409545751603465,3.8549820702299264,8.47279885754082,3,1.5360882174184929,4.735168615204183,4.228888374796006,18.577690394966055,4.183906558324202,6.567324449658716,47.468719617522204,13,1
2,2023-05-03,MC,6.0,5.019000288549316,5.528289775106552,2.512380829979472,13.254664948324487,5,1.2120310945656854,4.24850299533725,2.3885234215812163,15.432595262224691,9.14509263035685,0.0,42.92522461078393,13,1
2,2023-05-04,MC,6.0,4.269363322441602,3.7839884663180388,2.4139904890901227,15.031570067859914,7,1.700674142125425,3.6833471850796013,3.265090801307886,11.736715302114918,4.987620225692669,3.0698233447460987,12.146351215527108,12,0
2,2023-05-05,MC,4.788248719616417,4.683850524388978,4.358786741913485,4.742864359993897,14.226108266569502,2,3.2032910599794935,6.886124773382563,5.649627280495605,19.027257697091457,5.0727609153451185,8.200622057724997,71.77184680521184,5,1
2,2023-05-06,MC,6.0,5.42453440617337,4.149992464704819,3.5047383314571743,2.161700270634096,4,2.4292020593067907,4.988286429932435,5.088096257214165,17.624180980110264,3.3389689761762544,6.37065896174972,71.49441534691978,10,1
2,2023-05-07,MC,4.6063760304550065,5.143214323197324,4.464569208312043,3.078437366587161,22.63506509527998,6,3.75389926817991,7.1909605901054565,5.8110117046734855,12.210502834140907,4.693758999645914,7.274855316074679,29.420715201602917,12,0
2,2023-05-08,MC,5.086123895931011,3.9881150560737675,2.7074336734124134,3.4021773212065707,10.967292251684514,5,2.8996267476530377,0.9915620057248286,5.395731346358809,19.355924141418537,5.028275128313211,3.7772478865368955,67.7468841323177,14,1
2,2023-05-09,MC,4.341637760270086,4.916761355636341,3.0465537885535348,2.1397517079780313,18.494474027803243,4,3.268804036128265,8.465537083597534,3.14367747979752,12.89519966137158,1.1532645742443415,9.284761044863332,56.45137671270907,14,0
2,2023-05-10,MC,5.670715880860966,6.0,2.256433358006377,5.06826454716674,12.587438505317632,5,2.31718976181458,5.745351836568702,4.599598934260364,17.63125963124315,3.223624739207499,5.1707398935290705,29.22518469403874,13,0
2,2023-05-11,MC,1.4716787872980404,6.0,3.713628082149439,3.3661406790259156,14.945894977486674,3,2.613312356117949,0.4516682312631195,5.4590306959005375,17.28975692711809,1.5218151593108638,3.8409357889209352,14.631160154937987,8,0
2,2023-05-12,MC,5.126317566935201,3.5581535585632413,3.770623496790394,1.452367434647246,19.588710389114176,3,2.5212543044631226,6.2662819659501725,4.905076973831593,15.401318749408766,4.7389002975966985,4.390326821143017,44.61627369322428,14,0
2,2023-05-13,MC,3.820955660375553,5.278048950729824,4.797031207155742,2.886771875094159,11.050483311230206,4,1.8680349325912573,4.979542582693021,4.970563611590476,18.352169239876577,7.2461955596858605,3.966611067705843,89.77980038599846,10,1
2,2023-05-14,MC,2.614397420496875,6.0,4.807809596157446,2.841425680382981,13.12786378417593,5,0.8816856690106972,5.505686735931115,5.608491871304378,18.884943385622666,4.424887169494437,2.813209190951007,72.98491885636854,8,1
2,2023-05-15,MC,6.0,4.9611113719622,3.3325826492604746,2.981501440883465,16.51348935283902,4,2.1501747604909673,4.763262426130899,4.456485833886758,13.756434251202478,1.4113589051811952,4.04335105047031,37.51043008911135,13,0
2,2023-05-16,MC,4.518099981941989,5.501269713765772,3.1033209244136817,1.452367434647246,19.248099219165137,5,4.514097920618448,6.888183587172127,6.274970281726672,14.640448331407061,3.7920926392235015,3.4994362185492323,74.56384240063979,10,0
2,2023-05-17,MC,6.0,4.294473463023264,5.528289775106552,3.8477068488216313,12.797554827465131,7,2.6095853847108774,3.2561869605156004,5.61368962475117,19.304450121866015,4.5705930627962825,6.495836958726429,77.49941423723733,10,1
2,2023-05-18,MC,4.132304974061988,4.927403645734456,3.97289270641099,5.415129185296186,4.027502701497298,3,3.1149632309709374,5.889305837456844,4.09076708554969,17.668423971222513,6.734068742880595,4.084305037618218,49.75624680569141,9,0
2,2023-05-19,MC,5.305300550845119,4.07080622276028,1.7429973919098138,3.7903922965219534,18.827349501200416,4,0.9241018861546548,4.671674608971109,5.865152274837062,18.11438487714837,3.6765836633080555,5.463820783283564,21.501363409482636,12,0
2,2023-05-20,MC,4.4860939773213,6.0,4.303889072257299,3.4366089498783827,26.001241377187434,5,3.356761814176517,6.402019913270735,3.6412627752946976,11.762849431985149,1.8417479232789753,6.110632938220855,90.63609479496425,11,1
2,2023-05-21,MC,3.664277698653122,5.4837155692275985,3.3371511699969862,4.260286267584446,9.256045041989019,5,2.9411620611747553,1.0707797562278838,6.877675401722676,17.68604794977611,4.828718058809795,4.425931271310223,55.09663460603204,13,1
2,2023-05-22,MC,2.2711878758975006,6.0,1.5971955222902052,2.248968045807791,18.346997910069916,3,2.167813591079991,3.1026560840050084,3.70575644792624,18.02335380990476,8.578530778237658,4.852430884537874,78.49214017552949,10,1
2,2023-05-23,MC,4.639379889348329,5.101958452338197,5.338218342309425,2.7835413058487637,19.755116066631395,4,3.9559752876417256,5.1379484735997085,6.663145225362102,15.86413584921083,6.303799493951043,4.812743174257658,24.80552968265147,8,0
2,2023-05-24,MC,4.28318461735876,5.887372276255865,1.9557213717431559,3.190731684782606,20.275918553725923,4,1.352725430219088,2.269264872344806,6.03136237772155,12.657887529599858,3.4573960115848705,4.561432243862831,25.654826572249753,8,0
2,2023-05-25,MC,6.0,5.639902244526915,4.048249008524958,3.6538899086089223,22.500956128088283,7,1.7726428239197167,1.166567327677697,4.430451109649892,7.969893467190911,8.546375764335838,4.54965889518154,59.91457280515476,14,1
2,2023-05-26,MC,2.668160317770538,5.624657963567913,4.087640760648757,1.70905359145962,16.324296390152195,5,1.7978450257068026,6.351564452078457,5.064367281680327,8.579685682127948,3.228429578999603,3.9261309375457603,89.64548620967923,11,1
2,2023-05-27,MC,5.7479121355293925,2.248403252344395,3.7650333486452157,3.2337490123284693,12.927613916230731,4,3.119422605330798,2.198595686371486,5.0454142737195395,19.11478684512378,7.832310478358126,4.091986693526141,36.79696573188238,10,0
2,2023-05-28,MC,6.0,3.862445384606987,5.48315064741009,6.0,22.226174425109747,6,3.7509380195537805,7.237706660062255,2.623565221700562,15.817188058669675,5.106204330654796,6.60952242630682,49.271506163838836,14,1
2,2023-05-29,MC,2.8308282022949793,4.284571582545268,2.5071529988917365,4.984609957105321,14.380613921505377,1,1.1821517979356955,4.199696481347377,2.8493521605545604,13.620834722962085,4.5923274541504755,1.8661868840165288,41.258231003013115,11,0
2,2023-05-30,MC,5.629366763263723,2.8826325554208445,5.29129333532605,1.4679048697582546,7.729006783564814,3,3.715145569032294,5.1501721164100065,6.013066414224388,15.015025947644506,4.500227166959695,6.954623827818615,77.44374271430628,9,1
2,2023-05-31,MC,3.970744336290062,5.760863668270237,3.332233001603862,4.042883110216448,20.53071790522353,4,2.833766595060676,4.491534779794886,4.659203529104287,5.794053682029509,0.6955699627175651,3.148114169569963,39.954470901475176,12,0
2,2023-06-01,MC,4.997769575858579,3.151515974552477,2.4384840083353088,1.452367434647246,24.13336530596723,3,2.4128671016092214,4.300019463827941,4.807023472662676,16.43931643495788,3.564480972270874,6.234888930718069,52.88098650411623,13,0
2,2023-06-02,MC,4.121863718261781,6.0,3.771043881861109,1.6078544697938817,16.608388717324075,7,2.8301307846069372,6.538860129422592,4.956313105478737,12.501959909880037,5.801862014038325,3.732598942648798,70.33130006069942,10,1
2,2023-06-03,MC,5.258260862727331,5.082858344321608,3.1531592325184583,1.7633072864061499,20.451229662570064,5,2.8163782459365185,4.620852643316304,6.152904031209357,12.071311310098158,2.037628845973031,9.812241370874743,51.91957370312565,13,0
2,2023-06-04,MC,6.0,3.7976028054863145,5.074288404349899,5.20335259961817,13.94414470971029,3,4.1563694666577975,0.8203184298342051,3.49658676760444,14.618501784321248,3.6852345404820896,6.812653316233627,37.85008725103404,12,1
2,2023-06-05,MC,0.6930642033421086,5.9057358438560605,3.1171964930720066,1.5532424293065765,18.50891871274938,5,2.8935752605894063,2.777377564655594,5.7389562356124735,13.277459209521433,4.147564795605927,8.176455389004898,49.28994334644825,12,0
2,2023-06-06,MC,4.932491133126337,2.90882841839329,4.789860740347226,3.8038882765494733,19.080516615961038,7,1.5346009421526845,6.716430913691778,5.482474265308988,13.004230347106176,3.0361917739017708,2.235455225540587,78.60049295620682,10,1
2,2023-06-07,MC,5.575987099179163,5.979045878197399,3.929903077379354,2.373527875342499,16.71633233189901,3,1.8118558300769292,2.7646037931539733,3.1563769783448468,15.657891645363966,3.1686209305977613,8.146797290405999,10.070386741081473,13,0
2,2023-06-08,MC,3.849752673492842,3.633741258268278,4.907899236152082,2.9523861165721277,5.231870490189282,6,3.922926225008761,0.9501778354359429,3.0697432192649137,16.20816071393714,2.5794132367794855,8.254209202718208,17.20991265514093,12,0
2,2023-06-09,MC,4.290518317763025,4.3592849785198915,4.640893225709831,1.7049412612512342,11.277090590112472,5,3.4783374074063236,1.7517298379335866,5.629336951634729,11.45267231931355,1.6394374266028304,6.642051061614032,66.51102689289046,14,1
2,2023-06-10,MC,3.517998780410603,5.741151427108862,3.3622978144568627,3.392985138058113,14.16314723391952,5,2.885361024748452,4.290759295284852,5.429235616662076,16.075501157689445,0.6955699627175651,5.3606353803792555,41.52561688667032,12,0
2,2023-06-11,MC,5.423368129544416,4.201542675140873,5.064614185440003,5.037126823272192,13.12172468870701,5,3.9345076764537907,6.145152644619747,3.9415269991610127,16.542216911234565,2.896494788522653,4.592638110061218,67.72283799618135,11,1
2,2023-06-12,MC,5.29587135050952,4.181023037970568,2.998168922293092,3.0100238871203278,13.06969758875185,4,3.216111581258295,5.139311214392008,4.575760708086251,17.633905584005824,7.353798310123864,3.880877616533395,81.19695445476972,10,1
2,2023-06-13,MC,5.245884174790355,5.1112815224164185,4.758324829610649,1.6682081422247161,13.044638754677232,3,2.9071752874429495,1.7706190151232013,4.587982908700837,11.749825407210498,4.1058756470405715,1.2610657465393937,58.149476241889964,14,1
2,2023-06-14,MC,3.5068475066276514,5.572276945936571,4.6559343576714465,4.095565339774896,21.822357194337474,3,2.2995980175159785,5.5261032063041275,5.84441675531283,15.658556969007698,2.5845985933620095,3.520704055424855,49.37342502797627,9,0
2,2023-06-15,MC,5.776519843421944,4.104583222658549,3.2600834300288186,2.9186863338902107,19.20281629663711,3,1.3996497083113808,5.466926534649298,4.3263941910734065,11.86091351986278,1.5055164396504384,6.88738470151908,46.74977335951475,14,0
2,2023-06-16,MC,3.3381646553930597,2.679332014868814,3.2227723935835417,2.768356498258284,25.209873989319256,5,0.8911944492006316,6.2893553874724955,6.758287667460632,11.013336985282638,6.83173738379622,5.893833372238241,95.33772258815651,13,1
2,2023-06-17,MC,3.4595048350254527,2.710173590868246,4.224132445312511,1.452367434647246,18.360652574763854,3,3.039052176724377,5.909009526302867,5.2711252468836935,17.716644062450026,5.138382150862301,4.2970370624207295,50.41188051029163,14,0
2,2023-06-18,MC,3.8536199384606125,5.950071778652711,3.5542948508755634,2.4454977956713786,26.001241377187434,5,2.4118325547344837,1.6698019436191944,4.87924882226729,17.36326549276083,1.72674345657036,9.615110885336463,38.105271863596286,12,0
2,2023-06-19,MC,4.286942702931116,3.651030822773328,4.962457595663148,3.7811706431303547,18.507791720493636,6,3.3783406380848384,6.096398537580953,4.0759546479112085,17.806019334467738,8.802968566490744,9.73774423644663,65.14967674638335,12,1
2,2023-06-20,MC,4.879696423970638,6.0,1.8339973766125768,1.955849946927487,16.47493059249627,4,1.13193694905944,4.119165553055246,5.348885415052703,11.402422189309734,4.400790038652467,3.154799882496419,55.36968589873404,14,1
2,2023-06-21,MC,5.318467305048281,6.0,3.088899385967691,3.8731418832738376,11.155781621271226,5,1.4154937952530076,6.556936234931369,6.8870609419283415,14.415055629018905,4.509697414729461,4.424260282424033,49.24427135745082,12,0
2,2023-06-22,MC,5.2498872466753355,4.726067395902671,4.124773016714754,2.157247343768698,17.915264788013484,5,2.383139400915428,4.114209684480399,3.8529238374817765,18.610704460263126,5.20233497503498,9.14341659086115,50.88414935998513,8,1
2,2023-06-23,MC,5.054026427042885,4.859122143399444,5.486191247854645,1.9180695225415971,19.951112305078414,4,3.8512854765095565,1.859122283518572,4.8916508118804884,19.341350680676516,5.188767744770898,4.015832688105415,44.508101738597006,14,0
2,2023-06-24,MC,3.8332919822393654,3.249312912335989,1.8218162992091145,2.358983007996012,18.502609113265073,3,4.08006254689063,3.6968696356369914,7.967045499769986,15.711832155683165,6.330183521726875,5.016679132879324,21.426096964274382,8,0
2,2023-06-25,MC,5.108324671609291,4.5842799642722305,3.5728870297699236,3.931258372080447,13.604803692177743,5,1.5406744866824174,3.7633888108909983,3.170764799447237,12.808523593336535,2.5028855488218404,3.906277545113234,34.076922396103235,9,0
2,2023-06-26,MC,5.767494253327817,4.607459171340426,4.726602254034981,1.452367434647246,23.08387693301317,6,2.4020211527291266,1.5225743865512515,6.533952483053448,15.634493469482974,4.585160200145558,7.401235121081535,48.65007843156078,9,1
2,2023-06-27,MC,3.4268723516181048,5.339552780853444,3.8064381315753364,3.9274688574641696,9.160508407469708,4,3.6306268208463406,6.601238046520914,4.933834323167726,11.199349458444084,7.152926232319873,5.153567803059586,54.74069376696451,11,0
2,2023-06-28,MC,4.760789384474582,3.7587010730648207,3.8663369268733905,2.4049570301827017,9.283041069501735,4,2.4731762830131907,3.3511553582526266,4.985686880367843,10.42479364165667,8.620186757900008,7.909590803686989,57.565634507259375,11,1
2,2023-06-29,MC,4.878896410794313,5.573395027170989,5.077696582062246,4.023305591733515,9.887803534478577,6,1.8658550613317448,9.93739183541824,5.50029546637216,17.164908305045575,5.209245679866381,2.4752881067399435,54.1773131434404,8,0
2,2023-06-30,MC,5.566595809368218,6.0,5.379080296416969,1.556666339915774,5.414671735262592,3,2.2972799904681263,4.719968469313528,5.878894289609196,15.817319536315711,4.903244637825368,2.937984039752325,37.17638763361046,14,0
2,2023-07-01,MC,4.686792634206594,2.723915234115834,5.0670284003548645,2.563382674198317,17.21341765213366,3,3.56375312413552,6.266267757630918,4.373578557808634,13.140897894199135,3.145061248439542,2.2489905654801516,72.9067638150742,9,1
2,2023-07-02,MC,6.0,4.346822966929812,4.955479136082119,3.7931255620809154,15.870214815142736,4,2.533035424076752,2.613542168207486,5.9226949919945024,19.69991506424003,4.7927221588957964,4.3236799510656185,55.23558911832462,11,1
2,2023-07-03,MC,5.380945187020316,5.918724542651617,4.351302210275509,1.7468545441830217,3.7952045340615346,3,2.5821741244639087,6.924395994303063,6.4687731855986685,10.305648398211327,3.036905585674985,5.252800745581199,49.271495014642774,12,0
2,2023-07-04,MC,2.258367628710264,6.0,5.3229750087295695,3.5112285986476706,17.47607405148892,3,2.281542163988265,6.529952925388123,4.147126780784994,16.46677145494073,1.8658275652589498,3.3602479246718593,71.03501637461882,14,1
2,2023-07-05,MC,5.256093974640407,3.4267970973038473,3.339121242138626,3.4155221492003616,10.766017793061089,6,2.710948757799748,8.514047412725809,4.643159862306715,12.2264362228073,6.992782430306265,5.501103831952851,95.86763963096077,14,1
2,2023-07-06,MC,4.131151681310414,3.5154572800477397,5.363703673466056,1.452367434647246,13.006539512805936,5,2.3142189368888273,4.181011541583973,4.161294471586388,11.130664222907878,4.135554708422352,9.812241370874743,68.83761384356913,5,1
2,2023-07-07,MC,3.774684963021601,2.871133118403859,5.528289775106552,3.109270919780693,3.8357739024855864,5,2.502917935214906,6.450582683791986,3.0759978683758415,18.577898961983383,4.579345714510788,0.004228401316964003,59.77907680391359,14,1
2,2023-07-08,MC,2.4217801940111254,2.2574778665788986,5.09474618963776,3.826497114987661,23.30868050357804,6,3.382924272466919,8.367026863708801,4.3941004424965,16.63837505948144,5.433515302985091,2.5118721125935517,58.37164235542587,7,0
2,2023-07-09,MC,5.56920928469893,6.0,3.371491264744934,1.6486142042160172,22.27052686952394,5,3.079712358604363,2.5294011094663595,6.694734842336112,16.25564167468653,1.9003098743974163,8.270391798075432,35.72839334836607,14,0
2,2023-07-10,MC,1.818956552514702,2.88107750164582,3.175913191075379,1.452367434647246,12.772705430862354,4,3.917935990701281,5.640860841706128,6.400416628081616,17.373958601351745,5.10483170046247,1.864114703316067,53.316657156888496,11,0
2,2023-07-11,MC,5.082437925312668,4.976897122713622,5.13059065895422,4.1647800217252495,12.495654174757831,4,2.314009989232775,7.172586405731384,6.3781235509593,15.684435522734429,7.038095560713425,3.2908359052375697,31.882512583369547,12,0
2,2023-07-12,MC,2.5128181618872016,4.982419936393261,3.4782888769378535,1.9900769881193465,12.771381581036788,4,3.2294882742791216,5.480473564507964,6.4992530885995485,17.10376490457474,3.6553599513773603,5.843134415297812,61.28097872909178,10,0
2,2023-07-13,MC,4.171732871823571,6.0,5.528289775106552,2.2248276212596463,7.163584574911961,5,1.795622849791058,4.390600659708222,6.191417447139062,12.072556571771226,5.691329920721371,5.239240204259195,57.43023368964793,3,1
2,2023-07-14,MC,5.237973315830353,3.8651526213989076,5.528289775106552,3.485025360116446,16.516980164733038,5,3.1957926628926816,1.0273382483241016,3.6500892727202703,17.323891239421464,3.5618665351668533,8.450452690297077,51.50375763340686,14,1
2,2023-07-15,MC,3.7981912420650783,5.968467487402611,2.4916902069477866,1.452367434647246,14.991916596957282,4,2.6393721894923647,5.428378261929495,6.506487440331692,13.980306731847701,2.5471849345898745,5.871440709591044,53.3222419594357,11,0
2,2023-07-16,MC,5.036338139015944,5.255238880648214,5.379644380692035,1.4586853052647077,9.98188172327386,4,2.517970313107427,5.9221378419217,5.92992165170133,18.010428267881114,7.63779951900275,6.719758980511491,70.10665073337533,12,1
2,2023-07-17,MC,3.6112070723204974,5.991932217580904,2.2236034700653757,5.6115156778000665,17.8368745776281,5,1.9962325779694479,1.070515062754393,6.152996767490385,17.253949813640528,5.7993728546654095,6.694772411639244,73.68666324456174,6,1
2,2023-07-18,MC,5.40782276825259,4.274066116673371,4.701109653780565,5.018744535179718,16.2230745327369,6,2.583455306684595,8.479219830244531,6.985195916607127,13.902055371997209,4.394639070215544,5.719052970078498,51.57781218017843,8,0
2,2023-07-19,MC,6.0,5.147746452813455,5.423434710106081,3.161670871919173,18.44647568652953,2,3.378295482782682,4.838053014488097,4.676149314341689,14.282659456735228,7.240060924860218,3.539625365703229,61.27793747633376,9,1
2,2023-07-20,MC,6.0,5.052764797397545,2.7624754668209714,2.441671871785909,18.247792627086362,5,0.5947803304902699,3.190754522780249,2.1884815411105154,9.955124578500293,5.2825376499166525,4.2061084532377855,63.450377561511736,14,1
2,2023-07-21,MC,5.340022244616178,6.0,5.309951365914993,1.6948478018283488,20.262879584305807,5,1.8340961525179222,4.911860713663255,2.8419450818695178,12.094070980542815,3.3769743168993145,3.5926651233200313,40.3566335346357,11,1
2,2023-07-22,MC,4.1953614487225845,2.2703981649423897,3.860656639856659,2.2117607942140056,13.98042043559627,3,3.16920541409042,5.982310076811555,3.9037710291259122,13.202335964717197,7.9322797719447715,2.9841629592944616,32.23418975843843,11,0
2,2023-07-23,MC,4.034449241374295,3.694107759416076,2.762491057109282,4.7836766503440495,10.132525483442212,4,1.9993726072391091,9.23698063140436,5.02536725589322,16.66899976233364,8.782318217239014,2.414859409118577,49.81338919481612,9,0
2,2023-07-24,MC,3.8897932845016827,1.1163130752389683,4.191405142715617,1.452367434647246,9.11080225137318,4,1.6454312281620296,4.058313662225521,5.2656802907387155,15.43135801956083,7.526475358438926,4.168960014280897,28.527518527204865,14,0
2,2023-07-25,MC,6.0,6.0,4.975645958069455,3.532137796293643,16.69089191470941,7,3.9838689345552516,9.31103941363903,5.414794746061423,20.0,2.9245820837449426,4.180958470387577,60.91763969491731,13,0
2,2023-07-26,MC,3.12842869683311,4.905056893902309,4.628006104202772,4.560060320116839,14.96333385021013,4,3.7763741446698442,2.6045382215433746,6.066872413089531,10.210890158543904,4.77519823438861,6.0216022255135995,27.273406367201105,6,0
2,2023-07-27,MC,3.0180720330361437,5.462372128383012,5.528289775106552,1.452367434647246,18.097825101716257,6,1.6558763812575426,5.743153523130826,4.740986490282704,18.509698969092657,3.0364096257338073,3.5096457892016373,12.062013221493853,14,0
2,2023-07-28,MC,5.178707814136555,2.3125309611052915,5.021242731124447,4.875526769890824,11.928403774531107,4,2.70229783421168,5.526892668342221,3.5296464196592225,17.222222895850397,7.036111217245683,8.573225267491315,56.267251430543915,8,1
2,2023-07-29,MC,4.825102624029684,3.6794695630471854,2.4766720376198625,2.961973345391242,8.0265694156508,4,1.5741712347355197,5.864136122441176,6.012168480917082,14.401908528355554,2.0436003338183246,2.2450957532683313,61.00852731174087,11,0
2,2023-07-30,MC,4.954881950574689,6.0,1.9217842024991199,2.523815294046656,21.988565400017446,7,1.8987298473527805,5.486977945427596,7.264392436922854,14.961224420715915,2.5512618263278632,6.976657780989294,51.242339145903536,12,0
2,2023-07-31,MC,5.5270699691831116,4.99593659431628,2.3427553502271516,2.661566561237164,22.589243873945865,3,4.284852521208148,6.807321243645928,5.692361909525307,15.738508215390747,2.394481457554562,6.346201610300589,53.98826543543165,11,0
2,2023-08-01,MC,4.809736136580136,6.0,2.185695882042694,3.918411864516785,8.471639248005573,4,3.289391004952991,5.642863667352545,4.580428778581959,14.116568679860123,3.1335685172063936,4.449759942416024,61.07443694543505,10,1
2,2023-08-02,MC,6.0,5.990936512560518,5.427281078318842,4.140377617852618,15.153645033386551,4,1.3705399243945373,3.9594287203784053,4.822960493381744,18.412213826241732,4.052620107994236,4.823528457028818,58.34985591479119,14,1
2,2023-08-03,MC,5.607776339822187,3.301360907172186,4.874998377139033,2.291115873999307,10.102414966197166,5,3.3841226242904967,3.302602854599055,6.894887096895458,12.782319741776863,5.864252282243768,9.674243899998284,37.21972868753663,11,0
2,2023-08-04,MC,4.966115432888954,5.20312451882342,5.528289775106552,2.843438627934518,21.23097704009455,6,2.2762689701330334,0.7619088900659684,3.5215721586548776,11.676959108087674,1.7873068669785162,6.278894068942793,54.728882986344686,12,1
2,2023-08-05,MC,6.0,6.0,4.718284211892883,2.451468480643986,10.892159911889992,5,2.518569535796521,5.651058398923087,3.907816284078212,15.068844013837177,3.3663654099690623,5.479161218616291,55.630850456455065,13,1
2,2023-08-06,MC,5.141740773596638,2.2458354269996037,5.350219168168504,2.4717972070844105,15.74532484874213,6,3.3047982950013823,3.9047625746191503,4.41213292301756,16.288762525205215,1.4368243147738164,8.47422742931419,53.65484278894721,7,0
2,2023-08-07,MC,4.0756878247848185,4.072987819877343,4.2939278284201166,4.3518069177241205,12.919971767653974,3,3.4132751720565255,4.404836864600019,4.841333174233073,12.315235474760687,3.5956836477408043,7.949945769228786,47.70614590968989,14,0
2,2023-08-08,MC,4.805114274358246,3.8878462314965487,5.528289775106552,5.584687746579503,12.767206388727928,4,1.6825291067466595,7.372282848211033,3.8547418887397664,17.597156174694618,7.660454409207837,2.265836737734782,18.62702495030815,14,0
2,2023-08-09,MC,0.6093004933121988,4.68715643750113,2.1884195484379014,1.452367434647246,19.31856377326559,2,2.769653256138371,2.8373555821070062,5.311898748649869,18.45796033102917,4.303572395061192,4.948385428113736,100.99771250289467,10,1
2,2023-08-10,MC,4.1250213997766245,4.035885793722089,4.180004598710013,1.9561317613854334,15.199692870788835,3,2.793200958695359,3.0777584936129614,4.658453997363305,17.173927610413728,8.255559736183859,5.989062301001487,33.5245004818996,10,0
2,2023-08-11,MC,4.701813422141538,4.32572976038755,2.542517456158368,4.867726692724227,14.327074057063111,5,2.231605894161327,2.7424475301050073,4.4075410481410815,11.931131452590718,5.923252941711333,6.982897894277152,11.420773056418076,11,0
2,2023-08-12,MC,4.974276864606133,6.0,2.6592501445564256,3.0110386831048115,16.900559009237785,6,3.1647422372369096,6.451891648281471,6.129891633889387,16.2612996338376,3.58458885384881,0.0,61.05838940193575,14,0
2,2023-08-13,MC,4.596722933487538,5.516959842239856,4.307944796565161,3.471440068202837,14.689155848162612,5,1.9567250477144384,4.563609926735219,5.8253468364878565,15.092227716525871,4.00850532565008,4.281445586260584,43.484470241234064,10,0
2,2023-08-14,MC,6.0,1.0296968318342103,3.4998577913010664,3.569830904071492,18.01104247621506,4,3.6879829687797816,3.8396428022920888,4.765201468031519,16.219718554684196,2.629494778574794,2.093763597240187,99.61918281831376,3,1
2,2023-08-15,MC,3.6407690569581184,4.808990033881578,2.9380741022920653,2.393484840793511,20.261000516354514,4,3.0045589897619895,6.704160886771742,3.3358610647497176,13.933981153372718,5.055954922229462,7.893351193685032,63.570102892782174,9,0
2,2023-08-16,MC,6.0,6.0,1.7943307550821745,3.606824975227505,11.040154554725481,4,2.753309842541748,4.623539038985242,5.119233580873395,11.480378716239768,5.730663862474237,5.9840398970442275,41.497536627508644,10,0
2,2023-08-17,MC,4.1001489901246835,5.205261954943765,2.8886220332262558,3.82439876392812,9.33578012160776,5,3.173739864639031,4.470344392729463,4.464627383367017,9.929072727736674,6.899328279009122,1.8129833576080703,51.97641921359562,13,0
2,2023-08-18,MC,3.6446036910610053,5.052718174021442,4.430719515319044,3.1660294528826394,7.522771860281056,4,2.1737675938593957,2.7488463021714025,4.107311577479447,16.20582070404377,6.419343049103887,0.9149104055305957,49.97822209598727,12,1
2,2023-08-19,MC,4.341927927211337,5.255015036887688,5.089747796716982,1.7532147273489447,14.919593157950759,5,2.385662716815118,7.511699210522757,5.093024821011286,18.594220266415427,4.133731487686626,2.450431844083663,50.75957491673741,8,0
2,2023-08-20,MC,3.489306118649406,4.744321701022089,3.99196901513412,1.8523451688275334,7.384031734093821,2,1.1257554259252833,5.076941081068903,5.07747948106216,14.918653757122225,4.8956132860237425,5.024882758603971,58.228000922076234,11,0
2,2023-08-21,MC,5.195907704929667,5.130032757874282,4.588241543296192,2.634377498495388,17.678619303637024,6,3.3211431983264994,3.8275737055764445,3.159141504725177,13.71965240866054,1.640417056493412,4.491596407741401,65.07177149835387,7,1
2,2023-08-22,MC,4.83806626083876,3.7723602099233418,3.070730087532764,2.884563505658315,17.8824333683657,5,2.182060476356022,5.029333796369379,4.245735943257014,12.035572757931316,3.429651628132028,7.140381770476517,80.24158302808758,12,1
2,2023-08-23,MC,4.153599816412947,5.227109044249537,4.287667930895816,3.0634904419803584,18.358371020810946,5,1.9372149548793196,3.8724255269630548,3.943406139286238,10.434710416711356,2.1739034541057465,8.175014573757041,48.263234326695944,12,1
2,2023-08-24,MC,4.8887385909143655,3.0678670018141703,2.159256008653058,3.7793993481951764,17.461560288842005,3,2.666490130741271,4.958074775471116,4.768364501303362,16.404975743805835,0.6955699627175651,5.9764626407727075,107.77860205918051,13,1
2,2023-08-25,MC,5.729485957484781,4.9994734156821306,4.669674335332106,3.897660641912258,17.82295756514108,5,1.8403166251306744,3.2617298723489427,3.8248931345653867,14.491867684049517,1.4305907948799392,3.8376881918269747,63.74161448427043,12,1
2,2023-08-26,MC,5.717397735326674,2.7649035960557526,3.92381618673723,4.474177808970525,15.5255079832138,5,1.7332166077558084,6.2443127150478155,3.832375702955114,16.155481601115383,4.03592194016353,9.297737578004492,58.12958100119778,9,1
2,2023-08-27,MC,3.056915627750342,5.321308596783195,4.633331411451685,2.956862599679927,17.0920818596972,5,1.3334532704416526,3.9679001861071215,3.027803502198052,12.36934417087663,5.081302968931779,3.6942513513672712,42.91797501107199,10,1
2,2023-08-28,MC,2.5421574559201416,4.713952572449795,4.117109601988314,4.190603111034291,10.230917022688791,4,1.916714055831356,2.6197710729390105,3.353593169179913,19.658450641114303,5.577666959246198,8.463352161708743,47.96086704547629,11,1
2,2023-08-29,MC,4.905961361062198,4.603487641470617,5.326335661121826,3.770504269869762,24.6331693820704,5,2.022332557772505,4.127405580038604,5.353922666615697,14.297301379739267,3.7560707603096937,3.816187101645612,97.44137368293728,10,1
2,2023-08-30,MC,5.076736416416803,5.5323927701202695,5.382675488549115,3.8193322212276395,5.739430004731871,5,3.068375864869984,2.9297022113477444,3.2870181596375527,16.846029670986862,2.353010317646995,1.443669670793748,27.306200469766733,14,0
2,2023-08-31,MC,4.755352177805937,6.0,3.825556397991458,2.032965187009806,23.037864233531987,4,0.9756079151770413,8.485862430096383,4.931347220858004,12.828304818950365,8.116576162687634,0.010382412127065699,61.88650872977578,10,0
2,2023-09-01,MC,4.450257527694744,5.1018142185058695,3.7801263363369726,2.45049419494129,21.04345381479034,5,2.4167209096505218,3.7256015159238274,5.549299720556032,16.731447126162283,2.1100547196723607,3.103182530662377,21.96493409625636,10,0
2,2023-09-02,MC,6.0,2.412358250463392,5.094521306881828,2.1728893967332477,11.400111617571188,5,2.951681334686772,1.1114772341718187,4.388236928363677,14.155850416911536,5.389863382818527,5.113753655583336,33.26955569029889,13,0
2,2023-09-03,MC,2.7690249334908423,3.634323681554958,5.528289775106552,1.6315780250320286,11.487985949389392,6,3.526264064448646,6.231840399551248,3.380727588707875,12.374588069483234,4.462598388540054,4.28409419238573,86.10430634460491,6,1
2,2023-09-04,MC,3.404482343212007,6.0,4.406420936838395,3.4718741561536937,10.47109968706662,5,1.2914778302108172,1.50709885081207,4.918030905612245,18.01561235635458,3.1464962530760396,5.1337461262231825,83.7041173059259,14,1
2,2023-09-05,MC,3.9407581760235217,4.883555163060048,3.748640309087447,1.452367434647246,23.120357407875495,5,3.649875152009128,6.190462855490859,3.544736616585943,11.981637405204927,2.593713078083419,4.832386687609631,71.17958535830469,10,1
2,2023-09-06,MC,5.5138004172984685,1.6588421979936552,5.528289775106552,2.3381137020011113,6.855365918175628,3,1.8862957642205267,2.50452793789853,1.9942132045219445,12.237230285437422,7.062116494842728,4.748628918828288,30.443535386317425,14,0
2,2023-09-07,MC,5.260732029576969,5.1394430748968185,5.528289775106552,3.0911239594568687,20.458113407396567,3,3.720234668146332,2.5998892544644994,2.667766128463471,16.19596344696276,3.2371278603273392,5.330813649393673,87.25557441338972,8,1
2,2023-09-08,MC,2.1455229658174946,4.427414814008505,5.40737605737529,4.116287230858736,13.58792565675985,4,1.886587286676006,6.50892540785393,6.202865693510995,16.765406047435665,7.854388854344952,3.4014290508076535,60.57631869348158,8,0
2,2023-09-09,MC,5.373175005869261,2.507923860984312,4.63581109729738,4.67462134882876,12.883625978943044,5,2.6495666879457804,3.3207622640770253,6.684381475355951,14.695803486575358,4.839865625916326,8.640209750487454,47.8803987926555,8,0
2,2023-09-10,MC,3.6733545783511676,0.9661556757924563,5.431280475386433,1.790363455173508,15.464783027753114,3,3.295055578163557,6.1300057349613795,3.9267646618657492,13.694229728577382,7.440612922855491,4.485069527640995,41.24054332482621,7,0
2,2023-09-11,MC,4.828911803757311,3.907365566862001,4.659474381527335,1.452367434647246,11.950440414312753,4,2.334857575240162,2.5700462010724703,2.17660845193938,17.74934148046554,7.344250168415228,2.8883706058565997,47.42488677633221,9,1
2,2023-09-12,MC,4.992277305219961,2.2846171043066086,1.4165990844531777,3.295026016056792,24.497998626453136,4,2.66470458087075,7.539658724865809,4.812331051423576,17.50300966580732,2.4050398551713608,5.8087015392205075,48.05935798020216,13,0
2,2023-09-13,MC,1.7600118225699517,6.0,4.721273029635411,4.400555333332587,22.99763401037017,2,0.8581360405214474,7.363083787290096,6.364109826352672,11.033746175421065,6.088278095266135,3.456729577834185,18.912714675490818,7,0
2,2023-09-14,MC,3.9959020479382628,4.312508281691928,4.019517725206505,3.079589914945439,11.409255473850518,5,3.720858191995295,5.192537348221549,4.642487572209899,10.309127574837033,1.5581861135631954,2.0094238563874183,33.264862107770384,7,0
2,2023-09-15,MC,4.149918999032631,4.500370186407638,4.664572334423283,2.2136540831666247,10.503227257920816,5,1.5977641053539298,5.1849778003442335,5.560972979056475,15.99537428979089,4.154176434944738,2.7546963025570195,12.266772586931546,8,0
2,2023-09-16,MC,5.360273328189515,4.396305366155943,4.00743680021058,3.634464237691308,13.087420108069326,5,2.7540369984858075,3.747570857669581,6.452236767301415,17.403642205045454,0.6955699627175651,6.9904310478110405,50.92534142644513,12,0
2,2023-09-17,MC,5.1823056602378195,5.5455091000660985,1.8748323506350006,5.620680947033217,9.466510397369705,3,1.3154282624842606,1.7043126333627452,5.375695611271629,19.23449795187446,1.7527958880253838,6.39763645245514,11.548635022904968,6,0
2,2023-09-18,MC,6.0,4.564240804236336,1.9049317744051777,1.8749411060876227,10.9465422760462,5,2.657507763658086,6.2637843752331595,7.240610749946239,14.950620653627537,0.6955699627175651,6.125347947501368,56.55224599642209,14,0
2,2023-09-19,MC,4.2635717294499464,6.0,4.217363920538325,3.947156668482486,18.006735388624577,2,2.7628653317892184,4.930288720659075,5.137784843412453,12.667671303997304,2.4974646816044537,9.812241370874743,21.64053024081182,7,0
2,2023-09-20,MC,4.580072923402814,6.0,2.885808870028736,3.056371960055087,16.37760001654562,5,2.1457114819567202,7.1518374367104895,5.319916696234802,14.248016619004655,3.248644239224341,4.379032771776097,58.89249074741881,12,0
2,2023-09-21,MC,4.717089349413795,5.5755258780986034,1.115288527699581,1.452367434647246,24.669229367776598,4,2.188631140185806,5.040039143698677,5.829459311085828,12.543156572031224,7.9879646194814935,4.209041309527977,60.92634950217255,11,0
2,2023-09-22,MC,5.966525778015502,1.974001251273842,2.8432758511922014,3.7494848729159482,4.154020476235666,4,3.305885881376238,3.2790648653634085,6.025358041001249,12.40774290027556,6.432822596623289,4.944397989659718,36.64483423887115,14,0
2,2023-09-23,MC,4.756229381442789,0.0,2.513435111261304,1.759035411399208,21.801319339761893,6,1.5230449664902426,4.5009397853154915,5.580447990062359,12.51971762389396,3.8882175906196976,7.560936576103042,61.74088160160873,14,0
2,2023-09-24,MC,4.645891469296012,3.500477136640087,4.861299331471751,4.680161731795863,12.02754890316578,5,3.6938370665508136,5.158890305481329,5.7026784938246085,12.782612328597237,2.7036835842199642,2.084363332703462,36.8688755100332,12,0
2,2023-09-25,MC,4.809437032554753,4.632605939373421,0.8334952070665542,3.880412853852851,18.632529226755093,2,2.33069446352829,6.577644251174388,5.680831305301973,15.051471751205092,6.127307942372082,2.13291463418708,44.20530947762857,9,0
2,2023-09-26,MC,5.0733236870206655,4.8207901935214705,4.881136206803445,5.1597545888625875,3.736865306053147,5,2.404760366498036,3.978794684829445,4.658776030733557,16.71445591892498,4.082855480795249,2.8068603787193935,69.46629041205523,11,1
2,2023-09-27,MC,3.1740852332252207,4.771083651724826,5.528289775106552,4.25872783551806,14.958502454015022,5,1.9593117508753057,2.4761508600650664,5.522943283340822,18.82905500424738,5.079541455291318,4.335840653348363,78.61401420501909,10,1
2,2023-09-28,MC,4.474062440563911,4.962109509814854,4.045823757322915,3.3691830934417824,17.697754187532965,6,3.3129411384432257,8.280098882088035,6.400164635675152,17.610626532514914,1.1187724380272623,0.9500335839224925,10.0,11,0
2,2023-09-29,MC,5.23651325574693,3.6899681735989547,3.2482710944634867,4.075922534681287,22.689541739948304,6,3.2662440036393163,7.021399297829262,6.635870606194465,14.390388386704675,5.199817776345491,5.872949229729523,59.995381621103405,12,0
2,2023-09-30,MC,6.0,3.5479249122616228,3.5695267712584076,1.452367434647246,19.756269162546747,4,2.428843811966631,9.456084704205864,5.063343669558977,12.019416252093462,1.6415724457203784,4.520179789581116,37.42706620156154,14,0
2,2023-10-01,MC,5.198204156322428,4.095667045276792,5.528289775106552,3.8456564686104886,13.853497702897752,6,3.994532221242257,5.46153457777521,6.334706659528109,18.765876879432316,2.3819998518181933,8.632821388202933,77.63309154493248,14,1
2,2023-10-02,MC,5.4786664332316075,3.616719951376515,4.944095065839304,2.206775829588234,7.772790404096907,4,3.9516619531718185,7.087320940103021,6.927152516461018,16.143216095088622,2.674352446936444,3.0683056415485743,57.41270300316206,9,0
2,2023-10-03,MC,3.5786809327931755,4.261348201873456,1.9089000506142222,1.6755981636558122,11.845909931465451,5,0.9246139177106656,2.1701960113577936,5.72481740275125,10.640434895113518,5.179669326581238,7.45495786577062,83.73869497321363,7,1
2,2023-10-04,MC,5.300517625222842,4.865895063065377,2.9439143683035516,3.400788888773896,26.001241377187434,6,2.193057919551322,1.309529987357437,4.820488086373255,10.471444941330185,2.702962331436806,5.877038627809778,47.727632905785,13,1
2,2023-10-05,MC,4.718290954789984,1.2291056890943777,3.1305507846950027,3.0570992304333817,15.624226015925252,4,2.3383736275123894,0.820885604765055,3.200196693298509,11.001086447727113,4.246725466727382,2.0385145673121237,57.69438012372102,13,1
2,2023-10-06,MC,5.446197239821334,4.604713812434438,3.4282217271391686,2.7895254512882928,18.492285381607097,5,2.7491219239455513,6.774476461880397,3.9584865475634983,12.113858566423396,4.117413783094383,4.652465889793458,53.43345197799944,9,0
2,2023-10-07,MC,6.0,3.9919969953091785,5.414254523318383,3.4438867766217793,17.401096977534074,6,2.255458273092304,2.888971605664015,5.579328567288733,17.54208825152937,9.063480618236479,4.0892371722240135,45.269429099200394,14,1
2,2023-10-08,MC,4.69544849039968,3.925404464497621,4.785003769963428,4.104618495007776,3.606840103005865,4,1.5634197186027576,0.7486839912020135,4.493634510287171,16.70565889924595,6.899217034593431,3.0170980716555795,76.84890671355475,14,1
2,2023-10-09,MC,4.172157491429726,5.270389262742435,1.072502550279428,3.650369354998511,12.585529016596766,5,2.7508578093382123,4.092930428620296,5.980161460259549,10.23740644259091,1.4677567886906053,5.069267172638525,53.51484027063152,14,0
2,2023-10-10,MC,2.2424325771797093,5.580942250629457,3.9608421431567704,2.4549153505780326,26.001241377187434,5,3.786794226288507,4.393849235293686,3.801875252979936,18.44600827622859,1.3546612141705068,8.609793908868236,62.521616371466656,13,1
2,2023-10-11,MC,5.441667765834174,4.185744485120738,3.2391246320288496,4.196259559222731,3.8952365462101834,3,3.567775908122373,0.15718611157557882,4.339651717907897,12.202661028668178,3.237015616537468,6.311875932175313,19.23029981189694,3,0
2,2023-10-12,MC,3.2356716529672642,5.012312439536711,3.3209162733760653,4.765513944562647,10.538882421922027,5,1.4677547421026358,5.252318060130409,3.331255218624726,13.890155337430786,5.848932481565622,3.1996498175321726,80.89661729408756,7,1
2,2023-10-13,MC,4.952888752130716,5.369526962280836,0.3868611980574044,2.0355855212493,14.617125450424854,6,2.4506670506225636,9.845107157917031,4.8330215906817315,17.731465531703183,3.0991886584199104,2.845758777963375,93.90199517187786,12,0
2,2023-10-14,MC,5.474680357834886,5.034566810280992,4.743533286397792,5.021674770848477,23.60782212344659,7,1.7638218388639952,5.490878909156937,4.316789082967089,11.149996546163523,8.542016921243027,3.486365054493401,56.17118490670984,14,1
2,2023-10-15,MC,5.225563450927476,5.5198950371083395,4.8396926963102285,2.1476366604236103,19.784899687917445,5,2.645526541546079,5.2125098086672,5.603905745185599,11.379034465057957,2.8920155313349616,5.972681234239841,28.227952144187,5,0
2,2023-10-16,MC,3.5169725923379764,6.0,4.618829492422781,1.8101612359722359,17.75811680278286,4,2.3545451322471065,5.261819648006607,5.671133357643779,14.891610347639958,6.877389928006977,6.130041757827787,48.20634334135099,14,0
2,2023-10-17,MC,4.258437975543997,6.0,3.049683321361859,4.535778026075572,9.465044459148162,2,3.3599350706655677,4.5591776646099715,4.783706083103235,15.037656243278839,0.6955699627175651,3.4439280960670815,81.3885798216475,6,1
2,2023-10-18,MC,5.071956915213381,5.129316088171528,5.081811720764878,3.87056540421288,19.24785342804416,3,2.0864225949005624,1.0902545370339058,4.8090840318403805,14.769534500278402,2.888058849224009,3.6781899179274276,64.0351896456475,9,1
2,2023-10-19,MC,2.7537878964569913,6.0,4.452691987920823,4.370080721132156,6.105514014960297,4,1.4579760573602345,10.311124046241718,6.82874893010172,16.112228382281465,6.727010527957521,0.0,55.633719137000455,14,0
2,2023-10-20,MC,3.9764641359796897,3.1878773154886444,3.6546425529251247,3.5730673392332277,12.078089575048423,5,3.8222455159552986,1.6683386684227988,5.537275832607677,10.790799744572567,6.614838006181371,5.942238564223644,49.134192364779764,9,0
2,2023-10-21,MC,4.15824476131707,4.44390466469176,4.704127238766827,3.7699366793448754,11.6572735876038,5,1.8466632624170962,5.637030854445984,5.15705765058328,17.44507637263852,3.7117984970371687,7.877129607667538,51.71561549577444,9,0
2,2023-10-22,MC,4.18321526397898,1.3991067163441704,5.040729355080995,3.851176448926651,11.008744876279605,4,1.642714276880751,4.414058633834265,4.04899113904372,11.82228445339922,3.481364514672184,7.139915888417612,48.96301935164741,11,0
2,2023-10-23,MC,3.7516821337114497,4.976749776429921,4.049865313630721,4.69013941002658,14.644710764187634,5,2.437348852575735,3.7332381195103825,3.7337039344779006,16.726167673094256,0.6955699627175651,8.25863868885931,90.95431403103872,13,1
2,2023-10-24,MC,0.16334402678931292,3.6207917719865574,5.171438212783577,4.330742275115423,19.677336161069938,7,3.1736352681788906,4.272368605980344,3.2437770346626467,13.002220160671657,4.833705184596075,2.150669362393257,50.358703536847656,11,0
2,2023-10-25,MC,3.1929828387735046,5.682832926635413,5.528289775106552,4.950435661366351,19.113567763180967,6,2.2098178519394613,4.928219993160722,4.361980472767812,15.670604119568948,5.648540057987019,1.011714570411753,27.188936636923216,7,0
2,2023-10-26,MC,4.042413624801017,5.870654559495378,3.813850040423055,2.9188603251904013,10.564856984126376,3,2.291533372604013,1.6156866491366502,4.94932508885966,10.566571365279994,5.484061178850992,4.23641486809608,72.26765074354127,4,1
2,2023-10-27,MC,5.471092398576326,5.622666274966367,4.346320166071948,1.452367434647246,19.29058105399526,2,3.2343855274701387,3.6034350821158796,7.218169765072411,14.003972826749017,1.800112724875813,8.270436345990642,44.18431157392808,12,0
2,2023-10-28,MC,3.5561747425071806,5.351436256006105,4.192509147313818,3.1162072019271814,16.750518295982772,4,3.7085041063121653,4.287062348550556,4.806327449049063,13.894551951426914,0.6955699627175651,4.579800807951261,35.26307921103204,13,0
2,2023-10-29,MC,4.74618541582018,4.683694241866796,4.219829698462099,3.99412293930233,12.537272732936396,4,4.66001557988329,6.272557200114974,5.686864073000564,13.534232373909557,2.7797384420608053,5.397411637849966,104.80703713732514,14,1
2,2023-10-30,MC,6.0,2.630059332907271,3.8487218509087793,3.599200146530772,16.097708028395715,2,3.0244273919723894,3.8113231692161325,4.152724842896229,16.818806759189982,3.801509712807393,8.13311566765173,88.96343932650433,11,1
2,2023-10-31,MC,4.156978034214812,6.0,1.4127850677649318,3.794499723725955,15.70750933474253,4,3.741110079047074,4.221859465558954,6.9415003792883105,15.802535550561274,5.490998764527592,6.2932273267587036,44.604874237757166,12,0
2,2023-11-01,MC,5.745008549651912,4.860789861710867,4.196739007505846,4.850008889357187,10.506254473759157,7,3.1183095947131907,4.693510959315671,5.925085885921902,15.103516997748846,1.3797184092831203,3.730901785342946,48.283185467992006,14,0
2,2023-11-02,MC,4.604480451296823,5.539879470636604,5.528289775106552,3.460144298558297,16.23786206729128,5,3.056905891050209,3.23215976366301,3.4439445321933557,18.47030305860095,2.1474493640767953,7.588015580670976,18.56375027819855,10,0
2,2023-11-03,MC,6.0,4.068899379427725,3.7310651859908255,4.959281412805017,12.25814833345379,5,2.262799658269485,4.986369642984617,5.1531544249048995,16.142046096227705,0.7556647270642727,8.409712232189603,24.64698729946735,10,0
2,2023-11-04,MC,2.153338006966339,2.7310144119454005,5.528289775106552,3.11637330860672,17.05570723889286,5,2.908157507057015,1.8422443834069167,6.684790292036365,13.141402902313953,3.4810306935624733,5.312828186954927,22.805515973072882,11,0
2,2023-11-05,MC,3.118755601217999,0.0,5.528289775106552,1.452367434647246,21.40650070374779,6,3.8285601045492963,3.1307173150222383,7.830286887860716,11.470789094008218,2.6027712161349745,5.574986704334817,76.08106738198018,14,0
2,2023-11-06,MC,4.422803714197143,5.364847988194528,3.0332177151968542,3.508753315605364,19.535037257092654,5,2.9498531103597436,4.992296107216588,4.458800363028605,4.778029722693024,2.2058156744601143,5.897210663185838,94.46782816232567,10,1
2,2023-11-07,MC,4.711624500233372,5.046664535835651,5.528289775106552,1.6646446749350658,16.136198494964027,5,3.199749056849536,5.609215711567781,6.143448903829491,16.511262798842743,0.6955699627175651,5.409336600216635,44.73631465099804,14,0
2,2023-11-08,MC,6.0,1.6895120702490605,5.068437971491199,2.4012802968904645,17.220930838441387,5,3.2486770669613776,9.011615040741765,6.654385286493108,17.930358263741407,3.9407187179701126,4.394129973824,74.6292033456576,10,0
2,2023-11-09,MC,4.479938751356085,3.7536749438192354,4.112997616410225,3.8624540249379335,16.640266615184142,4,1.4198910705353436,4.864002763946349,5.636744743987217,18.38394924444457,4.500003773580088,2.6082181395921813,50.53393326958246,6,0
2,2023-11-10,MC,6.0,1.300416956043154,5.07547835935784,1.452367434647246,20.747119490453283,6,1.7057403224791419,12.0,5.82728639970291,16.865469704820963,3.8412247329853346,4.062216460739522,82.99524482605432,8,0
2,2023-11-11,MC,5.539987226977134,4.810927943967938,2.637699685168313,2.4793987244138185,13.948280881309275,5,2.8382242687500483,5.4580109974861175,4.678079901373485,9.27150801716071,1.9060740735880461,6.545615479963014,29.5029649411977,12,0
2,2023-11-12,MC,4.362212449844721,5.867872095694483,5.042941409199198,1.452367434647246,12.008563644074991,4,2.203557330112263,7.735659245896277,6.260624502390481,14.858418230136149,3.4541067202712172,4.311247879685933,75.51670293267556,8,1
2,2023-11-13,MC,4.718318919214526,4.771411697242525,4.738957041950872,4.088173697685575,9.781425159431038,4,3.3549429370162778,7.994252438060154,4.345626866262174,15.464765402350025,4.5082514886351595,5.381407056903283,41.66643376322634,11,0
2,2023-11-14,MC,3.9481031483477733,5.573859363469042,4.151516141520277,2.0901211206903447,14.569287621579598,5,3.1366838892760374,3.981478859212469,4.663818987927998,16.27121583486735,6.224823043857485,5.12475820849401,116.23550258342223,8,1
2,2023-11-15,MC,5.298313913251733,6.0,3.0492350330251514,3.1365100928902416,16.668715758820053,4,4.239759869355931,7.3479754364116205,3.4425146052729403,16.165745985214617,8.452011781842707,4.324313886084943,19.655569284167672,11,0
2,2023-11-16,MC,4.171180037253489,5.56723531785596,5.086131067734112,3.28712280696704,16.9418003322466,5,2.0551673338841017,4.600883291484802,7.9399288601133,15.294251221961064,4.896269869912002,6.33830420839362,65.97176336699823,10,1
2,2023-11-17,MC,5.480170808943684,5.322630114533568,3.5489846993676877,5.128575098038697,8.442421792243877,4,2.0407157603664015,7.201041698081559,3.7583178936903465,16.351242768763672,6.3508528538514195,3.6696169824203695,16.34537401129725,11,0
2,2023-11-18,MC,2.331403649800146,6.0,4.200326036363347,5.303312140719002,14.971679222942136,5,2.2327500099716975,7.232343385990442,5.1326397827987265,17.90435734504675,8.36979535622005,7.520308971154272,59.234259077799074,4,1
2,2023-11-19,MC,2.921717653273723,4.857659423529598,5.230980125317849,4.928832690663038,9.750121095621363,4,2.665337330957314,2.6749315703082095,6.325429559512008,14.130336572638434,7.798886597339335,3.486804802930678,32.793661656649206,6,0
2,2023-11-20,MC,5.3189297482928115,5.826290646551432,5.226368046567385,1.452367434647246,21.14011050963654,6,2.522119181704107,4.470729128685309,5.064868120343179,10.718641943783418,5.308867623621223,8.219411509773968,78.24574847445562,8,1
2,2023-11-21,MC,4.998543786808137,1.413027046904757,5.2149632017523535,5.404600412622945,21.640124286198194,5,2.5718325915442546,3.4952013822276924,5.375012498530164,15.640662954091994,2.297725847222181,4.957194834438667,57.14113887433407,9,1
2,2023-11-22,MC,6.0,5.712400671161224,4.3642652704264275,3.3558229580476526,10.705731082509338,4,1.7179118086806637,5.969357916799134,6.198960447597305,13.966839748601751,5.184290740594763,8.129831807907594,49.55629980139578,11,0
2,2023-11-23,MC,4.040399436487193,5.919736521182245,3.2591379756433714,2.8440245859192834,19.018584511004697,6,1.5013875842499236,2.2744265870105154,3.4210538758900197,16.96429340670863,5.098873967712172,3.708793016477225,66.86586264426845,14,1
2,2023-11-24,MC,4.346229646662134,2.326031260375146,4.9216011883667505,3.128357078629879,15.849597435426986,5,2.0916667082219815,5.798408127545006,6.6940288477511904,9.240699500969122,2.213687441787605,4.6605115899255605,58.87508468668699,11,0
2,2023-11-25,MC,5.54060850099419,3.7147701696352136,4.947644729826459,1.452367434647246,9.615428846633007,4,2.6139239177378686,6.978953420727183,4.93049312202897,19.001295034050468,3.603904577458511,5.390497404377379,105.33654362211732,13,1
2,2023-11-26,MC,3.3822120665076367,2.228811904391433,3.5860255415706535,4.486274143884762,17.719126057085205,5,3.4783897370577836,3.6476853808893908,4.52995356309666,17.407491594844288,0.9771568013909677,7.9607220888378905,10.0,13,0
2,2023-11-27,MC,5.178597635202183,5.114156104238181,4.736449250383609,2.6349984807051183,11.92003249404124,4,3.04995830397964,6.214094930068604,3.592911408640592,15.996672884309229,7.957535946549507,5.998756917164733,17.097614224961923,8,0
2,2023-11-28,MC,4.170248162685527,6.0,5.528289775106552,4.4554353450377295,12.28784641789367,5,2.7845002409737245,1.5738092209881926,4.899665575391399,18.124613116611478,4.038477475441231,1.6609433588892912,57.91601582328994,12,1
2,2023-11-29,MC,3.6499134350447364,3.3334117126775884,3.28363394894406,3.768668415884281,14.148921805018938,3,3.777261298903863,2.6202679366808894,3.953995569003102,16.934302434572892,2.4838598221784496,2.5044580367089906,59.57737836326982,14,1
2,2023-11-30,MC,5.530364149564832,5.8978258061162006,4.325210471991175,4.339554039923474,22.61837787166216,5,1.410732250086732,4.105008450207365,4.109992740145161,17.6991400748595,2.7822128106407535,4.423650501602706,22.14783645848162,12,0
2,2023-12-01,MC,5.078279981247713,3.0760958413384727,5.173598928333466,3.682964867926569,23.288598840177485,3,2.2677886350598366,3.032883779289148,7.137789235705502,17.54603240225028,2.8115280226484614,1.1699543898361062,28.62728177460055,14,0
2,2023-12-02,MC,3.64880747538799,6.0,2.7362997854920508,2.61607180370212,13.313119339793397,4,2.7977939407372583,3.103692735534579,3.547418594080453,11.545306924437728,5.536289844151339,4.511683881589726,17.119854716176285,12,0
2,2023-12-03,MC,5.303352122357842,5.182437319539771,4.114858529537338,1.9374001936253644,14.009875529319366,3,2.9072914384445405,6.638070952176069,6.282408284570419,17.242662201151305,2.6238841960095143,9.812241370874743,64.97794981384905,14,0
2,2023-12-04,MC,4.013153053385369,6.0,3.0721038566572827,1.7640931255719507,10.34197847515335,4,2.5022214291788667,3.154943693106869,2.7658402965064814,10.65666736395955,6.6307958223014545,2.4554078566160475,50.31497605734841,11,1
2,2023-12-05,MC,6.0,2.7398631394046444,4.606945952924383,1.452367434647246,15.875849276332218,7,1.5289572622922591,5.831280518110113,4.884779885968075,15.70881692867236,2.9361779268062023,1.9862989401110034,62.550898596956834,14,0
2,2023-12-06,MC,5.622789599752389,3.6018347614760886,4.124706570057557,2.5411244641049233,12.741590567413589,6,1.8239167984981548,6.432933196399971,6.652706880699202,15.7780654930749,4.8816320161693865,8.480522765683723,67.76979294857603,9,0
2,2023-12-07,MC,5.72319708498363,6.0,4.298494280480304,4.77257792432979,10.073600192180661,4,2.8367866808754982,7.886599830730091,4.455078781512372,16.24021872390531,6.594395243817657,4.661743087469165,47.38655248771787,5,0
2,2023-12-08,MC,5.612319108545091,5.289787063329239,4.538799200265149,1.6414838482471312,20.38207440806695,5,1.8162789462019515,5.249943372926076,7.073970659814449,17.510407645009433,5.683840462036262,2.7924462505891587,34.79145260554221,10,0
2,2023-12-09,MC,4.880367281866605,5.163113420608326,4.217812772091164,2.0748465069599416,14.963491225033748,5,2.324269771921989,5.900925971268567,5.930107896132208,17.479187175054715,3.8923983733813103,3.218874188661621,60.757112265963784,9,0
2,2023-12-10,MC,6.0,1.580673051529041,2.980111211791825,3.3487743306618647,8.468372882855318,7,2.4301723355581593,3.801710751699599,6.596002972557686,12.755775942655209,3.6396880530950435,4.99927371133124,57.9080876243002,10,0
2,2023-12-11,MC,4.822001266633046,5.293473164299414,0.8853221377082197,2.2308272079705933,16.007163162729977,5,1.642797364244029,3.8743493131255775,5.800606978256678,17.391737041047826,7.329015880505116,5.361073013757132,15.26584574982426,7,0
2,2023-12-12,MC,5.088471898566895,2.959084303580391,5.528289775106552,4.59310295930152,11.20532603325991,5,2.5074441874788107,2.2235915368427803,5.182702073895567,18.894764375751887,8.259775519288645,4.707356845138235,47.2588264777892,8,1
2,2023-12-13,MC,4.880524852986417,6.0,4.771901408021135,2.6816373329101713,8.445165978700093,4,1.8043151952282308,6.019895078366584,6.055825903562548,14.762933499734777,4.068805868182569,4.769105176729407,30.123964037244267,7,0
2,2023-12-14,MC,6.0,5.798683594077961,5.528289775106552,3.4335728055294017,8.829979471490422,3,2.5387467185127814,4.76280377361826,4.987516256354989,14.476460525976556,3.118197245656385,4.487663693976333,13.381524818642571,12,0
2,2023-12-15,MC,5.59203954374527,4.974259841688748,2.4053955909303784,4.45510950214843,21.20591662806664,5,3.621465832547684,7.1548753287044295,3.3319672948416703,18.03218978305906,4.0384442446263975,5.965222535407069,51.44325684878608,11,0
2,2023-12-16,MC,2.558550540648138,4.52945686230013,1.2469513323350385,3.368389726637406,9.896572295467049,4,2.9484034571360094,2.831027030334336,5.016539694045279,13.119813395273786,5.494798343240537,7.049804071913795,52.78336910989854,10,0
2,2023-12-17,MC,3.3507334759789336,1.2979124404413598,2.9680714067012377,4.491917075204941,18.1894433877493,4,2.9320891357888064,5.935809059076714,4.859585006242728,15.965483518031695,4.451978458931532,7.322308242328773,45.3550554772744,5,0
2,2023-12-18,MC,4.936033784286993,5.5633888261769116,2.6338849044732964,2.4812670732370927,17.934855401424066,5,1.9205673833963317,4.4275792740170115,6.056336668077077,14.812837685368837,3.580058193034921,2.818107122830902,54.96196280074816,6,0
2,2023-12-19,MC,2.628226837458426,4.266400324625018,1.9887684532389311,3.4019691893988253,14.64836614922299,5,3.19315824681281,2.9702305030363045,5.166403778384862,15.215675113988492,4.160262797266541,0.8401880798792902,73.88853320782329,13,1
2,2023-12-20,MC,2.80862278660163,5.959106781010918,4.963749197813057,1.8536712274015386,19.72197700896169,6,1.8466833140284329,6.2759159694015825,5.0998372344987,12.842588420594609,3.497949125576572,8.019500325274908,45.32510457627515,12,0
2,2023-12-21,MC,2.0226988269512276,5.804481312066601,3.265493080663772,2.568488738008094,7.332223799113246,4,2.3068743965882055,2.8956960902540585,4.344836856746236,8.688627263725097,4.180451093101836,7.398266549249028,25.281763766143214,11,0
2,2023-12-22,MC,6.0,6.0,3.498210547117827,1.452367434647246,26.001241377187434,5,3.6564841105243167,8.100838097294114,6.510737787173849,17.097807952065274,2.680591641496868,3.316027751398558,41.15095397324875,7,0
2,2023-12-23,MC,5.918782160003209,3.6520601594593436,4.875353385451362,2.398576858898675,19.621755381212246,5,2.868061747643273,3.200218326391075,4.63361328058148,13.403595217223543,8.082125006556236,4.890932874125858,29.4658316315588,9,0
2,2023-12-24,MC,5.387892103423649,5.606512285494613,1.9235288974206588,2.4212947056718823,23.61985487786268,7,3.6130990834905816,4.030907948073384,6.047171811634397,15.465357567860613,1.5196412523302318,2.749916268309914,46.99346639436033,14,0
2,2023-12-25,MC,5.945690227994865,1.2912215829152784,4.471713335261869,3.3244331060059262,16.4679210122292,5,3.7572792414932676,5.758432933075792,4.391912049222146,16.073608887617898,4.567909078185496,9.738233091045661,82.74879928389257,9,1
2,2023-12-26,MC,4.137704434220755,2.8238826207876304,4.987802095187931,3.9729394957215587,15.77625365329414,4,2.370536772414349,5.70919918436956,4.727786590696396,14.079221665485449,5.159943998829542,1.635646880612442,40.67013831443888,8,0
2,2023-12-27,MC,4.671462219550436,4.924735274686382,2.7502208690832846,3.5178300641605804,12.676192098907418,2,3.1984499328302927,1.2263336156308182,4.173687105610146,17.773447439228853,0.6955699627175651,6.956330100719726,74.25088462242675,13,1
2,2023-12-28,MC,4.552896519009611,2.7545850776333527,4.9327692164598895,1.6235062467077792,20.335768976397965,5,3.0659854478005997,9.205238181303095,5.203898359656833,19.456250752548637,0.8578396325047373,7.239126896930319,67.5330497971481,14,0
2,2023-12-29,MC,5.295943423759001,1.914148145460533,5.289180392928589,3.3345935112298157,15.35888744077019,4,1.706503846382435,1.703687608385488,4.775441620768125,16.988745852554246,5.644889902143076,6.350513392490393,54.14639848479217,14,1
2,2023-12-30,MC,6.0,3.641574725979679,4.800950642760608,2.1048057247904204,12.043612152521789,6,2.1464726588948304,5.297191854242363,5.644095501412622,15.191454229889533,4.928077086386475,7.397904782132289,38.547272768138754,9,0
2,2023-12-31,MC,6.0,4.83941229788874,4.296306551661846,3.6984675492505414,18.072333407392854,4,2.19819532510404,0.10302834998391197,3.3194357298746526,7.707335407474601,2.3070516416392772,8.532564997722886,10.0,11,0
