facility_id,date,care_type,adl_eating,adl_mobility,adl_toileting,adl_cognition,mds_adl_summary,rug_category,nursing_hours_rn,nursing_hours_lpn,nursing_hours_cna,medication_count,fall_risk_score,pain_assessment_score,resident_census,incident_count,staffing_mismatch
1,2021-01-01,MC,3.6804388477123093,5.197325685513219,4.9070457361294615,2.9074121163417344,16.453671763855496,5,1.7778432718548802,1.4928756355636805,5.2416938126506905,12.228182700404863,8.648645109240785,3.359042246810679,59.24908213022276,11,1
1,2021-01-02,MC,3.037617361054868,6.0,2.162767301598337,4.495777335780827,9.258858132680734,4,1.934683884049983,8.466006329324033,4.462178148637405,14.427861807976328,6.964545620002176,3.892895656239846,17.687508523869568,10,0
1,2021-01-03,MC,3.6145777224301536,5.267169053572531,3.8145337702687394,1.452367434647246,14.95554377889608,4,1.192367103167865,1.9198100851967672,5.879597448488607,18.144315070987965,2.831140276690414,4.112151544490706,23.98640627247427,5,0
1,2021-01-04,MC,4.426134863660486,3.3191152355145794,5.527197461308631,3.1682773300257505,14.200428437840522,6,3.0962887369077285,5.894162517507722,5.790416534451384,16.617832794613356,6.096015594852043,3.9365284120991455,34.905732845850736,12,0
1,2021-01-05,MC,5.631459580385977,3.7725148828160697,4.003968612608145,3.1497800920064982,13.472673281361462,4,1.4117381541524534,4.729375723944792,5.717033669376292,17.145762239649752,4.14310141854409,6.169347849313095,68.64420226776991,14,1
1,2021-01-06,MC,5.3875468063529395,2.36879073849069,3.924758291531909,2.0097193658016477,17.85619088220145,6,3.425161671163208,4.485756176848953,5.054772439470668,17.232597542831606,4.967625844613668,2.6256264923268717,52.24931390844516,9,0
1,2021-01-07,MC,5.5724744601122564,5.724302155509543,5.2690735309985115,3.273367787143635,8.400084085001668,6,2.5165074767973015,4.988157117743043,5.656217912669074,16.307192041635183,2.7248995667592606,5.055264575354559,39.12400733747179,14,0
1,2021-01-08,MC,6.0,4.6264573887842095,3.698921158499378,3.269297671771213,15.860290055447598,6,2.030760044155354,4.240473368430978,6.444097221235325,11.889063576414486,2.1640705369849194,6.600790850648447,10.0,9,0
1,2021-01-09,MC,3.92625513507845,4.306068555932403,4.727388087107937,4.9540230095634605,10.040419095361434,6,1.6420676983222857,1.0908953778514987,3.2854713565446567,17.05871068209637,3.9139026883937715,4.351596405139683,73.4744858205916,10,1
1,2021-01-10,MC,2.7937199171605007,5.064028346872946,3.879306508276054,1.5034905627617476,14.572747192749096,5,3.5164337027858923,8.176105606977757,3.238598035537458,14.0414227982456,4.753205922922752,7.065906298835339,98.95934368718002,10,1
1,2021-01-11,MC,2.8028189783331534,2.162515553567337,5.528289775106552,3.5878349349897523,19.975438069544794,4,4.162458006240728,7.835350064333197,5.29474252812839,13.366382597897239,4.39398682752707,5.1353236198971555,60.840182037269685,14,0
1,2021-01-12,MC,5.7247120498444675,4.683833287614384,4.360564615004467,1.7479184162709116,15.14322809590972,3,2.623145313242039,4.440095775005466,2.3894567734545746,16.783219739491123,3.825939177239863,8.795561047436578,52.24668402920547,14,1
1,2021-01-13,MC,5.865428205224731,5.63336674737904,1.831142419465301,5.4597986267763075,11.095229998666332,5,2.260561878004783,6.150794853007853,6.77597292726506,12.116474935883256,8.292055008453566,6.348525049032551,70.59337966449876,9,1
1,2021-01-14,MC,2.4125274290042253,1.326982507381679,5.528289775106552,3.408863988322996,14.582251059883578,5,3.24331823057868,0.47367841008250133,6.705488498467732,17.58241484718903,2.2180563809111904,9.812241370874743,17.60488561537354,7,0
1,2021-01-15,MC,5.753213739502467,5.3616767905116935,5.052936997019546,1.6703054540405005,15.078107252537222,7,2.42433751151415,4.8257850191351075,4.492812586428765,14.174192791569283,2.973856644710266,6.826939215989873,32.20194252620863,10,0
1,2021-01-16,MC,4.049022487188852,2.824523643239001,5.528289775106552,1.9753353008351369,17.966847791666094,5,3.2379665417801755,4.619155791554183,3.9457503154875457,17.010541207463177,3.6222834799751786,4.836544213578632,47.31767846422975,14,0
1,2021-01-17,MC,3.5488476128193573,6.0,2.4203771877203044,2.912451743540823,19.312697598599165,4,0.7658562828674214,2.591051996269926,7.517951514549738,10.906942956783158,5.115625062891509,1.4639228168781777,62.321104944337684,8,1
1,2021-01-18,MC,4.391863740651909,4.303429956457446,3.296969176219942,2.8522481758679614,23.52076073562415,2,2.7488832738156717,4.31483417054874,5.393160887968159,14.52486312933823,5.286573056210549,8.637020792664808,82.63923292376506,13,1
1,2021-01-19,MC,3.67875689379824,6.0,4.547650225545097,4.659077883403659,9.653707870917254,2,3.0704345133470574,4.266315070789429,5.319343972230032,15.20134621656781,0.7687255144258565,6.038917566463446,76.22457553709238,7,1
1,2021-01-20,MC,3.6166577814637813,5.776414431725572,2.237552532214735,4.401385616776498,15.345180396869445,2,2.233260174138944,1.9890860268559054,6.772504545647563,14.501907968592967,0.6955699627175651,5.150670490913525,79.6023028943636,10,1
1,2021-01-21,MC,2.4202774198710624,3.5413182694410086,4.951874442204117,3.722184567732211,13.44714135016749,5,3.8566710907909547,6.014416336390567,5.874173273015134,15.28959222163206,7.915838788667846,6.117121756546061,52.806092467777525,9,0
1,2021-01-22,MC,4.835916847699449,4.466623887859497,5.275781176248063,1.744499547709524,14.012382392540434,3,2.2919096725709074,2.3188688413714256,3.552901330192662,11.128087029486338,0.9018124680558977,3.059837577657115,49.158487534418946,11,1
1,2021-01-23,MC,5.461769434215035,4.738555943795801,5.1516218550748825,4.226297633944747,17.198315341997457,6,1.1065252659216984,3.6043024095495273,5.068742896404567,14.229650375639698,1.452617646138981,2.417059806568841,63.34197254285293,14,1
1,2021-01-24,MC,6.0,2.135150137290863,4.803593917469644,2.173654257378696,21.293366482658243,2,3.264854767090761,6.1311411571621175,3.437243395891458,18.491448741124827,3.9915454123072145,4.997246218940608,50.36826464670663,13,0
1,2021-01-25,MC,5.150799844035481,2.3740724441689443,3.1721288020299685,3.4388765967119155,24.912592107146896,6,1.2943614559111343,2.89760599089981,4.2089022305370865,18.441490508087146,5.591231051637026,0.8618010854395317,59.25282034085312,11,1
1,2021-01-26,MC,3.3453537477344444,4.517351451395088,5.528289775106552,3.9234610296801122,10.910913628439907,3,2.1386922282803726,4.2522237845695265,4.771686048970621,12.84613205728591,3.3109739555795166,6.823741745043091,16.770231115450382,14,0
1,2021-01-27,MC,4.302235706793888,2.935341383123596,5.4365226043344865,1.452367434647246,24.995913627706077,4,3.367007191380817,8.063287845689176,5.470447341664644,15.042010289292351,1.955326272360074,4.378927568450832,19.99623407650491,8,0
1,2021-01-28,MC,4.94894152841081,4.089954194522727,1.5951004683282757,2.910723315372611,19.12690661165952,5,2.0854789877752773,5.771032850263279,4.566041578935838,14.912052456212333,4.021140507858044,8.315927555641341,77.02571642519823,8,1
1,2021-01-29,MC,5.912072719716082,5.00255065017312,4.123868269168044,4.51338539448385,21.016657013718678,7,2.095015419398981,5.628755504576262,5.634246705861205,17.310341698418547,2.0329297291081665,4.909580017955709,76.25115923921749,14,1
1,2021-01-30,MC,4.959533270425797,5.974179172019096,3.932666891942346,5.204812948752573,16.002690199513864,4,2.1808966061888966,6.760218815037642,7.7159115091068236,14.610719971406116,4.097154300770608,5.808127766431093,36.05580573875438,5,0
1,2021-01-31,MC,5.784511293777275,5.722875653903367,5.2914433082711305,3.3177293121571614,15.357406664753444,3,4.377438308765416,1.484742572479505,3.8033584274865553,11.221635769109016,2.9476459396175887,5.378599154619527,60.85285646714375,10,1
1,2021-02-01,MC,3.9987077427299225,5.353359865503587,3.5758523387158143,3.6047415909433385,13.701117473801922,5,3.0248688277784486,2.0893633302169277,3.9361957501082943,13.185007307979761,2.6689232535747234,5.403478757732387,57.04430564270418,11,1
1,2021-02-02,MC,6.0,1.9156968408319435,5.1440724636694934,4.266249647883475,20.949248763225594,7,0.840370104859407,1.7084971987579587,5.127873246822728,11.710935463177188,3.8666102864108134,2.2109796135854647,37.054189755289606,12,1
1,2021-02-03,MC,2.480530855336134,3.4776908720324853,5.444033860638629,2.566084761641586,8.635035728023556,4,3.8974108359700965,2.107861372539898,4.4714976532920625,16.843729617872015,1.507323539846226,9.812241370874743,18.526149640000757,12,0
1,2021-02-04,MC,5.304437689786834,5.093554042980963,3.1349185090267255,4.795644875967063,15.653522642862677,5,0.4767407802474698,5.27854967186505,4.563399392911935,17.53454853491743,1.110208320951363,2.421774365933608,64.927872071541,14,1
1,2021-02-05,MC,4.338491546289355,1.6084522517476092,4.9832539367980635,4.288830624876297,13.586537954278576,5,2.151811428106006,5.66580960976333,3.550442560448811,18.371105141404755,5.223594006718599,5.789946679722118,10.570377284953985,9,0
1,2021-02-06,MC,4.904634780654682,4.385669650014984,4.748763088034563,2.76496590651595,20.01371716193187,6,0.9037319424309043,3.7090001438025544,3.5113606975300247,18.22218235278463,7.41146537447159,3.193514478653268,63.760848955994156,10,1
1,2021-02-07,MC,4.5536125668390515,2.6843213853068018,3.8582565404892977,2.422006264669055,26.001241377187434,2,2.762852744949557,5.390115378037958,5.154236120583667,9.029540910387084,3.970367861259387,8.068633155168824,77.30795299457273,12,0
1,2021-02-08,MC,3.7241721355730255,4.820108418492035,4.698632945564091,5.1418599867116574,9.0780535806589,8,2.2118415902838655,2.926137552055658,5.83777032379558,13.549610725697868,3.8315399881151855,2.216047135917187,48.83668262028397,14,1
1,2021-02-09,MC,3.7036804872620035,4.128112984636814,1.8182615455403686,2.7917581330841164,17.474563170946617,4,2.3190757009311165,7.803363771912417,4.618237550264382,10.38790816632038,1.6705803084100204,5.124739366392119,102.72899730657119,11,1
1,2021-02-10,MC,4.7269419080831625,4.83315143231772,5.528289775106552,1.6131428576539277,13.183828768353047,2,3.2035396831138425,7.177139834681165,6.1621556490139335,12.588986565034578,2.334899855974626,7.099933466443747,51.836042935004514,10,0
1,2021-02-11,MC,3.177456892360505,5.066979870610847,3.077760159045598,2.076960925723652,18.031494448718473,3,1.5480782202817869,4.638819885774527,4.268052770236786,13.570741133650111,1.2592811219963531,4.02932911321269,56.03175532641567,12,0
1,2021-02-12,MC,4.1897764843196175,3.2308815492004404,5.528289775106552,2.8018526729458184,16.59671001891627,4,3.120910519394617,6.685300049204445,1.5561966932534124,18.495570577450856,2.4456509929241212,6.341951236151484,21.5047981276241,14,0
1,2021-02-13,MC,4.405471099902087,4.181602175009374,1.556791950819445,3.759816366572115,17.312856490962044,4,2.767128836095901,2.1099096298954096,6.401867645034709,9.04556998535384,4.37819390344492,9.812241370874743,64.81838107689265,9,1
1,2021-02-14,MC,4.435667705352358,4.752730109271647,5.161203372290647,4.601949860891798,16.4255518012746,7,2.0158381942759207,3.9996942306975525,5.9204175900757585,14.806360527954096,3.128248190406354,3.39059203818964,39.79520323856225,12,0
1,2021-02-15,MC,5.473215658870721,3.0551783931608347,4.673714112817882,4.59796733922348,21.272899349526995,5,4.016837784842039,4.8568744157921016,2.9962080307903047,18.332406330244694,4.548299471265422,5.859375084799272,70.54706314695947,14,1
1,2021-02-16,MC,4.889498735388933,5.228671424320712,3.056070286347574,3.147654274044423,23.914691987195006,7,2.0795733679925332,2.6895191433148025,4.248253281805997,15.666459449156854,2.788822784536092,9.078943327088174,38.964817388705086,14,0
1,2021-02-17,MC,5.4974629812610845,5.670941432596187,3.1952572221571027,5.109527071698784,6.817915461417245,3,1.8558538544541734,2.8404071328105482,5.279301760318518,13.615413502391704,4.4892939615757195,0.0,47.21958276964944,10,1
1,2021-02-18,MC,3.8707397343386045,4.2403978783410325,3.8632463772944483,4.0224456114272655,17.160199334828857,6,2.430133140660891,7.1406072072818,3.4966569764633464,14.509743897820597,2.461477627118323,4.306528535496999,79.36016040092042,9,1
1,2021-02-19,MC,5.3495045221337305,5.639158498943916,1.7888184740798412,2.905286727321581,17.18040831467287,4,2.1521433954048246,6.4033601666938145,2.5187590317386084,17.27782148934841,6.1610554322300475,6.46421998199301,37.85547649339134,12,0
1,2021-02-20,MC,4.602368996720845,5.066695877799027,4.984128810293522,1.7868574312142633,17.629314768439865,5,3.7245385458292297,3.801437936123719,5.254940381487044,16.79211132318196,5.250061045622241,1.6897426121835755,86.11980546587931,10,1
1,2021-02-21,MC,6.0,5.897280545625706,5.528289775106552,1.452367434647246,15.042879587037564,6,3.7742426963127995,11.637794082670833,3.474660831008923,16.68831661546119,1.6995861707325792,5.64298044179735,16.5658115472169,14,0
1,2021-02-22,MC,4.517853131029474,4.907682763849168,2.974854683958748,3.284554988285856,8.971044567400881,4,3.0291346004158783,3.356610827300546,2.5842216149496413,16.055524847344707,7.539227318682357,3.8481516249743875,53.090581327657965,12,1
1,2021-02-23,MC,5.116454629716521,6.0,2.015034174419619,3.767769607270029,21.981956950130712,6,2.719851079689015,5.1659335682017264,2.4867247452523924,15.23703228030347,5.075798266477304,4.827214778518276,69.13897689562702,14,1
1,2021-02-24,MC,3.1761556457035716,5.073282912503899,4.836372385080356,3.477454080033042,16.431750839748535,3,1.9478445403492755,4.491983475778719,5.481488550379897,17.107282990204823,2.4493809163614046,8.517331236404939,18.1797068106149,6,0
1,2021-02-25,MC,6.0,5.766214521692826,1.0735732180139466,3.878314560929132,14.282971499161881,5,1.5811854124483071,2.4285225120324987,2.8721601725728467,15.319191324584626,2.580157583278025,6.945706485496669,87.77913992220893,14,1
1,2021-02-26,MC,3.7125557280330104,4.541418204645145,3.7044409322674614,4.254629117966452,14.475123895938147,5,2.9456569852306997,8.713290815268659,5.165914295392374,16.3272118453133,2.2429383772216624,4.45874936061388,10.0,14,0
1,2021-02-27,MC,4.810327497671284,5.431475723006575,3.376689382516629,1.452367434647246,17.873102669586252,5,3.227264401050033,0.4501200979897524,3.3944211372109856,13.803090149576327,2.1700739321612494,7.394606025138981,89.1352021985647,10,1
1,2021-02-28,MC,5.193529484735362,4.1395930143081,3.621485172518663,3.578738356638606,10.524271379076518,4,1.9619484561385958,1.68647700738095,5.116652610312875,13.988744647462918,1.450092069093854,3.466805277718516,42.96945723188236,9,1
1,2021-03-01,MC,5.261732101577686,4.003404454163956,4.25778849172791,1.6486896548600298,19.447772667697546,2,4.082745602727124,2.5937413247816083,6.2917260490613325,11.495701408738809,5.025845155858163,2.462970941198943,62.90540972623137,13,0
1,2021-03-02,MC,4.522747986423178,1.592865072533439,5.528289775106552,3.6340979901446406,8.204230987891052,4,4.215239137501439,1.4947845862823483,4.68208623273069,13.943744322623624,4.107414556002591,6.404048025132644,53.698182942618985,12,0
1,2021-03-03,MC,5.414330526763706,6.0,1.0593262657111326,4.54218625293983,20.279852025120448,4,1.29188344654127,7.290379488727966,7.357420084857879,12.11516103734614,4.683089725019193,2.925024671239432,61.486654699007694,10,0
1,2021-03-04,MC,5.2066874672148735,5.464112986820233,4.598063182696055,4.4018757316583965,14.117224575351727,6,2.0431350413801708,7.004841424221256,5.65366637169797,16.28999643210751,6.666487293208878,3.4889428924699497,50.305161736115394,6,0
1,2021-03-05,MC,2.953591942638013,5.067324978436969,3.4825775025070183,4.81690570079162,19.67324143325705,5,3.3683820110901213,3.664937318004813,7.96044169991349,13.349014332102074,6.778804137485847,7.086545455791858,61.924632506281085,14,0
1,2021-03-06,MC,6.0,3.2136737658487076,5.30725341865401,1.7658103029974954,14.237203115466937,4,1.6588152423596818,2.678174524992448,4.77520486660825,15.116592259210162,2.389910527081648,1.8759202034634428,15.15264168474215,12,0
1,2021-03-07,MC,5.67826395486394,2.7925147892819493,2.5583688445031845,3.331341016515931,20.648403927510675,2,4.565330383672797,4.667057167201229,6.225230111070881,14.46828162215488,1.748703095502882,5.913307402829007,102.5630259430418,4,1
1,2021-03-08,MC,2.5804510595939307,6.0,2.9830008044478697,1.9931729855477642,13.927166931369827,4,2.8232321874236783,3.3888200597360694,4.78964368420843,8.801254055040605,1.3166686892262467,1.0367709377229648,69.08303845731923,11,1
1,2021-03-09,MC,5.960104207143148,6.0,0.5931113038126099,3.638269689512121,17.049240560863,5,2.1713667763479307,8.405846458998965,2.559494640610356,15.101839644856803,5.063099847713252,4.326957986213975,55.29206948393082,14,0
1,2021-03-10,MC,5.477127380856181,3.713895702793625,2.9529418949731276,2.942785967505501,14.001541528865566,4,3.736143717536688,6.485235640422187,5.824324652907434,17.692769658253358,4.3092881006164605,2.281336674005474,101.53685343162438,3,1
1,2021-03-11,MC,5.5620592028270615,6.0,2.568184124533576,4.113294851632829,11.968409323003005,4,3.9677583767970597,5.4653301896551225,4.76880988307766,13.904324618662356,4.617476341536893,2.8930725005871336,67.8473659386232,7,1
1,2021-03-12,MC,3.8004133597447374,5.3501922517266,5.2906818767278185,2.3883381704915507,12.50147898896077,7,0.4207830187510393,2.534766174327033,5.144288492259088,16.192568163610204,2.998448980352527,2.1773606763657605,49.11864497646988,14,1
1,2021-03-13,MC,5.618480332839764,1.9171632468488762,3.5466166226241205,3.097604116349697,15.638128300083913,4,2.411786018584551,4.435481359328929,6.1291263532297275,12.783725359473507,5.177306516352599,3.2539487175229818,76.17815167284463,11,1
1,2021-03-14,MC,3.2118043049138683,2.3349282269010763,5.071707175172837,5.118267050831061,15.60109048459743,4,3.9663810057575826,10.33916543599126,5.616672130221867,18.172938028467645,5.161477945704336,2.58588973336919,35.38605447389929,11,0
1,2021-03-15,MC,5.0354976206679884,6.0,3.245731629730044,3.774753865728906,9.565416018352945,3,1.7667557494500696,2.1200544683530604,6.175777978745221,17.00953001519703,4.755242174941855,3.2892383619681604,44.8026508429842,13,1
1,2021-03-16,MC,3.852303682853825,5.863215404816028,3.138252760870404,2.7311602364624896,14.13256781141436,4,3.7566216788013507,5.21792386497124,6.142942152176353,15.730275246925972,1.4021254570049821,6.39035034869472,40.178574789261106,9,0
1,2021-03-17,MC,5.584407850482686,6.0,1.778292281486524,4.361929207518744,16.091457924755304,3,3.3401770201095133,1.240149935203089,4.692108905682334,17.101724600967803,4.103758682215701,5.854639608792462,36.55026547350901,13,0
1,2021-03-18,MC,6.0,3.021367184036916,5.528289775106552,1.452367434647246,9.39639555315747,3,1.9331882992127627,4.698437590517683,2.0850582936278843,16.197523541154304,4.016076706853645,9.812241370874743,70.05345481860435,14,1
1,2021-03-19,MC,4.202314780917144,3.665383281626342,5.528289775106552,3.0807639584614597,8.116892896873999,5,3.2798047655514084,2.8451127889825236,5.197630753188119,10.37259109765209,3.658106027001507,8.086601044579016,109.58528903481158,13,1
1,2021-03-20,MC,4.359304069772913,6.0,4.936000412519495,5.815998172086189,19.466773586612945,7,1.214420511327316,6.87728153638015,5.8514143927952835,15.87739557629463,4.086716655188011,7.6679399334519625,29.241195010138444,13,0
1,2021-03-21,MC,3.683828540928401,3.486406119807051,5.301514506570506,2.4616725049724177,18.741700540042284,3,2.5269166979095523,3.0856249135149962,4.612634282459755,15.72973850589309,3.553820334293152,8.202247894690924,41.8492609571995,14,0
1,2021-03-22,MC,5.213610731872178,4.162291682019469,5.528289775106552,3.3698935382364255,14.38042842210467,3,4.283894858029457,3.145785638657322,4.981323053466967,17.9358780757934,4.898953248685363,5.6598755305480815,11.447197128916436,8,0
1,2021-03-23,MC,6.0,4.71743356923861,4.387890388477249,3.093518316495354,7.4370351048997545,4,2.633072101238146,7.715237060214681,5.8633709344494624,17.176188098593425,3.7396557912973547,1.3306056570179416,39.59260377227985,10,0
1,2021-03-24,MC,6.0,4.1369111901219835,4.924720497672308,1.452367434647246,11.766110800113239,5,1.947139390948621,4.275968681775954,5.989473559642223,15.733479007911939,1.1773581123707686,3.212786991640204,111.08080159161236,10,1
1,2021-03-25,MC,6.0,5.722322830554264,4.819321401656646,3.8947610516439384,20.643699413157982,5,3.1376576771306315,6.235680287102846,6.037026152198081,15.022017849152208,3.6966272463266527,2.196636023498721,66.7630759479152,14,1
1,2021-03-26,MC,4.537074853019233,5.294363087264632,3.5890553719576124,1.452367434647246,19.384261899284695,5,4.030343981321855,4.914266346023837,4.699190477157586,16.012554460035627,7.864722755099582,3.448645608353808,45.52479596398473,8,0
1,2021-03-27,MC,4.649560813786284,5.017338500280285,1.7607404540276375,2.745537905902138,19.5039061771754,3,2.6097856983856293,3.9055794291960924,3.936933389906569,12.059627010187196,5.457673748742432,4.799950803988574,21.994761592771756,13,0
1,2021-03-28,MC,4.8967634731019425,6.0,0.8503884414030742,3.5102800187368537,26.001241377187434,5,4.0999514279900255,3.837969419010277,2.387650076570716,18.116178038042076,8.048970892717442,9.812241370874743,69.56263268350665,14,1
1,2021-03-29,MC,5.437066757088341,3.4998889208164807,4.094278041758156,2.4949897266442935,24.82536349227534,6,1.7406025710026305,5.15395402352021,6.92570005399077,17.346417485102695,3.0799273528912696,6.793135072938853,65.49089693905695,12,0
1,2021-03-30,MC,5.669425398792127,4.314038525076983,3.2224078436138655,1.477554989120141,25.851618706351672,4,0.9772918983347123,6.195200429572925,4.938824188597017,15.23134624446459,5.250404904493366,3.0250862321014975,14.70924479723926,11,0
1,2021-03-31,MC,2.7982276193762115,5.515381951877721,2.1694430554000648,3.416528327541346,16.480431333085022,4,3.1610846320583326,9.185672072017004,5.302190033292309,15.236911819847643,1.4836183764342232,9.812241370874743,79.37627156944764,9,0
1,2021-04-01,MC,3.5610198709475753,4.042323487811453,5.403525908763044,5.030162011784783,17.756068546721007,4,3.2759106464107957,2.7790326996847265,5.263344016323297,17.585875438066413,2.333379367696346,4.908301833889046,42.284312915453825,13,0
1,2021-04-02,MC,4.466324703340094,4.944843399527359,3.68048394865926,1.5556271378475255,1.1321245614879363,4,1.5364822461595276,1.2811095305150655,3.7625217415526917,15.267123179077856,4.098909212203287,5.177962240073666,70.50646625295805,14,1
1,2021-04-03,MC,4.328481435475535,4.295370680735358,4.858045200218673,1.7546670171913334,12.009447467679887,5,2.3219586096801863,2.46968648137322,5.331343667882977,16.557642324090157,1.8919916449370509,3.799051737926826,102.24800809740975,9,1
1,2021-04-04,MC,6.0,5.928890758175111,3.1357794908880914,1.452367434647246,20.595058069528513,4,2.2285927500707774,5.555184296169366,5.810763124931522,16.626325015640106,8.191919012718067,5.0381074859819766,53.233119919510436,12,0
1,2021-04-05,MC,3.7496055018634236,5.302194837530465,1.7101756704603295,5.440175588647133,22.517644562623776,5,1.9617079937793411,4.9529123213275446,4.698181628521552,17.465949986653598,3.36645693557528,7.586808277915556,75.65167395943269,14,1
1,2021-04-06,MC,2.779801103910888,5.0482533080941785,5.528289775106552,3.1017156362289704,11.04493269090917,5,2.04369928971585,8.381810270797484,5.2705155290873344,14.085963130772358,4.917139319825303,3.4456143828915473,54.11416214456668,14,0
1,2021-04-07,MC,5.554849054730086,3.84163708311108,4.764991512698284,1.6593845585573823,20.286763560276455,5,2.6637593585172663,3.8448559734561427,4.714923956693278,14.606335836472805,1.8960866490637662,4.690093178549594,85.00070279687462,12,1
1,2021-04-08,MC,6.0,5.024596277373109,3.0623601588980276,3.371329317623151,17.356198651040064,5,1.4475990273151285,2.8477908229941926,3.785796220062649,17.41498557115615,6.848394378621723,2.8718948705966985,55.353386675116816,7,1
1,2021-04-09,MC,5.3116049429675956,5.104981699007222,5.528289775106552,3.778376392104396,9.634868851944134,4,1.4881836535953885,2.4129100225343416,1.9049041413374903,16.887160092463642,3.22449823762446,7.176588193420907,44.852646724095074,14,1
1,2021-04-10,MC,4.547855158498642,5.052713574247026,4.583635678413863,1.6230495812347105,21.60281735357251,5,2.158693839738282,4.892750916396466,6.4162326851944345,13.605650769971135,3.45248023344872,7.422687209015501,90.48964431131026,6,1
1,2021-04-11,MC,3.78854950668782,4.640413210607413,2.7920971978256417,1.452367434647246,15.252543628209079,5,3.3546080832160854,1.6692408154842617,3.820801824500039,15.581447371279198,1.2424470868424033,8.108580741878095,58.115830798366865,9,1
1,2021-04-12,MC,3.571553988456456,3.4428100271448003,4.689708246790834,4.88533643498914,6.54316805372878,3,1.7761158340643104,2.3471098431394735,5.197118778075099,11.356157821569782,4.366787955106259,6.563246431214658,70.61390985499494,9,1
1,2021-04-13,MC,4.8047735323228515,5.859449227394402,3.994874222743217,5.42614753636019,7.907206603694783,5,4.043464902313849,4.495684713012173,4.638231828064334,15.225054149371251,2.591378371378273,2.6198292305911792,39.42369364505354,10,0
1,2021-04-14,MC,3.9649172132895334,3.749572765761779,5.130026764789284,1.452367434647246,18.42983145282995,3,2.511974687958139,3.1603104953664976,5.608872792347737,16.46677449709877,6.3197447976889345,7.689339368802228,35.83322140688035,13,0
1,2021-04-15,MC,5.225040054628923,5.748490539816128,3.7530771234966847,4.619127963014552,14.87412749516475,6,3.270454638839537,5.97132144696523,3.8187824035352804,20.0,1.0504418082036615,6.070529664747822,55.603309665568865,11,1
1,2021-04-16,MC,1.963227842531357,4.809696700415666,3.544270585911054,2.427109267235519,5.746258575387408,5,1.9147772586268734,3.327373077713445,5.221855749304367,17.523647945721414,3.47432441709441,1.891794360479753,46.96587625314653,14,0
1,2021-04-17,MC,4.663891860631369,2.1003889316918043,4.928353621838543,5.246694599530833,7.779662423815077,5,3.319014730372087,3.5365977279908583,6.990774706828826,12.965322133627613,5.552247115650184,5.977811254015166,23.212940956786827,11,0
1,2021-04-18,MC,4.573902342455833,4.5508392392032455,4.087852186310739,5.529226184456429,16.047934154752046,1,2.2544775091714557,6.600153797842221,5.783085678778612,18.383712793107755,5.414585864614752,3.7032685017585387,24.109804074881666,9,0
1,2021-04-19,MC,4.450818297226992,4.048343403650616,2.106372035959204,2.589098108431081,13.99293757548563,5,3.058084537534909,8.285334125780912,5.671123849411629,19.645483461636037,4.90521584362098,9.223284176548372,48.86914902100784,7,0
1,2021-04-20,MC,4.162819369619107,5.54689557350561,3.659706220163216,5.292791944803757,19.54878542335316,6,4.605277303242371,5.456581715954624,7.152864362514748,15.717319701705811,5.623494145232863,6.80520306547184,44.02255396149201,6,0
1,2021-04-21,MC,4.772501865669015,2.4073198730363496,3.698116272667723,3.9133261489713838,12.356096421726216,4,2.8447116874370635,3.275964946753671,5.358985266599961,15.204428507274814,0.6955699627175651,7.241239205662972,43.73341539525557,10,0
1,2021-04-22,MC,5.180957746145601,4.167516057545198,1.4510720350311783,4.430717111081715,24.3991898255447,2,2.130421717729645,3.4425911371280025,5.201894940813566,18.917954351142654,4.658789795485977,6.751652857881303,40.60340522390803,13,0
1,2021-04-23,MC,5.040273627257389,2.9317239467466063,4.7729663895313665,2.947346859895832,11.584118842730346,4,0.8279307806966119,9.756859294897687,4.564738180483071,18.10065594893138,3.262141171372886,7.3732876342824065,47.50519005923316,12,0
1,2021-04-24,MC,2.2709000898901435,3.5982712418925664,3.649357346397442,4.0984464408717125,25.105628106054233,7,2.992049701512704,3.5707613785330823,6.23695267870855,10.377957490125098,1.9397198546135934,5.60529957245552,60.7517353559629,13,0
1,2021-04-25,MC,5.488350772914169,6.0,2.9704734513559656,1.9805453568809932,6.970411178456358,3,2.2041295466162394,1.5681371615813766,4.78384627290313,15.430211826896945,2.376714522173853,5.139171602641538,68.12653403387657,10,1
1,2021-04-26,MC,4.636434543540789,5.767094524944035,5.528289775106552,4.962386950613364,21.116332294900907,5,2.6664075332299135,5.7456411525639055,5.654432003122506,18.53102789320898,5.31370395947863,6.424071552113163,62.52768409374567,3,1
1,2021-04-27,MC,3.1163100834625146,2.9374756654864296,4.607532969682936,5.106476960563272,12.787540621883545,5,2.8000369729442633,4.757133578503864,5.605451274649265,10.181485771740059,7.030931254080935,7.556443381640179,53.15597882050178,8,0
1,2021-04-28,MC,3.07416034420558,5.3931243740063515,0.9631698519476783,5.378523652610859,24.128805626391927,4,2.4520251384558094,9.350171105028648,4.267686680905387,18.20656870925046,7.610101805627619,4.025025991898598,49.33939624420677,12,0
1,2021-04-29,MC,5.284858124065503,6.0,4.055360515189255,2.697628637722125,23.480325065410888,4,2.1616798802569472,4.489821032817342,5.0173406490155665,13.092599737814535,4.746696253257682,3.91180488613605,60.47016636891222,11,1
1,2021-04-30,MC,5.241015239805125,6.0,4.183341382478411,1.7067522567806706,13.390119985830442,3,2.046060678622978,3.7369907207233903,6.3361665678959325,13.001847369499528,3.404493126764528,2.5146243701446704,37.85569793398422,6,0
1,2021-05-01,MC,5.196191801539784,6.0,5.528289775106552,2.2091931313668116,13.582507509966916,4,2.841868288022461,4.276808460457172,4.011829710852049,11.013352673254548,0.8885222129348564,2.8829213189697915,32.662739849341115,14,0
1,2021-05-02,MC,4.1317617990801985,5.556302688934494,5.528289775106552,1.452367434647246,13.794117624069045,5,1.9771492492619736,4.611039744347554,4.940020478799744,10.382030957165677,3.6341544380783057,9.812241370874743,95.97473114917605,9,1
1,2021-05-03,MC,6.0,5.531477305805588,5.03380801352744,3.2593072694810763,18.374996709608265,5,2.461077505209474,2.8769213960455273,3.733358000128505,17.266534845261194,3.9276604720245696,3.955606325457678,32.71764317348398,7,0
1,2021-05-04,MC,4.360735300034367,3.3579508935334434,5.454722590690466,4.551207099807454,12.882768724899583,4,1.896917169081886,10.017883157853687,4.6841656202837125,18.30157737894767,3.9874618279464173,2.6021492065377,52.36405837040407,10,0
1,2021-05-05,MC,4.820009420731333,4.270869840281947,3.690138834733217,3.235962882773873,2.3108906616389184,3,3.1890509022578732,2.511296960168659,3.729303196159882,16.145836636795103,3.7949899818924795,7.096014905086731,60.755638208802225,11,1
1,2021-05-06,MC,4.161084654808124,5.320741469680439,5.204196914544631,3.1121131491421066,21.15160433049681,4,3.2897172920271514,3.905874262307955,5.026137330238853,17.706593231773034,5.7483225859075775,2.5102985960071926,25.95068821518665,6,0
1,2021-05-07,MC,3.794607198844487,4.406709883376045,2.6048148382297702,3.482387311247405,11.521502246443825,3,3.4170289934644464,2.691152101712202,5.530541989303109,12.631191858209142,3.639903482456589,5.533342693847621,88.14805915664073,5,1
1,2021-05-08,MC,4.596893784191042,6.0,4.550890140556357,4.222277091542462,17.360885574759134,4,2.671286458314369,5.8605730583832285,5.101701845665059,17.23882545121881,3.4588854220257383,4.594722483327616,24.78198901969357,8,0
1,2021-05-09,MC,6.0,4.450215268133518,4.390045135486206,3.43286819566875,13.211077653478196,5,3.1931815333916043,2.837778859707403,3.401045114506988,11.179124771701968,4.097457866834187,7.166349245011039,48.52425994974867,12,1
1,2021-05-10,MC,4.21411631365163,4.517703819521639,3.148959113230398,4.501650114671564,22.522271468965766,5,1.8784159324038716,7.733467135876359,4.339105188086506,12.89016397325763,4.950464865323653,1.8579519434045408,72.22995909956875,11,1
1,2021-05-11,MC,5.524674830635757,4.949562429247211,4.262130017611724,2.7809355575332915,15.556817238691044,6,1.3860141082326174,2.8780675853186293,4.067776452176195,16.55680373898957,7.1210739968003605,4.784386388945229,60.39213782220298,10,1
1,2021-05-12,MC,3.7962345431713174,5.217878575209071,1.4320260188661256,3.027483682183089,9.64266864668231,4,3.2667455190984542,5.165229238422329,5.543930893894761,15.819102057000611,3.856744213948237,3.6711344367789214,48.150666960552854,11,0
1,2021-05-13,MC,2.916395076712205,4.900105768595287,4.8677714222094615,3.447446608168987,14.837766311782033,4,3.1996548867466785,6.234877876410623,6.359366471630642,14.297837508568561,6.046805159321517,3.259512795094266,81.73951675373118,11,1
1,2021-05-14,MC,4.8130184248741,3.863573559474602,5.182125624439584,3.991564145057087,7.306218170584531,6,2.201709409249555,4.7826943329502845,5.988531101878174,14.648097314130126,1.2908229281814139,3.8298129980437197,85.02002917636172,14,1
1,2021-05-15,MC,4.905617787156297,4.704960246013015,3.8922986305801266,3.6075332213697178,10.462448133663585,5,2.3300321433287676,5.822502236231426,6.382802561250304,12.94451272861317,4.436236439097829,7.3427605855832505,48.70164462334986,10,0
1,2021-05-16,MC,2.5779968194458425,2.2604840259033643,1.3335850592648142,2.8410043092445822,7.568008817683878,6,1.1120962313126534,3.003761164435347,5.1170042772010955,7.002526806904595,4.400896680127369,5.284289046738458,19.378142437563696,9,0
1,2021-05-17,MC,4.259495830834556,6.0,3.7305373963128385,2.5020551662476267,13.395728391708065,5,3.194295082465678,5.998462246710909,6.9402781736675285,8.678747303859769,5.661584600473017,5.485081605743288,70.0324820760733,14,0
1,2021-05-18,MC,5.135175572323232,4.583857376878736,3.3756713124782327,3.980907562805964,20.364675973573185,3,2.366027855303216,7.740539688210342,5.016161453280747,10.564068072627823,3.363130847080965,3.137881982140351,65.9832548715178,11,0
1,2021-05-19,MC,4.639544365151841,3.209761386334816,4.2620649996577225,1.452367434647246,19.61127686472991,3,2.624066181082765,4.63320646667214,6.493209442964066,15.729707375885303,3.986436482287176,2.2821385120913193,16.145330571974682,14,0
1,2021-05-20,MC,3.9862104648931598,3.55182700483799,3.868436951176708,1.452367434647246,17.876116510529,4,3.3788874541844334,2.9950764196315047,4.844935934557216,15.818952459520109,3.723063798550593,4.310685772662644,52.4947045572086,12,0
1,2021-05-21,MC,5.20882775471795,0.35803817582189756,3.576888094694552,4.531568545936724,11.443341198156203,4,3.1536820519795588,3.9815660392312022,5.65157478209235,13.940976334219942,2.978491490341998,6.1312363985531455,76.48759185292161,14,0
1,2021-05-22,MC,5.131473363657937,6.0,3.28943416515203,3.2390526670724054,24.88792213829199,4,1.898046480934883,4.904075464219956,5.774607167489685,10.177157704426557,6.483768042998163,2.715728845516903,93.71699836851023,8,1
1,2021-05-23,MC,3.606568135556223,5.9107438862909145,4.798588810600068,3.1459227840613515,13.74673441099669,5,1.7724931959816983,7.205707263601005,6.575334374444667,18.801235059559172,2.127392811418447,3.11222557592885,88.69897476592908,8,1
1,2021-05-24,MC,4.013352471448261,5.372489071618846,5.249242422246486,4.6691987408826146,6.051077315305442,2,4.160196732195148,6.369473674294852,5.383589710514033,13.946912498125931,3.1784869838661924,5.726105049413088,35.67485156352018,13,0
1,2021-05-25,MC,5.74725930336969,4.821325423660926,3.2692568573850496,4.094852062099936,8.464838736950696,6,2.2654171051281846,7.183714291574053,6.551804104593634,16.882657793437808,6.9788998841026855,1.2022542887957135,31.929371773689876,10,0
1,2021-05-26,MC,4.807529899207452,4.6475574839832765,5.528289775106552,4.5318612864949035,16.6602834371032,5,2.12684175587368,1.9637591324148578,5.167593907653431,14.969817604717385,4.023785987336132,5.137748443541727,38.31771541081929,9,1
1,2021-05-27,MC,5.27494325611327,5.6303565947932,3.600717436021416,3.130610106016279,14.268539684764733,1,3.7359665561158026,3.323827653262451,5.941138113500199,13.820127968507457,5.902060512082781,7.735196599664533,57.77857347891027,5,1
1,2021-05-28,MC,6.0,5.271305957111308,2.843621245569272,2.2542757014933965,16.14071300628489,6,2.936346449075016,5.320502118090274,4.339289929734239,18.683164328223672,2.400041103658409,7.426163139600111,96.76177732028594,5,1
1,2021-05-29,MC,4.793509652049175,6.0,5.528289775106552,2.330405131192311,18.79483751618797,7,2.0032660493860663,6.433554759768774,4.961827139544757,7.647431733033026,7.587961290445646,2.7119448827543615,40.79620548411057,14,0
1,2021-05-30,MC,3.2990358017040364,6.0,4.134479286847716,3.247166898245174,19.68309884182041,7,1.4531050647316621,2.902306213709219,5.287775657795894,12.932739111099153,0.6955699627175651,4.645837031921515,16.19051289630984,13,0
1,2021-05-31,MC,3.7417762228120135,6.0,4.657618161565843,3.8109083402239445,20.154465488659334,5,1.8981287561964826,5.08115568862412,6.13671025680228,11.919938978824211,1.9681177349276027,4.211547150487274,54.181639351897054,12,1
1,2021-06-01,MC,4.266671624666823,6.0,5.167024018260243,2.759847687769488,14.362418087599677,5,3.4457986222867443,5.936131059352646,5.500353196788327,19.363408299854218,4.97631773689232,4.316796104498937,42.142830987158874,14,0
1,2021-06-02,MC,4.207140373908825,6.0,2.9016244890375207,3.7512116203782515,14.247332289368599,5,4.587925606978415,1.1186887613423728,4.869988864812465,19.771303588989745,6.956343313817322,2.89254791747534,69.76885126741952,6,1
1,2021-06-03,MC,4.606932940528292,5.409570660266555,5.4427361065851585,3.272174158192552,16.60296335627014,3,2.9350375062116596,6.109327892905946,4.6221546981210295,18.60807448258002,4.850793198121993,7.593965638929805,53.72653415365744,14,0
1,2021-06-04,MC,4.727192506805151,3.636059382075185,1.7964801404695776,2.251357166140574,24.995220389929667,2,1.9999397491461115,2.39758601720584,5.913022419968308,18.23186534551798,5.281842806504039,9.812241370874743,86.01823476168988,7,1
1,2021-06-05,MC,3.8983242426204523,4.262290950257538,2.9348013982094345,4.4111496782390365,8.958849729610522,5,3.9848228460767974,7.119347750013548,1.672553462300532,8.29302980700223,5.532111788309525,3.350433313376649,41.742751708540055,8,0
1,2021-06-06,MC,6.0,4.572379623466734,5.528289775106552,4.364146177933446,11.692378663503975,5,2.4812867961334297,5.062143467821208,3.771835976390259,17.130268983800995,5.650021995065501,3.389288864033732,71.3680700625462,10,1
1,2021-06-07,MC,2.306697746544873,3.3848242582894037,4.731758494324286,3.588907899951227,18.675579015205475,5,4.444498044648372,6.854665028576921,4.812695940278134,14.062196110356169,4.810011078303382,3.8407360843834586,79.47713271298782,7,0
1,2021-06-08,MC,6.0,6.0,2.690617775883596,3.2471235681468076,6.238230012257413,1,3.084523049234477,6.053398138329524,5.839169650424988,18.275172022435306,2.704698752120838,6.697737445150334,50.295966113740256,10,0
1,2021-06-09,MC,4.745504083855104,6.0,5.036265250356628,5.708669814828419,7.09735677182941,5,4.104055303877441,4.294035455032205,5.289669905843761,14.215077428934084,7.208965859190143,5.5327078892457635,42.92105768352715,14,0
1,2021-06-10,MC,4.317395703342482,4.672602640530945,3.2189316080295223,2.0570255690489683,12.14642402355933,5,2.3432990992672686,4.621646555511746,4.835407820918147,8.960708244785874,2.2973031765958822,7.226153682421329,78.96378332561406,10,1
1,2021-06-11,MC,3.9927310635351354,4.69240154120597,4.647635007698424,4.266807773804701,18.34461758731302,4,1.740598058516745,7.5414800830385875,6.607948228511541,16.812748547569647,4.816235494068071,4.399365302809429,52.05454197320502,11,0
1,2021-06-12,MC,3.9509404605680087,4.093306813154222,5.192199559818212,3.917019403973855,15.653795580825225,4,2.774392925673162,6.059014059284999,5.41358365731576,18.491308790700472,6.5888745129680695,1.8935233830655562,79.82053047761059,5,1
1,2021-06-13,MC,5.5327680810498,6.0,3.8898525848255745,2.846045655037517,15.081916347358753,5,1.7465283960592761,6.540122385970547,6.09196120422673,17.63860753538907,0.6955699627175651,6.68912498396571,99.43217299019175,11,1
1,2021-06-14,MC,3.3743664984421535,4.755714622392277,3.847971337420354,3.176361470263455,17.40358697398185,5,4.458683245108752,3.929457962966937,5.052231293227587,13.592683430653235,2.424134267326281,8.942119007619155,93.38297645868451,8,1
1,2021-06-15,MC,5.1937142805717675,1.7239405538460923,2.866246734050394,4.573497664075,10.509310320366273,4,4.341198323470168,1.4079457650744547,3.197789245882581,13.393411348392638,2.813598463186235,9.812241370874743,34.6551497889267,14,0
1,2021-06-16,MC,2.203377605900056,6.0,4.35911058385573,4.552564019775642,20.86056649703317,4,2.9343828663802527,8.460294961407458,6.2812360497566395,12.110688391636703,1.68707067020468,3.572674743280789,93.25221446038677,6,1
1,2021-06-17,MC,5.430927556875787,4.70659874942187,4.27231698118821,4.3067001464307015,18.607328839956402,4,1.9692228322024792,6.232511921226069,4.509755348306574,12.241114517166794,5.7004634783431944,1.4075371317824144,54.093870076332706,7,1
1,2021-06-18,MC,3.7180544402191633,5.3826678048823755,3.9543732807578444,4.936707040197042,15.411449652705453,4,2.3137377415285845,4.540450818703693,4.666779032081248,16.6411136942981,5.1102351381473,6.989878649470865,46.951094635381025,10,0
1,2021-06-19,MC,6.0,3.516823642524392,1.8772194357481014,2.413765937889446,15.456398609746472,4,1.0795840071411014,6.198917355300759,3.9515383005963387,16.325220767984266,4.567141703323458,1.1851638731597767,67.16564827187021,9,1
1,2021-06-20,MC,6.0,5.738865663309304,5.160594394808797,1.452367434647246,12.210304469884353,6,1.7133358648612418,4.509598993537637,5.727263520556229,11.124140382674497,5.186225717756436,3.227962402150521,110.55873772301236,8,1
1,2021-06-21,MC,2.546120107779295,3.1231055619328263,5.528289775106552,5.005334930878494,5.6857083925652905,6,3.701234643566541,5.562437094872673,4.983994857745998,17.007680414442408,7.283905060764262,5.309327363687904,42.807096961943195,8,0
1,2021-06-22,MC,4.159813017613087,4.762620151458201,3.570690339780189,3.9628412643605673,20.982854535886954,4,2.497424201497071,4.230784791876718,4.535691239803671,14.52979187913879,1.3534146259668143,4.857931112747965,77.7244923248404,6,1
1,2021-06-23,MC,5.274668694982971,4.566468131949076,5.007359071270052,5.240796995328279,10.994947560151179,5,4.008705751154465,2.1011515515339134,5.637249306863231,12.901258560736444,3.0640380168844,3.9056169023706158,52.65744489170937,10,1
1,2021-06-24,MC,4.227434509957783,3.9940280649147093,3.6364414466235617,4.1323161568963345,16.970383473856014,8,4.105864530409958,4.830059283743659,5.0996979419891595,17.193946500039292,2.5517594641313566,4.97752055528587,28.084871119711252,6,0
1,2021-06-25,MC,6.0,5.70547920811744,2.3125784255647055,3.593770967138238,13.420698001249917,5,2.0445170805836597,2.426464829363991,3.9382918365956043,15.388445225995538,3.3501232612523064,6.061479049692029,53.657258748390745,14,1
1,2021-06-26,MC,2.08407454877008,3.7788795754121933,4.548828892553836,3.106957284044752,15.457618752574179,3,2.4067354048436957,3.8484408441536577,6.3193275029977585,14.717329426456233,8.820977163164438,7.951547145072939,33.28820635339081,14,0
1,2021-06-27,MC,4.3134125026034935,3.6462878116303727,5.362252235423149,3.430606057036445,10.720482099185105,6,3.2933984081736174,6.276513397317103,6.574561581614512,18.164117424875393,3.080613502764612,5.728395679882592,30.710878529650913,10,0
1,2021-06-28,MC,4.946843475837584,4.250758778946032,4.677073487424148,2.635306135658091,8.466229490621874,4,3.288074255569835,4.954882445916893,5.63461208816829,7.622631442439359,7.326898004482491,7.291496879322002,26.568981404855222,8,0
1,2021-06-29,MC,3.7889035175155032,5.263760579693262,2.724544641412346,3.8513149708504693,14.783264641805784,5,3.4829917842227807,6.4924640622694785,5.0925815605922375,13.4425952418742,5.620460560145649,6.312284386564688,55.04096027703997,11,0
1,2021-06-30,MC,4.743571371161851,3.5244005509040988,2.1846593821473457,4.304673011462695,18.82517250274575,4,1.9057946854888252,3.8872880455634684,5.6915051840982525,17.273333640919653,4.925420253706547,3.255146882143478,52.46439415804703,10,0
1,2021-07-01,MC,3.548863838311819,2.810065617782625,4.762550984814322,4.148460688377221,5.176704390217486,4,2.7184382082081013,1.4892782065820593,4.079814208374852,9.73677280943693,5.612413328255079,4.622787046799228,37.08881018813126,11,0
1,2021-07-02,MC,4.467576630353227,2.9619352254458478,3.8554478254511353,3.598656401515142,16.841062816987904,5,3.466539146690302,4.192769371237261,2.8018720707181037,15.340243286261455,3.3186787272906253,6.826398351610321,67.46734849724406,11,1
1,2021-07-03,MC,5.3334777356478735,4.450471555849641,5.089889619549416,2.900260886093922,9.750211020926791,6,1.3830636109169054,2.6534626539288135,5.740745485793187,14.514334161472583,2.1675845052918166,3.927857955980974,48.994560913544746,7,1
1,2021-07-04,MC,4.480047535393243,4.654701252481652,5.528289775106552,2.741745835766249,17.255327449842135,4,3.4335940183404667,5.805910484266471,5.466400521886246,15.147676880585728,1.495368987201339,4.706226024031335,72.12105890879194,7,1
1,2021-07-05,MC,3.673104964519193,4.398013666435899,5.082697225266651,2.740168305057725,11.633944460422308,5,2.5740088034374264,5.727305165255695,4.150669103638305,12.40653417038997,6.457960410965125,4.999690342917109,92.31053447788504,3,1
1,2021-07-06,MC,6.0,5.898913746736923,4.96355904488513,4.489238123585235,8.402064171172785,3,3.063182657317788,4.1390370744698926,6.527238411368014,16.514863139656377,3.5706505077539483,1.6401102077039669,46.01560403443587,9,0
1,2021-07-07,MC,6.0,2.949757548804699,1.75499373077579,3.6893975076707206,17.702999483303905,5,4.5021461068811,1.4984721318537573,3.9301971487546874,17.101031319467612,2.8795686028678182,4.320387048408532,68.44132512637422,1,1
1,2021-07-08,MC,5.662571876593475,5.535921759693912,3.533915707220064,1.452367434647246,17.1106531023309,6,1.3483259553879656,7.7912461646974025,4.768302385251143,13.025482346131637,7.580162678241863,3.8094948178430776,51.75809303232131,9,0
1,2021-07-09,MC,3.4961300098536214,3.9328344682726217,2.7255228503944395,2.987133253999236,13.157669749496312,3,2.968257821776669,1.859975011894793,3.9898428775157453,6.914124102365372,4.366358860641539,7.499234519278982,43.29269957843581,13,0
1,2021-07-10,MC,2.0299618954282197,4.696195672373021,3.8576958233162566,1.9152857719311214,20.167312804943567,5,1.9941094236636356,8.562544983756455,6.272605668710626,14.524230128130972,1.6826907219366927,3.2994080016169463,37.20479534247015,11,0
1,2021-07-11,MC,5.440392000381064,6.0,4.3356927722731475,5.121782803580652,6.766113680743874,4,3.403031351941001,2.042282753450845,5.377920151516129,17.414244557827963,5.874136367203582,6.795539552016535,34.65955407088647,13,0
1,2021-07-12,MC,6.0,1.7243208931016611,3.0682218177094684,1.452367434647246,14.028818532790513,5,3.2634200773085955,5.586173838056402,4.391408959535073,19.348418172834933,2.3625090931583568,5.359073317052236,79.2211389975795,10,0
1,2021-07-13,MC,4.6526209624372195,4.599753678565508,4.244717417537309,1.452367434647246,19.422077413284295,5,2.339472548066039,5.563847628024921,5.707349638690141,14.322766832943696,1.7306873742148068,5.0767864542523435,30.44227132904159,14,0
1,2021-07-14,MC,3.7228749655598117,6.0,5.528289775106552,4.736932539079911,7.761595043260163,5,2.3082811696090637,4.645574237780133,4.90924362655693,18.792006343568413,2.8604001469911626,4.444990933660491,41.24434003697241,4,0
1,2021-07-15,MC,4.12558739108056,5.326296148545849,4.233756858974699,3.1060130148758693,13.560502263319435,4,2.6810628518827264,4.852156998938119,3.4116577966993993,13.94297019522285,4.737673497831856,6.536873387702509,48.31617080417864,6,0
1,2021-07-16,MC,5.345245143468755,6.0,3.5490997522386847,3.6261207627684446,20.44141715394603,6,1.8163850845135132,1.9208893849610071,6.117038690233229,13.977581386523665,2.6973378558881618,2.4964514119316483,62.60360836153184,12,1
1,2021-07-17,MC,6.0,5.911787712183515,3.886305130632159,4.454946814355283,13.741733761948263,2,2.7690169639068185,2.4906317353035887,3.5702690998962225,15.42345393150555,1.9923412770575384,2.579663891482446,83.88364066365043,9,1
1,2021-07-18,MC,5.631471919524484,3.9378322868580513,3.352551988282967,2.7058648228196045,16.67675176553021,5,1.6148029387759366,1.167046124566599,4.235716658140147,14.44803828063603,6.407678142562839,5.028663335324822,68.97214320860176,14,1
1,2021-07-19,MC,5.0463727547378685,5.39429172864378,5.207420516068454,3.0438583176834473,9.730952194444926,5,2.5990716865039647,4.460299636349021,4.471736440428643,10.013238082192174,7.586401147974511,5.206045468864364,75.88939150900038,8,1
1,2021-07-20,MC,3.157167432575789,2.8160584789760987,4.088796591965902,1.452367434647246,18.304566458989317,3,2.443753849326543,4.74414154246413,5.1565823772795305,17.294624221507046,1.2216009371615537,2.460582211502852,30.67574342992726,6,0
1,2021-07-21,MC,4.18694670798309,6.0,5.528289775106552,3.069152785942368,12.535696543452072,5,4.159851094500946,6.355112998849353,4.095758513817572,17.107021076538217,3.058602823486127,4.473299681867871,37.44710508463973,14,0
1,2021-07-22,MC,4.055226412405933,2.7843524795534167,4.5377318523966395,3.164261654073149,14.926362648306327,5,1.064627736279189,4.920975411288167,5.964924762782049,17.941370821981298,3.9364351586410127,0.0,41.40564130239914,14,0
1,2021-07-23,MC,3.5953498381767397,4.248165236257431,5.528289775106552,1.452367434647246,21.55838054490368,5,2.9254227988476402,3.0269337300605033,4.803749870467034,17.780295956773603,1.3858457457853381,2.5346398209736027,61.614073393398414,9,1
1,2021-07-24,MC,5.768320581028733,5.4346753720541034,4.892180182521531,3.1489497201852963,14.979105354391145,3,2.1835841181638664,1.2846363917828278,3.7992611397463727,10.640315287656971,3.766593937903703,2.8487077502567493,64.80186231098608,12,1
1,2021-07-25,MC,6.0,6.0,3.6914082157402333,5.3561493064773,18.40372920476064,3,2.982911534467153,2.9823249016765643,3.8587175165451946,19.17030144811255,6.057937703243813,3.392656375316693,32.372649196666764,9,0
1,2021-07-26,MC,6.0,4.22883710934321,3.2258712852566376,2.5228558643776857,22.66443295707158,3,3.338074257025987,6.679029581958004,5.832666371652104,17.70047048659956,3.1548180000631008,3.15230877796976,60.46034843300754,13,0
1,2021-07-27,MC,4.999384881742165,1.6211446867424688,2.75492486954902,1.8192756377543193,13.173423785262035,5,1.8852579052357346,4.714574616008503,4.473776237088718,18.63010317077034,7.33130379724466,4.46882593671938,39.63598724912212,14,0
1,2021-07-28,MC,5.237143443048633,6.0,2.6057089292040705,1.452367434647246,26.001241377187434,4,3.0892772190490145,3.3703269800454185,5.4145425826542395,16.25947910881454,5.724795929670268,5.888517135948224,59.550168219957065,9,1
1,2021-07-29,MC,5.994283416810608,4.508843176803509,5.528289775106552,4.177445269025951,9.485020982280181,4,2.624944402020115,5.552622967975124,4.862460029790039,18.95337599491343,6.394536796539598,6.462477964609214,39.29153731813386,11,0
1,2021-07-30,MC,5.054984791081738,4.834889110959325,3.0794576938795686,3.459967858731853,8.699048786735164,5,2.65547033603596,4.474529219859732,5.652037957898625,15.158424290676923,4.419017950064157,5.362371347427211,49.03926174977672,14,0
1,2021-07-31,MC,4.406370790395786,5.7681161649635495,2.823533833457437,2.6986409188565315,13.488492158586677,7,2.0902609145179505,1.45064691794547,5.322809691114338,6.371899111111879,6.172446671986641,7.353599299227956,51.21144423550606,10,1
1,2021-08-01,MC,5.1938982115290635,3.9180102969319655,3.1786505766960427,2.6123457303706,13.110638693105402,5,2.294995999146057,7.315964524091149,5.1017490685945885,12.266466128452016,3.0795895345761632,0.2937700925390687,31.620131276423344,10,0
1,2021-08-02,MC,4.111081455130272,3.6270612939415474,3.164868744163872,1.452367434647246,23.542500168106486,4,2.7414726575238535,4.327743696829485,5.221814595390735,12.44982549671486,3.0017654544952945,7.819880099382193,65.88243721937728,10,0
1,2021-08-03,MC,4.613207278101712,5.630581037557234,3.9368451120806847,3.341262132057804,9.074639535511366,3,2.202322835404004,5.877136883266193,7.023335198257359,13.458693457451192,3.686393206778628,4.231745368692472,18.49422665028811,14,0
1,2021-08-04,MC,3.5879278423092495,5.267149513570664,3.6977728953833355,2.182230510593641,12.269495078935279,5,3.094717280230338,4.564166164241774,5.872047449340268,15.608573972524335,1.944192355504919,6.837634650659672,40.17567184141563,7,0
1,2021-08-05,MC,2.044400341850084,3.939372408568159,3.3162592448165435,3.365573815974071,4.076268644248506,4,2.5731837699291784,3.371638955299084,4.820251410218144,7.21908794590751,1.2069507421330696,5.0572456503408105,87.1134991284433,13,1
1,2021-08-06,MC,4.994862861317932,6.0,5.501042735481816,3.2290724948438667,21.878400798813715,5,2.8485823237910712,3.578210014507323,3.70414673785754,15.850437585337929,1.8862387994758674,8.795997853182513,35.8158282939687,14,0
1,2021-08-07,MC,5.446056788142215,1.9396698317193246,3.0257806130943856,3.6007636515673145,10.540340141298802,5,2.0551304102891588,4.548373160510889,3.8275092662006003,16.912000076279863,4.278522404395613,4.776319092592867,63.74832388891573,13,1
1,2021-08-08,MC,5.468695212055637,3.3699720883677373,5.066103426399443,2.076601589780629,16.728597890953168,4,2.0107055953633592,7.49585970175077,5.997355011903329,17.423582158618935,5.01566830478092,4.047668522005058,69.32310920885215,8,0
1,2021-08-09,MC,2.4234198606562956,6.0,5.35626097386263,2.2941247160298675,15.600981719743482,5,2.3378421111092127,5.0856658140499444,5.435541890898145,16.39203292435514,3.4893130138877875,2.2459592255624607,79.15814803381784,10,1
1,2021-08-10,MC,6.0,5.676030792066911,5.344643358276848,3.536945678685591,19.333330264765877,4,4.596172800980803,4.6107578706913195,5.978980587387911,16.945596833417376,3.0465591092164717,9.461956675309846,46.332309714618916,5,0
1,2021-08-11,MC,4.507176919154789,5.0763176619429125,3.146227873813563,1.6669569940753153,16.837881928062107,6,1.241856442459567,2.815268234579041,5.4823168394553505,14.303007993298381,1.3196764548827034,6.446543430788632,69.75023445063295,10,1
1,2021-08-12,MC,5.404488760733754,4.333760837443489,4.03397949386831,1.452367434647246,18.783431550314784,4,2.97881137910451,4.862878791837265,4.502550121941498,14.043882413048875,3.564500382095763,5.034300566363663,24.91932212529728,14,0
1,2021-08-13,MC,4.931054477327267,2.2139675232433818,2.203866770044971,2.5939002087871748,16.52553189742058,4,3.5968274564300886,2.727573903894111,3.710580880216963,13.174531344104164,4.0206626479506316,4.574932932096643,59.58460505748982,9,0
1,2021-08-14,MC,5.042052827732232,3.8462651184391947,4.947281001647114,4.742805485257344,20.945627490926977,4,3.631181847763215,1.2381214677345944,6.212587375309224,17.82852308703047,5.054100191244067,6.140890955027134,54.2102072144934,13,1
1,2021-08-15,MC,4.385401587882383,6.0,5.528289775106552,3.9976643083612284,12.085946891796699,1,4.513647468316689,4.447074569718052,4.454368559180469,13.562355220486092,3.4425188524063963,8.506678141995739,56.433605356249565,11,1
1,2021-08-16,MC,4.650033114884081,3.8316248132481117,4.4716902827740554,3.1829645727194085,20.174940790357446,6,0.8270633307110257,2.0542240975577575,4.078133197480893,18.441940490195805,8.116884805482254,5.849700588748725,45.89127029159325,14,1
1,2021-08-17,MC,4.615608398729574,4.426694779816499,3.9403205854646335,5.040213021658243,26.001241377187434,7,3.256759698249319,10.6589194188933,7.027820074802705,16.87544086354137,4.233740580196157,2.7798577055975606,61.28572989358804,12,0
1,2021-08-18,MC,5.0264401741933264,4.71336985229223,5.39998997040332,1.452367434647246,15.947853644903798,4,3.17108141211078,2.537334464963674,4.065303485273764,17.35005736751184,4.118099166621976,6.101455856406726,45.629442690525345,14,1
1,2021-08-19,MC,6.0,4.272322977469889,3.528897180623038,5.115236193929647,9.653789465183339,4,2.008514458453831,5.354496454765894,5.62148248253581,17.162877464702923,4.919515569519463,3.8753809412961724,47.418018156820146,12,0
1,2021-08-20,MC,4.464484107890322,5.239910212174028,2.0397761026593666,5.0557913371713585,18.39507028529875,7,2.1833729189991193,4.991765734779416,2.8056626646676532,16.85328501603155,4.7645505497424505,5.967839185743434,81.74993010069598,14,1
1,2021-08-21,MC,3.4847260251966308,4.3479966216751045,3.9807282725526947,5.18351906047347,17.311100344595676,4,3.8542605184560137,6.447979634585481,6.2917595571283655,13.32762505244325,4.776137697395103,5.6214168824354935,21.776430928948486,13,0
1,2021-08-22,MC,4.921514626235583,4.342167215091042,0.5301845086916199,3.279585239840082,21.478752821274718,5,2.455057895873883,1.835805064880112,3.880648666980823,6.916108021179815,3.2975346668771683,7.394495858131901,64.14520332211437,11,1
1,2021-08-23,MC,6.0,3.981992013685925,4.071809963904002,4.216283870300926,9.015773464577926,7,1.6231544490571381,2.1265806357583132,6.793766218492519,12.620352516441327,6.9542644292417535,6.753153108867907,47.56433444263631,10,1
1,2021-08-24,MC,3.9766405054728358,6.0,2.7716197722100664,1.617052605584237,20.01472090900171,3,2.171538114500923,2.1424342655750426,4.659403120809904,17.233140763801014,3.4687092417877583,3.0567330382923155,35.71398489284257,12,0
1,2021-08-25,MC,2.0775303439894923,5.457659272647467,2.3734435161988823,2.7837249804475532,17.351373157515816,6,3.367028284691567,3.548636659243595,5.570859041472359,16.247933319108217,3.753444122462049,5.964371315957121,11.174911133349942,12,0
1,2021-08-26,MC,5.587653165194718,4.749704306774572,2.1728213143011366,4.824378185778019,17.592594434620963,4,2.094074582078477,3.52955349906454,5.562560465870397,16.259311043037027,0.6955699627175651,3.695375776291799,76.14811464494315,11,1
1,2021-08-27,MC,2.6651482648387406,5.9380493777458305,5.338981706985989,1.473411326186079,8.647366980181767,5,3.1124425778315667,3.9261606461191683,5.644512006370945,13.767167669607918,2.4471197502082176,3.6522495311795757,17.99644070499331,14,0
1,2021-08-28,MC,5.158705271536235,5.02772515229047,2.2167884435389547,2.751380288765297,20.910568697488657,2,3.0128584085027104,7.681011977255085,5.71945170451731,14.490117523354273,4.657929889738148,5.36647340412257,78.63399545893245,9,0
1,2021-08-29,MC,6.0,4.913185929654519,4.530864971151272,4.655308999004107,24.207410226779512,6,1.3901531213540235,7.616956848359231,3.955730178283677,15.55247142249429,3.8959892698962424,5.266147400600486,67.21293518730494,8,1
1,2021-08-30,MC,5.073113951925749,2.654720105364662,4.940484234949972,1.8916023730023175,3.1228982849375644,6,3.7132786763499626,1.6464653428333393,4.509723842114423,14.214319600922094,2.8362642836787972,9.812241370874743,32.51368138167518,12,0
1,2021-08-31,MC,3.7462067912795693,5.946281190891446,2.518014686891423,2.3257907570805676,3.8182117743725446,4,0.9367193118586554,9.147568969926782,6.629428402377073,12.985157888730033,2.279027111958757,3.067917612766025,70.21661455358309,12,0
1,2021-09-01,MC,2.4317650791842516,4.073093074855926,5.109585570688873,2.565197631336747,17.30957478054884,4,3.6553195025414507,3.753717209480132,4.297365423918824,14.83410676014988,5.192201413200099,2.434721632336156,36.22946770024009,12,0
1,2021-09-02,MC,5.5827454086876305,4.925675663918449,3.0489967763611547,3.492654420259958,17.107959632208747,6,2.4512676811937486,4.985272630890298,4.506618605726362,20.0,5.882968028663914,2.5106952872839026,60.962808569809816,8,1
1,2021-09-03,MC,3.282996648632541,6.0,2.524506136479695,2.0798942270736327,12.958427693792421,5,1.0220261697205948,5.806290063051966,5.521482226446582,8.106919421082095,6.025809704522966,6.958777160769182,20.451063829380033,13,0
1,2021-09-04,MC,5.5645094439399685,4.780927629580252,3.4256834386628174,1.452367434647246,23.92126066844785,6,2.007556504257524,3.2313219248573426,5.17054623068452,17.684611434957716,9.250599320348526,3.54820350794162,10.0,2,0
1,2021-09-05,MC,5.313916476534361,2.285300954203074,3.6647182723115166,2.0675098772136895,26.001241377187434,6,2.2583261387398115,3.639390747545211,3.9453960774691574,16.72428945437077,7.249748101493262,5.770792130773031,17.936716735472277,14,0
1,2021-09-06,MC,1.4762424785699149,5.183141027361098,2.37672087267374,5.372923625408913,17.81229972908241,5,2.6249250329282257,1.3227662956281416,5.339256004802675,14.261788075723723,3.1245925903801464,2.4369270193214687,38.57088090425272,12,0
1,2021-09-07,MC,6.0,4.78186346547392,2.9050255000959004,3.875531064618277,26.001241377187434,5,1.8373906304183225,10.642720417921614,5.431729229818437,16.835159231579187,5.662047256094465,2.2638274901415265,31.05552821415406,14,0
1,2021-09-08,MC,5.134322243605215,5.040760245174261,2.0690456162762985,1.7346173140752463,16.199004523774526,5,2.718559039571605,3.4774809833210094,6.55225242785855,12.22400076726724,3.3641748475248154,3.5232743701298364,50.48551284807716,14,0
1,2021-09-09,MC,2.2427176270502995,4.8559687855707745,5.528289775106552,3.6131318511178665,8.560514750579827,6,4.48934192468109,2.3917924652800764,4.4357097270306,16.364843922127314,5.482965058602913,7.77498584852863,49.10917798801601,10,0
1,2021-09-10,MC,6.0,3.39747348752283,3.0509921263574773,1.452367434647246,26.001241377187434,4,2.849252520166619,10.129380151914775,5.211954722920434,16.92728988424864,5.150906499533467,5.179633826126071,48.32074458564331,8,0
1,2021-09-11,MC,5.031279522775635,4.175721528844571,4.218540307413864,2.685228531462776,18.383365607210727,3,3.829553195627131,2.76662864203299,5.934034542467561,13.638689436652706,2.145851222468627,3.2066866911076803,59.14993956348414,10,0
1,2021-09-12,MC,5.3563128504840325,3.1899855742822782,5.528289775106552,1.452367434647246,24.186202809905318,6,4.590899411313472,4.036750952941227,6.279018668828171,18.282662288859363,2.1129618714287077,9.812241370874743,65.11722312551007,14,0
1,2021-09-13,MC,5.006229246722031,4.93360101124591,2.8725132326883878,3.5326677065148075,19.652078985888757,2,3.4980430359096255,4.954566837365895,3.628770161639675,14.440731833316367,6.842077156669543,9.08653878127582,35.06161913792597,9,0
1,2021-09-14,MC,4.513462428083374,3.843737958644304,3.3665621828526393,2.3404969699569715,23.46277700199094,4,4.88320325992528,6.435258615711723,4.830901446808474,18.10037068152506,3.8206639954866786,8.32926162578044,80.85769274764013,8,0
1,2021-09-15,MC,5.0262411078516145,4.41599893652571,5.442061704800723,2.199904418789014,6.812729373729184,4,2.6405769281627327,2.0878671552533676,4.079853544534794,12.17188038438429,6.133779474660315,9.812241370874743,41.734418633830686,13,1
1,2021-09-16,MC,3.732256984947801,3.5391125043621408,5.466283395622052,1.452367434647246,16.975985387457435,5,2.182020562660338,4.649550647124398,3.223951306658023,15.653802271345986,1.6013280844557332,1.884936241895978,55.40710804354695,13,1
1,2021-09-17,MC,6.0,1.9142147867107455,4.1377292061701985,2.867184180746092,7.55403507944094,4,4.508558428883165,1.9520086822757778,4.847413103060921,10.877242435935733,4.354409523932225,6.8136546589215214,36.81025948983023,12,0
1,2021-09-18,MC,6.0,4.43304182026893,5.528289775106552,4.590021505858834,16.57153443877202,4,2.842334120579528,8.344359232145049,4.156051850096195,17.32940327901105,2.570670671599739,5.358673111029855,12.410147689333426,12,0
1,2021-09-19,MC,4.665572753180761,4.745081010054983,3.194076874927946,3.758289098721155,15.563333973303378,5,2.7616751533024932,5.041706547793495,5.794457728769934,18.112228304081796,2.275446734623333,3.7159687861785806,75.08361462296372,11,1
1,2021-09-20,MC,2.435201243886455,2.9629941127360135,3.940405737156302,2.6587613819234965,20.212412159400422,5,4.087451098665272,4.364298279124348,5.077865943100886,11.657671543673947,6.953517081397487,8.171848421792289,32.7062330243119,13,0
1,2021-09-21,MC,5.375504229631698,4.431779143930946,5.1755472876863395,3.992502911333694,17.910905322939833,6,2.388516573258392,4.52548533179394,5.152762701168557,12.930439089059119,4.197500478692416,8.469605748644874,41.66938504695106,10,0
1,2021-09-22,MC,4.632354980854346,5.995025125912957,5.406580455517939,3.5628080497837433,8.77367470093316,5,3.027036285447048,4.090826208054574,6.174371898590451,18.514566154498894,2.737753489122034,7.225589067460209,39.06766068379483,5,0
1,2021-09-23,MC,1.6769684435227985,0.7230139562141038,5.475664607701335,3.43204829646222,8.479394254297283,4,2.692735945673971,2.6158991793201354,6.1372194571373875,6.7058717455464825,4.287065673295649,6.668008082137841,69.57610748915342,11,0
1,2021-09-24,MC,3.6897612766024794,3.374384636271168,4.8606128048970065,3.1264364707731693,12.12615298065935,4,3.3072826252598997,4.271837226315796,5.2479332501321,10.114926771414261,4.589819762177819,3.75231770931971,48.09805444889861,12,0
1,2021-09-25,MC,4.969536563620498,5.773390895048458,4.874553592840677,1.452367434647246,19.922051764045108,5,2.981472521772629,3.7017827545120254,4.3541329069917225,16.961585457153568,1.8766564713558407,3.230444151134153,60.27155148489385,10,1
1,2021-09-26,MC,4.439478449149196,5.004250360860244,1.0376847902929334,4.088805118666945,15.714423977397736,5,3.284291677482269,1.9802146122516389,6.115593285907963,18.86410671213774,5.394211815178857,4.475292527619487,64.09578744942456,9,1
1,2021-09-27,MC,4.918345997471262,5.085855504676601,3.064797618437453,1.8976814620028382,15.994597278544594,3,2.33740881344427,1.882671718855967,4.770242748112621,9.710245950144436,5.985716303253184,4.2113456952956225,89.15417213393773,14,1
1,2021-09-28,MC,3.8607263981536586,5.691760753973917,5.090945427434526,1.452367434647246,6.248935042086961,5,1.5527752696800523,3.697222961654958,4.734364435962922,17.77991533015168,3.0543287768825924,5.966715652395559,23.477273419883993,12,0
1,2021-09-29,MC,4.288769502135358,5.319472473067454,4.599493535342811,4.2592873566680085,13.182592855205005,5,2.715031143099299,3.9266234527409516,5.553588638287646,17.01400353191423,3.0682156309007,3.0413035324025026,37.419801477312845,11,0
1,2021-09-30,MC,5.06900923567187,4.033088569670508,5.340278474493374,1.8545694322042459,21.241629546965836,6,2.325168212597534,5.074050633594157,4.5580997876989375,17.4283465886106,5.5772857296916944,3.6161865406338536,35.74069716254291,14,0
1,2021-10-01,MC,3.888054830830646,6.0,3.3071946883782593,1.8340785499047922,8.919124978351157,4,2.30693790807597,6.690031272060889,6.432591622850584,12.831669318591825,1.324027331792725,3.9492107136584007,79.6892251597359,4,1
1,2021-10-02,MC,5.538184995449872,4.098647942597867,4.128902519996682,1.910322416081678,22.17616844506406,6,3.282699959888367,3.0923069233781555,5.228525661547679,18.540585251392237,2.7883345040658947,5.36583669848127,91.2157360348851,13,1
1,2021-10-03,MC,6.0,2.462369953318637,4.989189505812456,4.403499242860572,25.555192298779456,4,2.797334108820418,5.448203965434465,4.966854159591883,15.82438812263265,4.123223129720819,9.812241370874743,46.98255859132826,11,0
1,2021-10-04,MC,5.376703372376954,2.6589301374158167,4.968919764152259,4.955417229025903,21.292158338987313,4,4.10718278515019,2.952172173760396,3.3935619813508926,12.866840864650614,7.969747275624661,9.812241370874743,10.0,14,0
1,2021-10-05,MC,3.771078443042724,4.521470828462048,4.1631587997595645,3.577611842945406,15.399503236555583,4,1.955576331219726,2.91232741927203,6.104053894236763,13.609440879080822,8.588603894105846,4.216415969905941,94.44409328389065,14,1
1,2021-10-06,MC,2.2723976976252294,2.5688884703971118,3.5683388067314823,3.81897066326407,12.069110832128036,1,1.3909971700673904,3.0963192316670884,3.6876620436718217,14.866534868094103,5.862297031203103,3.787390607916632,39.750578124602185,11,0
1,2021-10-07,MC,5.577727524240595,4.266226166772733,1.901606348254027,1.6727539084716174,11.809096175640216,5,2.0884552492529402,6.651509944355576,4.629200375983459,18.34973935087212,4.925818476297954,4.269076131409741,119.89498747092973,14,1
1,2021-10-08,MC,4.510727716794696,2.2977439309629726,4.114726233776033,4.141359560016824,10.213677693439989,5,2.4202756358989777,2.256879875768786,3.3718991910984837,11.944162067251893,3.2862950742592427,6.528054785467137,59.942801845896376,11,1
1,2021-10-09,MC,4.696199424042757,5.37461004671967,4.5618648017926,3.6924104332282086,22.094948552671134,2,3.1941985456299813,7.099067625904822,4.165484322354822,15.959859318150093,4.763856165602332,5.998307811888583,66.99181057694399,12,1
1,2021-10-10,MC,5.023764513434227,4.147843621389632,5.528289775106552,3.8296362135998008,18.584606212956228,6,3.0643571167112,4.868963547556216,4.7548476531107635,14.910414437710074,1.44704240257061,4.281416435224486,68.31645750177802,13,1
1,2021-10-11,MC,3.8074191237792645,2.444558691830866,5.207920097023436,2.7982030406605594,11.75366932782232,5,3.5852773525512727,6.426905039918863,3.5076989125552633,13.344857010911984,2.384227194674027,6.37464189447982,48.30528633371944,10,0
1,2021-10-12,MC,4.906723025441622,4.742842266671506,2.8977851351720822,2.915895556059893,19.91650170170576,7,3.0994628712268644,5.77014201484734,4.389323936634568,18.667270720388057,2.922470956985297,7.671118775773123,74.27096711998013,11,1
1,2021-10-13,MC,6.0,5.578453634703603,1.6808827592319315,3.193042677672462,26.001241377187434,3,3.2630336151722803,8.033668007729734,6.246696803541701,16.14539503007012,4.1705074476921435,3.670756565680624,107.04633856681407,12,1
1,2021-10-14,MC,6.0,6.0,3.006362371651839,3.2586576030973236,17.149672474588293,4,3.210662777908009,2.863045354255486,6.1833473431049155,14.331484996146447,4.432247254736683,4.028115082133857,60.62159688491928,12,1
1,2021-10-15,MC,6.0,6.0,4.549583381687864,1.687775789555549,17.680040860882063,6,3.4493690704137685,6.938918453993475,4.170210705123722,11.269789880927691,3.191610175220402,7.537721753259616,52.292774860440154,14,0
1,2021-10-16,MC,3.6603708865596523,2.0761479691547753,4.442452602911966,1.452367434647246,25.080146086642518,4,4.0263551242398865,6.050994729695678,5.180240800473886,15.80847441841898,6.531970953853871,6.132748296260297,64.99690247538601,13,0
1,2021-10-17,MC,6.0,2.095162653082634,5.130642378628837,2.9685491211193225,12.61793994016681,5,3.715441510698245,6.99548065221126,6.13334105965174,14.266042666287937,4.850374313118923,9.283411085210629,58.133456385935816,11,0
1,2021-10-18,MC,5.281360841239558,5.095372773535241,4.9523935423160665,2.1225507618745407,19.043344721740926,4,2.930926870824605,7.167910875350922,5.804608565262286,17.746511633756572,3.095125190428589,9.812241370874743,51.38845025634247,13,0
1,2021-10-19,MC,5.236729331377797,5.073011072365864,4.942756267335744,1.7452297442762799,5.2083424514018954,5,2.5855622836923473,1.5596161751658948,5.984759949887148,11.94419622197989,1.662896288122659,0.9670894781127606,55.0115511901171,13,1
1,2021-10-20,MC,3.702706727980814,5.288304849858093,4.385523436415867,1.6997769437819392,5.959654760264222,3,3.3904170702409684,4.687074522790601,3.855358410293066,16.639702068177026,0.6955699627175651,4.619644375498719,38.37489730414983,14,0
1,2021-10-21,MC,5.582338497009612,5.820089945613598,4.127850272085741,3.209922213948228,12.883853493548678,5,3.5839644060719102,2.769778266806099,5.380453680069093,16.822946141637583,4.937791545773804,2.80412985558606,41.265983336666906,5,0
1,2021-10-22,MC,3.991877405075275,2.434733947133267,4.420867301163644,4.574235795089228,15.738624262473001,4,3.0777174893648445,5.839279203442677,3.5287862844668574,18.614760114114727,5.8521397624088465,9.157486701671925,45.94151077490573,7,0
1,2021-10-23,MC,6.0,5.71651117250973,2.8395208123159112,4.86364997594404,15.966926818850595,3,3.45088996025034,6.985179585352382,4.085451587334627,10.47852888439264,1.5635200178209359,4.3957799040752805,61.36178066510466,8,1
1,2021-10-24,MC,4.46925867301454,0.37300318568185764,2.3750527786710673,3.737608329299717,10.259010912363282,6,2.0781876189740647,6.383813621503885,4.851768154985224,15.270396419738828,2.0190359021590907,6.606744099149584,80.193141999688,9,0
1,2021-10-25,MC,3.7221063996141943,3.60663012443395,3.774087946722265,4.421158309012323,8.567128244489975,5,2.828656097301201,6.532257709248822,5.145308681621127,9.798439829429933,4.0285618404808625,4.0065588498989,49.70357331189426,9,0
1,2021-10-26,MC,5.05421667827901,4.204097914682437,1.940553316847073,3.286432105392382,26.001241377187434,6,2.276434668094902,7.7533987421827595,7.050964956730193,17.659140649403206,2.8133162051374714,5.1136255774684285,48.198072510228165,11,0
1,2021-10-27,MC,5.6946403162357795,4.157231897494128,5.100065429432767,5.093435083951709,13.21542391947939,5,2.307531294699725,4.812525373085327,6.5146491646204066,10.010323506010954,4.335115023623121,6.92422306749252,74.43987182922042,4,1
1,2021-10-28,MC,3.7680558887470914,3.494227895622952,5.4887167966144315,2.9698519295021946,22.831611647326017,3,2.5498768807500896,2.067391534021883,4.225782600336343,16.6671857166853,8.03682313662322,7.094557813077394,41.84372443984018,8,0
1,2021-10-29,MC,2.903229895703898,5.545637729956304,5.528289775106552,4.428238438778757,13.869980887124829,5,3.9454932306647987,2.2701001677986508,7.396290431881933,15.340385121890698,1.467799876574733,8.640763712132404,10.0,11,0
1,2021-10-30,MC,4.007617808465986,5.210404117813653,3.7274670539908543,5.8411972467728335,7.846060957756915,6,2.2511207958303805,4.821036474467746,4.400275353100805,7.9985042888574425,6.438355408081382,1.72569391980826,76.5348825405555,11,1
1,2021-10-31,MC,3.790244054583778,4.253181044124856,3.5404993133400207,4.972808503986831,21.987679519414243,7,1.373272734382008,4.749267031768815,4.0213900095855095,10.917002036708967,2.4784437937149586,2.546726557820515,53.92540216016087,14,1
1,2021-11-01,MC,4.454199902472036,4.155354390800839,5.049286292117792,3.200792581528044,19.13717782749069,4,3.509523983375292,6.060334342186027,6.493868707535771,11.229671886261022,9.098184211182964,4.983269707807507,65.00404558910476,14,0
1,2021-11-02,MC,4.710764732401953,4.408918591731866,2.63488825090738,5.606319210583122,13.792460540518126,5,0.9078195434786095,4.149603969833616,5.681535120872439,15.160793228757495,3.0293951816531606,2.9254249872678733,25.397874073439212,14,0
1,2021-11-03,MC,5.1996670993362155,4.849586765458776,3.7550890034411144,3.7844658353102405,26.001241377187434,7,3.0509020194153256,7.991080527589983,4.83227546757837,19.03217603543366,4.38363693581012,3.236917339632075,63.353305631606275,10,0
1,2021-11-04,MC,4.666845062424154,1.8538136565016974,5.136502774115219,1.452367434647246,14.664162665590087,2,2.109006320951679,4.930043303104854,4.761203278658968,16.94142791963027,4.950719894372353,0.3567354114068202,63.69855093713501,12,0
1,2021-11-05,MC,5.305838938090808,5.795913939018945,2.0137975022566366,2.00026624645062,13.61674799914772,5,3.323846861022395,4.714918598679612,5.672489780012652,12.27901065124441,4.776372195498212,3.619656565749998,47.36612275713474,13,0
1,2021-11-06,MC,5.539680563275181,3.4923126478773527,5.168673439280184,3.805582044083833,12.665455939089359,5,1.530833023470466,3.666273380201504,3.3233006695425837,11.613763799621601,3.008996643809773,7.034728208199685,45.164529206995695,11,1
1,2021-11-07,MC,3.672136910302605,4.8283944293700936,2.0738669511087924,4.390874780091344,5.812978703954377,5,2.9765865483782314,2.6365974059939283,4.53807865707582,13.461436226492477,6.792393136025645,2.452642462428303,51.83596268102782,7,1
1,2021-11-08,MC,4.0905814451585405,3.498462909619756,4.534539788392198,4.4814329754518285,24.344092260960355,4,2.2342565494752753,4.239656606875783,4.329999412936035,18.66530209234706,5.365812899391306,5.788310785589584,47.15728245012587,12,0
1,2021-11-09,MC,3.640338647878419,4.340726380014564,4.186967921115983,3.9267979263456336,7.190678318198139,6,4.26851924631418,4.207956685095817,3.4390766702319695,15.226717645284754,3.511966153470386,4.138557713317328,94.0074092275619,14,1
1,2021-11-10,MC,4.151176059141277,5.712269409838415,4.633412705781749,5.228791200454641,17.207194889429047,6,2.4727896484481207,6.6239437643231955,4.541087420879378,16.79076959919391,4.286051372936066,5.09921199655601,11.492551475624904,12,0
1,2021-11-11,MC,5.406188410679974,3.104256616493195,3.828721551197396,3.1822567227067,22.465303189390934,6,1.9254036480741141,3.9979275718141167,3.562183936877778,13.708445118339462,5.20132794884808,3.6906398824148097,58.00616385501829,11,1
1,2021-11-12,MC,5.482609736231611,6.0,4.643911471743023,2.4834339833199675,16.250459265458417,4,3.119938189401862,4.901845795993221,4.7994253120810715,18.454992541670315,5.389747965005942,3.160244084482598,21.466946872991322,13,0
1,2021-11-13,MC,5.8369241976870345,3.5460195327118136,4.107539639280482,3.354189251693747,16.289695513329974,3,4.281585099501228,1.1770182703407548,5.440997652260294,18.303825515337373,8.056306779835936,7.6244035507340815,53.15201012517545,14,1
1,2021-11-14,MC,1.913486705231703,2.931259011967117,4.219492507983146,2.3876428180766243,13.495098894308157,4,0.7916636318478001,4.498875758247975,3.338818025543119,8.105182015693511,6.424543402353813,5.9081940327085345,56.01439631553798,13,0
1,2021-11-15,MC,5.349026964718746,5.37707004653756,1.9986865738395783,4.084161590257385,13.239846660350477,4,2.5330984259479727,6.765762953051559,5.66712014894227,12.533560967229208,7.149331361007415,3.6863860381631244,35.20317574938089,10,0
1,2021-11-16,MC,4.7753102722842105,3.9277638696042083,1.4230353390507413,1.452367434647246,21.661760178686166,5,2.855314571316402,1.7543651405163754,2.749499134509645,11.90677024009199,4.991270560422927,6.762840356803513,47.11989752469536,8,0
1,2021-11-17,MC,5.162221186707484,5.203706878598231,5.528289775106552,5.019182558645295,12.50168287656904,3,2.7465635482937985,3.6253740407398545,7.197501133493333,19.126584827718794,3.5349685542952924,5.763976311291825,79.65514660273367,12,1
1,2021-11-18,MC,4.486292178783902,3.2719904661080896,4.95698113665993,4.984385933608113,8.571710306685924,5,2.5868460286806365,6.153238943845093,5.020237513729538,15.571458156531369,4.8643853383861355,6.2560038905788495,55.817209167586185,14,0
1,2021-11-19,MC,5.85672445283857,3.6059783440724167,5.076177273527535,3.5643916722752493,13.777220325787251,5,3.245412246140967,4.920507773249751,5.454955562195618,17.681865711957453,5.511052005817665,4.989104071058496,54.74782156141971,12,0
1,2021-11-20,MC,4.29556252644314,5.914165438301202,0.47323333754806285,4.064250671940615,11.05329774539303,2,1.9574957441363379,0.5894996952857404,5.610518668569029,12.732364922586681,6.304209503949885,0.0,54.561755596346636,11,1
1,2021-11-21,MC,4.473916611312536,0.0,5.031647032390331,2.261084716950969,26.001241377187434,6,2.65420082801098,4.176731831631601,3.8056998452094994,17.07302457619477,7.602768133780252,3.6560976518626145,64.31260266824435,12,0
1,2021-11-22,MC,0.43533694429846204,6.0,2.782472294982881,4.97674165074627,17.302350602502916,5,2.882339679972959,2.6743317872876164,4.753006242342496,15.02403293595679,1.4301208170381625,4.1054061942824465,30.038396325877,11,0
1,2021-11-23,MC,4.4465025504703855,2.6642501300258323,4.630105931188921,3.0740226927016723,13.546245341762432,6,2.2417933434357993,4.370574968172854,3.745970403607799,17.259780383187714,3.8774769603903274,3.483300034519089,64.57082567900869,12,1
1,2021-11-24,MC,5.936010677031199,3.2307196930575133,5.424738752166164,1.4659244254077786,14.896899763409575,4,1.7140128826144618,7.2877262084842975,5.7824451777924155,15.899905560747412,8.401737770199706,2.4055799998110188,14.245536917751588,6,0
1,2021-11-25,MC,5.844389205372458,6.0,5.528289775106552,4.47750509825845,22.259954785675088,7,2.809519551109745,3.224406757267566,5.84012654438584,16.11126061691692,3.3930899105990004,4.994862788011961,19.73948921750429,10,0
1,2021-11-26,MC,6.0,4.761679370560223,5.528289775106552,4.8408110271206315,19.44657969142316,6,3.055001136757847,4.901126833144314,4.569585170504523,15.232781781995758,2.4097751459030583,5.1923426326873034,73.36621516934369,11,1
1,2021-11-27,MC,4.554041979316938,5.266045104220012,3.877192608501513,3.7852675529114768,7.733682340711279,4,2.7170691796139,3.7403612496949226,5.032261460943962,8.751497786789955,5.4087865718282835,9.812241370874743,72.79637884170779,10,1
1,2021-11-28,MC,4.988773097775955,5.126422277322276,4.553079102412187,3.3219329479179924,19.75350000100622,2,2.5350273602629287,6.732640857290036,5.076915320968347,13.646103949151767,8.152750398083802,3.5630574762236376,10.0,14,0
1,2021-11-29,MC,5.301353148231724,3.2039346077476707,5.2084981039063605,2.6924272251867998,7.714535444515553,5,3.850324586498752,4.771685003395281,3.9115195606714215,14.663471306832298,2.963894621460466,3.31250907112296,36.49563758580063,12,0
1,2021-11-30,MC,3.672466611461308,5.2107262865000905,4.464493505646713,2.8846800129773515,13.45602381168001,5,2.2283021377624346,2.94269484072547,2.6257137417421053,14.681032780036775,4.67217162455691,1.2004539359548185,85.13183009235352,10,1
1,2021-12-01,MC,4.788363388171691,4.73983872490507,5.528289775106552,3.1704910241291637,17.088952689471768,6,2.9274247260749062,6.261755668127435,5.063835540685599,16.27615195811073,5.194805142022842,7.558944853198273,82.29648674261762,11,1
1,2021-12-02,MC,2.984122140543503,4.591825560987911,5.528289775106552,1.452367434647246,12.939868598005258,5,3.054258404537908,1.2739041177578652,3.8029163953218674,18.458525737699134,4.2207934559691624,4.280961213489125,44.496197341776174,14,1
1,2021-12-03,MC,6.0,5.457125481637544,3.4085732363371926,3.278706640500064,19.108671805928356,2,1.1518236089259726,6.63652695744575,3.6418461985077015,18.740845502550055,5.153240650141531,3.6950241246765443,47.666109813911305,13,0
1,2021-12-04,MC,6.0,3.44206229537351,4.759109329538527,3.5151493857160148,16.55023859871206,8,3.0441509225036927,2.786816953525401,4.856730655493913,8.488713005704414,2.8721825144468554,6.211661072494866,39.61883822069051,13,0
1,2021-12-05,MC,5.716702873770316,5.793538685144608,4.086319224392823,4.121981235942872,16.635077151294567,3,3.112946704623385,3.992038517715374,6.04256873074279,17.62021549209534,5.203744787100433,6.495702515006856,43.62916887974963,9,0
1,2021-12-06,MC,4.513619115348719,4.73250424131969,5.478559451347607,3.5910117852562644,8.02979067499588,4,2.240273013267603,3.931836906859508,4.455143969111317,14.665305208624185,3.3303790278436525,3.703661475517129,47.904992337539234,12,1
1,2021-12-07,MC,4.79787086007635,6.0,4.252662472373686,2.763458109129368,9.455046892159523,4,1.4164278664722318,5.824291951669124,5.12825491924102,14.354921064002317,8.439417504381524,3.3143456181157807,32.5269080132487,14,0
1,2021-12-08,MC,5.614269099058233,5.567852122629912,1.7864207875467333,1.740325452415467,23.44991911084026,5,2.6096058047003665,6.333469549746882,4.575996102082414,18.011675618473447,5.095015715655032,4.832434653161762,52.219049580493774,14,0
1,2021-12-09,MC,6.0,4.719912309704441,3.7879173302730154,1.751357453023539,14.491182611727904,5,0.5187777431067973,5.734678186562642,2.896462160495311,18.11804523199853,0.8824824913671008,7.687332637225847,48.561078559309486,6,1
1,2021-12-10,MC,4.630995607113926,3.435580228857685,4.5003393240764105,4.674537623688178,16.577488055425434,6,3.7968847717614054,5.178254151350033,5.034608161781067,16.2073068884401,2.4544129101812286,6.917887453035256,89.56184513716117,14,1
1,2021-12-11,MC,4.051079425185575,5.308742477144086,2.9087318709704704,1.5866431148770197,18.335115303409086,4,3.762076970334503,3.919360606629861,4.875119705603229,13.729740383243257,4.226791637344912,2.1810029925731356,50.84782211545391,7,0
1,2021-12-12,MC,3.6764272951550114,3.438195692731601,5.199477441584969,4.078283585851595,26.001241377187434,5,3.2210826172702287,0.268965528477787,5.467070728891159,17.68790945414751,1.5062816444157976,0.0,79.8892040494291,10,1
1,2021-12-13,MC,3.879712656909534,4.648908266484273,5.5111681826720424,2.1627785602527316,11.63452906399906,4,2.6059354546855826,9.352832759743706,5.800069091719252,13.266412392929094,0.8113335079952879,7.830050960247878,15.944029314332221,13,0
1,2021-12-14,MC,5.373420078841966,1.7638198378439793,3.852364345637992,1.452367434647246,15.965738902329662,6,4.041594439746749,7.705160309534075,5.870765464574338,6.8593192185070855,5.6824561230279445,7.082935377748635,50.52610531562778,7,0
1,2021-12-15,MC,6.0,5.90032018272707,2.7211696455309924,2.5231156198764637,18.735498690153772,5,1.391980281405853,6.964936111692926,5.559282499648003,18.54888188587521,3.771333615060248,1.6625092385191431,50.68594627004622,9,0
1,2021-12-16,MC,5.451888766974609,1.3790665455642843,4.3218543511872785,4.765698179168759,16.8849774459921,6,3.8118193919456815,1.896352918121245,4.9512344685183844,14.298132962383347,4.553935963379351,4.383955183349041,64.99929588245348,10,1
1,2021-12-17,MC,4.133811778789587,6.0,4.501296478861972,3.4355973232252675,14.717870562800424,5,1.4987256590723845,5.322620724779033,3.192419316125875,17.060651566240704,4.750149436604279,1.7184549506221982,86.66458911295267,13,1
1,2021-12-18,MC,4.68674506585557,3.62095684519328,5.3262466360267915,3.912732568676232,16.470248422615803,3,2.7459428202481555,5.050097007783806,5.931839335356477,20.0,4.833500568065569,3.711638927824485,39.76547999263074,7,0
1,2021-12-19,MC,4.460225587301464,6.0,5.323343032351296,1.452367434647246,5.921185733390708,5,4.227732539297543,1.8793376621947722,7.807725404371888,17.593688339266976,0.6955699627175651,6.683796448814471,31.19044885568486,14,0
1,2021-12-20,MC,4.8656344986751385,4.218704115839059,2.8349512049025685,3.4763823948722283,10.33836261496683,4,2.83115809577798,6.436251335449951,5.641175142452486,18.231766103613108,7.21162898953051,1.618640271884908,41.400851725181845,12,0
1,2021-12-21,MC,5.588890782842224,3.2203391870175135,2.4057021185757668,3.80282701513856,22.368265816867257,5,2.763810372368972,4.50566510230885,3.850183659008204,17.96131287960862,3.428390112593407,5.3781977991083405,26.564639295240028,11,0
1,2021-12-22,MC,5.345809037845182,6.0,4.725820272699103,1.452367434647246,17.872524729328145,7,3.238965491016338,6.07282482512157,4.337288138674549,14.73535385063344,3.9860651792110136,7.48536727025253,69.39511841347039,10,1
1,2021-12-23,MC,5.32358606442487,3.6194393933217412,3.016844641992006,4.627139932165284,18.961757190174385,3,3.850278864386959,1.9378144379037776,5.876613281525995,17.373114951146643,2.4942308129382864,8.701358692636099,51.451508200331936,3,0
1,2021-12-24,MC,5.493975802496101,4.561104162681145,5.1737675076930945,5.00989744753022,9.666853974445246,6,2.0487365525862486,5.2738920488030665,3.6573928672473626,16.402559888456274,1.427068102581253,5.056705528541073,76.70518651834165,12,1
1,2021-12-25,MC,3.1878372435064684,5.113987604201535,4.930671670818979,4.133181258032343,11.003821211935623,6,2.972378870344477,7.345816758388613,6.370769585527536,15.043193008501209,1.652639091610863,9.330571392315003,93.65065312970424,8,1
1,2021-12-26,MC,4.773584261874604,4.644504087286334,4.0263983474623855,3.014994529757954,13.784519120168657,5,1.3812225883918907,8.07382834852758,4.104558274031525,15.517509998944144,1.937743943587717,9.812241370874743,67.8487007363612,12,1
1,2021-12-27,MC,4.962286468924501,5.476515919934586,1.142931057060958,4.180410145090352,3.298303995673253,6,2.7169904722221943,1.9094110138942306,5.1745463604345545,11.27666120785859,8.009922544059497,7.380024805625909,103.50046757369877,8,1
1,2021-12-28,MC,3.8514620293520387,3.8321585188548752,5.528289775106552,3.778413986363131,15.547599229330077,3,2.91447553825729,6.853419752820365,5.004059380394971,13.384509439088658,3.2440962993462503,4.405977661151311,37.46477509708048,3,0
1,2021-12-29,MC,6.0,5.134825898975238,1.589002144201066,4.355632438842142,8.507905782357405,3,2.8621535299427086,4.71633647040858,5.686707149568369,14.55514743011039,4.193983193496183,8.094345750904562,84.02806481013683,10,1
1,2021-12-30,MC,4.024577304689213,6.0,2.6673906876447457,2.4358520881013264,26.001241377187434,2,2.181902535299954,5.709880909530883,7.077067535108939,17.09417529534824,4.39199111096328,1.222668797236941,30.12319796790067,8,0
1,2021-12-31,MC,5.338628811477777,4.947237684236117,3.358253340047436,1.452367434647246,5.992919112287868,5,3.210343407430543,3.860936377858205,5.513375282379113,16.223509478762914,5.302570588332949,8.598967747424542,75.14954297815747,8,1
1,2022-01-01,MC,5.9419761180586494,3.9355080947698493,1.0159367869849913,5.8211099684587575,17.448011551956654,7,3.2896767437980365,6.389580389401562,5.725623462941056,13.348292012729232,6.224061223658867,9.395461414749155,84.06111680784944,6,1
1,2022-01-02,MC,4.634572458817948,6.0,4.142680291593966,1.7748262047741499,14.488492327920055,2,3.1496189134200994,3.1030538889778656,5.992454714835875,9.286865385736107,0.7742406777439017,7.323898485841798,57.69726432836753,12,1
1,2022-01-03,MC,4.865140220264037,6.0,3.89599222666563,3.2631462732118632,4.982480588942694,4,3.115719785675249,1.9554208811150549,5.084089343161564,14.613431807766755,2.85783852452885,2.6566368150812685,43.008671229868355,3,1
1,2022-01-04,MC,4.66620706993435,4.586958528499469,4.1243256514830735,1.7644345442379357,10.300575213277394,4,1.7906254714330299,6.124077604033829,4.6281857543002625,13.685320641410538,3.8586021385178286,3.0777199451002093,43.671713721606125,12,0
1,2022-01-05,MC,5.3333455532906315,4.302410983860986,5.469483435439373,3.6243641440060492,15.091152745099762,5,2.6609167884790863,5.05830873574327,6.318119548716698,19.30839643052113,6.77194254043783,3.510881331249159,23.102861126651568,9,0
1,2022-01-06,MC,4.010379583682526,3.3861412685594514,3.9234069786618395,4.198416061954893,17.19271944538877,5,4.286695192651672,2.3794397486492347,5.59679545401223,14.183121887161214,3.26127587800279,6.850171343404451,61.00733314354222,12,0
1,2022-01-07,MC,5.364461816422657,5.829080201587566,1.870188502553081,3.926737590981175,22.41807519050453,4,2.740720669734351,6.019050776654897,5.502578719597927,19.793724788458746,5.468131307185267,7.494455956377546,43.342633012389854,9,0
1,2022-01-08,MC,3.1878744013770137,3.7363875061566048,2.791526788275895,1.4653687197098728,9.265829243280141,3,2.632783890831843,10.979242380881386,6.661031923717703,13.58806046241988,4.69056615851401,1.6328973033906555,68.38971365190837,12,0
1,2022-01-09,MC,5.508210559466991,4.131341526374056,1.980794211102694,2.633234844410468,23.350798235422253,4,4.70777155697411,10.14109744060802,6.780319833319629,12.932681701844468,1.7348494732145414,5.751626871319997,76.86808887659072,8,0
1,2022-01-10,MC,5.425542242953714,4.384349880970534,0.6226589043025648,3.1726037042659954,11.260805334534574,6,1.7467922250744554,4.255376887104233,7.2978625714711605,11.471497449117626,5.193492491292839,8.736584731088668,105.77636811201259,14,1
1,2022-01-11,MC,4.953458936146458,1.8800156752777335,3.956242837519529,2.3462341901086674,21.398379674441035,6,2.869411511697355,3.3198093061352507,5.677805074908824,14.28045113608733,3.0218109033937273,4.80096218184368,30.11998902796712,11,0
1,2022-01-12,MC,4.463801429979858,6.0,1.945723937471651,3.0995851459378656,6.3711090733713815,5,2.506302005177811,1.2002762181300715,5.093046216092398,7.826268206745391,2.4042154710255574,5.569858383197319,52.78287889006418,6,1
1,2022-01-13,MC,5.262481106864364,4.817491756763901,5.178607605231154,5.749124430814035,20.293214536953453,6,2.6397931110026476,3.887317937266583,4.94075516963117,16.169656587334792,2.729409653668063,8.837044351189455,42.388339335871024,11,1
1,2022-01-14,MC,3.1625550973763823,5.8271218328636145,3.7775355529696037,1.452367434647246,21.230690429981717,6,1.885428626084619,6.156585542275048,5.417582767253661,17.743196550821146,3.1319954431113337,6.263673463804649,56.422016326768556,13,0
1,2022-01-15,MC,4.2369950438383475,5.260851125153293,4.101097951878116,5.514896424227871,7.593466701436874,7,0.9063149689447186,6.503357799685874,4.0645703372205855,11.771394763465507,3.438087213455255,7.172975663483629,69.79216110110748,14,1
1,2022-01-16,MC,4.914688856156571,1.3825766965194164,4.189308099812825,2.8712234176286913,20.751294290260603,3,2.3062484513272947,3.5324710392381364,2.515177939112446,16.647773775163298,6.712559381927435,1.9603452823651022,50.758699057395944,10,0
1,2022-01-17,MC,5.369577213094018,4.595594412551036,4.070349502754514,1.452367434647246,17.3779646602661,5,4.253649292769657,5.363830182863522,6.081955145667417,13.980666569747852,3.1079042369422107,9.001877551394042,46.755027014758916,14,0
1,2022-01-18,MC,4.031704006970726,5.178099546075591,4.502320034320078,1.452367434647246,19.834067432727345,5,2.0300337119174308,1.550946105960055,6.319603992090162,15.434136172227133,3.3017930484004894,6.42183549077999,57.95621949009977,11,1
1,2022-01-19,MC,5.035062586578531,4.134579275884921,3.0801408969654314,2.9271996991967635,14.048643823333446,6,1.0864094203039123,5.138699862744817,3.66945933169334,18.727674584588346,5.481506248618501,4.1570996807490355,24.925355272845522,7,0
1,2022-01-20,MC,6.0,4.03217618193469,5.282403484828961,4.9339485809257315,21.343103330332433,7,0.5815133899716269,3.601147464955819,3.558436335435968,13.31044456339635,3.519969385912094,7.152956099319098,63.344722309083934,14,1
1,2022-01-21,MC,5.120910054449318,5.9691459669264875,5.242913353069495,2.802003079032719,12.29147496290307,4,1.5662491894403405,8.356150033906598,3.9836908443914267,18.489410686505853,2.4243581337200073,2.2684972985435015,64.31037352424133,10,1
1,2022-01-22,MC,3.320841560231627,5.310197050110007,5.185963025388268,3.1122310532154795,20.14709183540327,8,2.4504149274769658,2.018193357602121,4.194460430001207,14.930267409319699,4.271287028647764,5.434179927016741,53.50769570524274,10,1
1,2022-01-23,MC,3.8354558197816626,5.107126114003517,0.4175877743524872,6.0,9.822368631368276,6,2.987706531139357,2.4777090617018707,4.841352905945329,16.469684299162903,5.934739749494823,1.1230267384751693,50.354487827125816,14,0
1,2022-01-24,MC,5.278622800893377,3.0065501721642947,5.346756458439028,4.607338481595438,5.56055903986069,4,3.344515867988707,5.592402554565252,6.279449352413168,15.718404231460866,3.6386332313276526,9.788052119776665,32.621812280461256,12,0
1,2022-01-25,MC,4.133354762253454,3.0074494719135485,5.528289775106552,1.5395959468359326,23.576797792734027,7,2.4242986075914392,8.407518480914892,5.13664289656417,17.802647308867805,0.6955699627175651,6.048277896329146,15.56650684880506,14,0
1,2022-01-26,MC,4.82950741117739,6.0,5.069584418476779,4.184001359176357,13.54051447630826,5,2.0257312525643214,2.6893718632928945,5.447419172413661,17.061752994124127,3.7825314016037423,4.769283577391958,51.23519174597249,14,1
1,2022-01-27,MC,5.395770797659041,4.782112071705771,4.603748345327038,2.6247027991504286,13.061926591989941,5,2.5379189066627235,5.943580915700785,5.665035284098795,14.534621918640058,8.576652987669291,5.6056099055351085,96.81687195899636,9,1
1,2022-01-28,MC,3.609288806492166,4.887328926090802,5.502411740790789,1.452367434647246,10.4835266994911,4,2.5912737977413953,1.8996972832652919,4.327521162698733,15.43314644413844,4.008319912079068,4.195710182080221,85.1324042536051,10,1
1,2022-01-29,MC,5.975327996353519,5.870338903312787,0.8524617461992485,1.605921024531919,1.1321245614879363,3,2.728073282269837,5.529946180081869,5.948226900746854,14.335434891107669,3.2673161885627113,3.766601629485026,55.324908237865266,11,0
1,2022-01-30,MC,3.13430557607996,5.951121606474084,2.2956629876838672,4.034472571850936,18.433807662470358,5,3.6768424411298715,5.889218807194968,5.7843440631718215,16.14247812615037,0.8535638872769109,7.742274380394115,10.113521154502884,13,0
1,2022-01-31,MC,5.671837614787018,5.424936934038692,1.634769662841932,3.008842601173894,15.592233887656782,6,1.99820746113097,2.789148629766907,4.556140796717256,9.99197648874946,5.78957755132473,8.826806176259344,80.4472625951134,7,1
1,2022-02-01,MC,5.233550756503718,4.894925829452424,5.258991560026735,1.8334828679706792,18.823388395197124,3,3.5557921548247484,1.7957664532041888,5.592152462236185,14.664783914079159,0.6955699627175651,3.092870691533513,74.73584061295932,13,1
1,2022-02-02,MC,3.5254591465270826,4.86519174993092,5.528289775106552,2.4306627404661176,15.429222486444043,5,2.1662406253819046,7.522301839200124,5.865825262310813,14.840506668974957,1.9259947725331932,4.425538328997207,60.157250541758664,14,0
1,2022-02-03,MC,5.094463335719881,3.3816747069238864,0.4916019789741002,4.040609114531297,25.476427451275555,5,2.9271274792276065,3.412044121944031,5.86283933832502,18.910569833930406,8.142632748706228,8.122011736913237,82.31825693171628,9,1
1,2022-02-04,MC,4.904055485682932,4.887687080204781,4.364824609551704,2.175977110797406,1.1923791719107708,4,2.2003154713533672,3.2939476745644907,3.7938622333342384,6.758509111969839,0.7781826288176568,9.784265979529998,90.36760372489385,10,1
1,2022-02-05,MC,4.6757528407818665,6.0,5.528289775106552,3.088875656316491,16.79871136642932,5,0.2448557251887027,4.413658316665315,2.5460582368304987,19.087898002826748,3.9351600736634342,6.657745766792729,76.07547274891886,14,1
1,2022-02-06,MC,4.155340691722565,5.388931266014195,4.837535869112605,2.0722897385374797,15.380468442151995,3,3.2218078599096938,3.2573340604092382,4.555991847112705,19.02618390932243,3.7648782737880992,4.707616404645374,32.57528730080019,4,0
1,2022-02-07,MC,4.774533754990362,6.0,2.5935631157366847,3.041377720197542,16.76083242831533,3,2.3226566330138705,2.9906004554482437,6.1346645317539785,17.6229356236066,7.651440950719534,6.50339618151801,43.981289428504496,8,0
1,2022-02-08,MC,4.637619477809034,5.185209216150339,3.6416420825183806,3.824615526965662,16.666690301156077,3,2.026643195880213,3.520577086225698,2.623581241204487,16.96198657804511,1.075194932800951,6.597274978209632,59.72439572076326,11,1
1,2022-02-09,MC,4.319020866165889,4.364528028358249,1.6324114981226339,2.714650411055228,16.88022746657812,4,3.7029666075561165,3.01085659435856,6.154762399016259,9.808787034113664,4.821809266694592,6.022125081991485,59.683148731206074,8,0
1,2022-02-10,MC,1.703441692142512,5.84495547349432,4.452487350857236,3.417079688974844,10.001922268211413,6,2.052206733134979,1.314439399285622,5.7890353271127974,19.05002445501353,6.375743825685763,3.094816613955246,34.21933056010195,14,0
1,2022-02-11,MC,4.7139579825244455,4.429537780740062,5.154882470495773,2.440162858905659,17.734893291923385,4,3.4656049865811074,8.113574505428733,5.923947489156877,17.94436086054969,5.868602771098367,7.592734122603579,26.293493088415985,10,0
1,2022-02-12,MC,1.852893789986715,3.3811597865814242,4.376605583921885,3.352954260908784,11.069910063701368,5,2.4641766359777417,3.9975527599956204,4.6563591255640375,8.681436504860438,2.7214308985560325,4.625383212041872,51.94491445662945,9,0
1,2022-02-13,MC,4.514543131697042,5.692302526600249,4.688503270134131,3.2575328710440647,13.992275798870423,5,2.308796232851753,2.2168795457790926,5.055347835405485,13.694871184107269,3.2963306915211863,4.144370691905239,49.309243010135944,8,1
1,2022-02-14,MC,3.6867415173644007,1.7668809877645446,2.9673968374069166,2.7852579393529364,20.891198630119888,1,2.6301415714908423,6.441113500887704,5.613278460619246,11.250342452385459,1.9128374880892927,9.812241370874743,38.06215292664178,6,0
1,2022-02-15,MC,6.0,5.904206793462463,3.6680385494487195,4.261955678577498,21.280751328866316,3,2.6756330265046078,2.9848412005147784,5.3277283076735085,14.530209529008944,5.68565543878735,6.110252377843913,76.52480567562377,5,1
1,2022-02-16,MC,3.0136070946331417,6.0,4.845242779330058,4.583721312846601,20.64646794249048,3,2.1819144519771467,1.6987709832597981,3.079767918631047,17.521725717008497,4.355585259267071,6.4119683307673405,15.13025158752496,8,0
1,2022-02-17,MC,6.0,6.0,3.3369129185901163,4.242662463599178,15.990728860483255,4,1.526528783376652,4.313919483576501,6.013853210952028,15.08984210949844,3.085892834682663,0.5481153381943029,12.314671076993621,6,0
1,2022-02-18,MC,5.645922281483042,3.666255493259319,5.528289775106552,4.76948292839049,18.10095120308197,4,3.583474346537231,6.739065333571293,6.063359347233097,10.237720997034524,2.983595130206399,9.4972115889212,67.12148608773819,7,1
1,2022-02-19,MC,6.0,5.855834089393552,3.6775303732834725,1.452367434647246,18.898072865495532,4,1.6551236377920682,5.8561165919009115,6.836248278820316,16.223024850149237,4.7914314612393,6.994798461556669,71.29101643708474,12,1
1,2022-02-20,MC,6.0,6.0,1.954402527748964,3.609218951907676,21.73349143924617,6,2.3222116850219,5.5994441726062805,4.949933573519456,18.130147066563215,5.40760765164908,4.75036547455592,35.8599108132032,13,0
1,2022-02-21,MC,2.5229645474673976,6.0,0.7323413355944144,3.4048432466870393,23.08925104160637,4,4.648513065932906,8.264536859387308,6.585952502365515,19.370202457770688,1.6350308952045913,1.879409918136903,35.20559772222326,8,0
1,2022-02-22,MC,5.292362103512913,1.9491988276867425,3.8278051681776772,2.5286689853562336,12.559668801694443,5,1.8161957838006266,1.1116707414287235,1.5631839480259946,15.516741244658636,3.914483866283828,7.859654251220551,54.34504974830723,11,1
1,2022-02-23,MC,4.778280411292891,6.0,4.396434068691493,2.130610475298674,21.317827412537753,5,2.9390351943161845,3.7970161394291604,5.529495854540156,11.047619582312569,4.47331234756025,0.6208668552428867,31.453015462083435,9,0
1,2022-02-24,MC,5.989231021561611,5.641776936021326,4.406515870091237,1.6784627671043824,11.85978781336081,8,3.9359983099619003,8.20225030716338,6.458402516362974,7.822693205886556,3.2007950151280116,2.6908572928042838,77.26690608141396,11,0
1,2022-02-25,MC,4.310415833656556,6.0,2.4398117399473422,1.452367434647246,13.649542020559558,2,2.471417202927641,2.545265607276204,5.294052523988956,18.67660055683133,5.232591925832942,3.986881283009268,60.75187510418388,11,1
1,2022-02-26,MC,5.485452707164617,4.381287414629674,5.528289775106552,2.756833195951564,19.72887013959629,3,0.8669697622989649,5.081734520836899,5.215447914840028,10.690142881769875,3.6711536024610307,4.460755271747064,54.70915379410805,13,1
1,2022-02-27,MC,5.187158208628414,6.0,5.4917259344021865,1.452367434647246,21.643338688882256,3,1.2897033022621611,2.495265116508616,4.995149058777193,15.153247581948303,5.293860916220807,0.0,16.700260285338437,11,0
1,2022-02-28,MC,6.0,4.646423868202803,3.1389475853453024,2.908015915771828,8.149896024466319,5,1.223952042184015,4.822960878088481,5.063126243526072,17.41386103170616,8.767758499746328,4.650454234553607,59.0927891448564,11,1
1,2022-03-01,MC,6.0,6.0,4.835786101992177,5.823042600958083,15.851919615096408,4,1.6943827038672936,6.8421340308586345,4.265175770096432,14.837141837334523,1.8843522883617227,1.2737065129203886,60.60627954832052,9,1
1,2022-03-02,MC,6.0,5.0616229774283426,3.2405023668130957,2.6700026275156796,16.51039151339222,7,2.113412446379384,2.4223029727516416,5.3412060954033596,17.863431125474516,0.6955699627175651,5.989784007552165,53.653840044429955,13,1
1,2022-03-03,MC,3.051058661521072,4.811534667543115,5.135238750339313,2.3803108702319102,14.709577177225558,3,3.0580532892408643,5.249232542562027,5.309910460269437,17.6744696960962,6.512505977333189,4.544064995013999,78.25639398850011,13,1
1,2022-03-04,MC,4.380458219468104,5.638365993277051,4.626593360750338,4.05533120767196,20.784556981345915,5,2.6907070637479507,5.98537848029291,5.247512079731353,17.57018849910132,1.7623849675265402,9.028028881505465,26.94245023426545,8,0
1,2022-03-05,MC,6.0,2.2719406363162475,4.59672957721367,5.3071656554952416,17.680502918016607,6,2.09294345200208,5.145211294281778,4.148992583005605,18.827630825632937,3.602825312376269,5.0084904964886965,52.34532859141524,8,1
1,2022-03-06,MC,5.379858486240562,3.7558164503446787,4.716919923750459,1.6767990714002499,15.707523321548672,6,2.041494059740831,5.623472280968497,5.9984758661594295,12.815826557903671,6.848232976593306,2.150632578751494,52.24425174739876,14,0
1,2022-03-07,MC,2.9398606680549673,5.427674493852633,5.528289775106552,4.435126698611246,13.278187842818364,6,1.4802231718949665,2.527574171600633,3.39193224602519,13.170450252455712,7.3678787722186545,8.898098391542351,61.66866186282979,11,1
1,2022-03-08,MC,5.067924100682434,5.659799975845473,5.097064900599965,1.6336711951656835,15.82445757701083,4,3.3259293102129277,5.901057949925921,4.455952846698735,18.412702206767275,2.8349780321470814,7.82970280307859,45.91496123449631,9,0
1,2022-03-09,MC,4.668974106498806,3.710363203809162,4.445388251327056,2.8357084483493895,21.439350281006917,6,2.689281373321094,4.246964995227997,4.659630325523429,15.9751906108683,2.8916174613476673,4.235471696955198,40.8853518137844,8,0
1,2022-03-10,MC,4.429390340702055,4.372979066668878,3.5360847697943867,5.24584840227225,11.990839861016042,5,3.318713485361134,6.4313071243113376,4.531886244273238,13.90465329991423,5.071256428909042,3.5287561785249904,27.20774275841247,10,0
1,2022-03-11,MC,3.869339579167117,5.757285459921819,3.5467840708675813,1.6893101927479848,14.795859054733299,5,3.3383922583499146,4.78683307659421,6.2263019534910935,16.872353480427964,1.9219388857796145,9.314053697981317,76.47571774137668,14,1
1,2022-03-12,MC,4.061024057443478,6.0,5.471119773205237,4.758928378433782,13.392818081940039,4,3.69922209574333,8.360763311197159,4.224993240599333,17.41811943936175,7.149770321995554,2.264912646547794,80.95796434381437,13,1
1,2022-03-13,MC,6.0,5.890460682799978,2.5031665138142123,4.126212517082632,19.720213262231177,2,1.1791740494054035,4.035216687990027,5.988703628934595,15.57443322137435,8.28295805681941,5.788057558953265,74.96238729363124,11,1
1,2022-03-14,MC,6.0,4.796370247628693,2.4154465981644626,3.9518339337721367,19.764478151581947,2,3.3473282917784175,2.4799797693561216,5.037145034981813,11.406353452828265,7.665038706935945,8.560972084665426,60.43728340292085,7,1
1,2022-03-15,MC,4.870972532539222,5.366388186002785,4.499931539795035,3.2245486236716534,16.40122165643565,3,2.6355001967683176,7.673374471769057,3.1085410965916926,14.861492266872288,4.848119477889175,6.645781896928634,78.35700714186592,10,1
1,2022-03-16,MC,6.0,4.406812392708474,3.29586162638399,4.157344471150845,12.616662567970902,8,0.8749400213796207,7.882965647299873,5.288012349139544,16.55500556688475,8.41559465272913,4.346248339504653,25.716169607387073,3,0
1,2022-03-17,MC,4.0479129225824,3.1810429313710036,5.528289775106552,1.881034961085301,15.712910186321507,6,3.032628015254868,3.4499845344651217,4.265255276382085,12.35574113963566,0.6955699627175651,8.224570203394565,10.0,13,0
1,2022-03-18,MC,3.1090276211770362,4.224776534015451,5.41941990533574,4.409978572598618,2.767209093352548,6,3.446592424354539,3.6101208392758446,3.481967521856345,13.136340696514509,3.262789764536424,3.1889853117235125,46.831599866416454,9,1
1,2022-03-19,MC,4.1689785561893515,5.68095066766168,5.024396822190172,3.8802799396733985,9.597814427317255,5,3.555552146798568,3.538875349552036,6.5445252084338055,18.839270563104833,2.8998897590235364,0.0,17.499138879427758,14,0
1,2022-03-20,MC,5.1981596150482865,4.717232151001886,4.232236986903755,3.8801407418689533,17.41586091144916,6,2.6101342396131946,7.3324350299250165,5.81948586573429,12.975041315447054,3.670075987832085,7.347598554066132,47.4223441008019,12,0
1,2022-03-21,MC,4.355579017193533,6.0,4.754427997967793,2.3963153203827967,13.513657304429216,5,2.334671928232236,2.7106955734832665,4.806663932526906,5.690356723853676,4.303052297188378,6.1942020100406445,65.31466525263076,11,1
1,2022-03-22,MC,4.179952502697496,4.0152499975416065,5.010949812047812,5.274930041731708,6.048089085176026,4,4.117744154699327,4.00787633485606,5.225610312210303,17.227260546317286,6.337773950395961,4.144641061283899,23.769531001166552,10,0
1,2022-03-23,MC,2.6169625798625127,1.7012441315134095,4.267546841894199,5.140614579975206,24.290668993221733,6,3.7732166864082535,6.636824930194159,5.879820764605486,17.913558869522237,4.704455854847806,5.541945934090115,66.3777264532182,14,0
1,2022-03-24,MC,5.086891764433765,5.603237130325658,5.528289775106552,2.884471803413773,17.06147038437908,4,1.824338969381795,2.795218574446387,5.545276270794854,15.8368885707203,5.152239209214059,4.119773068237514,10.425130202299982,4,0
1,2022-03-25,MC,3.7452518205961183,3.9846736014011017,4.707860630007385,4.06733822522274,13.051879592759994,5,1.79672220790042,1.9537188178677014,4.461944503171737,13.757146456214205,6.24476806421544,5.669083735795364,13.44073977926177,13,0
1,2022-03-26,MC,4.115071722390583,5.348567841422153,5.049801829572532,3.2283836323814055,19.05855560861375,4,2.8561904567742453,8.364399906357557,5.294747837329526,19.009073587473456,5.741336616517766,3.695281242332468,46.389909314656805,14,0
1,2022-03-27,MC,4.730604381446877,5.828157315994801,3.742113443433318,1.9714696708231643,11.002320184908088,5,0.24080739331625511,6.329475742374445,4.8632809047205265,15.360570371018651,0.8912875534019093,4.3388062546630355,51.450794187082614,13,0
1,2022-03-28,MC,3.022273465375905,4.967619399291567,4.926836738301706,3.0933832020402625,10.86413138163488,5,3.561960949812897,3.3427375720788657,5.3917948372125695,13.581084405846003,1.8649952463542028,8.234769513018387,30.398659557213634,10,0
1,2022-03-29,MC,0.16334402678931292,2.863898396279271,5.379232325903038,3.2084911502267537,11.858586526350896,5,1.6371930619237092,4.4213775381977785,3.5514226739257113,9.918646770187342,0.7749701234164865,5.037575000173855,60.168255626293686,14,0
1,2022-03-30,MC,3.60412067759448,3.2884885125866874,2.288426923492572,3.394305346278882,20.76445016575103,6,3.6851278022588376,5.455773445892059,4.802313505756902,15.765917646970324,3.7987456509430224,7.375374426777708,78.24917901566276,13,0
1,2022-03-31,MC,4.439395029951992,3.3846648358512903,3.8147124297123898,3.1232257774968533,19.239847247809422,5,3.603678954891394,2.0622436425298685,3.898579076035485,9.938068867914627,5.38241015811458,6.3273905018825305,85.37632303419647,11,1
1,2022-04-01,MC,6.0,6.0,4.999155558394797,4.584246330832954,6.0188288336195,6,1.6988708931606769,6.223996777773848,4.640823442050709,15.819103107921947,6.576266031595431,0.6106626104845674,45.763192130831605,14,1
1,2022-04-02,MC,5.079261945075917,2.537930754873031,5.29310394898762,1.452367434647246,14.493393652747544,5,2.194183255631006,3.958364297881504,5.626021941619631,14.331045864563059,2.7224694204067217,4.4574734419618895,10.378799275893918,14,0
1,2022-04-03,MC,5.423933279516933,3.876929353773501,3.2888037104597045,2.203998561610657,14.939525257401318,4,3.614369393915336,4.920720629549137,5.490125326533556,17.04927148930406,5.935641409289693,6.949744136083311,56.52479709155486,10,0
1,2022-04-04,MC,4.769328335923074,2.3333048738255364,5.353761401018855,4.036273263845146,26.001241377187434,8,2.824221838804588,2.529887003551362,5.364034322598776,13.765712838819422,4.974438259763298,7.510923141299097,48.448663022960595,14,0
1,2022-04-05,MC,3.70061608483421,6.0,5.128750239401324,2.382142664208562,10.304373522487447,6,3.496873086827003,0.6731065249546564,6.342105533521827,18.132338208709896,5.272295530722257,7.078963577089844,22.758597949310236,13,0
1,2022-04-06,MC,5.052776031371869,5.223934701068319,3.1490037825449475,3.4659448613294606,10.134923371487643,5,1.138145685109682,1.9371370886324022,3.1471929115698174,9.01789001346185,3.7926638248850417,5.191170935758494,50.33218175561456,12,1
1,2022-04-07,MC,5.504233154579861,5.611889361097268,5.528289775106552,2.314987179245598,14.554975370208906,3,3.964687601583131,3.639747548798167,5.849491689846015,19.78578668189445,1.8593137591793232,9.287950922277021,15.590741783710719,9,0
1,2022-04-08,MC,3.8762453924923266,3.5124866857960724,4.736702137717994,1.452367434647246,16.215080008825883,4,4.554860795456964,6.849586984114003,5.317569898338731,9.777692002798855,2.8996299393317644,6.233603971088947,108.56767391608724,8,1
1,2022-04-09,MC,4.328739601889732,4.606407503220014,5.528289775106552,3.0576870084967624,15.887772806642273,7,1.6570100448216158,9.39896076663915,4.755315530581031,17.0196950479971,3.7525849606594663,6.822128690392678,52.261457107523924,11,0
1,2022-04-10,MC,5.3999942906439635,6.0,0.3399430580894376,4.877541574775397,20.558694796332,6,3.6393719210150106,5.528841659020367,4.590532294897798,15.65267667351923,4.713965193038784,4.005395114044298,51.5671850546527,12,0
1,2022-04-11,MC,5.573083663834999,5.288620198652996,1.3266248574661066,4.143413503576446,16.954668415014247,4,2.2524302684211928,6.84509813442667,4.416687544701817,14.881592763708257,4.315079088161855,4.488651426716774,36.87366323866819,10,0
1,2022-04-12,MC,6.0,5.397217443577855,4.748462582609063,2.704139722176073,19.429336560301397,3,3.8673215265056733,6.059781557452707,3.696697815297767,15.649251957226724,3.5360708715828326,5.818560650374288,56.910594578147354,10,1
1,2022-04-13,MC,5.35516372799106,4.734077628414016,3.402936273513303,4.858168782386122,19.232069051553445,3,4.084582090250964,2.9338760535127664,6.5366547467834835,7.993345838738803,7.921225854475925,8.520062973560469,44.238480939993636,7,0
1,2022-04-14,MC,4.757060269519319,2.684781652647153,5.528289775106552,2.916686257200368,17.779869902687565,5,2.67226262863944,6.1994416150598,4.246317054010206,10.610288308880246,3.8641149150570673,8.41892671836945,49.1378550873726,12,0
1,2022-04-15,MC,5.444089143018255,5.601048070020508,4.455375102851391,5.507906693736066,16.30943503530967,8,1.1792857588748253,6.275625154405049,3.3512371744083356,12.347768321852575,8.915628023240423,8.534039470002956,38.5125483170795,11,0
1,2022-04-16,MC,1.4313987868066893,5.485841056258849,5.528289775106552,2.7967845750505145,13.890230269895888,5,3.95474260085728,5.406502564441793,5.807915352258838,9.573096824826374,2.757622353470253,5.816286036268681,70.50423036444958,12,0
1,2022-04-17,MC,3.3443878314757947,3.9612798480754083,2.8284889900602055,2.701032740286355,26.001241377187434,4,4.051808234600639,6.340926737743503,6.9453610050476815,18.391987375481456,7.2774735918348625,4.230866423572545,90.93397576070744,10,0
1,2022-04-18,MC,5.7022848107571305,3.3171016703635927,2.5249124742341724,2.7677806262514544,14.84724325651813,3,2.059590468286908,0.916488687695977,4.50183822315859,17.38028807042387,3.4924304128145813,6.082286843154313,75.60929794563512,11,1
1,2022-04-19,MC,4.716427893797361,1.7156207542678297,2.307724134845347,3.4201090086973474,17.8789935654911,5,1.4764354855607418,6.308342729263245,3.5111736046412703,15.335576029521345,4.768064157216905,5.109953428358327,40.078304212705,10,0
1,2022-04-20,MC,4.695081491445912,5.8840699940496215,3.9187179576097613,1.452367434647246,10.027725015990399,4,2.467560077981969,5.561879100360226,4.428034145723179,17.50485011919984,1.8958311581535194,5.29272957123408,98.72936603494603,7,1
1,2022-04-21,MC,5.091336077682275,5.555932486641141,5.075039420342942,1.8175082199238117,13.979115909304138,6,2.9340480486951055,3.5412083897447717,6.186542968853078,15.755170079623783,3.5924947647280185,1.040914250033119,38.08713449909114,10,0
1,2022-04-22,MC,3.6664407140490387,4.328121511798636,2.517090743834753,3.1452432523164657,15.748714125768382,4,3.7703785209455907,9.190896723868171,5.705184980278219,8.090499813384435,3.250723806328844,5.736377358413267,97.66398498913192,8,0
1,2022-04-23,MC,3.7256752864562492,5.638061153013464,4.4085593224000945,1.452367434647246,13.787865558793403,4,1.7957710045454514,8.238240496658428,7.44581781461771,17.699499449887217,4.346413070523607,5.163834501616704,30.63306351129694,12,0
1,2022-04-24,MC,6.0,2.3219729606524733,3.541217827211602,3.246179984913811,26.001241377187434,6,4.000731130903105,1.9150386948262557,1.918709293772964,12.533061035164065,3.250489830302365,7.353536805646353,55.248121298296056,10,1
1,2022-04-25,MC,3.3086639083491565,5.294058337593361,5.297586234496864,1.7687699850619096,20.921817364624143,6,3.0784325134982886,4.046295267007434,3.9756836420039887,10.934683904508015,4.208907206550559,8.126250301329893,39.66988582552492,7,0
1,2022-04-26,MC,4.573557399837645,6.0,2.26084098620173,2.1129188298993977,9.125118362745567,4,2.636455355915845,8.912336287933408,5.33097387861093,11.102934641936953,3.239453054169611,7.942042803796,75.79501977866363,11,0
1,2022-04-27,MC,4.7673318345719595,4.4581843663609915,2.9266671732254186,3.037942419962488,10.915055117330851,2,3.9860049551141357,9.064905454505535,6.0910067544671245,16.40907991544456,2.9947994300885723,1.4900699052624864,62.80926566968269,12,0
1,2022-04-28,MC,6.0,5.044439368379791,3.509164565406683,5.03302865218727,17.082124410902438,7,1.4955474715933894,5.160259546079588,2.690972814621145,17.551543153173984,5.457406843032193,3.2802293421352013,40.770546658292915,14,1
1,2022-04-29,MC,4.0634919179092925,6.0,5.326610408743413,2.580415522029288,18.837854638482117,4,0.9521975763063433,2.2574135632653527,5.6553143861807875,17.261994111578872,6.8478421415622766,3.570488034126665,51.24360950776327,11,1
1,2022-04-30,MC,6.0,5.918104564819961,3.5592396299981846,2.9851634789820714,15.466516581148635,4,1.73718315243419,3.0015767284992347,4.013115748672579,18.635782175738065,1.4697208301681761,0.0,45.75219418813608,7,1
1,2022-05-01,MC,5.177294983116697,4.8258041929298106,5.226953610840507,3.8985400286408494,15.888654680663553,4,2.6604188807723896,4.586262666804508,4.258430430715011,15.203178473548512,3.982763451654445,7.656623997818194,31.760704981449752,14,0
1,2022-05-02,MC,5.396323599556555,4.225329712240935,2.288665291099542,1.7825365763143108,17.839741581008752,4,1.3168273499611691,3.6815053589881006,6.121108599296567,18.74047311992424,4.392469122333457,7.001575655945996,44.70944951679633,7,0
1,2022-05-03,MC,6.0,4.860421031383034,4.024065538295674,3.4081377688940244,25.175638118939197,5,3.987315143332069,7.2826859840512626,6.0561453271463135,18.109971841257085,5.254826794443404,4.268824847266122,49.81272901666909,14,0
1,2022-05-04,MC,4.313613082483648,6.0,4.781631907448271,2.643557446899,13.362331824316426,5,3.1691050698404717,6.776286422708715,3.992115401053475,17.44491240863283,2.953947888835715,6.759745290942196,26.41202478347409,13,0
1,2022-05-05,MC,5.663688476749269,5.639928537370316,5.528289775106552,3.1129388745075466,7.955158662506637,1,2.0067973840408317,2.3542020841067037,2.587495537558791,14.671082236944565,0.8063464892939192,9.72095838936449,19.11913900382644,12,0
1,2022-05-06,MC,4.529216397489449,5.693908872267721,4.25177926460121,2.3171641734240924,6.148988278230776,3,4.191684206544006,5.259400111148747,5.583081523589196,10.25630001877072,5.110108150605593,5.206501722199872,34.11769136324079,9,0
1,2022-05-07,MC,3.3096739541260343,3.6017078347559695,5.0831096445114925,1.452367434647246,14.891194659887486,5,3.8777292248776316,1.1032174734508695,5.196421260095704,16.310371719144154,6.707542002152344,6.863479288008304,42.42279903760833,9,0
1,2022-05-08,MC,5.275880421995578,5.015314596844566,4.728407349202631,1.452367434647246,12.823427752140994,5,1.9717208702204867,3.6043448983133732,5.985028902935468,10.42918228986507,7.346484276714574,3.4764730136322797,32.414551076884266,12,0
1,2022-05-09,MC,4.387559669763282,1.658399036725113,2.4947849392109864,1.452367434647246,20.605172167931226,7,3.3142533232040803,1.3899746540683817,3.9423599831770506,15.536404027996994,4.617047973576005,4.682570923809056,28.569325790806715,12,0
1,2022-05-10,MC,3.3262611944065084,3.759177732094388,5.528289775106552,1.5386764934031694,14.121317951924432,3,2.000694011420316,5.9698223411761155,4.369125241917812,15.970411735551917,2.1959522271024405,4.0839417991558085,29.476195725491888,14,0
1,2022-05-11,MC,5.26222423776883,2.1123950222150496,3.431425638859806,1.452367434647246,13.000670896642776,7,2.9133920062355294,2.594210895264271,6.350989633074547,17.241010057688353,3.1950287521787826,5.344957917960961,108.7165710546621,14,1
1,2022-05-12,MC,6.0,2.857149856655269,4.18226384815288,3.383901373633341,13.330228373355531,6,2.415798402935513,6.3074161457843045,4.569286105998055,15.484605845521338,6.121930467724334,5.131983113470447,30.890500856225913,11,0
1,2022-05-13,MC,5.710936479582889,4.080424915664527,2.491103981818411,4.373348275332795,13.183948842443792,3,2.8847682303746787,6.248257761280201,5.083823397281756,18.428441935010323,1.2424415711737233,1.896041223344235,87.80070869999932,11,1
1,2022-05-14,MC,4.380124798983827,5.870872589631542,3.3324468898363953,3.5677000854167327,20.67155406531482,3,2.236730540625749,3.8061472161267247,1.9859125719333823,9.716073813567814,1.3053181835986205,6.576510980270823,54.57784912960936,7,1
1,2022-05-15,MC,4.871204353766618,1.7679877508147233,3.5403598234171167,4.549528601161064,19.9375577600986,4,3.503480575107786,5.309833819282116,4.427971663054127,18.720702162587276,4.004410599320214,3.1509328105657373,84.78172641966947,5,1
1,2022-05-16,MC,5.397439149461345,1.8867252274085182,2.643860497756635,4.231323368344356,10.656826488799698,4,2.7491277987064353,6.953874597285759,4.121392119347367,17.346901623578187,2.5151619914479872,3.576196776979599,84.37151496791883,10,1
1,2022-05-17,MC,5.363419562127127,1.2440659649015993,5.23415028990746,3.55829472797939,14.292994737650854,4,3.780120506971458,5.702013456146723,2.7664603361452844,13.921368864015063,8.370252916544565,2.2811560675546403,16.734923342823457,11,0
1,2022-05-18,MC,4.291909013302989,4.110519968607829,5.528289775106552,3.4620653661930554,22.411672809631018,3,4.571573488146574,3.7800709162602253,7.223860597569226,16.87879414717353,7.339115543353522,8.025657417469272,63.22296484483694,8,0
1,2022-05-19,MC,5.051677634902752,4.500087924555881,4.695289736656862,3.272599820236589,11.256642655632067,5,3.06421673722615,2.723366055568468,4.842863414150209,20.0,3.016446996714945,6.656707227797195,44.117680252378584,10,0
1,2022-05-20,MC,5.374556177981123,6.0,4.667687797529584,2.3343309956682985,21.09952396743546,5,3.81369281798089,7.455976772740201,6.432442437039921,13.75968947454514,4.860289104256929,6.103714811341607,16.26898493636795,14,0
1,2022-05-21,MC,5.555097385753396,5.855657386078247,5.528289775106552,1.8894749889728097,16.269594406479143,4,3.266332195164441,3.546280843593769,6.0200010720016,18.453787013580172,7.460877090745688,8.881353374302568,61.938224284623494,12,1
1,2022-05-22,MC,4.004952791599826,4.741583074772398,5.528289775106552,2.293440528149377,15.112813951075632,3,2.3381695502701754,4.004234021892438,3.883329743780577,13.439024779444606,1.0201087952110819,7.907867114885839,93.02234035846674,11,1
1,2022-05-23,MC,3.878087266158083,6.0,5.528289775106552,2.016085851527333,12.407802502444053,5,2.5870200498290803,3.8171457306566285,3.9038644464020367,16.667825093393354,5.234610993690464,4.901364816430094,11.176027534501033,14,0
1,2022-05-24,MC,4.199632200211198,6.0,4.3740075616739365,3.385016220458539,14.547545620894912,6,2.209090683602072,5.200981482791646,5.659001460953986,16.622018122014694,6.119247562082665,3.6202864454942754,13.190979161393349,8,0
1,2022-05-25,MC,4.016920772497869,5.541145792645834,2.8607356482861865,2.9316720336205178,22.576838802836633,6,2.7459488342434906,8.17285260203505,5.043189490054164,17.583312214736583,2.008670518812295,9.232625014537675,60.58497422469837,13,0
1,2022-05-26,MC,5.491895191651583,5.6614771562100294,0.3399430580894376,1.85046718609148,8.613725868390564,4,2.628154349072733,4.842639760394509,4.797837061907106,14.246454594635532,4.522003330063491,3.436307501936219,64.7213017081982,14,0
1,2022-05-27,MC,5.224022815793465,4.127077103161155,4.460869323182812,1.8547799377003094,26.001241377187434,4,2.2227929709246412,6.168448270606259,3.416455279662443,15.125989484412194,6.288548021940435,5.883579093577384,52.02683290530851,6,0
1,2022-05-28,MC,4.064377806373869,4.942527707021286,2.2615806217797054,3.5042296290682464,12.75244142631369,4,3.2957552393097402,6.7315428834743205,4.997684517592564,12.73309128187243,0.6955699627175651,3.6801177377702876,80.62714925557253,12,1
1,2022-05-29,MC,3.175718701570106,4.687649278212703,3.852363088229566,5.992571085078236,12.781697500595977,6,2.6209111865977097,2.7955069472541982,5.4531771760170376,14.421405122003792,6.791674518670899,3.671815002145256,28.405479960743122,14,0
1,2022-05-30,MC,5.054218649726582,6.0,4.896248865809262,3.8674559164384954,17.265207384115886,4,3.1644466900457706,4.6526207757270575,4.7787027661677355,13.418114832666907,7.228195245139089,1.5578652637758035,38.81696289002539,12,0
1,2022-05-31,MC,6.0,2.454083675892649,2.0867934027969697,3.797314255055142,18.642919367456475,5,3.7343367973937758,7.2892532491356805,5.886534379093924,13.984012349751326,4.496692944251807,4.978751243980156,51.31427098280803,5,0
1,2022-06-01,MC,5.025045412482674,5.563963660245764,2.9161408206886232,2.1805192755815863,10.594568953304815,5,1.4826339822091015,3.1813600777758553,5.075646354552745,12.387279404916162,1.7100564272385141,3.5348232723973836,47.69107520300945,10,1
1,2022-06-02,MC,4.884172317509028,6.0,5.071752840372427,2.430682368437949,8.068275957467911,3,2.023195456849201,2.8115821403751173,4.854730076617957,18.2309286547116,3.7380645819928633,2.208120711500441,12.276746587720469,14,0
1,2022-06-03,MC,4.178805142420716,5.183620354948535,5.17600480340122,1.452367434647246,14.30058454714543,3,1.902673200953132,4.59520756460843,5.785154509649841,16.213859297086294,1.837340512171914,1.899490425432354,73.41488537956432,12,1
1,2022-06-04,MC,2.6320617835033877,5.502018017739371,5.427004070491762,1.697476689541806,22.238116992926173,5,1.404689596640449,4.714026561265178,7.135312254150026,10.186872349260764,4.481464647881247,9.812241370874743,40.9806966805168,12,0
1,2022-06-05,MC,4.462954280892063,4.937353279926007,3.3183437033452523,1.452367434647246,19.753506808291057,5,3.7677951811020343,1.6659329969196848,4.459639848523908,18.55252466172034,3.1752429548365884,5.252960871440504,33.33435243541361,14,0
1,2022-06-06,MC,3.4982737258065644,5.898777347837189,5.113175135370693,3.6692267263532656,15.550460256309504,4,1.7962114794468027,7.065348608785056,4.6138414214049215,14.494712527962982,4.133828396790966,3.6889003246126504,52.065606086452306,10,0
1,2022-06-07,MC,3.908042004611879,1.3251995127404144,3.6012888509926033,1.452367434647246,18.09067393220801,5,1.7822571470918618,4.354773988385103,3.771295569130953,16.83495576751314,5.769442863708908,3.227143558179222,32.62299983117122,13,0
1,2022-06-08,MC,3.963536289644634,2.4304421569364805,5.318479701291725,3.206615891096883,10.779932110726579,6,2.8450978887569036,3.8592015936141504,4.331981085541416,13.508107216458834,6.031517837458583,6.746064196057626,18.212084704174426,8,0
1,2022-06-09,MC,3.2870275403588654,3.4528425491542576,4.706027986254711,3.2595383079508817,12.108261209405521,4,3.2294037249984062,7.535819068704385,4.39877968519845,14.673680540725854,4.049350048990661,5.286171633523889,99.97453513290627,14,1
1,2022-06-10,MC,0.9795255799087859,5.466347197843764,3.6337547745324414,1.7911642404096026,16.905283837563065,1,2.0740823892420734,8.291361151842406,5.948396658553209,16.915194416708008,1.6562548755881048,4.290786454388778,81.66050315697625,9,0
1,2022-06-11,MC,3.029736153073702,5.833220912571048,2.543092881207858,3.6922021452384763,14.859122207456815,7,0.6429252578119925,3.498567991230769,4.812159204453151,16.260387539124014,2.4681442737396107,3.940389271682737,87.88576813778168,12,1
1,2022-06-12,MC,5.712351432412156,5.371220477317554,2.53113307346314,1.845446206838495,19.828427829042102,4,3.1586274686064835,6.66983909021186,5.0137372873145605,17.99567716036369,1.3685422942550574,3.057713194644773,45.8526972823902,12,0
1,2022-06-13,MC,3.9359203212923974,0.8224203792567746,4.191858865382683,2.1406991627834535,15.07898796386083,2,2.9227072210013145,4.090306878592902,3.8848445833575407,14.76884714791844,6.675898718671414,6.1287839411977,50.448784788514246,12,0
1,2022-06-14,MC,4.76560942782531,4.97495729486732,4.011509919644265,2.5478550577117387,13.801025174188856,6,2.4214608081067155,6.383399532088918,6.120258350940425,14.852308831992376,1.6189951888464322,6.669575800949781,29.1898857920538,9,0
1,2022-06-15,MC,3.281137807206361,4.777953117061715,5.483882476863165,3.4666469395104644,7.802797216175186,5,1.844062224565634,5.4586895850353505,6.0764500993182615,18.2197697363514,3.826518100313232,3.0733307341235045,26.821436360059437,12,0
1,2022-06-16,MC,4.870353488527293,5.796400922641341,2.203051104916502,1.452367434647246,14.033020749793119,4,3.4504837389265353,3.0682214645844605,5.698167826652437,13.792542231990717,2.8891354279978696,8.702638027696615,39.474183271953386,14,0
1,2022-06-17,MC,5.983088930003413,4.716182471896916,1.0009903716772777,4.911110405522112,17.82329896506055,2,1.7118830777760021,6.065095393741044,4.156206997429693,16.599657324099212,5.423877609881099,6.3968683640355755,89.74441282332123,12,1
1,2022-06-18,MC,3.6350603953681246,5.109333793665586,5.528289775106552,3.3810728190736485,22.32582467105263,7,2.7477177609415158,6.114312096831541,4.599375563616452,19.221523673958504,2.220997779658873,6.65657149615909,27.22693540778274,11,0
1,2022-06-19,MC,2.3362107295936743,6.0,5.528289775106552,3.493523207913832,6.052614189559662,5,4.38465540868514,5.605118894921937,5.18499660553776,16.714368166497064,2.832439435767247,4.608599884821987,58.33544469083079,6,0
1,2022-06-20,MC,5.953768784396231,6.0,4.621445495271818,1.5718776579388491,17.431426046203907,5,2.3367845081200724,2.0707262407649343,4.822193570393648,12.820491095824105,3.8056556434624884,6.807224694423136,45.10543158686643,11,1
1,2022-06-21,MC,4.843293169600221,5.455123437856583,4.675494393581307,3.084760805084201,23.53704623711964,5,3.0501723608001345,0.9260607917268959,5.677985044486877,14.892425511037255,4.835219092344486,6.619618005930224,50.60603210131984,5,1
1,2022-06-22,MC,5.7908811610358635,0.34735396417793885,5.528289775106552,1.6545456332449622,17.482214191428294,5,3.2582995514799857,5.318687442060284,5.313358237637433,19.367435652039973,6.686589608864986,7.319570294173386,31.452958543698,10,0
1,2022-06-23,MC,3.514687644794672,4.141348094436448,4.091908137450505,2.920954189118703,20.02137579013761,5,4.412006040649363,1.5869488298343093,6.347594151406964,13.859858451727671,5.183314569119329,5.765820809928352,50.64670785689792,9,0
1,2022-06-24,MC,4.999882557276147,5.497273420499344,5.341011094727774,4.919306146084273,12.163106699699025,7,2.9528773250902693,4.208349171017828,5.336715109798124,16.430126199725617,2.851441165896698,5.190022580578695,46.35897877470034,14,1
1,2022-06-25,MC,4.4694894515902694,4.315124429392242,2.9864184533160847,3.7994946949819988,20.593133730145652,3,1.3546545143806576,8.504046128220217,4.898913988077378,17.07590492869682,0.893789513926138,5.46060386989318,69.31047300508214,10,0
1,2022-06-26,MC,3.8406543918893328,2.327647099943092,4.705219946747354,3.4531472812585498,9.846354675806868,5,3.4167314088830296,4.518101892114691,6.072041223290215,19.45234995296642,2.9053091448792063,4.462802537494829,55.40152591855298,6,0
1,2022-06-27,MC,5.100654420826428,5.3582136969998455,5.268860870708932,1.603167526208303,13.581531820362901,4,1.106183600822792,5.761178817530643,5.329587011349647,17.322644361452618,5.357057095804287,4.490637559453768,65.90363906589737,13,1
1,2022-06-28,MC,5.219666275014102,5.261754524006668,4.123686468866423,6.0,6.052520526586015,4,2.617879945926585,6.369394954343433,5.458368221673463,11.541339784619973,3.052778206704257,4.024121666065854,56.85580668782108,14,1
1,2022-06-29,MC,5.056747949445834,4.319430397784497,4.511222155853354,3.131252717610222,11.25987488563477,5,1.9232064442532637,5.388759760554905,5.537539284928299,15.218769593550691,3.08329443345474,3.8509293832706195,29.26563641170275,11,0
1,2022-06-30,MC,3.848485257188348,5.630572196194034,2.171848776780496,2.403901891641911,26.001241377187434,4,2.3705655830788515,5.881378966606072,6.180636622043359,17.278829040991813,2.101160975535805,6.43692887652506,52.28095179430651,7,0
1,2022-07-01,MC,4.572836018587029,5.759471215665987,2.0709954099596732,2.619894126124868,12.21600043819155,5,3.017653430418165,7.529043747624473,6.3669689362450725,11.429953063926437,1.4124490071160558,4.635192689325049,73.29146844860794,11,0
1,2022-07-02,MC,3.7719883059946833,5.012365314395585,2.2822945033039925,5.15198567869282,10.58013533903415,6,2.825260201519727,2.311430923095226,5.328502101824968,15.991305934112132,6.582000610937655,1.1156803095422578,50.907377218518306,13,1
1,2022-07-03,MC,3.210567311567448,5.154750622834933,4.5331613494427305,2.3256837936377432,18.866194534269248,3,4.162578130718249,7.185619968045199,5.71860403555315,15.956015140971612,2.2219431104858085,0.47200035884665104,33.56042936249659,13,0
1,2022-07-04,MC,6.0,4.845500386468647,4.655408551381225,1.452367434647246,11.91317325973937,4,3.1098228864509134,6.600363400551929,4.811234973793862,15.253867369020902,2.619292059220091,5.7572523115056615,96.04399249210823,14,1
1,2022-07-05,MC,4.961202342960692,4.233909546801706,5.528289775106552,3.9954712819269234,22.447813841159377,6,2.7299258474219945,6.00844793613947,3.445292387831476,16.608482402399645,6.38154148625999,4.84326568843799,56.64174224174815,14,1
1,2022-07-06,MC,3.238910481085975,4.238770557924209,2.0928257392196965,4.371267169610107,21.26133208144599,5,3.1154282601216825,2.1176685083151296,5.307058319959601,16.784072101341916,7.098144192927737,2.8374537950593517,71.71985741472989,13,1
1,2022-07-07,MC,4.739881292367738,5.661240233294615,4.307780571144022,1.452367434647246,9.872291475062587,5,2.7528440204944395,3.034206898027932,6.913597136165183,18.33216962504059,3.6324235974172816,2.479128891516187,60.66239120346897,10,1
1,2022-07-08,MC,5.919273523462666,5.541873756672754,5.206956355652709,3.1214286832039995,10.545344893613176,6,2.366360680531776,5.299388485631575,5.307362231051437,9.653807632589118,5.252439687285658,0.48366745513414244,62.41504960556977,12,1
1,2022-07-09,MC,3.195591353898069,3.379210984466741,4.542722332610316,1.5460321208652763,13.996021317217533,5,0.33011358226044507,5.0134201711104565,5.215489722047322,16.342668950347466,3.428533524490371,1.9470213669672165,52.30197887201352,9,0
1,2022-07-10,MC,3.8114104507782196,3.759219407050033,5.393015231728459,2.294310911652562,26.001241377187434,3,3.2043375958547897,3.0961279030049473,2.2732675884753495,17.465555373966602,0.9497579958996618,3.744935774854696,47.92157192569638,14,1
1,2022-07-11,MC,3.4506930862911593,4.067857441243243,2.859946171026594,1.452367434647246,17.45890716561246,5,3.0420191596131345,3.536634178131018,6.689609235586757,12.738022923735327,6.782811845357832,9.812241370874743,49.49756269257636,12,0
1,2022-07-12,MC,1.8552324452884483,4.514924248486253,3.3692863654990717,4.121134239493184,14.593762558273223,5,2.226023245300005,1.163144166302561,1.7757268205760708,15.81627721897572,5.632506970334722,6.546713040511631,27.739128944750348,5,1
1,2022-07-13,MC,3.622155910306993,6.0,3.57513960703435,4.15199602889992,10.05796871923059,5,2.2732173978133097,7.850650810036577,5.142739060992824,12.934035444580944,2.647769117292143,5.813195006290867,83.19930760566135,14,1
1,2022-07-14,MC,5.115645940782094,3.194771466713301,5.028563101217744,4.1295335514054505,5.30578565908284,5,3.8148432432395465,3.452189182205687,3.5207546506431724,18.347821468742605,6.723780302126,2.099068901891668,45.355155524466,14,0
1,2022-07-15,MC,5.031485446478831,6.0,3.3958256535000486,3.818863132672775,14.551041527664408,3,3.5341541295537016,4.34103700458595,6.635592730850005,17.667113373893997,4.621101819840981,3.067366435971841,33.73061610637464,8,0
1,2022-07-16,MC,1.0795835929648285,4.6501574093078375,4.19433201038459,3.302414349302237,17.27470968778421,3,3.175221691152236,5.503977380202852,5.384100888409577,14.987961629440221,2.0971687547277345,5.638219351125754,51.41477504876698,7,0
1,2022-07-17,MC,1.8961763009439634,5.3565657296084686,4.081558462132918,1.5776751125545594,15.021739954067026,3,1.7447513360954503,3.1898341119761544,5.937704384642433,8.551678728436832,5.029396560954703,2.0882100030068056,45.04703457164721,6,0
1,2022-07-18,MC,5.5160935711415515,6.0,4.437354021311805,2.3584229805428407,14.064172017826973,3,3.18067317469075,1.7190124266894151,3.815965750439018,17.515832662122,4.569646214149529,3.282895788326603,45.88407107210794,12,1
1,2022-07-19,MC,3.7134316658832485,6.0,5.1405274101798994,2.128892217434313,14.164492082269447,5,1.271078902971798,5.4391198208093,3.078823193208179,14.31299896655515,2.1289803986841536,1.2776250742774042,110.01064093730646,14,1
1,2022-07-20,MC,6.0,6.0,5.457549955765977,3.1055486390460105,8.763348616230823,3,2.5990632137208274,6.288591174468953,6.100485332934205,13.650278991546564,2.218745497876803,4.056629761228554,25.192224740868173,8,0
1,2022-07-21,MC,4.243716615964103,3.640145318376779,2.198401217970176,5.836749709110082,13.348677700599021,5,2.4941820123854086,2.1219486053624395,4.308405532136714,14.546284507358337,4.115151107954595,1.8764142077723203,25.369269174529347,8,0
1,2022-07-22,MC,4.7795077468225875,4.434768592024789,5.3369070024640894,3.582643251611862,19.436123923523525,6,2.480859809047498,3.3807011704566556,5.617624152110909,13.094284844086774,1.9423464924612377,5.644847426727343,39.0250127470737,12,0
1,2022-07-23,MC,5.502236983603913,6.0,2.5703527654301253,6.0,15.557691762949439,2,2.7900097506191597,6.539487005737904,3.822327350655551,17.975964171266003,4.243691914222498,9.812241370874743,44.131105070517435,13,0
1,2022-07-24,MC,4.953058929558296,6.0,0.9833401500803858,4.094345034281504,20.271791529460696,3,2.3377233133329423,2.6970127452075143,6.465870343325368,16.288335978906048,4.930356080878068,5.87330032959015,56.625538744305786,9,1
1,2022-07-25,MC,3.6852374244302224,6.0,3.234586854586773,2.2673118260693377,15.210669145887252,5,2.072939700272928,6.450191576802315,5.282376124103369,16.235845591064415,3.0510620074273644,2.008642939672789,22.296098673005428,14,0
1,2022-07-26,MC,4.503292819147102,1.6815183297764253,4.969461007308316,3.9423399761650835,17.565565134064837,6,1.24454092788015,6.134670087511095,4.513770233285186,15.810741731612215,6.836696161502436,9.812241370874743,69.6909691458543,8,1
1,2022-07-27,MC,4.365879184438818,6.0,3.6551236972474217,1.452367434647246,6.232146944591044,5,1.7874276972084417,2.2063410731000928,4.905150033070576,16.047381755259636,3.9735703197393883,4.590334102906183,34.67093394612896,9,0
1,2022-07-28,MC,6.0,2.0012762688100727,4.987833879702761,4.96028750863008,18.212567209813933,4,2.5413859937990657,6.735343081828679,5.563196661093008,18.091152672226396,0.8327737767647285,7.913848901707867,31.408910272521528,14,0
1,2022-07-29,MC,4.817879189616236,1.901801351566486,2.754706595055718,1.9263318182438067,22.74614621929561,2,3.1596221900865453,3.462576067628813,5.170455946119181,16.64606876123038,3.057864730036605,5.056029445205469,80.22113397470686,4,0
1,2022-07-30,MC,5.252483455118366,5.292695266083833,4.054414686042804,4.458954924112597,18.417535091715337,4,2.6668632549923377,5.2169074206993,6.553781642990975,18.5734054250322,6.725184441805127,6.279355792620518,49.34883851939617,10,0
1,2022-07-31,MC,5.401978897457823,2.123834611088837,4.558998825466896,3.0244341886420605,20.575711314807197,4,2.107398451849015,2.720781910511682,2.89398944979975,17.559062306200655,6.153293546421964,4.820399689290632,53.484980506407055,14,1
1,2022-08-01,MC,2.6402790719963902,4.537946363230727,3.6240669665287664,3.363822981162089,21.4603645756872,5,2.958978542075003,10.30752345793206,6.9718812842333815,14.588846329489298,4.101222471559052,2.1174908853594263,64.08392227640536,8,0
1,2022-08-02,MC,4.757855861908809,4.735821463084036,5.3562526993496,3.4488095603249946,18.597444280558513,5,1.745605060170555,7.816440469023905,4.824763338915137,16.345706524489696,4.1426573477651525,6.837025211058885,55.126777454216715,10,0
1,2022-08-03,MC,5.5816725261522455,4.431550265762609,1.8168484804294112,3.185038740113241,5.050534143934751,3,1.0930594684714858,3.2828863314964094,4.3455374984653465,18.30366781976989,6.508360838096641,6.057745724315657,48.805346134097206,14,1
1,2022-08-04,MC,3.811449802777704,4.365991150008688,4.872123275575049,2.9638763091391116,12.631116129370797,5,0.2742427774865184,2.092173582623712,6.980063999321915,17.931660659560393,2.894168179618112,5.819179522924288,12.181656549561154,11,0
1,2022-08-05,MC,3.544247338854027,6.0,5.211178255694951,3.780654834985923,13.156548171170702,4,1.8839253305106853,7.192304404254495,3.016667543505519,14.793765643291696,5.751835697956411,4.161620816260927,74.54575466699778,10,1
1,2022-08-06,MC,5.70620992865141,6.0,3.1594012875660535,3.6560138262305606,18.43549062991661,5,2.738297496519951,3.3396760465454722,5.21134238621896,15.188779346902056,8.09120764813294,4.136557115925537,75.2209532321551,11,1
1,2022-08-07,MC,4.2502685860847915,3.401026860734693,3.3055087202979507,4.972360509923048,1.9430717158882302,3,1.9941332031820285,1.5876098933065177,3.4935793777721518,13.714481920109739,6.846166644915858,3.8032018330559545,29.981431454105728,10,0
1,2022-08-08,MC,5.630185272402187,6.0,2.460403001393735,3.447496379142831,23.351688025308736,4,1.2872785396706559,2.7940026776873927,6.106998468612949,18.178862207981233,2.2359651803748495,4.216374588308957,76.22617375824598,8,1
1,2022-08-09,MC,3.5785722285139125,5.878777299450746,3.9693129694056406,3.5735360254822988,21.853898520674846,3,4.635016697868199,1.060943437615457,4.448494564726532,15.100336838664859,1.4110166551803198,8.156281216761759,37.446919024882405,8,0
1,2022-08-10,MC,4.706703369888947,5.351854945071523,3.879874853126276,2.99933068794394,17.78107791272454,6,1.005851247384191,3.1803322518879296,3.291363811134876,15.062214897462104,4.025033953557694,2.703102106630523,67.61594998951367,11,1
1,2022-08-11,MC,4.68847568895376,5.640977846714446,4.753623944589475,1.9750174717499767,23.079203136051234,6,3.464319465099755,1.406158290755298,5.830014170516124,16.95647431983017,8.12376684452466,7.593896797487563,58.889313440499365,8,1
1,2022-08-12,MC,5.516560821819827,3.940940677911067,5.1759261817622875,3.3225212931664516,13.832408794133542,2,2.5450229618745572,1.2755925228895117,6.6809783602381945,17.171378105953835,2.3223194928237727,7.261509843006635,16.38232326974836,12,0
1,2022-08-13,MC,5.406193311661594,6.0,2.9599685533255897,3.347850866449715,13.018711760349325,5,2.5636210618494872,7.621707462394351,4.959964626583399,17.09374318686813,1.136466135103166,5.515907146352501,90.23531810328817,6,1
1,2022-08-14,MC,3.977247578534474,5.973261873561403,5.438241718315642,5.05875696391317,17.107038099227005,4,1.8299756140397756,4.161443863319434,3.7533523753998557,15.247972912565684,4.149251304551283,5.02222091036779,34.91749642396183,12,0
1,2022-08-15,MC,4.77165340794212,3.6956330293601334,4.464955028568105,3.9842732538873964,20.901289795729653,5,2.8279685708114166,5.66207731092112,4.2906233467833506,7.209658988075653,1.4742240130046542,5.733761566087239,29.600299668879607,14,0
1,2022-08-16,MC,5.95444480775166,5.483941303462854,4.6833102092875425,2.269993385175095,10.413194156291624,4,4.041982339733558,6.635904934793508,6.19163524805631,16.761941388490545,4.507259783018264,3.428267867183627,90.64580582510159,13,1
1,2022-08-17,MC,4.468817440522156,5.48248784681944,5.528289775106552,4.067598334579367,1.867543688495866,2,3.294383633453519,2.9006391661877986,6.0529831693498,17.612070265438142,5.504087406460508,3.0305931369519135,54.980685316847214,13,1
1,2022-08-18,MC,3.8418327896760815,4.664737928868837,2.157235208205123,3.501382703737081,11.888028232084164,5,3.486227415674461,9.894439654558754,6.172906917279116,18.793005311243107,6.1343553006788305,4.754958280066452,51.205776371670396,7,0
1,2022-08-19,MC,6.0,4.309964476346257,3.3062314327073774,4.441976444601562,18.95794792552461,5,3.9440915429011376,4.060658687523242,6.566570101755652,18.26854486360911,4.959285446811321,8.055190205450108,51.60674746833843,11,0
1,2022-08-20,MC,6.0,2.986571309253181,5.181447971006861,3.3638102287717784,19.56902270854194,4,3.3965756065898627,7.5983365810315435,6.082263294894556,16.828731210011593,4.541452411148993,6.39008996649059,46.10152856886367,9,0
1,2022-08-21,MC,5.699633676195502,3.0849878292837762,4.9511736765132435,4.140047456029262,18.558879673220925,2,1.67991555606471,0.9702999023632515,6.151067526786628,12.199070715817184,7.659981015851938,4.607931321966247,33.675800697404135,10,0
1,2022-08-22,MC,5.583474382450303,2.211558499553515,3.3138828545600933,1.8914341846932299,15.038198201729235,5,3.6329350490334207,3.559526070155057,3.9479950916391284,10.637244048452809,4.473814471769313,0.0,56.49572335565833,7,0
1,2022-08-23,MC,4.698931140435735,3.439315641490472,5.528289775106552,3.2488605374769444,15.830732703975059,6,2.058529851756832,2.127544639979921,4.139132751294529,15.068122951526085,3.2288410287379063,7.192272901864752,46.31756374043795,11,1
1,2022-08-24,MC,3.897181539115287,4.265625358186632,4.354984338832663,1.452367434647246,13.959423213266525,6,1.3773649289627554,3.8789057334543995,4.009265914553028,11.343713932348717,6.063252149516294,8.798149144471024,10.0,9,0
1,2022-08-25,MC,4.157137532337263,3.392189884954306,4.466366083212534,4.239468715622601,14.1496510444577,3,1.6089895139689747,1.29917515074358,7.221528138845391,13.780611172978961,3.878607239929094,5.579951119881781,24.19499976906592,11,0
1,2022-08-26,MC,5.904495610395788,5.033466394992102,4.9021194194836895,3.673803445459437,3.3406586789119004,4,2.7436037120389924,1.7186787276983577,2.9773376412950667,13.040037244015847,9.552584224906198,5.918210512358552,20.915122212862997,11,0
1,2022-08-27,MC,5.835353765976541,6.0,5.032293271125296,2.1466953281048147,15.249344669882994,5,1.3771033758411981,5.431966614367445,3.469887533243175,15.263330283026017,0.7831909378602377,5.306244053018002,21.106780267330734,13,0
1,2022-08-28,MC,3.8159191736861424,6.0,4.268344078202011,3.625902311545252,14.768716221317241,6,3.3619163597591317,6.807529802145639,5.273128358296766,20.0,2.882714633373504,6.001404971535253,42.07182734814101,8,0
1,2022-08-29,MC,5.257549907633338,4.830168426174453,2.203756116277251,3.4534172859180394,20.935497459942688,6,1.6959224184493968,2.738094617568948,4.117410332956692,15.282854287233926,5.979506631116104,1.891876211587408,21.83267998709873,14,0
1,2022-08-30,MC,2.543278123915869,4.55619332236378,4.532721325124482,4.226839918033927,17.359027591040462,4,3.1556995608265606,0.8512560073477728,4.735305190959462,14.75957279142423,4.293793482638623,5.154886631932403,10.0,14,0
1,2022-08-31,MC,3.6947624529933893,5.61048392286135,1.7267336010363608,3.9984865165538146,10.882294994184024,6,2.9369289923253583,7.085319993255772,5.347934085097277,11.094706385971422,2.760377768820843,3.1432399122441916,44.95726699522506,11,0
1,2022-09-01,MC,5.616522222880585,5.010280438286919,4.129646570638056,2.892645908297593,11.521215148908107,4,0.9349632112299456,2.349292274964238,4.183491264228093,15.421287749079275,3.810181505284174,9.812241370874743,10.080634328369513,14,0
1,2022-09-02,MC,3.613588647581399,6.0,4.603976984092534,2.711810747736003,15.113063597817792,4,4.924777129516727,6.947346611724261,5.37435981173809,12.848113481720233,7.862661237316405,0.6292906329368164,27.989774053226782,12,0
1,2022-09-03,MC,4.7153234824918915,4.280912924952675,4.056606732362112,5.507606354458463,7.435081253231094,4,1.5499591399104773,6.774818998426465,3.3704955105883334,17.277380017107856,1.6736859325148683,5.9053753163590414,76.98637626347974,11,1
1,2022-09-04,MC,4.767990656233652,6.0,3.825545814803871,4.603400924370554,10.36858369122567,4,2.2885096824761515,6.637425107999764,6.371385858628326,11.922854619044642,2.0673948225816527,6.139549524581365,44.28369832418139,13,0
1,2022-09-05,MC,6.0,6.0,4.096818584751574,3.477223159783032,19.061025379850832,2,1.376182091412665,6.644831454908337,5.690432248312411,17.29419177319901,1.8378253231634583,0.8575834730749827,68.24711475324831,8,1
1,2022-09-06,MC,3.319550545435643,5.756493365732455,4.901714796512039,3.42340163473578,10.140619939610502,4,1.7128449634350873,7.017532126374083,5.248877428199562,10.934968255716127,3.7423033569841935,6.965421890624689,54.762314302249884,14,0
1,2022-09-07,MC,3.982601828881861,5.457531424356685,2.1149022806209063,4.176291451399935,14.14626947712162,4,1.007417202216486,6.565674489152498,7.111793006556649,18.496527960250656,2.8057640524180494,7.954018821881206,34.35431005823264,12,0
1,2022-09-08,MC,6.0,4.179521942329693,2.330348597367423,2.0923262963146336,22.883081282102133,4,3.0168268245643883,9.841629325043293,5.599003146373217,16.59097197623252,5.907934351392456,6.194340897036568,68.50247324948346,9,0
1,2022-09-09,MC,5.014606898216594,3.6557033623762694,4.975858460093482,1.452367434647246,9.667270066585413,3,2.4986386898413464,0.4283127412691069,4.093176121763994,12.27102050500117,0.6955699627175651,7.7452929802528105,32.23533570939223,10,0
1,2022-09-10,MC,5.114617194048302,5.377677103608535,4.050622502305785,2.0918356870554162,18.29748661365777,4,1.515562493375294,10.013629391575304,6.01786688985739,15.487381313565693,4.301459355752291,1.5174935172946897,84.64549217671474,11,1
1,2022-09-11,MC,4.386525985263778,5.821471012342821,2.719300973217009,4.087252591874881,15.08923315996635,4,2.1611346540760814,3.3447188083104424,5.33495460804946,17.29263899877081,7.596580918893999,8.368030848525832,45.65741769821727,7,0
1,2022-09-12,MC,3.8073649607250295,4.496774490265429,3.9197083942122655,3.762894626740089,15.763785226188068,5,3.682030733364072,9.099107001445926,2.705999239899318,12.03338823812526,1.8965322862286245,7.2315014821287225,64.61965590175573,12,0
1,2022-09-13,MC,4.124336595705016,5.408473228626452,5.02288155527885,5.021870945073512,8.144620918920563,5,3.1735025258817924,2.9387892151346007,3.0534356620139977,18.387083728685184,3.5815955326418387,6.430645998357125,64.59671335188138,12,1
1,2022-09-14,MC,6.0,4.843938520744348,2.6897654823688635,2.062900635186324,17.787396272708833,2,1.386845170610464,4.886163222619682,6.122618716691955,17.584239628559374,1.8672569113707058,8.263913647006337,48.20017424286758,14,0
1,2022-09-15,MC,5.661285513064552,5.743385338461618,3.531459032357168,1.452367434647246,15.190591524689477,4,3.6652656974885005,4.337121373970538,5.452493020386991,8.8179533823077,0.6955699627175651,4.512647418181536,58.62420262273412,12,0
1,2022-09-16,MC,3.491503019697527,5.290019512628467,4.7558275910136265,4.37098852999272,9.160910152296264,2,2.0052739836290403,2.413322471587123,4.6947173888087095,12.608305213140119,5.3426091053738585,6.467930655379341,13.4498412000221,7,0
1,2022-09-17,MC,3.5943349483654248,5.799577001325874,5.327834692722339,4.5575235852182985,6.073512551273421,4,2.013148569461895,5.224979112117775,5.315321701080253,14.38312004014664,5.906436953736533,4.6986379043556035,22.0654333573491,11,0
1,2022-09-18,MC,4.0089598939507605,4.667313552233198,2.2049072731484274,1.452367434647246,16.066879109137854,7,3.158674922764151,4.547924453376788,6.352680903419115,16.158180734863365,4.059668792950185,4.190492974250763,71.50866891374497,9,0
1,2022-09-19,MC,5.815422249915592,5.692088926481822,4.25589924166633,2.5415292685148048,18.87174054453163,3,3.499558333274654,8.649401643865241,5.311077792688564,16.121502902899184,0.7979793427210984,5.471244054899241,22.64398841518105,12,0
1,2022-09-20,MC,4.762180297829173,5.520085962668788,3.027653893208298,4.9029155797242545,11.25706468311757,5,1.3937833287815937,5.94694090693527,5.002367268284007,12.19995890925167,1.9512137001934224,4.272320672343577,61.61421194928683,14,1
1,2022-09-21,MC,5.320785244390976,4.6609704208170255,4.709162609146174,2.2996363045420702,5.930580708138111,2,1.1713709036782887,2.5268495827064577,3.8962588877266873,12.13588509462478,3.200841568497621,4.51929735001522,16.939456802378306,11,0
1,2022-09-22,MC,5.239945229382349,3.1556429208533654,3.9928321653134544,2.0296577837196446,10.80161789643692,4,1.0934074860263623,3.5300739977056432,6.012225472387668,17.478189223806854,2.2440259315834927,7.359329409178987,70.43454856680692,10,1
1,2022-09-23,MC,6.0,4.630104557648114,3.6641272819117154,3.283561021363123,6.220192159477803,5,2.2702164699920995,4.84868658510554,4.542883058060762,12.216894197176163,1.920796514456534,5.639584137219089,82.1842242858981,9,1
1,2022-09-24,MC,3.8089330436006317,6.0,1.5552079971552406,3.8971251154292603,12.825444817577894,3,2.9611409637315633,8.517309541285156,6.547623135411742,8.522469413590265,4.202743540084491,1.2230513920121098,25.13534547502502,12,0
1,2022-09-25,MC,4.748097932201408,5.753161441947112,5.51413991844758,4.290581287514186,15.356786452699716,6,2.0422348442866807,6.053612711728788,2.8978737580437124,14.116326158772344,2.7300659486548264,4.663584707949237,53.838654238175195,14,1
1,2022-09-26,MC,5.729623935904889,5.85217462539155,4.450345146035137,3.5733167859948294,9.415156063361962,6,2.493066690694308,4.225306312694963,4.7020271650440995,17.007034923919033,5.4594501841263,3.257945811955161,67.02820257495341,11,1
1,2022-09-27,MC,4.64168183717163,5.11547756423254,4.411462702719671,1.452367434647246,15.989062966003841,5,3.596117541833252,1.462681553115631,5.21548499517924,16.70605349923297,3.6528987549915257,5.559345624954306,27.101460533106813,13,0
1,2022-09-28,MC,3.8456141712382292,6.0,3.842353137020835,3.2182706992411125,19.63588604787937,5,2.3505070916853583,3.2736060295928997,5.3944855847117665,13.486147801109158,1.7017665090271792,4.1956820983654115,58.455306389596785,12,1
1,2022-09-29,MC,1.4549564921570177,5.200667911514832,3.954562936812018,4.244420318497283,11.28538015416506,3,2.3011479566744826,6.656543105194676,5.89705575144417,11.647851940759626,8.71748539498715,2.362587168467593,59.94469516788737,12,0
1,2022-09-30,MC,4.087820823114146,4.6637672333911055,5.528289775106552,2.4463570146401272,17.272649935165344,4,2.095514784639892,4.970178179312442,5.1057680837143815,13.792789323780253,3.3864387942232943,6.933394101920346,58.52143466481055,14,1
1,2022-10-01,MC,5.198508819774554,6.0,3.3716043979327672,3.786245723205421,8.492477311219542,7,0.6836976178102376,7.121448403684138,6.255621907688265,11.922937020478065,6.50166684131762,3.1293750293098164,40.3470185367135,12,0
1,2022-10-02,MC,1.3379016502762726,4.980100334850929,5.157220121979714,1.452367434647246,22.256951568150303,7,3.627487404160127,2.962457771013902,5.435352259673878,16.6224237481208,3.710831163065894,2.5072628599186366,67.83674091869288,14,0
1,2022-10-03,MC,1.960461584603138,5.849824486763275,5.1378623649833655,1.452367434647246,19.366304884005572,5,1.7886101905349925,6.363231501094774,5.519674460314335,17.269460692243086,4.002164114997306,4.432628285047808,10.0,9,0
1,2022-10-04,MC,3.9727504196879315,3.693535169185471,4.730930597139366,3.3729903122302427,15.449048869095702,6,5.362297927745112,7.083413549876127,5.021345165290537,17.100622873063823,4.632162081358997,7.501011353094344,39.401537879663074,9,0
1,2022-10-05,MC,5.655427869461449,6.0,4.97906622184096,2.824224358925635,20.424279556448667,7,4.2566061329871,4.285343921378432,7.105701019462578,13.890965899553256,2.007162990804278,7.669466822421546,57.89910602220615,14,0
1,2022-10-06,MC,3.7665436851951526,5.220068852086047,2.612956664117685,4.260922744085407,7.613087036886939,4,1.5078247833337364,7.527086073033844,5.888035324231241,16.64211316020769,6.100110197150343,4.792425361893434,45.36631746548839,11,0
1,2022-10-07,MC,4.658472960570544,3.971729944833189,4.3305386424828125,2.148159142627912,15.7764779166495,4,2.617217590843687,9.18737756356411,5.608281580559215,17.077904447660416,0.8072652155212592,4.561721991553544,79.47500552562686,14,0
1,2022-10-08,MC,3.429690855319852,3.778302176038296,4.524543144246359,1.452367434647246,22.42583935695513,3,2.5705514549178368,2.2615061806405596,6.337999294061363,11.810039780364885,3.101597808400546,3.308742984704189,51.46584444671178,6,0
1,2022-10-09,MC,4.832144068950284,6.0,5.528289775106552,2.7516008783569803,26.001241377187434,3,2.9683422183030808,3.593849969269595,3.1315807563232574,16.832663220442146,1.7447111908374713,5.1400463740940765,31.680451445715494,14,0
1,2022-10-10,MC,5.19142451312926,5.418268203010275,4.6045328343832335,2.263613213891068,16.441494840717652,4,1.665000621934543,4.405467223625423,3.4885748824125886,17.18571957698848,6.2137143593948885,3.0289200831717142,14.166264403976541,10,0
1,2022-10-11,MC,4.281288658204129,3.8476928232101706,2.7564288596412614,3.5918060934867464,24.858307733145544,5,1.2360732134130126,1.2414602673218913,3.2826949905050684,17.192440354344942,3.25813002422127,4.727416734923778,31.093909431230923,10,1
1,2022-10-12,MC,4.78828569319835,5.237873786229004,2.8438567214930868,5.335721651544145,17.251542717082145,6,3.8012682994646934,7.176196682801428,6.1580096735728675,19.06852133488431,7.1324743556423424,9.812241370874743,15.021115803925786,7,0
1,2022-10-13,MC,3.1138304029822033,4.728160479080721,4.069793458553339,4.161802211716282,16.41259607153565,2,2.3487236916902794,6.937832373797916,7.027873073410684,17.362472592249542,6.06522991198818,9.218821217293264,46.95545434052561,13,0
1,2022-10-14,MC,1.172647173260297,4.749139141238972,2.9525368894101485,1.452367434647246,16.465406160385246,5,2.917496333927673,5.212643830071365,7.241138951645907,19.72811211934621,3.0424119874673585,2.619914043309069,64.90434853545678,11,0
1,2022-10-15,MC,4.942664586927191,5.2830114394556755,5.439996621028765,4.0229269415726945,11.88668177155316,6,3.2979265808574656,6.796394269606486,4.271307620353371,14.6206420535658,3.421506511257347,6.230243110783846,68.0871606382267,8,1
1,2022-10-16,MC,5.442714357058124,4.926041137654488,4.176275557620469,4.578798287157424,10.831300660193545,5,2.5145399702928044,4.830463448904056,5.082978855762304,12.874202392835821,1.5304626421204723,8.860329316016495,84.87208548783718,6,1
1,2022-10-17,MC,4.303681459449018,3.2689024510536666,0.3399430580894376,4.86001405308588,14.718104078010295,4,4.67535104928007,11.513489415875659,5.4295969674752875,15.878303900465749,3.788122199159524,5.431634292098755,104.87650543026703,9,0
1,2022-10-18,MC,5.456132474902713,2.1217312322224053,3.412094311448793,2.3449832220324027,7.962465806150848,3,2.4682600171518834,4.374445174771195,4.39652642767237,15.287154895274842,3.457812238912344,4.409391713264368,48.79966493296856,11,0
1,2022-10-19,MC,5.994695253794719,5.259087944061645,4.660353310017248,1.6935415512993113,13.495506522805528,7,2.3456165884873443,5.57104001960774,4.596166983326753,17.843885278076076,5.096709181448446,5.067998564659196,39.37248395972655,13,0
1,2022-10-20,MC,4.532019219599228,5.262835886879212,2.2297013787855926,2.7555759928356824,15.431477251643852,4,2.7463279954794975,4.384157370900761,7.511343964017384,12.598917246627444,4.618106400140292,7.210028101708837,27.9181145718289,12,0
1,2022-10-21,MC,6.0,3.942092313425573,4.865140317650846,1.452367434647246,20.946801462081254,5,3.5395241834409985,5.384579250257653,6.581336580457024,18.760519554451577,5.324643850189567,7.747836026461549,69.41132103022915,7,0
1,2022-10-22,MC,4.2810147480892695,5.808846059658119,5.238195738412411,2.2242914534970035,12.97517934010466,5,1.517122951162468,3.5111813896238346,5.518068942019265,15.158486669522107,4.587886066198231,5.984062128157718,44.374087841966606,14,0
1,2022-10-23,MC,0.6607263165396733,4.3989670083709544,4.6584283733409055,1.7366530408784955,11.020056309956866,4,2.434384207145249,7.409398235042537,4.518129701305338,17.22564301519331,1.2200211999580715,0.7925027988197,62.54754266030731,12,0
1,2022-10-24,MC,6.0,5.656742784209034,4.249395477871572,1.452367434647246,16.12834770380955,4,2.3074261066075366,8.947336332505419,7.168989123391484,14.36357500250538,4.1155924069258125,7.458537465868789,27.429142407874785,12,0
1,2022-10-25,MC,5.851946100219076,4.571980465202876,5.410888290563191,2.2953947718585557,11.814459113053484,4,1.189467816500784,6.957726990003812,4.259214774603877,10.480098786492807,4.695553996617687,0.4509621624295721,103.74514970977326,11,1
1,2022-10-26,MC,5.485058466437184,5.423834419883564,5.528289775106552,3.939008453601093,22.673272940356842,3,4.408230541209611,1.3681796233920358,4.345933629111823,17.18260450850499,3.409123869834261,6.960988317434663,70.5963648424734,14,1
1,2022-10-27,MC,5.192252825260618,5.390324119666114,5.179746764463009,1.452367434647246,18.38547300197384,5,3.9613009054273736,5.9378396718403055,3.729635525907723,18.28324863468705,1.0281089269045802,7.543428225675168,32.57559748895466,14,0
1,2022-10-28,MC,4.698365077058541,6.0,4.675570907251206,1.452367434647246,16.851331420217047,2,3.3331522532735365,5.278046975003065,5.746831795855043,17.740475679522696,8.157781657040596,4.003541034581232,95.0184809773606,12,1
1,2022-10-29,MC,4.804756667180215,6.0,2.288492452808783,2.6626840951196025,16.973927893542992,5,2.4039259343626833,5.466596007824733,5.853387596299922,15.087971542473875,4.3332071008361215,4.892716712515894,68.2454679183185,7,1
1,2022-10-30,MC,4.410599256435589,5.58989538383427,5.208443250013238,3.699956253102129,18.910218754818377,7,1.1864372222473836,4.059016352589109,4.757261166620107,18.69016076150998,4.871357091115876,3.0697899854009267,90.64639349033307,13,1
1,2022-10-31,MC,3.7002115843313064,4.733879337346899,3.5328434507023165,2.141853971805058,22.227314206002266,3,2.492559730393211,4.026965858564369,6.7990764856058785,10.546026243839991,5.786367079873784,7.140403472825158,49.62463340162549,9,0
1,2022-11-01,MC,4.226339789224883,6.0,5.377782555399307,2.262157412622526,17.439185729475142,4,3.935667133072128,5.449429074829721,4.432300421210409,18.190476415388115,2.4612116078634116,9.812241370874743,37.796155915972186,10,0
1,2022-11-02,MC,5.520683413545228,3.887363079758381,4.28626047173076,1.452367434647246,19.182239296122496,6,2.9995714598355625,2.978450733625855,4.073023568016389,17.97889099053451,0.6955699627175651,9.439636361488041,104.92221701561436,10,1
1,2022-11-03,MC,4.929648525967774,4.424047390294401,3.826271680491929,1.452367434647246,20.833351723796575,5,2.1680105311718503,2.9846694091874286,5.730663880082321,12.722786665180573,3.0254630353441936,8.495016807965817,74.35025644112906,12,1
1,2022-11-04,MC,3.094779638763097,4.0377819849159255,2.4513283535463897,3.551200007844153,11.747170241678784,5,1.709688001573398,2.293548970443386,4.528227587163646,12.32089992541021,6.17626818164935,8.079945044601997,51.68116901883161,8,1
1,2022-11-05,MC,5.92795717681253,3.7758143525280974,5.528289775106552,1.452367434647246,13.68701769321445,5,3.307207714782513,0.009704498568635866,5.446207173567338,10.822997387495779,6.062178868708989,6.764727357625956,27.997558424686954,10,0
1,2022-11-06,MC,5.048798740640129,3.3552509085172084,2.27942672142796,2.199631067768463,14.182746228057946,6,3.314123178008596,6.917870395949529,3.961076973278787,13.199557071421133,2.360439888361486,5.2995619826348825,66.71663273050578,7,0
1,2022-11-07,MC,6.0,6.0,0.7358938028326314,2.1077698186466685,19.88950723996083,2,2.2639626075884314,7.552813269391553,4.7904469730452295,12.701494425025693,5.46252958757438,3.260894756515303,83.19466107640437,14,1
1,2022-11-08,MC,5.447282853276751,6.0,1.8445245742707757,5.124182814741012,13.94379757315325,3,4.722739119076521,2.0784893512952327,5.113903860348222,16.457622940057515,1.7902116276477886,0.8214287565536442,102.61621244063019,14,1
1,2022-11-09,MC,5.503201323811051,5.693643675018347,5.528289775106552,3.3157380134253622,26.001241377187434,7,2.3294986476094346,7.839553161409919,4.252843459249454,15.749619874484331,1.9166116489858243,3.615784435754219,73.96385154707629,12,1
1,2022-11-10,MC,5.223235775803784,3.2185737427996104,5.132122483140673,3.1554290400655076,17.341897080575876,3,4.398091761716284,1.1908442060227586,3.8648413341428234,18.520427203705534,2.1701276933272315,4.415146951259035,43.98008363131151,4,0
1,2022-11-11,MC,5.7544331132477735,5.627070318659228,4.088070375194374,1.5989257234150842,14.196322241244129,4,2.593649129195594,3.4958987394898564,3.0239671825965866,10.069251467624193,1.582452687712466,2.6362998752233273,85.03406269785808,9,1
1,2022-11-12,MC,6.0,3.774404792950514,5.421681176117712,1.9883693545700132,16.546145400840988,5,2.5827825162990945,1.5398618003023434,6.108308767895845,15.195474631280742,3.585427570238301,3.2357647242174306,57.16482474494951,14,1
1,2022-11-13,MC,4.549698196062531,3.749017424360109,2.4148061931115707,4.830752146637267,21.107688411882798,6,1.4453090520566687,5.5525855263220585,5.785599657992736,14.864291171881257,4.3231248102971955,2.0345419340017172,25.10282950548827,13,0
1,2022-11-14,MC,2.650940305135144,4.24733011783979,2.789644709821966,3.5572918371092133,14.154413641742773,5,3.0597634743706164,3.4018836719609356,5.702883173494998,18.508326571477625,5.3664236144131,4.973392051293493,19.68990740582051,5,0
1,2022-11-15,MC,5.772651536830669,2.3988288311526578,5.528289775106552,1.452367434647246,19.839033264424025,5,2.9771592976903873,4.438129329806279,4.090314549860169,13.224890140715976,3.733510060283629,5.4551065854808165,39.32195229569348,8,0
1,2022-11-16,MC,3.8482135794532346,5.257624215721326,2.811536157205023,3.7684463040342084,15.917641910845592,5,3.2943660636826833,2.72883157916604,6.759021083054016,18.025404246684253,2.842639386688536,6.814952753639338,16.997966286323425,13,0
1,2022-11-17,MC,4.758361236374547,6.0,3.7723693837557595,4.731779749008422,20.46588215504562,6,1.5561853020559888,4.092514942716264,3.9258398637228207,17.54669585394948,5.254515544489657,4.6533385039044575,49.41335704530519,3,1
1,2022-11-18,MC,4.667990811024517,4.497061147939098,1.5859425551480204,4.111046632447222,8.202560361833257,2,3.2648207815450743,3.148326763854763,6.033889940791701,16.20512605555677,2.4938260349805828,5.743578581046597,41.26717991782508,11,0
1,2022-11-19,MC,4.88187433295535,3.980645595009398,2.724924268673827,2.86484095041218,4.378940256978844,5,1.9001052720901408,4.666988385277677,3.430268957546222,19.372323026630852,4.628834628342541,7.530638185597747,85.11792034017157,8,1
1,2022-11-20,MC,5.359268044195373,5.848566394304065,4.772202728063112,3.394046466612956,9.60937765721339,7,1.1579166458847086,5.614683090848668,5.767263850423471,17.168246924882194,4.176562087158312,3.1458881256882822,37.539599762112395,14,0
1,2022-11-21,MC,4.6587573286689725,5.6492991562165225,4.30970798025116,3.5002486432205338,17.66086380852088,5,3.287722625396664,7.493754837228162,5.952878659966811,17.743417606193145,1.7045588332717214,3.7767145915682865,28.997268153650264,11,0
1,2022-11-22,MC,5.056248291464593,1.2965743224405744,5.528289775106552,2.5322362341817417,23.30651893564256,7,4.017317240060631,4.822815447039702,6.339801852086812,16.341773984537912,5.0428629436744465,3.1057275582131423,69.7933657826684,12,0
1,2022-11-23,MC,6.0,3.592873412650543,4.395666150270382,2.0594986934997266,19.58804769282703,4,4.122419820029136,4.725942578119202,4.999689463487375,17.587840814956714,4.667206772571298,8.68799206897404,73.88721734853546,10,1
1,2022-11-24,MC,4.4403848142246805,6.0,5.202815929205025,2.856034293619637,20.29993330956449,3,2.662755683171703,3.3964759377035576,5.2827918305985815,10.578582474370636,3.8644924708533157,7.382855223072765,50.14467341728747,12,1
1,2022-11-25,MC,5.536152497151949,5.070968248691578,2.85638040463398,2.1371613559156932,25.173730633180764,3,3.0056691894431844,2.8147409936531784,4.229014260203902,16.29653278439357,3.09900274723608,7.227871570450767,27.830409006471537,10,0
1,2022-11-26,MC,4.192532097272502,5.924350057306102,5.378585831872645,4.343816911273613,10.199647220127634,5,2.429060570264619,3.392513477440043,6.199224607794457,13.729907086281424,2.6304252622395285,5.460711208102749,76.12540119588667,13,1
1,2022-11-27,MC,3.5679027014340114,5.530816472939033,4.737879287162577,1.5408836498319551,22.029385160040984,7,4.060873230847736,1.2653771507011495,5.583026601044562,18.263895794308745,3.3494170510098265,8.663889955545237,92.38996332195873,12,1
1,2022-11-28,MC,4.989126983063461,4.809007064124044,5.0435437078353464,4.11678979932017,12.083419526546388,3,1.6768144394202837,3.0144799460181773,5.212349689533568,13.947128496144956,3.912534250695715,5.195897495786387,46.800581583399506,9,1
1,2022-11-29,MC,5.725627185393185,5.801384149515692,1.7482939443289025,4.363165122065173,18.184528872682016,4,2.544118914451784,3.709555059848431,5.933741026804155,13.3910008914212,6.9270597912793015,6.406988463475628,44.91705577789459,6,0
1,2022-11-30,MC,4.084737348905487,6.0,4.763198576220488,3.4628653799989504,21.247439881510367,4,3.50111506530377,4.667549088393934,6.393026848711355,17.499963780133232,2.2466432148986453,1.3090279634420314,88.68860413197942,8,1
1,2022-12-01,MC,6.0,2.7665615616945485,3.5407773850018245,4.054713597740615,18.83615584519342,6,3.2139178633609795,5.489171761018716,3.707820749593195,14.063922036015894,0.9314340337108007,8.441812004963088,62.5827667288394,14,1
1,2022-12-02,MC,5.1652710285925485,4.848541058620844,4.5120644044251605,1.452367434647246,17.49253792308627,5,4.016408037262122,3.638355348007124,6.408530804921395,18.996739308703003,5.408090919426658,8.21054646819087,35.62037411634392,11,0
1,2022-12-03,MC,5.44743468337331,2.671762989718464,4.903807773929147,4.958191354905919,9.720852409577578,5,2.9720996049759068,3.2381333331548277,5.538046042941009,12.758586164037997,2.582484627429617,2.6025692757266334,15.558794545017816,8,0
1,2022-12-04,MC,3.54582227583571,3.511878210078,3.7716298105423567,4.138050264877132,20.556197849625015,4,1.5020685761285648,4.6112005336790585,4.827050599842457,16.918060655964062,2.1994845238219307,4.703737242829648,40.95123355540028,9,0
1,2022-12-05,MC,3.3135525909363226,5.253225624105353,3.4662723730924068,4.420408626732507,4.623387775888892,4,1.9625414872379578,3.4411116789700635,4.835528910617174,12.952669544417676,7.352730366794445,4.110252770272482,34.0544127973248,14,0
1,2022-12-06,MC,2.0359276407693416,5.547839453611168,3.8302022075943842,2.1828093556895314,20.842928422236913,3,2.8557529033941584,8.063292904363474,6.02081203812975,14.895856407705809,1.642021466291379,3.7141413189736237,35.77269608462879,13,0
1,2022-12-07,MC,5.443779238113924,4.251025879278848,2.1568917691396914,1.9892320849649152,18.87118917049917,7,0.45069683961711826,5.274647773369839,5.836736711933938,12.437272201854363,1.5240330370262813,2.827208556719029,81.90266651502644,12,1
1,2022-12-08,MC,5.590340921174133,3.940097520106124,4.173758358510252,4.488343796469724,17.96124315695203,2,2.147241697268924,4.780347074962972,5.124633076312824,18.653585555235743,7.061588386162807,0.27403533368114186,67.98376374080956,10,1
1,2022-12-09,MC,6.0,5.6687060810721785,3.264824855243921,2.6101573915845333,20.82313059150294,3,3.719886842131115,1.5250776764423932,4.6143909095089555,14.048439203718837,4.3443459365120916,7.003335273058383,28.44239730394601,14,0
1,2022-12-10,MC,1.935463272928497,1.340575540237495,3.488626333420438,5.2066879252508445,18.229406754595335,4,2.6353032144188204,2.370778111881115,3.718515733841235,15.447236102728214,1.6856990659540099,6.945407870293098,43.75111332182595,13,0
1,2022-12-11,MC,5.790563160220097,3.6167725459181,5.528289775106552,1.835165651427235,18.514749517259105,6,3.5708989001701985,3.972765426502356,4.259359215237217,17.346862331489497,6.007160478145139,4.54711720464038,55.73694303687678,11,1
1,2022-12-12,MC,3.6320596274766044,4.42194184460024,2.9153788866406933,3.681457140758189,11.344967889106368,4,1.314952923192077,6.981945976774781,4.194313366146089,13.188395567839327,5.245255466995875,6.787772514383566,62.626637696156614,9,0
1,2022-12-13,MC,6.0,5.538632899547421,4.765142375167423,4.677132886423416,21.269829044322783,5,3.0251584763251596,6.1886836908281815,3.0274291768063475,12.585824502858078,7.902276984790534,4.21566337659547,64.02363829337366,11,1
1,2022-12-14,MC,5.892565805050648,6.0,1.6550057797908608,1.6551875939750447,17.430411699024532,5,3.6829020885180164,1.665513679354384,4.004864584883292,12.045813821217674,5.082008055059992,8.011802244726741,43.50477256897429,7,0
1,2022-12-15,MC,4.0106000557821995,1.2360035091624395,5.144486989313997,1.452367434647246,11.092865136282088,3,2.3458329303221044,4.407858643691311,4.471377425103263,12.133758758495569,2.4762712262222424,7.675478005158459,45.94102284837911,10,0
1,2022-12-16,MC,5.189790612344819,5.238979655805588,3.209952121740289,1.5057094239443778,9.522742217190817,6,2.777115076001145,4.667807887869317,5.342003841957353,14.62519677526478,3.6470937053255894,2.9125102643221776,98.10196100360025,11,1
1,2022-12-17,MC,5.662469586153874,3.4247830328551965,3.1688884155036705,4.768246766559444,18.367512664109853,5,3.7634657752994523,3.2058879719104385,2.772601414598323,15.553890906361588,4.315838290506856,9.812241370874743,67.67671307775173,12,1
1,2022-12-18,MC,4.728439992980437,3.035709078029094,3.4129202475102165,3.0888012861112952,19.13159599786206,6,3.3105032179666223,4.003738169444654,7.358948126911242,18.099717604406894,4.7865419521739465,4.588598558728699,59.15431852447341,7,0
1,2022-12-19,MC,2.883276731858275,2.3962592258014555,5.233799033282247,1.5856741413318376,15.467242761975525,5,3.03958480723775,2.5606913093895907,2.7174239825135893,12.548811955631653,3.645987710970517,4.659176711565981,43.56625789505772,14,0
1,2022-12-20,MC,4.035746051599977,5.639390983731962,2.6414984601019054,3.974906141609982,16.200748730220877,3,2.1362482136294907,6.008717234290622,5.593202876939317,13.46072232324017,6.414150081182865,0.0,71.39574558495333,14,1
1,2022-12-21,MC,4.534260103957234,6.0,5.528289775106552,2.9335985452542865,9.412902145089387,4,3.7296259038631074,4.374086638295642,5.566481587333435,18.803046832478206,2.6218677958995604,1.2481418818950862,71.41322634595376,6,1
1,2022-12-22,MC,4.115781022213971,4.032335668713112,5.39415932184842,5.744935857490479,19.68917007231658,3,3.5312275919271037,7.760226026094755,5.118727214910125,18.75882858147251,3.7776675675024,3.64441020144704,77.4771565264261,9,1
1,2022-12-23,MC,3.421027282376053,6.0,2.2076869864118307,3.0342890061413716,11.721436507221535,4,0.4122441258022791,10.460034305596412,4.771263515792671,8.721135982023036,4.860853459772172,2.239272779887636,93.38305802350531,6,1
1,2022-12-24,MC,3.521007730869324,3.5796180789806713,3.5090453801704586,3.699943185484624,9.260599038912567,5,1.990523759297194,4.524207733786402,4.71403730709417,10.043890865627212,5.2173166441725725,5.059725581304311,67.18422117918516,8,1
1,2022-12-25,MC,4.456679943318643,5.6724784299180495,3.2565498118238683,3.6015931359594697,16.66571425546052,5,2.8974233505162363,9.165976602362674,5.87683642539254,18.858558361504766,0.6955699627175651,3.2161914127624898,47.6946874457959,11,0
1,2022-12-26,MC,2.805304192557224,3.1740784174936816,4.709568574387228,1.6054616579618095,26.001241377187434,5,2.4036679012307958,5.635019233314204,3.7288760989649252,15.364916706567643,2.0486687992217196,5.354573672431445,52.83874084478353,14,0
1,2022-12-27,MC,3.7427976900861677,2.191913872232124,5.528289775106552,5.032758705427229,9.333262357383775,7,2.27626519572369,5.138741207773024,5.386155951418894,11.762893058137134,1.7071293601087083,3.7019457025470928,49.54809322000125,14,0
1,2022-12-28,MC,3.4805598214118847,5.680997942719847,2.2286283300177687,4.142465498710912,17.39549045723823,4,2.8933679142135897,10.094047587599311,5.221859585822985,15.728244630861752,1.353563737611108,1.2564967515118393,62.3379340807055,13,0
1,2022-12-29,MC,4.422256649913004,5.0435742390485885,2.976483444867964,4.573327072050622,9.500528081020928,6,1.591393814200546,9.25189392926167,3.862400457000656,13.775919941884213,2.7606926632710755,6.759853800969668,99.49129952725293,9,1
1,2022-12-30,MC,4.658256740793158,4.484077168975245,2.408955415245614,6.0,12.355520617531333,5,3.5352631298999064,3.5313643723120336,5.036900760616191,16.32582255334229,6.85331807393868,7.5276317745094286,29.638903524160582,11,0
1,2022-12-31,MC,4.089427227950229,5.3288301915250935,4.969637922007802,1.5606987176517455,16.654997637126353,4,1.3511590930807496,2.5049713722423266,5.7827778070130105,13.667455564301537,2.0244551492573564,3.543938626662679,72.72966743777766,14,1
1,2023-01-01,MC,2.026384166230688,6.0,1.71027588621071,2.523214660101301,16.282442846431287,5,2.9020672941580243,8.103038266596716,4.660168149287296,13.59992739384747,3.4745580638631175,9.812241370874743,40.79116517084856,11,0
1,2023-01-02,MC,4.100515915086906,3.807351324012455,3.943190501657684,3.353301880058473,21.65785081192155,6,3.532660916823144,4.234619228793324,3.929111013525894,12.208016531308596,3.992040703204225,7.855124529655643,39.965397361876065,11,0
1,2023-01-03,MC,5.561260792253597,4.6637474824710585,5.02080703910477,3.3167187739937893,16.8870786422648,5,2.9781291523544944,4.466516270173227,6.500490831841359,18.76461788549553,1.9519866967158062,3.6196202804141793,17.640584906566893,10,0
1,2023-01-04,MC,2.673265417087744,4.26808146738991,5.528289775106552,1.452367434647246,20.185829227476404,5,1.7188452203689875,5.244339171865327,5.071093156082894,13.220042718750715,2.6422510117935145,6.036581880836293,68.78511718397836,12,1
1,2023-01-05,MC,5.209882763085071,3.5352017572733985,4.990908818058539,5.962840150889447,14.275880940297496,5,1.1755545562590026,6.13725861167044,4.804918258461075,17.357211687218324,2.5884717873102927,2.75472885607998,67.36768442346214,12,1
1,2023-01-06,MC,3.196683256818323,4.43920727002822,5.528289775106552,4.2331725477717415,15.598031813826681,5,0.6329188994053155,3.9815719533466427,5.365912694583696,9.625607958097202,3.8378830122018828,8.785311101741103,76.4722269944041,11,1
1,2023-01-07,MC,6.0,4.013271067420917,3.203506817633237,5.206297018246302,9.23406690534652,2,1.7795683772597886,5.97224714773547,5.715607261586751,15.370663761257804,3.700888330901729,6.517315065581586,31.70854613955224,9,0
1,2023-01-08,MC,3.3796275014169788,2.93276651095133,3.53339346358705,2.710800447538177,18.349549926414515,5,2.9659729294793085,4.291641600334688,5.602639435257486,12.984272478377804,3.9722430993837436,7.195178879312813,61.77129583794597,8,0
1,2023-01-09,MC,3.6027967175846043,5.9306027042294085,4.36504890934038,3.3576803464225744,16.94461425617801,4,1.8729594798982083,0.8085453091221262,4.894822319565491,11.649477221782465,2.4639258244685855,4.246644398870377,58.42342062925481,14,1
1,2023-01-10,MC,3.976588173505891,4.7963942217479065,4.9507373277725435,1.452367434647246,15.423774873759541,6,4.093262195111388,5.141316803373086,3.9330199841833586,16.66918707448421,4.566581551415104,7.135070672401458,56.42552840135473,13,0
1,2023-01-11,MC,6.0,5.750087072519884,3.4781222966569145,4.917117459407773,13.830967463072875,2,1.9050380796117534,3.9113340829277274,6.297607190806296,12.144201124131772,4.409527259703274,6.864236856260005,94.20392673153866,10,1
1,2023-01-12,MC,6.0,5.966370962659959,4.233461953640601,3.3417874417946516,17.764503096852692,3,2.4205583773149737,5.139656803421662,2.867992536740223,15.773491543140773,5.713585728295294,6.763049471806935,16.666167686181932,11,0
1,2023-01-13,MC,3.6370640519416675,2.1494975168689967,5.303331623570266,2.1713408577996303,21.556560424633282,4,3.9688665978777893,8.832201707067409,6.276030552724339,14.060391968177376,4.826881392346125,7.09468231984086,30.64869491027668,10,0
1,2023-01-14,MC,6.0,4.380815628083738,4.584111082031311,4.527397105583364,10.641053000993253,4,2.6647784668493384,4.29450946961359,4.883655730543142,14.882142972778368,5.040507997062768,5.588655750302128,42.66265168617583,13,0
1,2023-01-15,MC,4.06138634584515,5.284476723087623,3.892873748984624,3.889764411955136,15.46570669849153,4,2.9266466451381636,5.654601443277903,4.034410674033813,17.303425537148726,4.636552323969361,5.077809637227534,45.288104913466945,12,0
1,2023-01-16,MC,5.495498278021929,4.331275719076393,2.08992626779117,2.676906361442824,18.403235326729618,5,2.3322036360100022,3.285365206498671,4.363723793283796,13.459500559183173,5.320500373573362,2.6337650481148436,64.59556458740221,6,1
1,2023-01-17,MC,3.8336871600209674,4.699782198645227,2.3895565700055332,4.11307752029612,13.179322056484088,6,0.5159630516622968,5.461562630071353,3.857451714286016,19.293856720022905,5.7235091533873215,7.357116073074082,72.36267784990318,7,1
1,2023-01-18,MC,2.767132956021081,4.09484162140985,4.370599383294157,5.296034760463817,17.125041046965546,6,1.6802701894895216,4.057042501464033,4.941225595664401,14.04669005371026,7.141273718684644,2.633876936740397,40.70084201160275,7,0
1,2023-01-19,MC,5.159384153172123,6.0,4.8701808957939345,4.244841575766949,19.571592917914494,6,4.854448183725235,3.3995149132207354,6.907218306426246,15.02481997545577,2.4863689515590064,2.977826425246154,56.74545789850837,12,0
1,2023-01-20,MC,4.667758200132258,6.0,4.21552107693867,3.876496483577431,15.428583792367903,5,2.0710384002457998,2.7175699220237473,4.778132393214853,11.692720106907272,7.550929547785529,2.2551297552904006,13.91601154878322,12,0
1,2023-01-21,MC,5.803357259752531,5.108654298435518,3.10846483577917,4.366540213285275,16.986558625386564,5,2.04828450611605,4.552484050107107,4.586720894255017,16.439611991869906,0.7605270068208019,4.571155957252977,26.56911969347381,13,0
1,2023-01-22,MC,5.100202169148083,3.3070409202605733,4.524246666521612,3.144757936373286,23.533515401214434,4,1.6684325224954917,5.9559963924794825,4.098245514991948,17.123006492751564,3.7615932293532763,8.140274079375743,61.260819186003005,8,1
1,2023-01-23,MC,5.960431711558455,5.242005395273649,2.3544801482368243,4.567782306823986,13.83866003677442,5,2.394660944658746,4.174644146475865,3.902310931189601,18.52479884726124,2.044830710219318,8.324568504508008,73.13635955720451,8,1
1,2023-01-24,MC,4.853359053253654,4.804189319429427,4.1353994966241645,2.19232378994339,13.121455376946933,5,2.6105460056591743,3.759752672092593,6.112498735783557,15.336841869191957,6.282251008542659,5.631583294779503,19.712430220826846,11,0
1,2023-01-25,MC,4.951711303759113,6.0,1.7160542522179054,2.2658911390623286,18.10365017808197,3,3.32940226696777,3.715787170426612,3.9892631362491753,17.647424149663475,1.8920439181491986,9.026028219229975,71.129512671725,12,1
1,2023-01-26,MC,5.429267133131987,2.348790286692438,3.144339233166533,1.581236599039713,24.572496928924977,5,4.813585380214071,5.4102765932740375,4.6458797124076545,18.50089509844644,3.6066946004900537,7.1932215378013655,66.253360718535,9,0
1,2023-01-27,MC,3.6224309846573246,2.5850690001676773,5.341705464745672,2.8119894351430106,16.95054867690754,5,2.712550150640209,3.34075778538118,2.809793524173934,14.2495247290195,6.748774757265542,9.429737147816777,51.03944167016891,13,1
1,2023-01-28,MC,3.5528885802755372,5.308686336751859,3.9355858175418477,4.241735502050273,18.041713652973424,5,4.017020318715185,4.90407517484787,5.494573917201283,15.763768702719583,1.750848880591096,4.1038402780039345,69.10340112649025,13,1
1,2023-01-29,MC,3.719126056967935,3.3292773410519243,5.516151657818308,3.6908645444817316,8.727062729536737,5,1.2842671325391928,5.461083385668502,4.80017343318001,19.567795841612455,4.4125540009328486,3.60672150100147,10.380704814571065,10,0
1,2023-01-30,MC,3.6154029612471734,2.170630073039318,4.5640742668489995,3.7791559227482203,20.952124862905258,5,2.6766905583366536,7.831017465932973,7.492919302611968,15.878037334600599,3.5987984081404476,8.771287706155366,41.39277552663777,12,0
1,2023-01-31,MC,6.0,5.534940316827031,4.330857672836673,3.559785041061931,15.659174031434041,1,1.397241853475387,4.725852927477529,4.659741167532312,14.828262005998312,4.432244666533808,3.3724915437508907,35.44577265070624,14,0
1,2023-02-01,MC,4.12354230200099,4.793465638404057,4.755734646714934,2.3244568653251436,19.08788903844024,3,2.5157142666890815,3.5142633545698088,4.532008365835266,8.714518312241143,3.2126464192441495,3.7689540949103773,31.245889743179465,12,0
1,2023-02-02,MC,5.350723425092109,2.785814368308072,1.9290463532027964,1.452367434647246,20.139239393392728,6,2.220723903716791,2.886222844398389,1.2315497000078826,16.907724337288823,4.058353578674101,5.242149012653188,64.78869766194063,12,1
1,2023-02-03,MC,3.412463555744735,0.3923674491489746,5.528289775106552,4.223415602569137,4.882398544761563,4,2.142287646814704,3.54262508126203,6.959468807810527,8.555413688396492,4.013359433272171,3.965901253556174,66.89037347593732,11,0
1,2023-02-04,MC,4.049126456082973,6.0,2.5960990215817996,3.9157625060215464,19.524937748232585,6,1.8993918388687971,6.687606890918631,5.578324494955515,17.333304299782355,5.254877160189306,0.0,29.383128984105067,10,0
1,2023-02-05,MC,5.068289095845889,3.14464625480444,3.25972227194594,1.9062041434598023,15.067529401237124,3,0.6993554814896537,6.4465377396314185,5.96808014178746,8.663064168106223,4.021412817448262,7.365597018662728,92.43137487728013,11,1
1,2023-02-06,MC,5.495079089663276,5.5348168572034435,5.2441667601446,1.452367434647246,18.23071610585584,4,5.278056998659505,3.8120799154357092,5.167477916149529,16.498936055467276,6.096514135340633,6.369840340545448,19.780567854897786,14,0
1,2023-02-07,MC,3.473411151243293,6.0,2.9389716763313,1.9701391104207577,15.798664786071697,4,2.805230511395668,2.0501022397261037,6.030720297325462,11.08656199468613,5.485426548596595,6.097721971921137,11.650077809264815,14,0
1,2023-02-08,MC,6.0,4.877377957009374,4.235402177900379,1.452367434647246,18.657520969922018,5,3.526100799158474,2.422984457516039,5.852213236288339,17.866197461410785,1.192492904469797,4.236398499375495,66.5411170009912,10,1
1,2023-02-09,MC,5.962503458376694,4.229901138726026,1.437568326068999,3.573711833113925,12.529243364016049,4,2.3688079838603127,2.6552223841576286,5.133286514281487,12.101698143708195,6.23451581816372,1.0854287068835111,35.96275200911666,12,0
1,2023-02-10,MC,4.5447589406091815,5.7657487291617295,5.027269908847354,3.7375218806685426,18.98370947608159,4,2.911031110198359,8.113374665518128,3.62733551851921,15.26456838296231,3.4730854235404163,6.276315955499048,10.0,10,0
1,2023-02-11,MC,4.798708351347422,3.293099519081188,1.992570383506652,1.452367434647246,21.39372468727762,3,2.12956036783964,4.312293578452646,3.306835594889992,15.29045527871384,5.098613939772536,5.7880475152948305,39.71478362145886,13,0
1,2023-02-12,MC,5.553718480159753,0.0,3.0484783049534196,1.452367434647246,17.055500006704047,5,2.7295437471349353,5.591350682807982,4.13990715392507,12.391176901436056,2.9192879982775937,8.154700236525112,62.80626156007878,14,0
1,2023-02-13,MC,6.0,3.5067642325043025,5.528289775106552,1.452367434647246,22.83023982475827,5,2.073465982918388,5.166459623799571,5.235160940364091,16.55049501285917,1.9825842751381488,5.611141245665224,41.036032083444,10,0
1,2023-02-14,MC,5.177820702585023,6.0,5.528289775106552,4.183523908836972,14.935787230382465,5,2.9047520841516588,9.816309002049886,6.414088522577053,17.309869587852663,0.6955699627175651,9.75507926330029,56.213292554026225,12,0
1,2023-02-15,MC,3.3397665515613157,4.03880268057442,0.3399430580894376,1.452367434647246,17.51048336241869,5,1.292611019509217,7.048193115053676,5.595615962384806,15.024399689636875,2.516731523384024,6.962169072335255,93.13624576067733,13,0
1,2023-02-16,MC,6.0,3.281226798702944,1.5981329202719357,1.5919183573981328,14.144739670340801,5,3.333953204991342,3.8450437866891134,5.898171208010286,11.727841544602107,4.008997484607848,4.24997350236814,50.87024638767985,10,0
1,2023-02-17,MC,3.9474745744856476,5.513964144951324,4.684787480123191,3.6757148002829028,8.31900943629211,6,3.561564120316899,1.9054749800599007,6.155242520726788,15.706952858863573,5.429043142995795,2.2212582744457543,54.968863271275424,7,1
1,2023-02-18,MC,4.920207073168475,3.417525506230629,3.59204064063735,1.494182942504663,14.77409842166255,4,3.9767278311105216,2.6830484369093894,6.430989551724483,8.040331795896854,1.701459399410108,7.792883297264846,94.4968470904461,14,1
1,2023-02-19,MC,5.801116603725417,3.125546652207319,5.367280026149638,1.452367434647246,24.34227630136239,5,3.3004239125812553,5.052419386019843,4.671545123040181,16.9065339872806,7.782321155123537,5.568063704393673,71.55206106748896,8,1
1,2023-02-20,MC,6.0,5.907167991298179,3.4884444654396205,2.6312212666029553,11.587136116410214,4,3.550905080425159,1.5227695435781072,5.434833263332618,12.521507655274483,4.147931927336247,4.788392311451432,74.32190729193289,11,1
1,2023-02-21,MC,3.578440893017466,6.0,3.4615198595804926,2.715097262542381,16.960039857881092,4,3.0168255807975677,10.713302815725482,5.366007339505473,13.733005515355583,4.836093442652219,8.149461713497104,82.66699812124014,11,0
1,2023-02-22,MC,4.7012892333278975,3.5447695741974807,4.530159746678768,5.289700570196249,4.55870440914994,1,2.3105826632341673,5.490529998497671,4.88040737500451,14.703305532739995,6.221892145693543,1.6377387663195044,55.98913843584454,12,1
1,2023-02-23,MC,3.9774577765397137,4.438461544738243,3.6151582278291556,4.410864892574344,15.94496750486585,4,1.901599285442004,5.056958643693348,2.786750844574806,18.43036828366014,2.5655933313662214,2.613856199646222,39.14152631932228,12,0
1,2023-02-24,MC,0.6825156332530506,6.0,3.2273202388997593,4.687494961794208,9.60095375410633,6,3.010594293994747,5.278224543977691,5.435716042749764,15.828339473508168,4.008755648921564,0.6631121593004643,54.073672455730424,11,0
1,2023-02-25,MC,3.8243539792751946,4.49438586337231,2.6322624391190783,4.865984194055347,12.057184266294811,4,2.7065876235605226,4.284795948124444,5.584632256552918,14.236747413101801,5.244719763163931,2.814774299881407,10.771578955959905,14,0
1,2023-02-26,MC,4.479519457646511,6.0,2.5993876969885603,3.476518803711302,15.266760143450341,4,4.44220950742554,2.1472878137137794,6.332698714104182,17.757145939979612,4.0353753349287675,7.047304371457525,24.16012974178343,5,0
1,2023-02-27,MC,4.66850829702506,4.400525479405871,3.0464125733352567,1.452367434647246,15.79426326873256,5,0.8639154524323933,6.149361753377178,4.414241443896741,19.897737431154663,7.061196158909117,3.449816460201242,74.74558800848293,11,1
1,2023-02-28,MC,6.0,3.305538835396617,4.190671127194172,2.4232538113557345,21.58891051374127,3,3.770278092856768,1.96487284739757,5.812703442871014,18.356669884202134,4.094589179875662,8.480711833602385,23.399704028041995,9,0
1,2023-03-01,MC,2.0750560282352724,5.510182292033188,4.183221090405638,4.611503281147028,8.446509619171835,7,3.7942459453735236,4.585662171672649,5.334190027515501,17.0319864994415,4.786982781793332,4.129330789991084,48.31312296890317,14,0
1,2023-03-02,MC,5.344200650994473,5.033663336474741,3.5803480217199217,3.0481370735779167,11.813146652653106,5,2.089513330130507,4.794344618631589,4.46627439100524,16.339060999477596,6.709525499004203,7.319971832083595,25.10458097367684,13,0
1,2023-03-03,MC,4.321817686083044,5.285510978625165,2.8900215114141514,4.4828063123742865,14.093862367524755,5,3.373901620430538,5.318259093389169,3.2043425947969046,7.9229152143954575,4.743174854743882,6.160792192648392,84.68055468743204,14,1
1,2023-03-04,MC,6.0,4.703900913111537,4.010895257710135,4.417654139451884,19.66192516026151,5,1.8868765519653576,4.928410745832259,3.7938402745128093,11.803304726743193,7.9400149510782825,4.397394196664631,75.56928562562972,6,1
1,2023-03-05,MC,5.083448158522728,4.9582360663594915,4.4576731127749465,3.2612657469427626,19.718812090505438,3,1.8072343161033024,2.8093386778360023,3.948113452185476,15.420410307704595,3.5910910947540806,5.776859726109915,42.02317236293161,9,1
1,2023-03-06,MC,5.883549612305503,6.0,4.569580786161969,4.187963410308375,14.975176016233823,3,2.0375729087291043,8.228591124791006,6.570960481363268,18.378196615051706,1.7230166601428896,9.812241370874743,65.51475011670982,6,1
1,2023-03-07,MC,4.739607795395726,4.688033945587273,0.9076267686733916,1.7119714965564665,5.680852669423842,2,2.5769197673718542,2.3360821895196895,5.443192415088616,11.813541053739998,6.034987342588025,9.194015064961114,55.634776600054145,14,0
1,2023-03-08,MC,6.0,2.751815834051838,1.5920282467652704,1.452367434647246,17.572058596011708,3,2.3866208932468167,4.650237432823086,5.810400433075699,19.265936291067288,5.627368134180462,5.508225435091935,70.85548818781726,8,0
1,2023-03-09,MC,3.7916315235615325,3.9478998297222048,5.347376964195401,4.521192566039922,5.423710503927367,4,2.057478415767025,5.064675901632918,5.311949681830054,14.519356519925516,4.646488048297576,7.766521801422163,35.79792353342132,11,0
1,2023-03-10,MC,5.550906410441618,5.786900730098991,4.478611207113699,5.1646185650365775,9.645376740535626,5,2.729443560910475,3.4152994869384354,6.575422990470342,9.336866665911533,2.4987913620387956,5.922526578439257,51.048811190326255,4,1
1,2023-03-11,MC,4.3480731095044,5.6003446492326034,2.23861533049097,3.420684881972167,14.216942796373568,5,3.0856227904333653,4.0386423661645905,5.312032021811733,20.0,4.004060862514287,5.457676519780098,40.01515037725235,11,0
1,2023-03-12,MC,4.174100190092902,4.616033477283183,3.3937258694294754,2.0874336191710974,13.059040326843801,5,2.732696631698408,5.60896917131049,4.969297141804681,16.7541011624603,3.7666193494043885,7.054690966461792,66.3170655432139,10,0
1,2023-03-13,MC,4.763661170424418,3.2074006884770747,2.661491096902395,1.452367434647246,20.898079023535644,5,2.1550495589631407,4.566913505611268,5.014136073071818,11.822758782589666,7.123349592904265,6.906169472197018,45.75863861286109,5,0
1,2023-03-14,MC,5.7014130208168625,4.981545958181205,5.032861375437308,2.419139320269716,19.59030079163672,6,3.7690411280155947,3.494880683762829,3.8354502513491244,16.19609033945468,2.73662164476802,4.538887178265626,65.58761442033142,8,1
1,2023-03-15,MC,5.631612444049913,5.160840078371759,4.502053441719763,1.452367434647246,15.604464304650104,5,2.7804322051122465,7.728316239468629,4.801326216170233,13.125178080964483,2.4402830811140532,3.7977788601051365,59.75242148689506,13,0
1,2023-03-16,MC,6.0,6.0,3.4027629787339446,2.1172219475954472,19.823126944411023,3,3.2287721474437565,6.525214803552637,5.601903385865457,10.163785969701877,5.1419565828313445,5.959331198372975,10.0,8,0
1,2023-03-17,MC,3.1900530412112924,5.566971972255342,5.503162025868024,1.9978568678900297,13.992166106506664,4,3.6400864406401614,5.635075497811345,4.316293364738945,15.438721146977047,1.463931747447862,7.428777912248336,60.01121102985773,7,0
1,2023-03-18,MC,4.677012779653169,5.158472324533634,5.133913775057899,4.740049209621739,8.929503172469651,6,1.7457813075975965,7.399064079459297,5.213998313397763,13.574645428566816,0.6955699627175651,6.564107389825284,60.7977832525319,14,1
1,2023-03-19,MC,6.0,5.383296336765104,3.050291532109421,5.3709913847836885,26.001241377187434,6,2.978803288071094,6.011858980387794,5.319043993237291,16.364978970870382,2.8247982766649127,4.93583190685285,37.19573009835549,10,0
1,2023-03-20,MC,0.960082267446611,6.0,3.9823777526826136,1.523554311582448,16.012908787536173,5,1.5240626522121574,2.6340931883381113,5.494781297995891,15.627823631081506,1.4352340876082659,2.3110305913505047,10.0,11,0
1,2023-03-21,MC,6.0,2.1992447553893704,4.479606782707659,2.9579575794020725,13.17683171720326,4,2.8747885028584994,6.147383698120074,5.5483554432281865,12.29558657375461,3.5021007757939535,7.642949002745191,44.16336094058148,11,0
1,2023-03-22,MC,4.722752740350111,4.528770003481639,4.785951569496744,3.5843778796689474,16.12693814572129,3,2.1749844737282835,7.124831917325079,3.8630965891465974,20.0,4.064440582897851,4.465790209442845,67.864343431945,13,1
1,2023-03-23,MC,3.2824797392180725,4.258472102389927,3.3969031779611214,1.5443388931668287,14.2404958555031,5,1.879103368223122,3.9356632785165737,5.551077884064326,11.738257601057763,3.2758103289508336,7.520086614039814,43.33516999098566,13,0
1,2023-03-24,MC,4.399480154383559,5.996020796947213,3.5879334202963697,5.185212667187855,10.482379237270155,5,2.7580875095181105,1.9866405205030968,4.3950740154024075,17.737221750000224,3.808990351932904,8.438994953724311,94.58566451056434,14,1
1,2023-03-25,MC,4.089460286125058,3.7135983781524957,3.5027610319984928,1.452367434647246,19.135173117913844,5,3.3063593918111214,5.599771855825529,4.448644072041723,13.72848396096595,6.39729137202106,3.7682334426065207,55.97657259726815,12,0
1,2023-03-26,MC,6.0,4.538583690445039,5.528289775106552,3.8317147337641098,10.828709371647365,6,3.4037031425017363,2.65313996138884,5.9544909088713265,15.553273604456539,3.4551555227512183,3.160395961836037,10.0,11,0
1,2023-03-27,MC,2.7197782283327276,4.2220894441088985,2.4524563569596087,2.3392233126655624,18.608481787506157,4,3.2289417049308664,4.16360476983933,6.406140924165752,18.009488758452807,4.577238082927881,6.413458154307118,70.29788034365343,9,0
1,2023-03-28,MC,5.573883953347529,5.231682513803421,4.525192801740694,1.5970257717564305,6.514104265191094,3,2.509791691203946,6.15409929144732,5.355886370006427,14.796892017835788,2.55538030803987,7.427800135220561,34.81348484191985,9,0
1,2023-03-29,MC,6.0,2.6630831798330874,4.941188818384814,2.1516349143002973,20.29201216562844,7,2.5195091989826675,5.8721800080597255,4.975048339604456,16.00553521845514,7.356762924055135,8.62723813314095,45.93926535963798,14,0
1,2023-03-30,MC,4.5817635169754825,3.7032749830787757,5.099084904996994,1.839633986225627,14.675540776225844,4,3.6622623288776297,5.112908427131247,4.659502254552737,12.287978661766266,0.6955699627175651,4.57414028853822,10.0,9,0
1,2023-03-31,MC,5.130249752852093,6.0,4.92175416854827,4.6067789280673015,26.001241377187434,6,2.5543347998753645,3.182108497250417,5.655716970061072,16.526981362940212,4.301520268115774,5.4329407174586395,32.42444280805278,13,0
1,2023-04-01,MC,5.653538935026916,6.0,4.033092706575735,2.8354982129630297,22.390062132158654,5,1.8433078176697808,5.241315971040307,5.259618130723361,19.88280540760194,5.640148978021274,6.1873456357964765,65.14643473209118,7,1
1,2023-04-02,MC,4.516467810915768,4.983195943597568,2.655144838693335,2.7028150141505884,19.70294681846196,5,1.847317747646203,9.419171848312915,5.8280887686296525,17.41925921391021,5.168869768066624,4.463921140645762,34.26173365753364,13,0
1,2023-04-03,MC,5.549035015635073,5.243384008106575,5.490164880964579,3.6109069002791885,17.9404135565625,7,3.1214586375169855,3.2278945766735787,5.354937517057726,17.65423582782071,2.0270388612706856,7.07458447951828,72.78557170680192,14,1
1,2023-04-04,MC,4.206272864125326,6.0,2.1290685452514464,3.5075660287054844,8.6350281428335,4,2.0794439366510664,3.9968777076219424,7.429937339883891,13.486457267278919,3.2488666296256743,5.1110305712903195,57.269239456039614,11,0
1,2023-04-05,MC,4.335697748530572,4.704601444629556,5.039783218368731,2.824454282509693,19.27579535018145,4,3.189050606386146,8.183855686024343,4.896589998375362,16.23313562086752,4.425675546819918,4.2652544929101825,23.843543306540447,14,0
1,2023-04-06,MC,5.384509062627197,6.0,1.264299156271231,4.206940599955283,24.600908056424718,7,2.8377866523403315,4.6784282787896805,4.4108781357809965,18.723533775898066,2.796775680828895,2.999726853435776,77.84957947516115,14,1
1,2023-04-07,MC,4.4617307652451,3.6191274419413197,3.7679875249585315,1.452367434647246,26.001241377187434,4,2.2121978370743838,6.6196275514459195,5.029597813999586,14.410884435074067,3.469777633187433,9.812241370874743,47.37759246743036,14,0
1,2023-04-08,MC,3.3897066584130444,4.65098345039103,4.019598828049995,5.161362742639692,19.502891755909015,4,3.502305143459017,4.09983092458452,6.091956356522659,12.66118358193703,4.210000273293333,4.194832503934393,75.14486599918061,10,1
1,2023-04-09,MC,4.72809803523284,5.206685096949862,4.387032938200478,4.155514027722713,10.249940485843227,6,2.747993430593157,0.4828798366318273,3.898558646584226,19.073570726892115,5.027750793378269,7.409468087756913,34.735149185798505,13,1
1,2023-04-10,MC,4.191245513329619,1.4899454970363126,3.885793060067963,4.455561413548493,16.11007881619987,6,3.686801517827294,5.179491436996851,5.147403209180336,18.475949724410963,1.5211451117733317,9.812241370874743,39.83552311227109,4,0
1,2023-04-11,MC,4.9305315675386145,6.0,2.1504440179253694,4.566945438933821,17.83901354195166,4,2.2889322736239825,3.5339149075595264,5.162038940781653,14.425412817272761,4.2427622071560425,1.190422462586219,29.625028528318673,8,0
1,2023-04-12,MC,3.987616794948649,5.955423603746705,5.528289775106552,3.513396341392947,18.87451226985312,6,1.8955896946554778,8.205592645574486,6.29166109605537,11.71185313696642,7.444517888847367,2.3086179185946136,87.89478336709718,14,1
1,2023-04-13,MC,4.6928184421304895,5.879538752238362,1.270243423815165,4.632311983635578,16.65326118772418,6,2.5987397356735435,3.8115978559827743,5.054693237790062,14.511984347173067,7.2843908481990844,3.0554288742736078,53.91084972719455,5,1
1,2023-04-14,MC,4.812796517986078,5.127556757598504,5.262198283848175,2.5564458068141365,19.489360799330182,6,2.9723064820558323,5.765403613962568,4.016176035509148,15.259909399973443,4.097462958380825,5.916785830499643,80.79342115913737,14,1
1,2023-04-15,MC,5.9397077009627814,4.16157473390872,4.975367418500495,5.011930732812517,17.351944075340302,2,2.820299981454619,4.9204699216546794,3.2590578147220666,18.732801971310092,3.974322423817495,9.638378377933666,50.19323593894995,10,1
1,2023-04-16,MC,5.934758990182571,4.886192856093435,1.6624100482935609,2.5583097438455766,17.051620165068428,6,3.7484272226092554,2.7435519797135726,4.5403959988508875,15.307141204860482,0.6955699627175651,4.954750101647992,70.65189344917162,13,1
1,2023-04-17,MC,3.915658203788806,4.192540447526726,5.275577501549003,3.4168632410652906,21.84547813137127,4,2.7289366154687804,2.2686519756011543,4.901273894672151,16.36954140086915,7.890697959145112,2.3884259484748322,14.971231072845203,7,0
1,2023-04-18,MC,4.781447814811806,6.0,3.370357572694157,3.630379503691025,1.1321245614879363,4,3.5102062960565017,5.12017926070061,6.172005732438953,16.242400975311817,5.879806380038364,9.216286088702956,55.16863632337366,8,0
1,2023-04-19,MC,3.481585097455005,5.27201656714206,3.40150916494333,1.452367434647246,21.96976617882081,4,3.7079989587675413,4.843498794197601,5.0356804490278,15.01088879351819,9.088544895088315,3.3871190380958334,75.04711926677817,14,1
1,2023-04-20,MC,4.486391063295427,5.12627000186668,5.392265606738373,1.452367434647246,19.152185865225487,5,2.429285371247248,4.311605555701608,5.142627065729568,17.62548357643128,2.51549508143909,5.1928303279235815,67.67263948602553,10,1
1,2023-04-21,MC,6.0,4.801124492507374,1.0612482916523953,3.0326898666565194,15.248191651086028,5,3.3982412310317014,7.19404913283216,6.30409856729103,15.100443697598587,3.8578389957803005,5.5821147360266465,41.339375059897314,13,0
1,2023-04-22,MC,6.0,1.8217638341594415,5.528289775106552,3.997677238464896,14.824383995061568,3,2.5135555688818667,2.5482972530097348,3.7634353682143447,9.871273939470637,5.61835671029682,6.4880738635825175,38.53247312213263,11,0
1,2023-04-23,MC,3.432654583868943,6.0,3.9910987230139057,4.300431299450563,13.40956033397462,4,1.8748705123720488,4.578372327293934,4.45148660502542,17.2842410101012,8.593179157914557,7.45818011278906,36.57511371123622,12,0
1,2023-04-24,MC,4.193989418572078,4.895492639710008,5.103726403987662,4.362464647263288,18.433675336264614,6,3.177401619500773,6.487957722109353,3.198382385098917,16.931468406201077,2.1939384549857115,7.4218305058346825,35.77209872611144,11,0
1,2023-04-25,MC,3.4160555428331745,1.6544339715253054,5.012758158200608,3.115383406466438,12.56579917089187,5,3.1987942126677447,5.638735149013898,3.9913000584244047,14.52898838647343,5.942194836904975,6.577764382863897,47.326396221272205,7,0
1,2023-04-26,MC,3.4161913541578377,4.793466858201688,5.151962701543884,3.3291065790070307,11.79157329274902,4,1.612585185007236,6.227077661139991,4.6798444375135135,12.950943377078922,2.3597909393546774,0.7843766691272918,81.22997034622894,14,1
1,2023-04-27,MC,6.0,4.043952090042941,5.177822109040989,2.434593737026483,16.83131633230672,3,2.174570630925998,3.806392214422899,2.2845838511028287,17.33133460037511,4.872959101390199,6.003787126155379,32.084140319724824,12,0
1,2023-04-28,MC,4.838433696373171,1.6314028208416023,4.432525686296817,5.020105735123405,11.078194712884356,3,3.7513272747699506,4.913339235291221,3.7765869109004084,8.984324977992529,3.0606052861464503,6.607279117219027,82.86690991216939,12,1
1,2023-04-29,MC,1.563781777906632,3.2148095167870836,5.528289775106552,3.363456308167721,26.001241377187434,3,1.879755584272777,3.40182395695299,4.8623932337080955,16.107256626915145,2.143697344522441,3.8114020496684904,38.86038912790918,13,0
1,2023-04-30,MC,4.2462303219339885,3.5910149261736986,5.269911990389807,2.002336367222858,12.17989043090817,5,3.273865338343512,2.8502335547559032,4.0009580618284675,11.8938255212812,8.593975475808707,6.183626603843386,46.96688341502343,14,0
1,2023-05-01,MC,4.428723302688822,4.573737123335074,4.031190505595122,3.424186590417757,21.4409683308084,6,2.6046584715984706,4.276146762798139,6.2282939789912835,16.562872808332553,2.879319080920767,1.5337602391294567,57.26013527257063,9,0
1,2023-05-02,MC,2.601409367336573,3.4363712014923085,4.60380915491162,1.452367434647246,17.285180665411367,5,2.137552338679155,2.539253596196499,5.952577815133536,9.555812002542316,3.205234743268692,4.4739770526309375,39.507970610863424,13,0
1,2023-05-03,MC,4.714403938483733,3.548881365995279,4.948410281989943,1.740576834513418,17.553236374134414,5,1.5897000035515245,2.61242374747932,5.550019095740265,16.52488228765617,1.5842428586943136,5.253272691625467,22.926196582674955,12,0
1,2023-05-04,MC,4.529888166129417,5.436356455760254,2.777576549079472,3.2766968799196423,12.003910606596033,5,3.24219230790415,3.6308664795074495,4.910015203816016,15.628566928129853,6.902468288674554,3.236735444523557,17.526718329174365,8,0
1,2023-05-05,MC,5.158170055513947,4.978192416548316,3.953629209321642,1.452367434647246,15.618559433939605,4,1.8070675730102954,6.829541010337342,6.3000978133740375,13.38067973666756,3.3404442413507294,1.2659734879125484,78.18798798533751,11,1
1,2023-05-06,MC,5.081488720489947,3.524615843394911,4.995096599446235,3.037979656911348,21.510551905990106,5,1.875014700292724,4.941496744099869,3.4582182109789117,17.0506153372582,2.9990901472157856,3.4666337572970884,28.522010419484218,14,0
1,2023-05-07,MC,6.0,6.0,5.105202406558517,4.731019879573463,23.133249408293,4,2.3865930409745655,8.240696538222553,5.477764756512316,15.00323750834639,6.605481483524228,2.954241994908904,60.325946922863565,8,1
1,2023-05-08,MC,5.738384129395117,4.098996258302437,4.72673034986347,2.4914105029552367,14.197280806662063,4,4.1703429737068936,2.335991848649912,4.728966269486877,17.294757693827396,6.674950484197666,6.742333844357044,16.569270316426746,14,0
1,2023-05-09,MC,2.790664909221853,3.657164666445571,4.007857567302303,1.7017530663771498,13.212922095291363,6,1.8879331678713098,1.7120112036673982,5.540554337415988,10.17720213370209,7.4053444731874,3.235730415317944,68.5742383678186,4,1
1,2023-05-10,MC,5.06486329351377,5.459456913158029,2.7885466981618325,3.0143387891691047,17.74538336741323,5,3.2501780209893862,3.622725827979153,4.23636043915174,16.190466254180976,1.189943128666786,3.7294963684534634,87.94493498227277,14,1
1,2023-05-11,MC,6.0,4.740760948854114,5.472674570344932,1.623722874690469,17.27540832439873,5,3.800171355568531,7.377055875318943,1.6417512589629486,14.761382542419208,3.234401391245046,7.369168414489305,15.429136653247589,13,0
1,2023-05-12,MC,5.471407325765877,3.8892560434255685,3.7941963995710535,3.0775983510788105,11.961881988027788,6,2.7653326804950575,4.3128056378413815,4.272701049110447,17.434788443900427,4.90301798806825,5.992209270559571,40.11279667627142,12,0
1,2023-05-13,MC,2.8579280621100134,1.9052752503684087,4.485635216667124,1.9964937142499948,4.522851622976187,5,2.9762259332345216,3.8392140705992173,5.253728235708479,15.003687373305171,4.291366617689242,1.930953681250775,102.20469352549311,7,1
1,2023-05-14,MC,4.780426847838331,3.7866788139945795,3.5446312370440847,3.7993568190394456,25.08685561107837,2,2.501478320339475,4.164528794581834,5.36739287789914,13.51995369048916,2.624212185659036,8.858342263688456,57.731701831630616,9,0
1,2023-05-15,MC,4.841030201547155,5.934175656642762,4.753355881216776,1.800918622117272,8.07561193623813,4,1.7930220384089812,4.708210431394637,5.342986896580063,12.70423080580774,5.197686160782996,3.627748131319434,32.82125276573421,12,0
1,2023-05-16,MC,4.751909886876708,5.882299012286867,5.251256643485249,4.359572950533294,13.13612577775258,7,0.8784029711599339,4.517741061811536,1.7427807704619618,16.944877310458576,3.478911493261463,8.176680504892488,58.208830470565886,9,1
1,2023-05-17,MC,6.0,5.082562962649717,3.972191725678282,1.696277402455593,10.217398429830645,5,1.8002259678847654,2.395492128160256,6.119352176897177,13.829300083866661,5.9768143410878025,2.1925530560867252,77.14079826927525,14,1
1,2023-05-18,MC,2.413729755113005,4.416677257186056,4.611393084859813,2.9273576613534638,21.643492290212237,6,2.7426465769227377,2.330949021345322,4.4503776308500305,16.056141059361046,2.7588866064157926,6.85151875490623,50.44866457079993,13,1
1,2023-05-19,MC,4.5729508312888205,3.8587808881407484,4.40015956020692,2.651841351377538,13.115930854063647,5,4.121491549684679,9.489009165090545,5.3512840329543305,9.032124152582997,1.4029200601448926,1.7414862922392809,64.02917375874036,14,0
1,2023-05-20,MC,4.809653324405397,3.1925376067952334,2.6399946840464605,3.3424921532843674,26.001241377187434,2,2.155489056979616,6.347928163187445,3.773693648498717,13.272563002698563,1.3434094017416376,5.6699285285791365,90.18802917740476,12,1
1,2023-05-21,MC,3.927468720393711,4.871906675422848,2.9540527430926145,3.694881847340018,19.7155499905861,5,3.097115493141138,4.828580880593416,7.366707474047297,14.426904835774325,7.657563675921031,9.399526742836805,25.98183613156053,10,0
1,2023-05-22,MC,4.62779540342807,4.836256199509326,5.192652228647568,3.1527538214852777,14.310539809973934,5,2.0331305765519034,5.95895410878202,5.540471835540796,19.014647350062063,1.2774368061125845,7.261920072571398,31.77401077860149,9,0
1,2023-05-23,MC,3.2706001435809364,6.0,4.279617733739558,3.6028741987585997,11.092666728869562,5,2.5031527092954344,4.620918248601684,3.5278197230621933,10.405543302250205,4.84297476751718,5.263088748828786,38.9904833114686,9,0
1,2023-05-24,MC,3.511951365493549,5.582266208739246,2.962811959540876,2.59538473172092,13.982534507649106,6,2.8880222013755636,5.23218512860711,5.184143520138562,15.838048891398728,5.943953075106294,6.770276353904117,52.49443798134879,2,0
1,2023-05-25,MC,4.999191725375947,4.217604750825847,4.333719319511223,5.1358425265460825,8.266379077669384,4,1.3234309939292213,7.349991332938172,3.6933448252676278,15.251976663585618,2.1051934355594892,4.139545055554049,72.84261620859681,11,1
1,2023-05-26,MC,6.0,3.0662877352817857,4.321612511981251,2.2739485115356928,13.747681744424241,4,3.235472475566018,1.7014307500769301,4.538638586491663,17.857549559279732,6.009949233383817,5.525021475418214,70.29881187846566,11,1
1,2023-05-27,MC,5.351235721817994,5.526058476052754,4.403929701670232,5.163162465575828,13.010547745419068,5,3.8965309050083308,2.594046354599455,4.363786572705312,15.504443392506461,3.308468914633728,9.047017700892791,44.414664465914655,3,1
1,2023-05-28,MC,4.561367865741041,2.891398777883405,4.614987900112675,3.790877857030209,8.701500043048203,4,2.017331068305581,4.066114707618846,2.6883165879819995,13.501049011469464,4.406414587608751,4.49323778093419,48.77264735543554,10,1
1,2023-05-29,MC,3.473240722245905,6.0,0.6607423415302129,1.4752541946605997,14.57903466519204,5,1.921291696168919,2.2943450672158714,4.777143718753689,10.331497209141979,0.9392837646654586,4.040026269479465,21.155133542053015,12,0
1,2023-05-30,MC,5.34303421736874,4.524014324812519,3.449796613832692,3.1682615736263444,15.616778782125667,3,1.165441720457213,3.6335584332774755,3.951417473428087,19.857300633067883,2.165201704906585,1.720977940610724,37.5060546877354,10,0
1,2023-05-31,MC,4.073110670926047,3.38043525861884,5.345965072859322,5.026542421955635,26.001241377187434,6,0.8846179032235333,3.831896106181632,3.319707015116116,15.900034697272464,3.099856223342711,1.4942907069960367,71.41501898830559,7,1
1,2023-06-01,MC,4.818185789260568,5.0289325060266,4.026278382777843,3.9776255458025105,22.217729132665195,3,3.1305305892997355,3.7954026440377864,5.670133479785446,18.709086841241316,6.087003051802924,2.1954196052893176,76.98325663344481,8,1
1,2023-06-02,MC,5.841916874367159,6.0,3.6232603858721135,1.9461666941085645,24.960669661685664,4,2.063127521090845,3.893771300748326,4.421400897197022,14.005425894966558,5.686801380462995,6.5600509790971815,86.64660603796789,11,1
1,2023-06-03,MC,5.272344908962154,4.324484540096353,3.52137301863431,4.166978158839065,15.293030797319235,3,1.8246872499071953,3.575967974611645,4.7448855299343276,14.626446182696649,0.7436345319797382,4.8443634652588115,57.86519688667399,11,1
1,2023-06-04,MC,4.9024750333716405,4.35509944342744,4.327456943998273,3.5138781494897127,12.880493684774642,6,2.7389029876951563,5.503052317839572,4.648491819458815,18.48125773228705,2.662866741100715,4.1962429931311584,51.85326027850962,13,0
1,2023-06-05,MC,5.326261461444322,5.19310300052891,2.8503789777885626,4.884733882801611,21.361474538279392,6,1.608121973720008,4.7514587523022245,6.388829054628954,17.33947157609328,1.7935996586324192,4.923895091746223,63.63614148930654,7,1
1,2023-06-06,MC,4.92322146515826,6.0,2.6160157161525484,1.5367464695307922,22.202851047428155,5,2.6282427788393115,5.359468052440532,6.170261601812996,18.540075329684814,2.775807187900325,5.399016972509795,23.846196351655948,11,0
1,2023-06-07,MC,2.1506761756095534,6.0,4.03238258516704,3.4718080764035486,9.371282689355173,8,2.1810809454090934,4.066331311384404,3.9261210873809147,14.290952824038964,1.6184865936017139,7.151403069139763,47.22010917362799,14,0
1,2023-06-08,MC,2.3592820195684996,3.166850403711677,4.912308828665382,2.312087821681766,19.619901788588393,4,1.903481189588983,7.003057628900977,4.118031618693742,18.43770824523855,2.6756384323103757,4.734357861719174,10.0,11,0
1,2023-06-09,MC,5.897088748126983,2.746272306289421,4.972556317225054,2.250069373107983,15.47531232347053,5,3.1477926175185935,8.974137129983122,6.097367867192249,14.263376781097996,8.08002753541964,2.6296343114994496,72.80420949628751,7,0
1,2023-06-10,MC,3.8951852179473194,1.4234289832371936,5.164447052034422,3.949429822350776,9.132192746188302,4,3.7517297915522714,4.600819042169229,5.444214326129673,15.035833915436553,2.4061737354952366,6.993764749264024,95.49048375820504,11,1
1,2023-06-11,MC,5.128310824989656,5.986774685805613,3.350201996718439,1.452367434647246,22.836803619910263,6,1.4597140086871032,2.782790772799655,4.317515864385595,12.245292451665962,3.06335865928217,1.7985215358113567,52.146775355818754,9,1
1,2023-06-12,MC,5.285232472573416,6.0,2.1461775483990397,1.9846796560119793,19.872652264092885,5,3.2109551656464936,2.1630060840742624,5.75295702749413,17.264642326459544,3.207867420672891,3.598589554575675,44.05972892996855,13,0
1,2023-06-13,MC,2.763657536488771,5.324159407542231,2.2303429714350598,3.7103776973135454,10.684685020532296,5,1.6452677941355867,6.3177756218353105,5.177369809738567,11.608189839557767,3.8348020324722505,4.234842827206233,39.177965949101036,10,0
1,2023-06-14,MC,3.8178871008947044,5.754273938624472,1.6044246776845221,3.89107163037728,13.946083944099492,3,1.2932011591082477,5.212313116366948,5.316611459226532,12.687765928730144,5.118334177183439,4.039405820973017,37.13166729562609,12,0
1,2023-06-15,MC,3.1785355767932497,4.402987316027234,5.528289775106552,2.6745497443111015,13.811461805232524,6,2.067772207747615,0.0,2.863548349727342,18.575765303474867,5.68608244530387,5.6320496822311314,16.232785522623036,14,0
1,2023-06-16,MC,6.0,4.725349021449864,4.153568653025949,2.6486536066862936,6.759412520358776,3,1.3984761911416554,2.9910565432902088,6.323845978780177,10.860050989200527,3.128237158721972,3.591975432462432,28.262477431679365,8,0
1,2023-06-17,MC,5.654413327806662,4.028253040383195,5.528289775106552,1.452367434647246,22.479944873659452,6,2.5579727953569127,3.2558781528318,5.379603103531908,17.27264663370002,2.9423324015463996,5.875149101583224,23.746680206846275,11,0
1,2023-06-18,MC,5.467779190854195,4.526983110998997,3.744932646496202,3.5384166263208927,20.041406005174856,5,2.794722988234814,3.756224938423568,6.061728870887187,17.426122962619306,4.407964547727972,8.346691738348056,35.22739669015174,13,0
1,2023-06-19,MC,5.328505593448349,2.968918152941338,2.264794585809233,3.027672623921108,12.857559968308129,5,3.956306305279745,5.903777873210306,7.285649903045272,13.058575376546454,9.44583704609693,6.743224711546416,43.640071250065546,10,0
1,2023-06-20,MC,6.0,3.311821436767108,2.6944439209397295,1.6620440587039713,14.015201316313004,4,2.3713948467719335,5.778073792922228,8.465535189100576,19.818102592525904,6.249260201888003,4.901261857937939,73.73615016538932,7,0
1,2023-06-21,MC,4.045161129512249,1.1944782094895285,5.471939860742165,2.7371522601017215,19.14402740325724,8,0.4893146430178912,2.2209446159258817,2.7081819071084636,16.41949638997654,0.6955699627175651,4.165956536213255,12.042113312060941,14,0
1,2023-06-22,MC,5.015444821927221,4.83711379255345,3.411389119167132,2.155485688278544,14.145602324004813,6,2.038730049451196,5.416530402861266,2.6714575741821407,12.74950580790082,5.036445142713686,5.303219473271197,63.03126843173362,13,1
1,2023-06-23,MC,4.4291069719640666,0.0,4.281392720991814,4.094257885179517,17.349266105585755,5,3.032176677481253,5.422631036055458,7.325926679282458,14.43631987384033,1.5211128653112924,6.14544109151322,74.4761113671433,8,0
1,2023-06-24,MC,4.93216368597469,6.0,3.414463792843927,4.35076539337507,17.552079796012617,4,2.2115962856878286,8.876171582649457,5.9745926150534014,13.67314513935424,7.606703090379078,3.4984959317104294,54.39425969971636,7,0
1,2023-06-25,MC,3.8731469991190277,6.0,4.540459835715444,2.1477494762433573,9.730117815607812,5,3.2447409329984147,6.211183199189525,5.239699759088723,16.847421579892824,3.1526282991963606,2.605921568093399,91.36883719234291,10,1
1,2023-06-26,MC,6.0,4.691710876220595,3.3027327329487677,1.452367434647246,18.07520166084336,5,3.186199250270272,8.12033158938428,3.199845070565907,16.54362168958665,0.6955699627175651,5.347405637844109,94.69001692891808,14,1
1,2023-06-27,MC,4.483941986573409,2.859218148313885,3.731472037200276,4.504482895496046,17.891528041819203,6,3.930992340466012,2.5916007844424978,5.80288381598981,18.13034476507505,4.258386296555452,5.7656404260933725,39.060836758250886,7,0
1,2023-06-28,MC,1.9231112602461202,3.2429808908123423,4.408012134427488,1.7913997760715796,22.159615094040458,3,2.5435696616551877,3.196494251488043,3.2008108557362975,15.097594900000121,7.652033086022238,1.6684240481146375,10.0,13,0
1,2023-06-29,MC,1.9582075039262918,4.825277825077445,4.732902481423764,5.03833751569452,12.398199881193875,5,3.5469937861535628,4.227048530217065,3.045125716113387,16.82094342158105,6.642114609547518,2.2590251429531047,67.54127123894247,9,1
1,2023-06-30,MC,4.887606464159977,5.237798379279762,4.049033921034997,2.6476774302156687,17.129436992437203,6,4.310975039743519,3.1320843272393324,2.6167330749133892,11.971706704491838,4.1418577785273785,9.812241370874743,78.85245955515386,13,1
1,2023-07-01,MC,2.8250194119920002,2.9135230458082044,3.354938645743647,1.7259244635046982,22.183787566784478,5,2.443889178532083,3.925910502802104,5.121385315615866,17.82741618205084,1.8218019801059229,4.132506505702695,42.878843338402994,6,0
1,2023-07-02,MC,4.696192858779485,4.06494189169279,3.405007988912068,3.227212462745161,19.04848640969326,5,1.5414436534328768,8.013243341931794,2.2235449365552675,16.314777095409372,0.6955699627175651,4.516361374090794,59.19345090338196,13,0
1,2023-07-03,MC,4.007465517669448,4.784768592942366,4.241813913033631,2.463184849205685,22.08238783535685,3,2.771615233015233,5.228868380738866,5.283120574548916,14.083049485041396,2.1238583137462443,4.985996917312117,68.29704310142841,7,1
1,2023-07-04,MC,4.336317096061453,3.0442360910283073,1.4420219967182548,3.1979502990973074,17.348615964155474,6,2.646345747586234,7.587919069789651,5.6172337962163965,15.7617525510531,6.696007103813473,2.5969976469351783,74.5521565953996,14,0
1,2023-07-05,MC,4.560635457281779,1.3986108505721637,4.365260928331905,2.1420319741000613,10.07529532248496,4,1.7117775499197583,2.396209810185952,5.92804460645134,14.393270045712711,5.34163229317798,6.202037872029303,49.585719993427105,8,0
1,2023-07-06,MC,3.9058716462064864,6.0,1.848341233892841,3.325512779810347,20.250767978288042,2,2.0308672284764824,4.388030217890865,5.9544894133809425,13.92795196787612,6.594096047729534,2.993258450393205,21.339668549536594,11,0
1,2023-07-07,MC,3.1115574501981245,5.669577384680479,1.5771150457552634,4.1387036809193924,17.516140950132957,5,2.749529389009177,1.3718579097667973,5.29557637246811,17.131952480192474,5.393282674914792,7.11624117706924,36.84026498461575,10,0
1,2023-07-08,MC,4.324239996249089,6.0,2.558996265111848,2.80823649071085,13.320137989425382,5,2.130881599691031,8.606194944070884,6.550967345577179,13.177588453077355,1.67130449461478,4.304949229837904,31.653795675209455,14,0
1,2023-07-09,MC,5.624442877937147,6.0,1.3343381994193466,3.6858061813271314,25.663534449284523,4,2.124816745651475,6.031915295451651,2.9749973567447645,16.208796159834836,5.593200181706369,2.4862907135078487,18.071470016586787,14,0
1,2023-07-10,MC,5.33670445545905,4.245700125983819,5.293600971737274,2.0254072473793268,10.39730075889076,5,2.8545880320087997,3.9741432294525603,4.861092459218955,18.245542397425353,1.4022571583446797,5.3653895695303095,63.17087075746312,11,1
1,2023-07-11,MC,4.699589251029837,3.2355504815345495,4.056487733401462,1.9779380779438642,17.805740770365123,6,2.0871358715356156,3.7811734554578575,6.559663352553343,13.263597209605159,3.5040066336750506,5.914702755310702,84.98196559046683,11,1
1,2023-07-12,MC,5.180333591721549,3.1404006813841394,3.816100389648417,4.942733388104221,20.547760136177537,5,3.055999581994475,2.9093736143101343,6.498556566985837,16.471567807763975,3.2515527543484324,6.6328136845825005,17.33182579963289,6,0
1,2023-07-13,MC,6.0,3.6811146629547276,4.345096707673258,3.959914043809829,12.864866955388829,4,2.234593554508696,5.106420339693576,5.556451556822216,18.10171846157116,3.6548245993150514,4.629998179696566,49.297696717222884,7,0
1,2023-07-14,MC,2.582029662365973,6.0,3.758610105953946,1.452367434647246,21.611486755800883,4,3.770808009790205,6.240615925160749,6.73337337642241,16.754957464803798,2.140186019206762,5.754825484130175,69.28765633712973,9,0
1,2023-07-15,MC,3.888193488702501,4.807219502990463,5.528289775106552,1.6463179115848776,5.526503286926794,4,1.8335850618506042,3.973630963056808,6.018233505673897,15.994141500109727,3.888636821973953,0.0,54.59845655675962,14,0
1,2023-07-16,MC,4.542644386191637,6.0,4.698296450198839,2.8622422249490143,6.79763292019134,4,1.6014786788719186,2.558474057711265,6.243363104598973,13.849443355745231,3.5661916574567205,2.5417085334112035,24.28265552083117,9,0
1,2023-07-17,MC,5.63156654480837,6.0,2.5051965411073294,3.241197071894643,21.1456768282027,3,4.35809228650007,5.490237100439151,6.447887409749936,18.059447268804824,0.7999876107818382,1.3574135751348342,26.08670072237277,12,0
1,2023-07-18,MC,5.043091789216492,3.625739615349766,3.05459025296106,1.6553131049508842,14.82848558539984,3,2.2126226567864986,3.2937601342227385,5.062759430067347,11.742644800891075,2.027686114944136,3.7957623808636876,20.09033574954687,11,0
1,2023-07-19,MC,4.314930005074442,3.368566730167637,3.880396133144318,3.8641766270667026,17.68574805507743,5,2.19462235054326,3.167831324972164,4.650947872407731,16.333301164608233,3.0103508822351928,8.475885920018925,45.247436513057714,11,0
1,2023-07-20,MC,5.549998635109619,4.23826478976741,2.656458913150691,5.037909227308802,12.058359116200862,4,2.9039759680177593,6.026147810821997,4.722736435940258,17.301448203493024,6.406129908797385,7.828042941244034,62.36388925399834,10,1
1,2023-07-21,MC,3.665703690706107,5.30305493225633,2.440800691674547,2.493660606826975,21.10501729871892,2,2.1037507094631955,3.7854759296378466,5.085865159476175,17.51571733901968,4.804449369763156,6.828480017263554,67.58563261041355,11,1
1,2023-07-22,MC,5.121326061301007,6.0,3.744108395888719,3.068051095396521,9.001198525040515,5,0.26600631123131535,3.1689379580636303,6.462314194773319,17.69861592772759,4.211463398891189,7.174753600808245,34.73459232298197,14,0
1,2023-07-23,MC,2.883691720868693,5.990423057024044,5.462913727868502,2.90738520961275,11.25632288746261,4,3.297251283835217,4.57431698284722,8.246613049037853,13.702670618419369,2.5876611400341796,5.396537640106086,14.320489912639868,13,0
1,2023-07-24,MC,3.798769873216833,4.768320730046544,4.8562891099411125,4.959184260548491,8.724564072688649,5,2.5406172246653167,3.466575293574257,4.219319044811021,17.08598963677124,4.274186028770629,2.833894977718779,32.17657006116055,14,0
1,2023-07-25,MC,4.552092943262231,3.059190453099336,4.041788838467282,2.1352707680601144,14.891793489013438,3,1.1640897302529036,6.430967264641531,4.388589428735974,11.698943586253268,2.6286586370459624,8.00134355186426,62.96418012584483,12,0
1,2023-07-26,MC,6.0,3.7247158533368836,4.694057869426424,3.347886269359516,14.034204975545823,4,2.0607782262586656,5.095053647716554,6.409954848396276,19.249077352657693,4.606457790024153,4.110438129332099,71.01710149522613,11,1
1,2023-07-27,MC,6.0,2.1831826282697078,4.038544160515477,1.600876095551837,21.203656416385027,4,2.604604490838253,2.820080465801006,6.403968376519071,16.582378958273313,1.4225752382469214,5.502109401536216,67.20269695684712,14,0
1,2023-07-28,MC,6.0,5.847283818933548,2.9294519624550963,2.288665258690557,9.368914516110609,3,1.4557351979831625,2.0024867013288845,4.867890346961583,17.945869533716714,2.60199474116019,5.033820907675072,48.65826074893586,11,1
1,2023-07-29,MC,2.8636520482767294,5.376265450986453,2.448294091031747,2.833739005879192,10.758045808069266,4,2.0065565864607287,5.030510472145357,6.539595457709212,13.124949095830255,4.27123671361718,4.984321401007566,59.23400555179695,8,0
1,2023-07-30,MC,6.0,4.413607102923313,3.455932332267824,4.013948740658234,10.037803622017073,5,3.5394493555884607,5.395556446630204,6.59851956492905,19.494951654633965,4.681909513815615,5.332483527249551,67.16871913485285,7,0
1,2023-07-31,MC,4.013054679742737,3.758358922370558,4.213560669376295,2.7612723363854905,18.506482275650583,4,3.505307343824347,7.08698796021978,5.360281603339221,17.63147122250712,8.652866001403506,1.035615329972439,18.703947168093283,13,0
1,2023-08-01,MC,3.8253387219715957,5.366584908020133,3.7514113290866145,4.6244931622377266,19.060184791151286,6,3.1784257166811845,2.4580632014007313,3.478363726879149,14.69834790954674,1.7805291369495668,8.42559669984627,53.150475643183576,13,1
1,2023-08-02,MC,6.0,6.0,5.390316482409233,1.452367434647246,13.240329712119019,5,3.369409916793601,7.69328311334203,5.530401279846751,12.72710839158333,2.4293969249532044,2.5508249911857512,110.71026957425393,7,1
1,2023-08-03,MC,4.797689235463347,3.285700639266907,2.2994709774639457,3.361257649535658,6.477520009473381,6,1.256496772681621,6.697591487606765,4.496901201986653,16.055905590594346,6.314950661326207,2.847923890850779,81.53080383671897,12,1
1,2023-08-04,MC,3.4706691450292704,3.922805758597622,3.4515979070533525,4.350051207468966,11.570853946329773,5,2.453753571033188,1.0689220857597383,4.500817401674252,15.644333244020615,6.2316266752359795,5.216648757389236,27.058618327053203,9,0
1,2023-08-05,MC,2.1342368437940995,2.4937142055740082,4.364481754243805,1.452367434647246,21.810613791016237,5,3.324339456076928,4.920691089659738,5.62251121264782,17.120854091948367,4.989521429661522,6.6776947806306595,43.88983933713028,14,0
1,2023-08-06,MC,6.0,5.508012801312885,1.8738522531587973,4.448642615863194,16.586315932536586,3,2.9122391771180958,4.683318880326345,4.888584638867916,15.655320963693384,5.185339844409018,8.018960963327352,50.528246273906475,12,0
1,2023-08-07,MC,5.645621399218628,4.034192306632168,4.81885927835178,3.1557787012720495,21.858479623968677,3,4.350886474941177,1.0275319787952337,6.080118626825928,18.04296366672423,1.4837307298966969,3.2047143573515426,68.41047511772837,7,1
1,2023-08-08,MC,5.605280842912334,6.0,4.756385154183169,2.531728788084302,15.23673409634326,8,0.7423838632695671,11.573836662526746,5.71283285451153,13.157862036747522,3.469355660807861,4.179525691689844,79.25367889354436,8,1
1,2023-08-09,MC,4.883014388527872,2.9839845597799863,4.081675120803636,1.749070704268611,14.435529678362865,6,2.1260092385158447,2.2023298177269957,4.789850560144186,15.468612354883149,2.7560174342484123,4.134219148105688,71.3517193135683,14,1
1,2023-08-10,MC,5.950451403201962,3.480619331689531,3.774865339481762,3.6307966113334325,19.700640237696348,6,1.4388314502736428,2.9906173904569417,3.4818991143335274,14.62474585158229,4.310877193112682,9.812241370874743,60.72277569220439,8,1
1,2023-08-11,MC,5.724678124716982,4.1009168226423345,4.73150259492189,4.46289411992518,19.59804881858423,6,2.58849463827081,2.1754371102026058,5.362867974960735,17.639054735888394,6.067437380575208,5.100963959477982,31.205021954253965,10,0
1,2023-08-12,MC,5.06451013454404,6.0,5.23259150595803,1.6755457623732164,12.23234174697325,4,3.124463479992247,2.8448735757539767,4.431525803519534,9.599068849468622,5.982102314659259,6.516231436054683,28.840700671971874,10,0
1,2023-08-13,MC,2.4340949193588353,3.612118479004401,4.3317405153701865,2.714104699416374,8.963621965677305,5,1.9509975686045604,2.4840347879048754,5.627614883639209,12.820074388269834,5.745199575577494,1.9849296293374197,43.82920694962155,14,0
1,2023-08-14,MC,2.7528946329034296,3.887895873886076,3.894975583131274,1.610441220393499,17.60184797490077,6,3.4741849689857354,8.355358975483934,4.814641136750059,10.307232989460802,2.893484781976404,5.312742021274097,76.96295854392245,10,0
1,2023-08-15,MC,4.077379029514776,6.0,4.064404324934161,2.0863579522927944,23.189023512663816,6,2.008445980993061,4.371057938890437,6.179638248421275,10.038582046123796,1.648599264644199,6.034044154401286,54.628000752977435,8,0
1,2023-08-16,MC,5.789743254821181,2.5833268483004033,2.6757754116863466,2.1141305420319996,24.36345102319042,5,4.124723799823233,3.6824491270858175,5.938600394608555,17.427582246828447,3.416134250681602,5.180387437856502,61.08398410186837,14,0
1,2023-08-17,MC,4.96911083287849,5.218933089174677,5.2501197039454155,4.835121764329196,16.194521596286904,5,3.0766523079632813,2.655714202561212,5.634827780086912,14.679496131404544,5.184063296963498,7.344082773586422,38.77871637042072,14,0
1,2023-08-18,MC,3.662549057197814,6.0,4.428737210935144,1.452367434647246,16.866828693871216,3,2.6832633166808773,1.9474891086502446,6.488383421775769,16.685165178525022,1.0829605840785668,0.025401226764125262,50.53582411583259,14,0
1,2023-08-19,MC,6.0,1.8180731583175298,4.694557753162818,1.8495477326587166,16.54961801242892,4,4.160766549411441,4.293504727658867,3.4850239957579636,13.268753404860977,4.164676889841738,4.568053988393793,48.22937266473922,3,0
1,2023-08-20,MC,5.072785009571087,5.905729465954796,2.0347709826140803,4.564438555975174,15.506219280101574,3,1.1208709013889473,1.3771863131392483,3.816823389990293,14.35062203200653,6.991673216500449,3.4083550427152134,43.458956286613486,14,1
1,2023-08-21,MC,2.8669837788264565,5.164448571190684,2.707362600229697,3.3738392459675035,17.026660033390254,4,2.2604469089953785,4.903450782734883,4.501120779213814,11.052825905992355,5.525799618840038,2.7023463753545087,45.3150730158037,9,0
1,2023-08-22,MC,3.944438839971927,1.4611023643897068,5.460877998170185,2.716158343496662,10.45322951429499,7,3.052730600868024,2.361705028041211,4.687189444838303,12.986280334096234,7.74925526403263,4.770076068284479,54.16359856596828,14,0
1,2023-08-23,MC,4.649022570687113,2.1228714719408908,3.76515688902309,1.452367434647246,13.763461406960511,4,1.7855967332418765,8.713396283015294,5.1412811661902085,18.563915008433973,2.475733538530115,5.415024132885586,81.38413308866471,14,0
1,2023-08-24,MC,4.634197677870481,4.666823088306473,4.5917221959801475,3.4305151665566127,9.754443794620721,5,3.500470367562855,5.50692225687808,7.193932346680088,16.382825859303612,2.2262000873681758,4.129447079185038,68.34029237857352,7,0
1,2023-08-25,MC,5.522114500178481,3.6511568506166716,4.423888929241732,1.8892857321068022,10.901757651790453,4,3.271555226321779,8.46872918924284,5.296055765176277,14.740934384318065,2.8370291010613715,3.146712215343241,80.59333164791332,14,0
1,2023-08-26,MC,5.642265609696856,5.03213955888018,3.7991584702759003,3.7047043754751177,15.487861432917278,3,3.7463536003787334,4.522398310378506,3.8819947684084304,16.49768690015998,5.387831180375766,6.987774441119795,81.25374986216995,5,1
1,2023-08-27,MC,4.326998744388746,5.966041574920434,4.993644175102654,2.9741362503121054,15.942216526758171,4,3.0082455918965314,4.381921379314625,4.386438831768197,14.382926981227493,6.132938306696108,0.7773797091779082,25.42453067286344,10,0
1,2023-08-28,MC,4.767796851239856,6.0,4.550594128494454,3.194251778997779,11.001368480359137,5,2.8450271055331715,6.513750853081153,5.999528718892361,15.149442769634712,6.847662956433471,3.203654811976816,45.962964951010385,10,0
1,2023-08-29,MC,3.804122082833363,4.554955728938048,2.908111680460257,4.827760399606178,15.516129426537923,6,2.964668632871303,4.535710881867356,5.09894485596284,11.306935434346256,4.3375001501097605,4.526485977124969,48.73397450649493,6,0
1,2023-08-30,MC,6.0,5.8117714589512515,3.3042488260091005,2.3522651095452902,19.169032338507503,5,2.0257047890568503,5.221623711794063,5.323830372021463,15.052156147643991,2.220444230724277,5.948478790555284,60.40719941934547,7,1
1,2023-08-31,MC,4.492606935718203,4.836137954448957,5.002284574714594,4.808536523723292,17.579930353141872,5,1.1685796484134527,5.814704156453344,6.206727210253644,17.737011853848912,1.6470295291551809,7.525569215844593,48.9696130134813,12,0
1,2023-09-01,MC,4.899998016888101,3.9204871728903705,4.648225245479218,5.727707274617744,16.264340480890272,5,2.986087742900182,4.966179475609351,7.203053564873571,15.440037947567168,1.4020792936487996,3.0885194384036248,49.86776940344094,11,0
1,2023-09-02,MC,4.722713009603805,5.799009689997479,1.3165353950094045,4.059021522632669,14.471512278310628,3,1.372622288194675,5.0496086276717165,4.894188429028067,12.579493530576256,2.3823067375643503,8.1643543065377,34.60119714418879,9,0
1,2023-09-03,MC,5.345106611861717,2.752339338214042,2.32335626265012,3.3454399053033583,6.406978111638155,4,2.7958952450804104,6.319850187425326,5.498279680184687,10.666599210600129,2.9634782222222205,4.0774117831518275,22.53346486803443,12,0
1,2023-09-04,MC,4.4598369682882435,4.289160980957172,3.935895244798728,4.971620841986133,20.813438581656403,6,2.05935404199519,4.844806725583876,2.2785322786651,14.171743549826903,6.521533325633884,4.171636995193038,63.752137700655254,14,1
1,2023-09-05,MC,5.636413504715222,5.194740372374637,5.386799473065485,1.452367434647246,10.997533549853173,3,3.002244821710908,4.961886060913786,6.176575212508308,17.32363418763196,3.7739242798495574,5.259612326845763,16.914818463506645,12,0
1,2023-09-06,MC,2.582870486829611,6.0,4.5671249287716105,4.641357528612744,20.599774564034377,4,3.044315069598569,2.458556675947819,6.693561782310035,13.60415043733947,3.2294818847413818,5.548156225048203,58.95982600995578,7,1
1,2023-09-07,MC,6.0,4.48971759968914,4.7062845377034295,1.4789593795083356,16.425777719979727,4,2.4712017572426976,4.8438096993805475,5.763781617541125,17.476224032430764,4.2217064046946,5.552568491847006,13.243952467446622,13,0
1,2023-09-08,MC,4.394363025058704,4.312203942645275,3.8150112470091875,3.2902806775545903,16.323339272325693,7,2.1978738996766136,6.552976930431175,5.648244660184745,9.29772966769439,6.586525532717739,7.902499101473287,91.6046594099997,11,1
1,2023-09-09,MC,4.020667176543991,4.678744602948841,0.9524317935560214,3.360734309498032,10.325501233067019,4,4.871942599376309,5.247598276949649,4.7395727264054734,13.88459968162478,3.6317076198337515,9.801100013182847,79.6877184807894,12,0
1,2023-09-10,MC,5.348066948907156,6.0,3.4534565520604934,5.11178164705948,18.610360855457454,4,3.590776353583069,4.564545696252134,5.58050032678878,8.770175333167822,2.0789963076781386,7.340888114299304,55.20454719081512,12,1
1,2023-09-11,MC,5.154396725231354,2.397739444468845,4.532099991424045,2.3426826076459975,12.166438485338702,4,2.093757528072231,2.1117739295004023,5.840581597466503,13.428836997547467,4.969786230281634,4.414875406274435,67.94420735602395,9,1
1,2023-09-12,MC,4.924150874197459,4.194469351181889,4.614597232309847,2.9377122944064666,15.314632129317774,5,1.6303149597867777,6.362699581090706,4.122497009133239,16.04902465468029,6.3933933620159955,1.1252852540794187,86.88403501407663,14,1
1,2023-09-13,MC,5.266757633691633,5.535973804392819,2.6281714501527254,4.330010343785005,8.56496628597883,2,2.106938353135178,6.6581536881561325,5.760224897327853,18.73140209493305,9.342215593532874,3.008708446060985,61.472411990347894,10,0
1,2023-09-14,MC,2.5604442689139475,6.0,5.244169318349929,4.321979802208915,9.368415919384596,4,2.298032920840353,7.957995988559813,5.9543913933031325,17.906326391547964,7.688491024907875,5.4799260640237595,75.3723812088757,7,1
1,2023-09-15,MC,6.0,2.7073353219359437,5.528289775106552,3.63944107085631,17.12924528150746,4,4.39911283843659,3.1638962836693354,5.3499176592165885,18.81989729969926,1.9466090728762695,6.588973008663139,69.80167557489479,14,1
1,2023-09-16,MC,5.263439537064253,3.8665084298738974,5.290757748876361,3.8695473758773575,11.993067247346925,7,1.794528848667512,3.8929228511750162,5.099052300910353,11.46875002437952,5.926088623834913,3.3074849171723497,27.372998242459765,12,0
1,2023-09-17,MC,3.4799290171208677,4.938154421271623,5.528289775106552,2.7933924475468124,20.09383134963322,4,2.6494803308163477,4.71507822931076,4.475899734481648,14.297388714736526,6.402909675267209,6.015097392697758,50.38680413197389,10,0
1,2023-09-18,MC,4.354173854313993,3.0035489278606997,5.528289775106552,2.6623750896181098,8.113832083396682,6,3.696523350717957,5.167851997993586,5.0834354667579875,13.44472007056615,0.6955699627175651,4.405656829711117,77.36788781960982,11,1
1,2023-09-19,MC,4.626099814767854,5.089628239013602,4.184356006294317,4.408796581874236,19.054693744910587,6,2.9087893804926366,2.3518443688209816,4.826994769402546,13.65130284255901,4.836792804551114,3.901833343741894,78.93233883636577,10,1
1,2023-09-20,MC,4.735923173122925,4.563074676998593,5.528289775106552,3.3719027757680906,12.409084526637425,4,2.66426346134233,3.930090506294338,6.98792843997491,16.717894052157973,6.094813654063502,3.68019811002754,50.67441393794283,7,0
1,2023-09-21,MC,5.484484551146139,4.636971451531698,5.528289775106552,2.11945260356849,26.001241377187434,5,2.064381279833411,3.160851097660732,6.215383841431897,14.224040158188672,3.3135350035383206,4.716717877042675,19.888186877592897,11,0
1,2023-09-22,MC,5.643049568742396,2.858335408262649,3.7798228945183143,3.980331137810879,14.560518594952752,7,1.9753959895918822,5.304164811771884,2.784488128983478,18.70999393276799,5.1386407356241905,0.8198549896157856,39.26616853458234,9,0
1,2023-09-23,MC,4.617209650327629,4.521488703363259,5.141196993553053,4.751045023999373,13.028611537167642,5,1.7104873986567475,3.3506717892203777,5.0817227917653875,17.172969969801166,2.6137044639485048,1.5914162822076543,42.08567250230769,10,1
1,2023-09-24,MC,3.1156977119335574,3.3343383421636235,5.528289775106552,2.7518584729781255,18.492184467570134,8,3.196823758302621,5.460458689536014,6.576378396760987,17.185211093811837,6.976806991591347,6.572512414492973,47.03032900091616,12,0
1,2023-09-25,MC,6.0,5.5110873612001186,5.528289775106552,5.583096981261514,16.640455687611645,3,2.282142525040561,2.5659583932507255,3.6339347238389843,14.133185185002478,3.9726367341085274,6.308456602305012,26.87057192599332,14,0
1,2023-09-26,MC,6.0,5.219528210669544,3.3868120454341546,1.7544406652592959,15.962122474064707,5,2.9277488565685355,2.008660939942126,6.636419984945595,12.21519655126823,4.271525857991498,7.575355507134429,74.68427152875515,10,1
1,2023-09-27,MC,4.232151632694476,3.018981028168097,3.3844502919828736,4.22153668060106,10.163599353337826,5,3.473560120444536,3.1948422512145145,4.562603815806413,11.940229790519101,2.034973503219016,1.7611055832464255,65.34946810226708,9,1
1,2023-09-28,MC,3.3027136220224005,5.672143769854016,5.220431943439482,4.385120117253327,10.538052590559538,6,3.210582460189985,2.589474741200723,5.253536931688274,9.424811438650451,3.6123562762005537,4.996445738972946,42.112929562703854,9,0
1,2023-09-29,MC,2.7726646052549238,6.0,1.615672169945376,1.787906897451268,12.440252164949452,7,3.0246282258931196,4.700548746826315,6.163876217557315,14.48912362805977,1.5979122735209614,5.828479737979218,112.97509251079497,13,1
1,2023-09-30,MC,4.024177180300172,4.713462091268641,3.511335407921264,1.452367434647246,16.383954769974782,4,2.2297463854812043,7.902367785581951,6.194919644659677,17.021624484543505,1.674281381386606,5.787370828477604,33.169058855060086,14,0
1,2023-10-01,MC,5.05529542421796,5.647016690518653,1.5980891501578218,3.434307645796799,14.802710582414104,5,3.3290928510615885,6.833512164717535,5.52494692480474,11.273972615999703,3.3522638530386093,8.194462636911778,80.94224834897682,12,1
1,2023-10-02,MC,4.754050750965856,5.896233133313164,4.632808312427873,3.2516238035536276,26.001241377187434,4,0.8611882380508289,5.778486335416248,6.081732225051312,17.34634376000131,1.3234152686671785,3.473980737984626,87.50921614151798,14,1
1,2023-10-03,MC,3.516724376143263,4.394381554534855,1.4328318459561258,6.0,8.148797105385874,5,2.856554487801035,6.518461909291674,3.8724383023417976,17.378318183155894,3.7586319513747375,7.222184635515995,80.28748924160584,10,1
1,2023-10-04,MC,5.497291383798484,5.8610619373147115,1.6655066415929096,3.7064253302566925,1.6483566104545435,5,2.238706819563794,2.9051556830929264,4.457186597197524,14.905521875663558,1.3179124542573417,9.07759042474413,32.18958823633707,11,0
1,2023-10-05,MC,5.4004085912937985,4.0508349256363205,3.075479433340509,2.153658396130294,10.629568436625352,6,3.0665550438593767,5.305017467429375,2.9922207366212428,17.84361099902498,5.8412089820877675,1.8276293433983106,51.83575092598865,6,0
1,2023-10-06,MC,6.0,4.8996789749576415,3.7373661244426497,5.685014022968194,14.741669929098036,7,2.9015300022095967,1.0172750259842251,3.797050120103559,15.286568546163478,3.8251398426516183,1.626269131220845,31.76573052151341,14,1
1,2023-10-07,MC,5.523821194954641,6.0,4.710241765569541,2.9221948745058253,16.360262092085318,7,1.0348268405288121,4.902210376285003,3.9837443246069277,15.977383810754196,2.9723307760268836,6.249765168397713,77.00514649851358,14,1
1,2023-10-08,MC,5.6313493082995105,3.6891889240620173,4.0743413024539885,4.467945666202165,11.30935495034722,4,3.7535421179152575,2.2344608753899697,2.4735190611015563,19.182975014118483,5.730391137227613,3.7158537814159014,42.937552086351765,11,1
1,2023-10-09,MC,6.0,6.0,4.277552499243199,2.612710558544274,15.6101884435658,4,1.0790474303093234,2.360616216014428,4.5806734344476405,15.633803756828398,8.852312066298701,4.81288631431975,57.64442605436045,7,1
1,2023-10-10,MC,6.0,3.5501514172923514,3.915164456860043,4.061011593055095,26.001241377187434,5,2.8106184036635424,3.7854056580938615,4.067429915152486,16.908293204609855,5.669962349172387,6.860481124232389,41.978086041775214,13,0
1,2023-10-11,MC,3.9792350136631582,5.074184135700275,4.8855400702481315,2.861018672048621,17.418351515304433,5,2.9823450245911367,3.9846808234443154,4.133489916278854,17.15883282235894,4.544564689049845,6.90273191644588,37.781578619669006,12,0
1,2023-10-12,MC,3.952502918734338,5.642230647061895,2.307688521371276,4.181066135621063,9.190956500894506,1,2.6976854990311363,3.216649509049568,5.928372640811198,17.00997201958076,3.1576956595406296,3.606073578550593,58.959882619180604,14,1
1,2023-10-13,MC,4.929264388622088,2.9614884160525508,2.9793048403386613,4.0131866010691555,16.222323042689602,5,2.0389907197348536,5.4704150948562145,4.640721618608936,15.465925253365137,1.4311635833915912,7.255686655804232,32.93168728050851,12,0
1,2023-10-14,MC,6.0,6.0,2.706025399131263,3.5879570808488617,19.585471384872854,7,2.7761696980181427,3.9001395262811815,5.850297754322612,17.525342296490248,5.509335984882511,7.350369833636559,43.79545166671871,14,0
1,2023-10-15,MC,4.94810997631377,5.546605687606178,1.6992406079023108,4.0436026144662,13.102926682198188,4,3.4324026976527042,6.175980511902832,5.2329863268533865,19.94452069318582,6.584755790899584,5.901571029685966,57.019479145381716,8,0
1,2023-10-16,MC,6.0,5.898944200614277,3.878954385080898,2.977057801889957,16.69837282495685,5,2.1854850719149153,3.412818821511748,4.230490046356213,14.115583126007774,1.909225511996615,4.16348946876768,81.32537007965762,2,1
1,2023-10-17,MC,5.525518832549,4.540849697042869,3.8474718478298477,3.7105863790757008,16.15773895266899,6,2.270602058401778,3.7302231887854975,4.317485843241293,15.932539158049593,6.455771816559866,5.685905812421126,49.93478561454317,11,1
1,2023-10-18,MC,6.0,5.379145100689906,4.478462788424006,4.789251552768496,7.649523332924628,4,2.271994825938097,5.462935202578832,5.982245161410341,16.4514905230533,5.524245686441421,4.138624056816919,48.12854627497466,10,0
1,2023-10-19,MC,4.306714135864125,6.0,1.2961844143587151,2.1683097767367654,22.23743065423919,6,2.564185519817562,5.332086863576602,6.026712425411439,17.5504787633345,3.777964296136224,6.137937546499147,51.546029901375604,8,0
1,2023-10-20,MC,4.3016674258686045,4.709188338438675,1.1401381330737885,3.520850764996383,17.06655812816924,6,2.6264010069775137,5.668693219271481,3.0238077727865926,16.527504141388544,3.602019463232286,7.640742844405217,10.261890648754337,14,0
1,2023-10-21,MC,3.034206569044398,2.5310014737567297,5.528289775106552,1.452367434647246,24.946490551719272,3,3.985907247047143,3.901476075041275,2.91553249398222,16.125206076159294,5.649271798097979,6.006560727693191,92.65520327208277,11,1
1,2023-10-22,MC,5.419982153746982,5.685405718555195,2.8797325223971626,4.025052150661371,14.573571534819683,5,1.549624835796818,4.36956536212308,5.680612106291684,18.226192003230018,1.2864672413268967,6.837170992855249,61.62205994645437,7,1
1,2023-10-23,MC,3.8152192522484323,3.9167688950288886,5.40255183900151,1.5825896685841283,20.941545034958352,5,1.8534046032106501,1.6377943174266667,5.888620079389577,14.412190488521013,6.097779452533755,6.434065591870674,10.48056765743684,7,0
1,2023-10-24,MC,4.614056156947726,5.073575884484588,5.528289775106552,1.452367434647246,15.309609132730948,5,2.046952095510074,2.523161344761798,5.262036957131778,11.105061538449394,4.547129645995836,2.1195073646008753,77.56250396060838,8,1
1,2023-10-25,MC,4.92472721968797,3.7289546574099313,3.0005300187018955,1.452367434647246,18.13905420440242,6,0.7293284611680781,6.851131069166364,5.981887920655316,13.716333379146324,1.5663710747982083,6.139652033458642,86.34782259642373,11,1
1,2023-10-26,MC,4.558880724603838,2.7402157689526727,4.859168187310063,1.452367434647246,11.165570170715194,4,3.3753593581970684,0.9556001941409552,5.152130863763566,12.789975136431142,8.689548234213095,6.239127647697078,53.91706760663713,11,0
1,2023-10-27,MC,3.8769339623917243,2.0174220030859926,5.292713018979098,1.452367434647246,21.071858652546666,5,2.6351374485602204,5.520364547926058,5.987638178877682,11.188985376472871,3.263858899858664,4.5477223872390535,54.743253705594384,10,0
1,2023-10-28,MC,3.6713519402597594,5.165096504511148,1.3485654898470898,3.6243441837171395,10.75103601807641,3,2.7852255049826877,3.0839730866235313,4.935822832493705,12.915092299559086,4.0649040450962,8.836373233645489,13.290786976144663,14,0
1,2023-10-29,MC,6.0,6.0,3.483725565766809,4.138174763745854,16.584554701684528,4,3.1561368503380773,6.751637734081244,6.8410006316664935,14.289620581234871,2.8001848296668963,4.947665128598771,33.53186659691002,11,0
1,2023-10-30,MC,1.5157471745723325,2.684810734924828,4.004249538607365,1.956622640754355,18.30733269699294,5,3.9808277433374846,6.049233745697205,6.085996724184,16.07959803353272,2.210273667988182,6.390869411859549,35.81541504768386,8,0
1,2023-10-31,MC,3.7844052582513092,6.0,0.9649895317568984,4.69916272745786,14.921038959920605,4,1.3503654055895167,6.075414233628457,5.129534534155543,8.991060960359793,3.675258960287308,6.285228847532801,56.62719630836248,11,0
1,2023-11-01,MC,4.496523842796284,5.250115687825569,3.3926399341083915,3.7426518749609694,14.781650562375672,5,2.4619722742813335,6.240613519503166,6.774596248862644,11.830559122756798,3.2455863094683632,5.442075622068677,53.486565057735866,7,0
1,2023-11-02,MC,6.0,5.763531525761671,4.942759069386469,4.173942967207171,11.00815160472308,4,3.499978408416886,4.901138406044199,5.9787962294038905,18.349385113029744,3.4193944497521613,1.8129815532248195,31.37384133768517,5,0
1,2023-11-03,MC,5.8304947073275,3.6605631041314175,4.816851816587705,1.452367434647246,21.621447632087673,4,4.679152933499447,5.331450378249568,4.715460839515334,16.681682988615634,3.421282075011513,9.722122591626292,79.86678622354711,11,1
1,2023-11-04,MC,6.0,3.3868438149576665,3.435842065407482,3.496895507489155,20.570328632623497,5,1.6861896391624025,6.837389395153519,4.434239367573165,12.610796288938586,2.387555875427221,5.504761781207975,25.262087216362055,14,0
1,2023-11-05,MC,1.0184414807266269,4.871973820187177,5.493823350593039,4.1386338718703275,11.819771654008289,4,1.7115084820980542,8.141480795078309,6.395198072553351,11.354873455032752,1.272573878839958,5.273611629146143,61.0204600211798,12,0
1,2023-11-06,MC,6.0,2.982696799657708,4.369502470724915,2.751467714272858,7.131957922537239,3,3.151002079232452,7.366882774674091,6.209542740793867,9.906947121512342,5.874977635888516,5.794366577113301,42.64109032872675,7,0
1,2023-11-07,MC,4.26091948036222,3.7771573591890473,5.277833521524617,3.7202622931800726,3.8558641050075178,5,3.3938398904659928,2.9071804042704112,5.628402112223844,10.483138547572388,4.743536609132496,2.9765763331808377,34.45607224913474,13,0
1,2023-11-08,MC,4.231351259151856,3.7180841140245344,2.6358801540786208,3.0421390694168378,17.55741273553394,3,2.8064353479998463,6.6519724176690955,5.8402691760216205,14.930860152983914,1.2716661152508641,7.245887602644412,84.55530519327583,11,0
1,2023-11-09,MC,5.205594836606488,4.342155801418238,5.382832818176855,2.0184696597026015,15.431509982291832,5,2.1281845335712166,4.170609079825912,4.149761131132642,15.79938129312362,4.940020590638468,3.5796658422342698,66.52569836370604,11,1
1,2023-11-10,MC,2.4277985994413807,6.0,3.836894554554518,3.505303296261122,15.021855075117646,4,1.7148743280084322,8.808731742865959,5.990373462414481,13.753898336987355,2.5598458039870913,8.296849168086323,41.04366124492791,13,0
1,2023-11-11,MC,6.0,3.6908342180104454,4.021029862214792,4.487205501481297,12.484689670741291,4,1.7573796168904465,8.885539802974272,6.30292058020771,12.924558436805045,6.6871682238291825,1.2130135388792476,68.77880606077538,7,0
1,2023-11-12,MC,5.429657914342981,4.153735444581684,4.616442467928383,1.452367434647246,19.374215176731745,5,4.350886690190754,4.082136430276787,3.8258102543590335,17.947439130425167,3.4911868727687123,9.105731014202096,75.83647606186467,11,1
1,2023-11-13,MC,5.54942392294133,4.1047736563138955,4.418034359979421,3.2946760214077013,19.500823042229907,5,2.68179163207001,3.5819139601870216,6.04766385559563,15.328556978474083,5.764095142417457,5.976350391682548,56.80635695521971,8,1
1,2023-11-14,MC,5.387054146942859,6.0,4.712011445790525,1.5987811246868215,12.646486643556944,3,1.923902094010114,3.477381476908429,6.318812672089251,13.471878349072952,3.4331345854687134,6.789167778002893,60.0485451247259,11,1
1,2023-11-15,MC,5.1866748853527,5.757209748061641,5.262574907480653,2.555029711672097,16.666117562615334,3,3.602792897541809,5.0758444063722665,4.7516006516685305,17.11965251180258,3.5626715878955633,6.6725681923995435,81.2265914956627,10,1
1,2023-11-16,MC,6.0,4.3472776676115386,3.0000530504547327,3.7582467417838394,18.85218946131205,5,1.2939655369814842,5.636837212133321,5.676533844461993,11.489605951688443,1.6949016083893773,7.265091098368684,61.03624195238804,11,1
1,2023-11-17,MC,5.608213647972786,4.197089588473365,3.8084213459857525,2.3691683047182925,21.27412737751487,2,2.145246248354376,3.996417612837462,4.446155231841408,18.804850741137397,2.2372083506355027,6.233004991535511,47.31831107692415,6,0
1,2023-11-18,MC,4.108504488566438,5.359727522725907,4.303400569678635,1.452367434647246,26.001241377187434,5,1.2452742387728284,6.898588873305258,7.0853313298337435,17.745926068440166,4.374177268826092,3.7905332183506557,53.08880677568709,10,0
1,2023-11-19,MC,5.305058528840966,2.5422391300469167,1.3250974515659009,5.406866605151135,18.561589247165035,7,2.1532646840338194,1.0677152937034577,4.633987070538817,19.66893310126265,1.842957439064835,6.956973015099811,41.70896396316445,14,0
1,2023-11-20,MC,5.874843192405532,5.72638349959912,4.1056269715138525,2.922582952858578,14.011662422146381,4,3.4010917080693783,1.19946800631036,4.92692468532719,4.13530707340512,5.176041715713337,8.144388365006856,70.16923190311154,13,1
1,2023-11-21,MC,4.56325164451488,3.1380511962882998,5.0673675452899225,4.386043743106196,17.19071559034441,6,1.9466295611704805,2.859263157957593,2.999381673625152,11.193410891632379,4.339711025227425,6.418466846507002,27.561434937730855,8,0
1,2023-11-22,MC,6.0,2.967239364264865,4.282345694265139,4.421707169619747,14.551492872079137,6,3.8604542236540444,4.150127111646105,6.422683419420897,15.651194513943798,3.186451949793931,9.812241370874743,55.89916375984413,8,0
1,2023-11-23,MC,4.158805358000511,3.375466642077307,4.11313256322048,3.4375206178608955,21.83476521911683,6,1.7070659591376391,5.8323636811548045,4.552216021147121,13.693045320889658,3.1249175570835894,6.609599705218751,31.634121702712314,13,0
1,2023-11-24,MC,2.7439703653915615,5.360859729136806,3.5834443964237765,4.345424573967031,23.833107807575807,4,2.54408113669428,8.700428625909844,5.095299189924891,15.832019818418063,4.7406312238487525,2.6542341076013076,55.57929816916636,11,0
1,2023-11-25,MC,5.1067100367893286,2.580900012997245,3.731491245388145,4.194448565326603,12.877095361673677,5,3.1624313584081127,6.2366161830688505,3.578281403077635,15.769030371552658,3.202066105308888,3.6810885676290406,53.73652562378501,14,0
1,2023-11-26,MC,5.36454683617715,4.494550917284886,4.5508275873255855,4.10142004900737,19.127306326191153,4,4.754729234586019,5.888234558319751,4.645029017729175,16.40125918232011,7.556978474909435,2.819666513330215,67.95343613873918,4,1
1,2023-11-27,MC,4.548492770803609,6.0,3.2462103660551,3.1934487182961684,16.682886762973823,4,1.2357725750346082,6.138137260391259,4.801885439076185,15.911749135472247,8.147400539261303,4.240960222708737,25.20277940070583,14,0
1,2023-11-28,MC,6.0,3.5603460549966255,5.528289775106552,4.171012411984756,16.07548850412543,1,3.203292838635538,4.631975249992404,5.605932087444261,13.311680614636733,3.3991795700960092,5.3295489648216074,85.18185740146006,6,1
1,2023-11-29,MC,5.300190700919436,0.0,3.961455107426518,1.452367434647246,21.560427258216805,5,2.394979357976574,3.8476608622512574,5.82070190929902,18.682419608793783,4.159648723083416,4.383332871457299,84.12759276021409,14,0
1,2023-11-30,MC,4.8794156615783075,4.593677544612776,1.392229251745041,4.3719205647550705,16.257267322279326,5,3.0013459020040494,6.642878163573702,4.512913753578981,12.439558006025637,2.8403767156302973,5.968845701130951,20.996612923589126,11,0
1,2023-12-01,MC,5.526985895994425,3.5388799169961054,4.7300409153864,1.452367434647246,23.06469777641612,4,2.8652250726435327,6.554135627607758,4.752504569191852,18.547551041698668,3.625886793999218,9.802899101101476,77.71206231289338,9,1
1,2023-12-02,MC,1.4899738366147615,4.6495354574531635,5.310894306549632,2.689825258407185,11.124716273866724,3,1.6936740822769316,3.9026611005652216,4.402850947416947,17.066346578140248,1.632265741087826,4.484341337923022,54.555349150696536,10,1
1,2023-12-03,MC,4.2817589362199415,5.910638441562401,3.0634840787594673,4.533225675995003,9.97301708907998,8,1.8787228977795922,3.705934177586657,7.83245621332799,11.47322418152553,7.388253531860208,2.7006982842853167,33.07331943932033,14,0
1,2023-12-04,MC,3.621299418722984,4.964057872684516,3.5869285024244135,2.758286003496938,11.888529565005555,4,2.3214077536273585,4.487980337477394,6.523669301200535,15.14800128963849,1.8810535521798046,6.0713558253418185,49.34039812504825,12,0
1,2023-12-05,MC,5.0954021748716425,5.303329726155989,2.258160428475068,3.3089191537055647,19.536829120707395,3,4.006795012449711,7.426707666920808,6.41817482848822,17.301616387199775,5.649955433993474,6.587891563154989,28.606039629352576,8,0
1,2023-12-06,MC,4.670344070955526,2.7260973586782082,4.791690700547477,1.452367434647246,11.00830879263902,5,3.329840308163679,2.4788887618876894,5.647033569569278,15.8046296560279,4.9296792432510825,7.979956311187934,52.74543532756251,13,0
1,2023-12-07,MC,5.130393112929495,5.536177646130202,4.952186014954217,2.8592319873516487,4.421511980410373,5,3.858558918504311,4.792433270627347,6.267051705801271,9.298003623705721,5.47710319191836,4.505003410744318,50.454922749396964,7,0
1,2023-12-08,MC,5.366366526001038,3.5991453951009693,1.1302410333270474,1.7195252044682483,14.432352858751992,4,2.7037835161506174,4.129125752335752,5.060089892605126,12.765272098870659,4.326747915642214,8.940288125135288,60.91704170983027,13,0
1,2023-12-09,MC,4.433256470138796,5.969677731148763,3.8295520228337723,2.450612142845415,7.188952163670983,5,2.861566020410264,3.9259489309815114,4.719380546679252,14.925619590879444,6.8765085125041265,6.408643850779141,53.36500259098627,14,1
1,2023-12-10,MC,4.619312964248772,5.008991342211364,3.653101325578818,4.079383404351617,11.17382996088524,6,1.3890252289064209,4.346463666955852,4.231693743644511,13.979226897925097,1.6871244406183865,6.205169570012584,62.650384348810874,11,1
1,2023-12-11,MC,4.636997075328286,5.803981366902924,5.198701969577929,5.587849755757299,18.658353580179142,5,3.5327469351639507,4.439599414430161,5.8120204091257595,13.946577171157923,1.6583139683767802,4.870986576543441,45.448481833564664,10,0
1,2023-12-12,MC,6.0,5.181825842398629,1.636477612236949,1.452367434647246,13.064945382112043,4,1.3780330410917072,8.723575342417975,5.515363592390303,5.661174004699082,0.6955699627175651,3.339858137239965,89.86579008638299,9,1
1,2023-12-13,MC,2.9829061685664673,5.454373137830588,4.411217205598063,1.452367434647246,13.932558409634572,4,3.508395737877757,0.900063538024235,6.2524041917002,15.23783633081175,3.6387069948725888,3.611737315569242,64.87417697187524,10,1
1,2023-12-14,MC,2.736677351209205,4.041800036995534,3.5350073473020744,3.6519928391872027,17.831240178432168,5,1.6170283426378655,4.506749965847004,5.676564385528171,13.711280887377054,7.100089156434671,6.926400934962204,96.28311617388103,13,1
1,2023-12-15,MC,3.5752809040350844,4.9616734465332035,4.199027254136575,3.0183192026869685,14.58017501362718,4,2.912650783633681,5.7725326046774965,5.123223937772449,12.71573434417995,3.1012207894144286,5.227567116119974,63.98933216472727,12,0
1,2023-12-16,MC,4.866492602898321,5.742362479228439,4.27173983179307,3.464781873048379,9.414670067292587,7,3.3678620009134037,2.023809275086527,5.145237527979605,16.328585409727886,3.910137172117494,0.7199998880807601,38.21573275979727,14,0
1,2023-12-17,MC,6.0,5.274556926363662,3.8957831825147746,3.750832307730641,14.730169230149682,4,2.3190850820507127,4.477731785606009,5.60386783660627,15.62010077801537,1.9839235927195147,5.288500859234457,53.631243810676864,13,1
1,2023-12-18,MC,6.0,5.1549185747730775,5.528289775106552,3.601427181682727,14.460159876083802,5,2.4154012214754217,5.080161761088395,4.814907427208316,13.054530973435059,1.8476059300768481,3.7777672237039193,36.91403999930962,14,0
1,2023-12-19,MC,4.608914666861286,3.6646031815355795,5.15433375469955,3.5194326749816334,16.240815114615337,3,2.5676366613624335,2.5854086252931965,3.269227334560638,14.93198734252912,4.505409518511678,5.859435987103556,75.06171254750221,13,1
1,2023-12-20,MC,2.058587957739717,2.7598901541839584,5.528289775106552,3.490494477485897,12.507742279324956,6,2.314733129758894,5.651634723605357,5.892995377140391,15.458762255514035,1.5092992925982975,3.614708371515289,43.045749701778334,10,0
1,2023-12-21,MC,3.594536622080258,3.722660893649871,2.419221702661989,4.010084351973696,14.964041146934477,4,3.284792487160934,5.329485371428476,5.49400082163113,13.84299139922435,6.998476710836075,5.52115834241138,41.517362883668675,8,0
1,2023-12-22,MC,4.686775192477885,3.333562415337482,3.4480027525799324,2.348721090154335,9.788464967338284,5,2.2532792889592983,1.8613308328929368,4.097532853730379,15.930544944426103,1.670004963639951,5.001789436550517,44.591101243656524,12,0
1,2023-12-23,MC,5.299453247332035,1.7060736692791405,3.4048394442948946,2.135417707739146,13.440450741016296,5,1.965359104142387,10.609695905845616,4.527448210818382,16.99961944908237,6.565945618109639,5.915954399185905,76.00072467531847,13,0
1,2023-12-24,MC,5.233875662755868,2.4464330747171505,4.745302931190906,2.3398429443267728,23.887233408047088,6,3.0802937586581294,5.8598537794701615,5.878584785266299,14.552839607543548,3.797435001979347,9.33675288331328,65.6262471425123,13,0
1,2023-12-25,MC,3.9321051773753815,5.8760755168925325,4.105440843898082,1.452367434647246,11.694396236007783,4,2.6604973623556383,2.5973602957618946,4.1004743250508175,13.972223518820755,7.0789793244442665,7.904311431502951,48.90645610942077,10,1
1,2023-12-26,MC,4.363977515596257,4.433590160551708,4.168919109398364,2.6953186595326444,21.72695087030349,5,2.6758933779029177,2.374778166446636,7.86557543486633,17.97631991168896,4.382996516248361,4.01078722809034,25.438325733815923,10,0
1,2023-12-27,MC,4.4939407665785955,6.0,4.613468322029616,1.452367434647246,15.342880909125691,6,0.980914081593582,2.564065608464211,4.540650258696506,17.001471438205307,3.329546220531933,9.447050840158216,71.01292263104911,8,1
1,2023-12-28,MC,4.289542055399955,5.84543667927063,5.528289775106552,5.570503979886771,1.1321245614879363,5,0.674827956237672,4.415646217029129,5.606157778431925,15.255525362754263,6.278906345427709,7.27638487185829,15.129792763523454,6,0
1,2023-12-29,MC,4.421326712397514,5.724317037525936,4.1513262946905165,1.744436342038764,5.355355531231407,5,2.0556500093250443,5.9648961138721575,4.37558377905594,17.851039296853212,7.853746398857852,6.080122401713872,96.17220856694414,11,1
1,2023-12-30,MC,4.666856305852578,4.444094348581209,4.857992326503437,4.842654794570842,26.001241377187434,6,3.9356007285980334,3.5889110256332706,6.4017410265304635,12.52530128983511,1.6776023030836011,8.101989113274161,57.76369015425381,10,1
1,2023-12-31,MC,4.786149297651267,5.273670694042779,4.73400360608899,3.4787069455423762,16.40505220166988,5,1.2582649093646747,2.643655111935361,4.752903465612488,15.443082773379773,3.046174043862103,6.741742478261165,51.30096049105706,14,1
