facility_id,date,care_type,adl_eating,adl_mobility,adl_toileting,adl_cognition,mds_adl_summary,rug_category,nursing_hours_rn,nursing_hours_lpn,nursing_hours_cna,medication_count,fall_risk_score,pain_assessment_score,resident_census,incident_count,staffing_mismatch
9,2021-01-01,IL,0.5794984476643077,0.0,0.4851724983975485,0.09919753804276207,18.66006650532402,6,0.8195290481951838,1.5048948851913562,1.3769327286326742,5.5133878834551515,6.252985414114391,3.8941109013274513,89.71260674639197,1,0
9,2021-01-02,IL,0.5130949827577537,0.37269112932579185,0.5289254563364211,0.305023423873956,12.929896757717724,6,0.7760731148558835,5.674929722768344,0.0,4.782636963921352,3.2646098291412717,3.2067841458111923,74.93110421088589,4,0
9,2021-01-03,IL,0.9547079767278994,0.0,0.2581551067823794,0.2971821026651902,17.293555734834868,6,0.8692945365906269,6.543166171104534,0.866845638991531,1.5462973002677074,1.255309747701487,0.8137127270534759,57.45351376118681,9,0
9,2021-01-04,IL,0.0,2.428394898352234,0.14602834979636703,1.1852035520240418,14.092860210155585,5,2.37908934543183,5.224550294904834,2.246283415589052,0.0,7.429496492093569,2.3494510316756685,67.10905833056255,5,0
9,2021-01-05,IL,1.888432488459085,0.3122128352785799,1.333073420248229,0.33199785238478163,18.70678093682258,4,0.005662027115802909,6.64459597803255,1.010842901569147,0.2494594609888603,3.4859646523685672,4.0675253593136,57.262417345379035,9,0
9,2021-01-06,IL,0.019923276454844818,0.9857127048372567,1.4068436261324706,0.17268588552139552,8.884159899667607,4,0.820738317391214,9.593351750100217,1.566305096110785,6.07928657099375,6.283573207370587,9.234950108533514,52.15346304909542,6,0
9,2021-01-07,IL,2.069811670378307,1.942324055318494,0.0,0.5368878549242875,10.379604979488128,4,0.9069414734455864,7.623392489767806,1.177930398365471,2.898861638766087,2.743026870954562,3.587990899956286,99.94918286030838,7,0
9,2021-01-08,IL,1.9270910312421734,2.2808833483495055,0.8835295419271677,1.8107202879412467,20.990229982983244,3,2.899255968020006,0.6501627270383565,0.668016112400696,3.0020369923423136,2.7568055955114326,2.440024569794333,29.761708031887416,1,0
9,2021-01-09,IL,0.09202582721164748,1.3868937920268198,1.4879332563843943,0.08120967930336635,23.67224319635156,5,0.639774538867853,5.550283203262162,2.616237819440239,1.7041582549000858,2.158065756037167,3.2189549677681457,52.55525098129267,5,0
9,2021-01-10,IL,0.626719796626956,0.26176250240824306,0.0,2.9613133595452394,23.968337680408695,6,1.1158417582601197,5.769582603995066,0.7225158498204429,3.739811790738015,5.315757602132994,2.126116008784916,65.27694378699219,1,0
9,2021-01-11,IL,0.28643452450737894,0.7937801441438198,1.4627347072638797,0.0008148172753742744,8.431782311346137,6,0.6503334730695598,2.5001325616172934,1.2037755381237023,5.552453886311751,3.976736452910353,1.8830216611308899,71.86668257888068,1,0
9,2021-01-12,IL,0.0,0.07951172045717514,0.0,0.8642237646390043,12.318133260636627,4,0.7984578897232891,7.497375617395581,2.163124048148439,7.575265680619849,0.6955699627175651,5.564054031603375,52.49666786677232,1,0
9,2021-01-13,IL,0.28919243264529915,0.45132087056130343,0.28620405446078745,2.549487077271054,20.462307626939747,2,1.40239034611814,5.451837096673117,2.268616746916905,5.138222644360568,6.191867603658923,4.636966510398571,112.38175593236461,2,0
9,2021-01-14,IL,0.0,0.0,0.08852345116250178,1.3003660962195347,24.651341104658396,4,1.9633497766176276,4.030854131104583,0.9111982731019519,5.374356651902789,1.23985515016733,4.511775069340164,75.21384387837423,4,0
9,2021-01-15,IL,1.0746821049015474,0.008232643977908016,0.8526067021103437,1.606771680401525,11.8437017963762,6,1.3093885167534354,5.176768422785054,1.9446714793260762,2.234867558967904,7.073986214374815,5.895220644297558,32.77259032886081,2,0
9,2021-01-16,IL,0.2093021881848599,2.8989834386735938,1.5354758279503762,1.6674670946012835,12.182504106382133,3,0.0,7.611454421951872,1.3444356806942102,2.0714324549861516,2.8551525639591984,2.9510142341269323,87.1648285806312,6,1
9,2021-01-17,IL,0.6193995341799198,0.0,0.3309873061582713,3.331395718732336,12.642013457791105,3,2.660595484837966,5.590083365109807,1.6635031218341552,0.1257731002977641,2.5606813462831997,2.003273263648223,45.37448252314381,4,0
9,2021-01-18,IL,0.0,0.0,0.740439632434434,1.5500017072617465,14.870728097019564,4,1.4784829478915291,4.943734005064592,1.128142012337742,1.8664230439405955,4.3808339089676736,3.533753468775793,81.60142360283115,6,0
9,2021-01-19,IL,0.0,0.0,2.5093329569345673,2.134333568070703,22.950088687542145,4,1.5201808751548203,6.285568320896276,1.8395355531506214,4.442820426404182,3.823684036069942,9.742993997799049,76.93812794795387,1,0
9,2021-01-20,IL,0.0,0.7938524052963347,0.5133739203740828,0.9511141012882754,22.659072109727653,7,0.7817434303418797,6.4685199662055135,2.1130527783134054,3.982839216135731,0.9820635076534878,7.1551991409697075,48.96340783464929,2,0
9,2021-01-21,IL,0.0,0.0,0.07014173593094819,1.0536801984032491,17.098351472366257,2,0.6581632846344018,2.2634460776932626,2.28147006946323,5.4060441296568165,3.4667880115622403,5.67853135452346,56.034501632134585,2,0
9,2021-01-22,IL,0.9776676251935987,0.0,0.0,0.21900711355681746,9.605309416050495,7,1.7656787634773716,7.056665736371159,0.22231991207159718,5.152633981850177,0.6955699627175651,2.009488595596921,72.60897585265067,12,0
9,2021-01-23,IL,1.5764620772846318,0.28023139551303045,0.845306041300723,0.8742935624236853,2.0428857079785647,3,0.0,5.7052259144574204,0.12679638138535898,4.688063500741876,5.076410476399303,2.303309571934531,71.58199873190877,3,0
9,2021-01-24,IL,0.927094330307787,2.056953965739509,1.162578558716881,0.5643533477631906,20.035620583835282,7,1.1130925764769442,4.335513637238757,1.1573764882355622,6.56581768417397,4.733879549355983,3.779910842070732,94.0093033899146,6,1
9,2021-01-25,IL,1.0961457399395949,0.0,0.9785951036536504,0.0,14.808144572163673,3,0.0,5.845468189829378,2.2722004785869148,0.0,0.6955699627175651,2.1048046261396856,103.69572872462425,1,0
9,2021-01-26,IL,0.0,0.0,0.0,0.182563036690997,18.625889478492294,5,2.010887690695273,8.304950843479316,1.4996919464960188,6.560880837133397,3.25052864135976,5.978227736799028,65.09772190919382,9,0
9,2021-01-27,IL,0.013505789136811996,0.0,0.8487026293037491,2.1485229690023093,20.75511767997702,6,1.3983011803351273,5.436819071792641,2.73536990183693,0.2783790604903409,4.731386183308961,1.9546284428261376,49.5387146202658,7,0
9,2021-01-28,IL,0.15192148037935838,0.7391141630892026,2.7067912940672576,2.1329367141059636,16.407855001388214,6,0.8082773726476327,4.341372136756429,0.8118433299175951,7.653421168557394,2.4829818892332134,2.876593135176068,111.37752500498375,7,1
9,2021-01-29,IL,0.0,0.3585696530551975,1.1054398996533836,0.4649891358552527,19.35874552098164,6,1.5254503199222063,8.220893499045756,2.845025276956438,5.5403008842303825,4.376063011157851,4.537120863631494,73.60911598830566,4,0
9,2021-01-30,IL,0.0,0.0,1.7440497081545747,1.4301896657212494,24.13593606885424,5,2.507113157612125,8.108928681013957,0.613527074238919,0.16272094804291792,7.25447229741785,1.9107800607622614,52.988574445017704,3,0
9,2021-01-31,IL,0.5752040744669746,0.027105346130750663,0.0,1.5843044855085824,21.13795957507598,5,0.23862151527918274,3.194753253615147,1.1121788557250434,2.80219393549683,5.821136259748288,1.9828469732163334,55.385319905621046,1,0
9,2021-02-01,IL,0.36195387408707475,1.8870407500304969,0.20656447861299365,0.18807928094428572,12.151073062029251,6,0.3789290010093681,7.013977052503232,2.3166549321001706,1.4983843919020647,2.894759541114505,2.7567085516796657,120.0,13,0
9,2021-02-02,IL,0.22060036860058285,1.8564989359186284,1.2275296390040158,0.8564958088158287,13.621287769429886,4,0.7193168426471297,3.9994665996893572,0.2516694413070274,1.5134985600590767,2.070124004844309,3.57174784781704,47.98366535207484,7,0
9,2021-02-03,IL,0.0,1.920419684338302,0.8047939583197398,0.8075553904043044,10.713479368401984,4,0.6662650894995015,5.620922891464925,1.6840623933380994,2.512760676690092,2.398232758441517,5.728758069575247,77.61162859431208,3,0
9,2021-02-04,IL,0.5623935927870725,1.4718446526024138,0.0,1.3736754858683253,1.7980183167314951,5,0.5688254346319633,5.222662816908529,0.4711190142973495,8.659197028761456,0.6955699627175651,3.763742712926793,84.06358073557023,9,0
9,2021-02-05,IL,1.4785311368169953,0.5911959624757372,0.775694262668956,0.0,14.67779509637828,3,1.0477070875409737,6.045396136592251,0.38237225092531624,2.8528596967125015,0.7042837265539501,2.7683121257744676,41.05147831796209,1,0
9,2021-02-06,IL,0.6870838284371232,0.27972335828670125,0.0,1.5972755365624427,13.77904997714265,3,0.48156230773512615,8.807122482015194,0.0,0.9848548320507814,3.923043791547129,2.649266476096437,62.568421323923864,3,0
9,2021-02-07,IL,0.0,0.0,0.0,2.535447924678008,3.7512497305746813,4,1.8305441625254357,3.364493126528637,0.23112543100024516,1.019895657507574,0.7364888960434035,7.061120930960177,77.2443404418973,1,0
9,2021-02-08,IL,0.326387773473757,0.1257532816716998,0.8088018960894827,2.4910009838260727,7.507019053685657,5,0.0,1.4951387132865377,0.7326122485690929,3.214908441681273,1.6030912297886255,2.7040866563420525,75.6005377946835,3,1
9,2021-02-09,IL,0.0,0.0,0.9429666357176332,0.24695131843387264,18.07600103537004,5,1.8153520089871635,5.691771108325036,0.6684312331376255,6.8750914232770866,1.6288129691885644,2.0049547026442784,108.71315926803403,2,0
9,2021-02-10,IL,1.9652659578573304,0.0,1.1823031834775715,0.40904703399838444,13.479219553062375,4,1.738894227294299,8.378177975911472,1.0648221537772748,5.271776709950115,3.129140008166096,5.631358577901457,74.42901991587212,3,0
9,2021-02-11,IL,0.0,0.21672199410867954,0.0,1.5421702638401575,20.02122987028972,6,2.2134885293432083,4.331435494107026,2.360662989121287,3.946094600338021,5.699000995923809,4.334595795493509,49.53824662316421,3,0
9,2021-02-12,IL,0.6243349549746334,0.2704247341175403,0.6199329404147372,0.5465802683792635,10.633214123287289,8,0.0,1.1130375190059325,1.7510095138103945,2.4519108087598718,2.117492965305833,4.278045674252427,14.532440967003032,7,0
9,2021-02-13,IL,0.0,2.4110332804101025,0.5053923362169275,0.08604157507160703,13.680785586105731,5,0.39090276491579956,4.637839265291501,1.9716083338656198,4.724092868774129,1.9646788012494394,2.8347912960182655,87.98479787870826,12,0
9,2021-02-14,IL,0.0,0.0,0.9042977132215445,1.634857206556205,18.798502148393787,4,0.9374792820548065,4.478609501447859,1.7646348628205069,4.792139683427516,1.8839879138257856,7.06607366440536,84.488766615835,2,0
9,2021-02-15,IL,0.06672022026834006,1.5916573808761711,1.0243461968011431,1.17153284664829,13.383517007484956,3,1.8287719250423562,2.94685787334941,2.9044174103097404,5.866350448928005,1.7643275141566983,4.362456499492903,58.1283284365768,6,0
9,2021-02-16,IL,0.3538654616214162,0.0,0.0,0.0,18.896158101402285,4,0.6986366093296067,7.578938202094117,1.4935725382022063,2.0882229702098685,1.9448381319205787,3.8087037282199145,47.86976877097437,9,0
9,2021-02-17,IL,0.5668744531345269,0.0,0.09009989863930978,0.07196973155783969,16.291021729277347,5,1.351688378021029,3.7504593176541547,0.9104422772810601,2.1299950228836266,2.537572132691184,3.0941887797826864,34.39429831138668,5,0
9,2021-02-18,IL,0.0,0.04999811353668293,0.5332033353253611,0.17458130197119415,16.923526821830926,6,0.5337084947281903,6.779533242008847,0.0,2.287104961741987,0.9565343700784825,2.4825883930239994,71.82451698976551,1,0
9,2021-02-19,IL,0.17182444019308607,0.5579106022809275,0.4788307154260396,0.20166584710659774,20.240774394857958,2,1.2735953589714186,3.355978111448726,0.8884698618313475,4.140548895285632,1.708181687694887,3.6251526775566347,65.01696281052631,3,0
9,2021-02-20,IL,0.3990918934834041,0.0,1.3143194858707066,0.19063860044696612,10.397001206787822,5,0.5047445338830516,4.445589614437475,1.5827708947356611,0.8816953501603674,2.3899516999539614,2.232603743153642,63.135839000301665,1,0
9,2021-02-21,IL,0.5248689976674367,0.009609443834310394,1.2627574130685557,1.2166911850705853,24.73822211417137,7,0.0,2.2764383553240535,1.8359576853129194,4.502808567548815,6.182174156697234,1.7839288426347522,90.35548991460476,2,1
9,2021-02-22,IL,1.6248322495579162,0.045967296837395116,0.0,0.18303973235053927,13.385688354399603,5,2.069210392236722,7.820155769250643,0.3675910542186841,6.308718332898438,2.8838549701021456,0.6911114264957781,44.533839265768236,10,0
9,2021-02-23,IL,0.0,0.0,2.061974880590683,1.9626608998233293,14.297431860400104,4,0.0,4.661070316677284,1.6799471222739646,2.2233010418297265,1.251780359992972,2.9190097499034953,75.68726608761797,3,0
9,2021-02-24,IL,2.323045950882807,0.0,0.31698588004614014,2.8341514359374655,10.528930655816337,5,1.4147396572682611,8.280837986314058,0.0,0.8903278386201761,4.191076328547058,3.7257730246398215,110.11499686029343,2,0
9,2021-02-25,IL,0.8428462432141761,0.370851043883877,0.18949093090963615,0.23537187669158377,22.83565650052237,4,0.8720779197421699,2.3571919211601924,2.480971820258909,5.550121473910325,3.6410521353780725,4.8492954469139935,60.83542050135281,6,0
9,2021-02-26,IL,0.6777829463468745,0.0,1.050836611499002,0.9652775413275954,23.476335916544457,6,1.2192308187169478,4.09065028238968,2.2035894572387065,1.3792967924034958,2.561911721500957,5.865860924064621,109.1137283242664,3,0
9,2021-02-27,IL,0.985717061315207,0.0,0.512661432710396,0.0,18.845618380227855,3,0.8833618124294089,5.4033541112619154,2.1050467729262814,4.203760515342008,2.905174165331493,0.5135214266254309,89.19544098420371,11,0
9,2021-02-28,IL,0.8917167877179911,2.060245312622484,0.0,0.0,16.450766430608887,6,0.5118674172541846,6.368504718863758,2.5820836414818293,4.4398630004978115,1.9966033086326709,6.810825812951736,59.148105011231806,6,0
9,2021-03-01,IL,0.23102513724478357,0.0,2.603882108487473,0.0,14.397571657746122,4,0.5284986640371211,1.5945949853583352,0.8984729949769932,4.274287432606029,4.369271012315572,3.34196807329094,74.48412053465745,1,1
9,2021-03-02,IL,0.0691977317723147,0.0,0.0,0.9439216608407717,18.482892017113908,3,0.2061020792437983,4.047943063039958,1.1824729319326601,0.08723234738212268,5.999424437942132,1.7427008880902957,69.20330455550683,2,0
9,2021-03-03,IL,0.7704207867068951,0.0,1.2627909752177435,0.034650706194761696,23.43789561392584,4,0.45424614789151496,4.087911878461532,1.5862024850618268,2.7399890572476693,4.52305904486824,3.1094273058037096,99.09245727818053,3,0
9,2021-03-04,IL,2.680438593778166,1.6506007529810596,0.21240113016080678,0.5771339775834994,20.17572517263466,5,0.81345451015179,3.1043797439723013,1.9237301744388544,5.906272610934673,1.4087122175945934,2.5843164970109855,63.8490217013257,5,0
9,2021-03-05,IL,0.5734425220788538,0.2827777873566012,0.0,0.42444422451572844,12.4031547147747,4,0.7690567624398453,0.7406983102806062,2.499249545762555,2.7203557239510294,0.9786977366242122,9.726971043447076,84.17704330086407,7,0
9,2021-03-06,IL,0.0,0.44696894827720157,1.1346626190069542,1.256744814125724,5.858105916428969,5,1.477924200894673,3.7427616360290035,1.4310058518784643,0.009700758421473,3.328219447409109,3.6959234533606455,95.02790549785263,6,0
9,2021-03-07,IL,1.5132078179328412,0.22405879790904143,0.22315328090443587,2.2708476897911876,26.001241377187434,7,0.8900502074732098,9.579716707715333,1.320539750494307,0.500863290876232,3.1637995964296093,3.0601647136700225,73.53752050711802,8,0
9,2021-03-08,IL,0.3538073158275309,0.22988357397006864,2.0370062741336423,0.664805783616388,17.90194709532309,4,0.06683986634116112,6.7955074435436496,1.6363740558663133,6.44328734707396,1.256743852900137,4.12807111247964,41.820470821775416,5,0
9,2021-03-09,IL,1.5663417445549297,1.0857060754710268,1.2067761754418083,0.9486498792806675,22.95191568640155,6,1.1118713579162303,3.5431416556313886,1.711778628865223,3.3367033302084224,3.1037390991519382,2.3654549320302407,86.73124764605248,1,1
9,2021-03-10,IL,1.9893451452672113,1.9377360837882882,0.9316538102261167,0.0,20.30626036746258,3,0.2647327093545092,5.6214116940932115,1.357774537218093,0.40999793851981997,0.6955699627175651,4.818563052140039,67.09028612332848,10,0
9,2021-03-11,IL,0.0,0.0,0.0,0.5521656000355573,12.116103249292182,6,3.5383122315169757,10.49617963725566,1.3990555802987825,4.824260981374522,5.046862689954603,3.6801854196711314,64.94458563100568,4,0
9,2021-03-12,IL,3.322602896419446,0.5351355606916561,0.0,1.0030738473136214,11.541645952517023,4,1.7901974632857178,3.9706918438900995,0.19080722949329498,4.586126992542202,2.586313208377758,4.412077632231224,81.95298515671604,7,1
9,2021-03-13,IL,0.03544953847654145,0.0,0.6247445990993226,0.10855496151825061,8.57102669758268,5,0.7832111573377986,3.4870794153225875,0.272185378020693,2.725734744399408,1.1432774480461094,5.875872667133079,71.47263621532632,3,0
9,2021-03-14,IL,0.19391567822393785,0.017090986672797737,1.0866890703909893,1.2674598399350516,20.601122100530617,7,0.9049743520493448,6.762272168784262,0.6121558434767336,5.057254963923083,0.7517706233886798,2.6655822289216187,47.46592166911515,4,0
9,2021-03-15,IL,0.7479608043352688,0.0,0.32054268044341827,0.0,17.220074612897076,4,2.9522229192650817,4.336283922729669,1.5777476192541742,4.2964690458377754,2.331576192820469,6.110754531146657,42.90534337294469,8,0
9,2021-03-16,IL,0.0,2.805636925448569,0.039003188472024705,0.2681468575629792,18.046424828079708,5,0.4586833404808931,7.533378384544463,1.22954028736057,0.9983078589899826,6.264720084359173,1.7644447757056683,89.60137493767701,8,0
9,2021-03-17,IL,0.5532283135475267,0.0,1.3415622600595571,1.5868940919497003,20.40790310727926,4,0.0,2.6358588364030715,1.0514420395801438,0.8615203865117339,4.10195277422838,3.647471646320942,78.20231184937543,8,1
9,2021-03-18,IL,0.47219007035503435,1.717511916194752,0.8845759256869872,0.0,19.047976491492037,5,1.0327240101850232,6.374139524435316,1.3270383263085561,6.446462918768198,1.3573799373350632,3.263863748160205,88.92455362202736,5,0
9,2021-03-19,IL,1.1514890039686208,0.14093006307729367,0.07312088701744102,0.21945420604161936,15.84028138738288,5,0.0,2.3123767873144656,1.399937125121046,1.0556866683748898,0.6955699627175651,6.188765784372755,65.07273322468625,5,0
9,2021-03-20,IL,0.3092602302955947,0.0,0.007967399489845317,0.7549025680269181,22.456501659350316,3,1.784000353058257,0.7844452284350723,0.0,4.789759122676938,3.178968135262513,1.8857543413142874,67.93019386852842,1,0
9,2021-03-21,IL,0.3629964330841543,0.0,0.29777319640439426,2.877516073922888,13.844168281649619,4,1.6734763341683778,4.2705307453293875,1.5883842353378035,0.5603268945458255,3.90252010373609,4.724388127100085,93.18050892828843,6,0
9,2021-03-22,IL,1.1013569479055412,0.0,0.5866906181081843,1.7318805995060957,19.24704708470874,2,0.35831285117042544,1.3544135246445947,1.859861547578809,4.649132696836294,1.5658013701511049,2.2874917543812923,87.98490040873459,6,1
9,2021-03-23,IL,0.0,0.0,0.0,0.4907523836751116,7.601750483787355,6,0.6805159467723081,3.7005013736702885,2.8660546914353384,4.303956557245293,7.51361156585857,6.2312569780236515,40.53370779711373,1,0
9,2021-03-24,IL,0.8586958377034178,1.0099698275464108,0.759969077591707,1.119719610202257,7.444934632026812,4,0.0,4.675630558783978,1.5045562645821045,0.0,3.8955623398944157,3.4552865555678216,49.32779003318617,2,0
9,2021-03-25,IL,0.3099996312366482,1.5009364872852136,0.9494921454213245,0.01603737974557347,13.773563325634637,2,2.1316832153805567,3.6705133140639745,1.2674117399863238,4.401362737314209,2.685221888005369,6.458364267885149,101.59952540175813,4,0
9,2021-03-26,IL,1.1180519006627865,0.0,0.0,0.6623190344270071,18.181128047725693,6,0.7006486782584679,6.2994161389953405,3.8792768542359086,5.106658492039972,6.049983264790717,4.089607951332985,69.38905935251451,3,0
9,2021-03-27,IL,0.8132326941320732,0.0,0.4470716464969686,0.6206941320043771,15.216387631023089,4,1.3750625204855724,7.256071560715281,1.3069797849289477,7.219067281309452,2.8479157940407047,4.838459721723441,52.512526383020074,1,0
9,2021-03-28,IL,0.6425598810919717,0.057931619898721864,0.0,1.110007502856414,19.377018179754877,4,1.4336784795775013,2.8565809304194114,0.1137927642529877,6.009111069478624,1.3763494155700977,3.8785954746700355,49.928139147550276,6,0
9,2021-03-29,IL,0.0,0.0,0.7157614986046887,0.11343611950583554,8.927348171907038,6,0.7260876819709071,5.097500311296104,1.1775850515271515,0.589624905442646,1.5105815186266338,0.048358803417977825,39.88219866771864,6,0
9,2021-03-30,IL,1.2317682079501797,0.48188976721153337,0.0,0.0,12.02020349425124,2,0.26063923412844286,3.4115261175570257,0.0,1.4507444703364882,5.87683618092443,5.705549994868403,105.50065410177632,2,0
9,2021-03-31,IL,0.7870463764257644,0.31047856491117976,0.5150669191069426,1.4054533128437527,19.69130869016701,3,0.7134790128142265,3.1492685707699195,1.5822161376787327,3.9782840986783827,1.8147257275264965,3.783839348510107,64.8781679138037,13,0
9,2021-04-01,IL,1.0859027429183357,1.0918590289933625,0.4546454505629869,0.5303061728571645,3.6524920334185556,4,1.1999797926302518,7.635617292455098,1.3740455754453098,5.710243561134174,1.201639698286351,5.500539081870825,70.62276413594529,5,0
9,2021-04-02,IL,0.901506743570018,0.0,1.124648492429605,0.0,9.448528582348667,4,0.0,4.46447573741762,1.001553374121549,0.5622323543750375,2.0986896361080913,5.425568210317829,95.9357084922476,6,0
9,2021-04-03,IL,1.681195228527188,0.6216349809699824,1.9078880055786327,0.4670818273908298,11.49014590368165,3,0.7446377429822713,0.6565973702686935,0.1413394671519279,5.43370762222818,3.0021760646717914,3.6230099838015857,67.24033860342405,5,1
9,2021-04-04,IL,0.0,0.0,0.0,0.5504270317144788,19.895383339611513,4,1.3783523440093393,8.967665158699186,2.559651703433095,6.630925885885894,1.0509592992910672,4.625698907647303,114.9272291950969,1,0
9,2021-04-05,IL,0.45836783233452094,0.0,1.2788832077936547,0.34364330317484204,13.924880654552226,4,1.4322581800195429,3.250191756099299,1.838733333418875,0.0,6.5500672835512965,2.1143370559146644,72.99224969414978,4,0
9,2021-04-06,IL,0.0,0.0,0.0897907526116224,0.0,18.532690313639197,4,0.7739517638901134,10.829595113093818,1.989470368916562,6.749092773451219,4.973374644064311,7.119615473560097,60.76579528458007,4,0
9,2021-04-07,IL,1.3285359050927579,0.0,0.6724659951195362,1.3360369018470828,5.100331395051689,4,0.6021509547476894,1.8532761496810335,1.7521996247525031,6.159236397220294,1.855537335344239,9.108739916098312,80.42785745635983,5,1
9,2021-04-08,IL,0.0,0.0,2.6455985389638417,1.0307551748304185,21.166776749991897,6,1.050677453109064,5.23589923907723,1.9305255313692082,6.857981337619664,2.194044139283781,2.6217200411473245,98.85861306411283,2,0
9,2021-04-09,IL,0.0,0.0,0.35579952351121835,0.36600903645390265,15.06939115871743,5,1.3149331966717608,5.964318413141608,1.7007935091259614,5.129258544260118,4.575836208496471,4.610716830834192,63.59529923842172,5,0
9,2021-04-10,IL,0.0,0.0,0.10309938237488292,0.3343942119242884,12.732037369397736,7,1.7597759752850142,1.6306385073860243,0.863459536390384,2.3312959071905635,0.6955699627175651,4.171414770613952,67.69920866635069,2,0
9,2021-04-11,IL,0.0,0.9273469776787198,0.5619504466788765,1.1186251865050418,19.070162604572186,7,2.043331194345275,5.644985059832946,1.2623961827411205,5.483179265741501,3.8523213634504434,6.002765621433844,74.12466551432,5,0
9,2021-04-12,IL,0.0,0.09696613534013425,0.29846662910863886,1.5124743904948996,15.09522047135981,3,0.7800504201175762,7.804784213894013,0.36729245192524984,2.630057278916803,3.753030583438505,6.694642691583615,19.34247515022366,1,0
9,2021-04-13,IL,0.4639812011323774,0.028438991074101333,0.3846821045435625,1.6561196908426528,21.054051871564976,3,1.376823846466877,6.824403320678948,2.5638592287596773,3.415381068026425,6.107114662567427,5.444002235468647,57.08477260439698,6,0
9,2021-04-14,IL,0.3575730349358075,0.0,0.46897908736591876,0.7485921527581179,14.228269038845063,7,2.162174253350706,1.6402512417538064,1.5627224819529988,3.3139568627898313,3.490869329976736,1.1524319037669324,102.07042364505782,2,0
9,2021-04-15,IL,0.5055506074469391,0.4882299439553157,1.467796902096656,1.1090801528958585,10.588433106574053,6,1.9538309343780804,6.1338736510838245,0.5619438986789145,8.44526447254357,2.4737278843369874,3.738230374209602,57.763869286001714,3,0
9,2021-04-16,IL,0.5759811354863229,0.07918226864722767,1.0031072417008133,1.7738947651088863,22.4521941047988,5,0.0,10.222809164787554,2.196577113025694,7.5388057265201684,4.642676812724485,1.941071620892412,106.14711164372927,3,0
9,2021-04-17,IL,0.061393456292447426,0.0,0.0,0.8666229031694803,21.73540307633729,4,1.6186650501171234,0.9816862447279386,1.2734881483245426,6.404283568417472,0.6955699627175651,2.4910464236109893,83.1532106375598,7,0
9,2021-04-18,IL,0.4891822846968487,1.7714229329532323,1.4178144965138526,1.950776252618493,15.06972553779563,4,0.6844843254603574,5.303428262525401,1.416269787286803,4.528827862801478,1.5164362656202512,2.170403781642376,63.85557094317491,4,0
9,2021-04-19,IL,1.0618294122883887,0.028002126387058235,0.11944130792101249,0.0,7.734988665581646,6,0.7683121749093182,6.30862074858993,1.2570007789113018,4.004964181983947,1.8955988360116978,7.349676883070884,76.53037114708704,7,0
9,2021-04-20,IL,0.0,0.0,1.3903248983152054,1.3028491725379099,20.05233723699881,5,2.6868416432016784,8.095812256186996,2.312266682942781,0.0,4.899885039195717,0.8605261696293236,50.40094598474111,1,0
9,2021-04-21,IL,0.7146095679589963,0.5873846572366854,0.5506629466292956,0.0,20.457214499137436,7,2.04350514862898,4.84186008303602,1.512424040842236,4.098277960548737,1.3914834259129898,5.323119146410968,85.12741544977519,7,0
9,2021-04-22,IL,0.07506025310051334,0.30685016589374015,0.5244748379382219,2.765843472670136,18.682112828378944,2,0.0,6.070416781508087,0.08449669265189869,3.5892489221901718,3.4319696053577604,1.1686009349467215,100.4585702528689,4,1
9,2021-04-23,IL,0.6464543231121074,0.16499720414376567,0.27429569433695145,0.3495739305735029,22.360566686752037,1,1.0448572759356982,10.666971811000353,1.5943975430444643,1.781896208522237,6.945180400702085,7.290017441250293,62.73935527132657,3,0
9,2021-04-24,IL,1.1166223041473384,1.1243336992719992,0.03944534145674916,1.5332575976254854,9.858708825429659,6,1.8261102456808835,4.862879529730451,2.2163711247376647,3.4883808952915896,1.5755106223005928,7.02769214124415,80.7500430729483,5,0
9,2021-04-25,IL,1.8777637628885495,0.0,1.6387888171599652,1.8719204512585366,11.888112803772994,5,2.203286569942717,4.728488265040919,0.43404655487904603,5.795988252547993,1.4284132127755766,4.635097061219209,86.93729875006723,1,1
9,2021-04-26,IL,0.8841556586209844,1.2667775660257883,1.3056682706221379,0.0,18.87488329510808,7,0.6532928288942162,3.500694785108175,1.1594977706562117,5.9391704155856155,5.656583791179652,0.03032929205626278,89.5387522224937,5,1
9,2021-04-27,IL,0.9802178175570141,1.4803015372948722,0.3746369830355617,1.307805518815714,19.434109612073772,8,1.6844265761184445,10.014701953993807,2.2038465062767605,3.6633423061310006,3.484431417726655,3.496089361948083,78.12012706287325,2,0
9,2021-04-28,IL,0.0,0.0,1.858743429712904,0.7545806348941074,14.069242268714941,2,1.4576045804259774,5.513631862174122,1.0703016669007555,5.779953951948683,3.3977580102747407,3.180045415429427,51.56960856626809,1,0
9,2021-04-29,IL,0.30044090285886726,0.0,0.0,0.4064058334476013,18.193078522209596,4,0.795270652768039,3.927238901035355,1.9428177330692475,0.8616370218077717,3.023282482387742,4.43803042263623,42.77572368663158,7,0
9,2021-04-30,IL,0.39194471114793583,0.2741333422970673,2.7229946198896307,1.1172614541569301,20.106220993255167,4,1.4050753207549302,4.0526043716577504,2.1599645812495867,1.1038360903737168,3.649768593717908,3.2806545560503624,96.83212665151731,5,1
9,2021-05-01,IL,0.32843033209009564,0.0,1.1156684394413547,0.6672993675173429,20.090891803456653,3,0.3940924256999089,3.0636023217817234,1.4607216841522352,2.625965370809994,1.0070648909430369,1.7309543999296917,83.92213816301211,7,0
9,2021-05-02,IL,0.42069160122951743,1.6919259570282659,2.3585231224322163,0.06318654617072372,18.49181775732584,3,0.5853120253733266,5.702172077906757,1.2949883933183748,5.672393920863561,3.835958859724807,5.711576623978167,47.5717956892188,6,0
9,2021-05-03,IL,0.0,0.0,1.3131791795965346,0.4837718913027472,22.28346833329552,5,0.18933219866043183,4.986653198106822,1.6352921372026517,0.07364947576410029,4.9326645085213885,6.360216591628271,56.04940978902616,8,0
9,2021-05-04,IL,0.05426828710180022,0.26712645738571594,0.0,0.5062237285073958,22.811352379886852,5,1.2144830106691793,2.981748087671119,0.7055785232349097,4.87952463445278,1.5593671247742322,0.6993196473710634,83.95882517335913,8,0
9,2021-05-05,IL,1.2227185123005013,1.5078997439223818,0.0,0.4419951649438384,15.394532285881745,5,1.446409323086916,4.185255931038567,1.4445679285826218,0.9654082574384855,2.8478132795781326,3.3024654034648915,91.41880300499159,7,0
9,2021-05-06,IL,1.1015406424098206,0.0,0.0,2.6259930062692165,13.226446516311373,4,1.1537790538925483,1.6209732792096592,1.9461604977372313,1.3109927050571042,1.120408003911547,6.345370254017192,83.48091794671743,8,1
9,2021-05-07,IL,0.15961758086229516,0.13899613434230162,0.0,2.153454755590359,22.062554943369534,3,0.009631858825180473,3.4569615351497056,0.18416992292962409,1.7231984498789505,1.3418982138385864,1.5614013067322814,73.65296233445326,5,0
9,2021-05-08,IL,0.5393951338538925,0.0,1.8311940917431013,0.0,14.016574105556568,4,0.44795819556795596,7.219784475653403,1.2196323807100724,6.5358813164021665,3.3578412384225413,5.7033159596879575,79.69648470760461,2,0
9,2021-05-09,IL,1.928943369355452,0.0,1.0621050331880604,0.0,15.656104261443273,4,0.7819967629427276,5.9815639728539205,0.0,4.414470332456013,5.612052507316682,0.6728129486961825,63.44992891439407,2,0
9,2021-05-10,IL,0.0,0.14813908505677142,0.036081412084871145,0.99917503130207,11.09600857252464,4,1.5309073950214396,5.356435364611273,0.18151407197934352,5.732031772751232,5.968390523971689,2.654372009408632,58.780542590238106,4,0
9,2021-05-11,IL,0.0,0.13504192748265942,0.3547377337200247,2.193660058869117,16.982060063194577,2,1.7610090581275886,1.4473305752758379,0.8487511504779333,0.0,3.400657306648515,1.6640740146397421,116.45045029422765,3,1
9,2021-05-12,IL,0.0,0.0,0.4774875649456909,0.6947652957806838,14.853560119775988,5,2.193296729067118,1.5401141384081085,0.48606783370186846,2.8208672887583606,3.865623233079848,4.389947128747774,94.6803086035375,3,0
9,2021-05-13,IL,0.0,0.4672316732285817,0.0077142992604340155,2.521697116827889,26.001241377187434,4,0.8010090678534285,5.423487531018507,1.2953086967508716,4.185790286533576,0.6955699627175651,0.37858173911057413,66.24651123671806,2,0
9,2021-05-14,IL,0.19633737065535972,0.5198818315707527,0.0,1.088842634260021,14.948540014824896,6,0.5591032333371708,1.406733708688868,1.6507176419613039,2.6140499222480966,5.175904506720381,2.7385222607618247,93.50235088115879,4,0
9,2021-05-15,IL,0.0,0.01682875247517815,2.7055821064131473,1.3491429397453667,8.91093401110205,6,1.6159312029925266,4.236036869499463,0.9006046463927266,2.8868930189149893,3.8600357706955766,4.953130444951162,71.74229339925196,7,0
9,2021-05-16,IL,0.7044969928567725,0.0,0.0,1.7789311956989549,14.462125927214588,5,0.7841121715622854,7.224872878455143,2.317453563081108,0.6977513756721614,3.9120751613811686,2.790833655734268,79.75876405820728,7,0
9,2021-05-17,IL,0.2496249648459674,0.0,0.2014042966657661,0.5972441001714868,18.141252792757037,7,1.289392899739066,2.5187898152702917,2.436774463371384,2.5035299516092886,1.1417420647665981,2.9583467281595004,63.914018666237276,6,0
9,2021-05-18,IL,0.0,0.0,0.6863990290363942,1.5827436367530872,17.547337571062542,5,1.4240093804990144,4.5207486883642805,0.7602353680458478,0.0,5.269479203020222,1.6613174485260211,41.410548381225205,1,0
9,2021-05-19,IL,0.0718673179575251,1.4652209470066424,0.0,0.8283585920737886,15.270987202615506,7,1.0776549711733716,4.989594888751791,2.5107189950949422,1.1688430556990594,5.804155374997587,0.9200799839396154,73.95273935209468,8,0
9,2021-05-20,IL,0.28767950855216484,0.12533522660692764,0.36797728855198275,0.3333723325007689,22.490644402876967,6,0.23352400180455524,3.400744982535647,1.9471044031686024,2.6097334298259427,4.76601943648938,0.0,70.67318039493505,5,0
9,2021-05-21,IL,0.06163433603648982,0.0,0.13034416231130785,0.009640098208905143,8.52683947710696,6,0.7136142582043286,8.754794120442822,2.4576571596043886,3.5099883080544023,5.2839222897682045,5.8328254551236505,78.98632780314277,8,0
9,2021-05-22,IL,1.3266857605310682,0.0,0.9288674550568825,2.0380426519203785,21.71054562315782,2,0.0,6.9580188727337235,1.7048374827817747,5.21416733430656,4.8457404859024,3.0957818167151077,69.38746952624142,1,0
9,2021-05-23,IL,0.0,0.9319148284357623,0.06884486324308275,1.0587651350531004,12.194009658878624,5,1.2775252979260334,5.499008526534896,0.41802678407861715,1.6089842960891512,1.6391337871509242,2.784372817926728,36.05739005671574,9,0
9,2021-05-24,IL,0.22440942850837253,0.0,1.7819357279380714,0.1433130882379653,18.002906043088373,5,1.4116021871498763,7.4587288180347135,2.092349230349746,0.0,1.6588584951271992,7.0330428736932085,63.42040790625094,6,0
9,2021-05-25,IL,0.6772348944011789,0.0,0.0,1.2094975943994744,12.447491582990201,3,1.2961610500651586,4.661347868239531,1.3949309359683744,0.0,2.153672237758296,3.2328662634825736,73.14982993206499,5,0
9,2021-05-26,IL,0.0,0.1244173780376443,0.0,1.281002189310553,9.380344156426101,4,2.120025644401782,6.365746703915793,2.101035839983714,0.0,1.5369419145195566,7.340356774594037,89.03191105523857,2,0
9,2021-05-27,IL,1.1579749742488177,0.2127530587067367,0.40295251044435465,0.0,20.486516440255848,6,1.0233986060567948,5.0539682584475045,1.990970654417794,0.8946655698033197,4.147354854823901,5.820487459981409,84.98846791490288,5,0
9,2021-05-28,IL,0.3970696092009116,0.5137345139997813,0.39169282436160935,1.752846564293939,2.3143731033793493,4,1.7260667017597913,6.425305996971058,0.0,7.443462034337366,5.59086388540104,2.9507790607925384,62.95920366687205,11,0
9,2021-05-29,IL,0.0,0.0,0.0,1.037570469293477,20.0735764301604,3,0.8332267716664652,4.843777470645339,2.1804598907148702,1.6031021414001483,6.738084493250185,0.05703974287405167,93.31199297493913,1,0
9,2021-05-30,IL,2.8159926133111624,0.272058936880464,0.8202875896988554,1.6820365459591102,17.92245365425518,3,0.5648078179632554,8.891714352502841,1.302368138384529,1.7336328674655532,6.268873489687639,6.2321285942810665,64.4575369786903,1,0
9,2021-05-31,IL,2.397299608400638,0.2772642309872596,0.0,0.09853514873904733,12.241043364051487,6,0.6981735086611986,2.8625092185169176,1.3554054858832687,3.2378980107379527,0.6955699627175651,3.5918382849664896,68.74662877099587,6,0
9,2021-06-01,IL,0.735468730023414,0.0,0.6395404732808134,1.5266951996351965,12.624613209251418,4,0.7280852519769485,5.756387579075126,1.6564222215457627,5.570149345118992,1.3280665351033454,4.924894810498783,67.48426249752967,3,0
9,2021-06-02,IL,1.365764197461723,0.0,0.47957337449378756,0.9706790670094206,22.425482973160037,5,1.2105500949763486,8.24669254709764,1.3249920955696834,1.66026110013868,6.0568007480361885,5.502222399509089,85.93946743073158,6,0
9,2021-06-03,IL,0.8861065686213158,2.661585553253101,0.07558507424890237,0.7775670099961698,12.163923240696247,2,1.3016535127384121,5.670949248443487,2.374211323546558,0.6781206380214059,4.5009768198820845,0.40086637401632075,94.73801882586628,5,0
9,2021-06-04,IL,0.07840114290304634,0.16430104805422693,0.3741960979972037,0.13624225822004754,9.19018485686789,4,0.5907134114014414,5.669690866677666,2.585007933924286,4.2132394372632955,2.222000141070902,1.6519938988483478,106.78904938006413,1,0
9,2021-06-05,IL,0.0,0.17680842499702926,0.0,0.1973678042827272,12.643222872913569,6,0.3008800241013079,6.674540709039685,1.2768489974306014,6.154822630123953,5.7866326824118826,2.4271841989835012,71.90413605340798,2,0
9,2021-06-06,IL,0.0,0.189021185393771,1.1874893799654815,0.019356910297588126,20.530264337097353,4,1.1522888271649752,2.249244664398748,1.8490471028314637,4.300563058576525,2.529493676924016,5.775480905667039,56.41831736126112,2,0
9,2021-06-07,IL,0.22728148735954368,0.0,0.2968226078228283,3.331395718732336,22.04456855019369,3,1.5609549955132331,4.981981795287759,0.8806078908317039,0.3974296188334929,5.063632558898961,6.523770640690549,70.73270375303458,1,0
9,2021-06-08,IL,0.3386023397504847,1.096579901467968,2.3263267139502393,0.0,21.83239191773365,5,1.0649693158874822,6.187690348236969,0.7609572573218016,3.343255120716715,4.180462127023743,0.6522163549114213,91.42269366508515,7,0
9,2021-06-09,IL,1.0131458628728125,0.24076738522620758,0.16505404639451537,0.5526112733382282,15.592242692077168,4,0.4050531547423317,2.6855063890447264,0.1987335253213427,1.3054777240964568,0.6955699627175651,4.183899879548091,85.41272053651933,4,0
9,2021-06-10,IL,1.1038552378945474,1.0519892743219077,0.9279156987123112,0.0,4.78201378105789,6,0.3509218943526422,6.309972637779565,1.203730594425481,1.8552187034655476,1.1112915272467534,6.011960152488034,80.6470384979964,6,0
9,2021-06-11,IL,0.09280814147415128,2.340528099999645,0.9420008248875723,2.544242111931836,23.15924178270552,6,1.6493989872431258,2.498758985131891,0.9894066851810619,0.7040188605633457,1.5023251281586512,2.910591707765282,91.85375098105445,8,1
9,2021-06-12,IL,0.0,0.179819740327942,2.1260979649639893,1.3885139713779298,17.841214734627933,4,1.5661301209737646,3.2325010955387814,1.3044365657542072,2.865326116770635,4.875033120151508,0.23085863500671966,68.43995604458132,6,0
9,2021-06-13,IL,0.22272578135370735,0.5075065335614224,1.0672491769852726,0.4125291733250921,23.237804468743782,3,0.9899766568384878,1.065912874154415,0.6820969077153293,2.292212391392928,1.6105598688243727,4.708531724566536,78.10353413739323,10,1
9,2021-06-14,IL,0.8386665043021158,1.7711528360555482,0.1727618749398003,0.0,10.37533662708312,3,1.9646807417300525,2.699776679829678,0.0,3.802138475144237,1.4215643031951486,3.902332904070941,54.09613587956665,4,0
9,2021-06-15,IL,0.156259235126476,0.300205734739587,0.0,0.5797435516199868,13.826876857802809,6,2.2948536318538437,6.394920375707714,0.21434971307540368,3.931086018891673,2.9110713541350997,1.8282835481982378,86.07286367756109,5,0
9,2021-06-16,IL,0.07365891621147946,1.3446503893864021,0.0,0.6542544755714145,21.79142577112041,3,1.1528643589045389,1.8347207193891917,1.4072240389113566,0.0,2.4422409069449316,2.0450192109238863,75.88972590922717,8,0
9,2021-06-17,IL,0.8398837731131047,0.0,0.7830610689923974,1.4353046624502208,26.001241377187434,4,0.7100060808309189,9.618627672083617,1.7646927996310846,4.892307394556643,6.960911736521162,4.889265754399703,67.13860034629232,1,0
9,2021-06-18,IL,0.9005981913031915,0.0,0.15359076696713503,1.4990824086968613,18.585575397218648,2,0.0,3.758438472764846,1.3320109680739618,0.2514881256315691,4.15633693450707,4.578274310076862,55.67982568890471,1,0
9,2021-06-19,IL,0.3041552619819917,0.4684930005173078,0.9724427718388011,0.36681455196586643,21.911314266287903,6,0.14261623282973834,4.3285524161785185,0.0,0.0,3.5118289600951877,2.983356141828714,71.58083961457385,3,0
9,2021-06-20,IL,1.146905946830941,0.2851519286252506,0.6714577809005879,0.10089475924909234,23.576644200143036,5,2.345612800203067,7.59849498704705,1.9245648171663492,0.24156998529501375,3.2391340994208466,5.4956550710984935,56.558166575614116,1,0
9,2021-06-21,IL,0.0,0.0,0.0,0.5963148761769441,1.1321245614879363,4,0.4405825266222214,2.5224413935455283,2.443796913701361,5.38190903894033,0.6955699627175651,5.5478513551531226,69.32944369780053,1,0
9,2021-06-22,IL,1.1498759298104395,0.0,0.15333698684956185,1.441602015321715,18.052415492808947,3,0.9607206533232557,3.4211041902443076,1.5902793075558497,5.537731883348384,3.2480581724767865,1.768896446982908,65.99555712677218,1,0
9,2021-06-23,IL,0.28770474693179826,0.28504827566935104,0.5134599695778386,1.7261439428890029,22.97466619133003,5,1.6096969389536235,2.1721772397633705,0.0,2.9427208975045467,2.0555829587220606,7.095001239878847,83.9029373717831,1,1
9,2021-06-24,IL,0.5968850567401218,0.12517332421181596,0.0,0.2055484694568681,9.911705169112487,8,1.3375146318136089,6.180044659714196,0.5344866790673205,4.670149589630907,4.883570710412851,4.522316275453816,81.93091955497874,10,0
9,2021-06-25,IL,0.0,0.0,0.4807186226780408,3.155381417800048,11.411230535056031,4,0.5184124966209985,3.9729381284075806,2.0895479911805617,2.7086943444341003,1.9014102527038559,6.822438224738114,69.06604421264115,6,0
9,2021-06-26,IL,0.0,0.0,2.7069644354954208,0.13209329450232782,10.332425870212596,6,1.6900806362148393,10.247528802061883,1.1458643301107174,3.507341384904943,6.015340036840267,3.587138439058428,76.3348088513477,1,0
9,2021-06-27,IL,0.0,0.0,1.0565082923413938,2.1175928714524592,13.716699150251369,4,2.0457500912623465,5.241242800249513,1.7442029607647318,3.5065264163613783,1.8579469312804395,3.9933757392059697,71.5750411757667,3,0
9,2021-06-28,IL,0.7746453422178786,2.7024044271162095,0.3222268031888249,0.3436036239380722,14.228795716514021,6,1.0105754760657386,7.194714712583401,2.3389701447615816,5.185506571080437,2.2457451179403267,4.030386986166721,65.29243085324448,1,0
9,2021-06-29,IL,0.04018248952743168,0.0,1.1327791844653543,2.311755260035876,9.260541889416503,6,0.0,9.171144543447092,1.8566583305836806,0.10065001712406768,1.2709726867969047,4.0358694416539205,56.97827199155826,4,0
9,2021-06-30,IL,0.3376774983116385,0.0,0.0,0.39067876396618345,16.330465719610384,4,1.1700259632090284,9.610880279541345,1.2867131044852762,1.441892392137333,4.880215781566969,4.598077887129239,117.59811885391082,3,0
9,2021-07-01,IL,1.1274890340547559,0.5906862986414543,0.37657997388330555,0.5639016045243856,15.770856140282897,6,1.1894301868267387,4.7040769277245955,1.2038445313498354,4.906076860828029,3.217132475260745,0.5018076759059955,72.48285559492929,6,0
9,2021-07-02,IL,0.0,0.15576820280369819,1.0313282093885499,0.1341056499288967,15.714999894068907,6,0.5301398722860887,3.525265526893503,0.9926028234513392,1.8610812796412137,2.2214741137789864,2.349850943357948,60.028368018584715,4,0
9,2021-07-03,IL,1.3186291641643082,0.0,0.036173942916961854,0.2276010171813932,17.228164272979683,4,0.0,8.512150342036701,2.0630520899283455,3.0215327891206663,5.134183585952994,4.909550234002896,49.63717055692621,2,0
9,2021-07-04,IL,0.34710558945553693,0.0,0.29272403473065556,0.20182963375561558,14.653982212650389,5,0.2244301743108379,4.535743789194948,0.1897019523079968,2.365920642833138,3.6917994502919185,2.3454016586206548,82.21322984788854,5,0
9,2021-07-05,IL,0.36058224456961696,0.0,0.1598757451860937,1.2976151833402598,21.935661460620203,5,0.3795054206574472,5.368714377838067,1.1039409721277407,3.1302328097448435,4.494962668658827,2.8953793866803017,60.2645302241426,1,0
9,2021-07-06,IL,0.5707192558338509,0.0,1.1782675873759678,1.2823432556172683,25.665113434744637,7,1.3731499537268443,5.487963233726011,0.29875977447011925,0.6076539245195791,5.298317995249027,4.074221342693707,61.09660789584239,1,0
9,2021-07-07,IL,1.0716345210613132,0.0,0.0,1.766689642604482,19.555701603292402,5,1.4800792694827918,4.727601900013666,0.5630210047582488,5.403456961957643,7.367435560248423,0.43404675686740024,77.81259528597015,9,0
9,2021-07-08,IL,1.2384772911134214,0.0,0.5480512466512116,2.0334696430219976,22.55921598699679,4,2.210326505488751,2.065669347382288,0.6160354782573187,0.863157483043996,2.4436369254726253,4.116048297836142,91.51274005671903,4,1
9,2021-07-09,IL,0.0,0.0,0.0,0.6140053400849913,11.401120388388685,4,0.0,5.197405224168368,1.247264095378763,5.104675971073937,3.9052085608310403,3.8318885150301982,38.71633414510842,4,0
9,2021-07-10,IL,0.0,0.0,1.3484567306969477,1.8155800739583252,18.053436596180788,4,0.0,5.099667974927552,1.490892663519952,5.689827991678545,2.475712385040519,1.7210367944375449,44.617532726903974,1,0
9,2021-07-11,IL,1.7704890609182735,0.19546068048069384,0.5403314431186103,1.4391256535294312,15.042313486640856,5,0.5024431258540119,6.54885179612044,2.6409273931167307,0.0,4.395261070274815,3.1441250857385805,36.519900709702924,8,0
9,2021-07-12,IL,0.43707326238287525,0.1337959977708505,1.1423274230411715,0.9174704715210157,13.77140555698565,3,1.646459391886439,4.158327385909596,0.0,4.023064598803791,6.966718589217083,3.546573629596458,29.045578293449786,5,0
9,2021-07-13,IL,0.14047470695170783,0.11717723988214623,0.42948178146233984,1.6355484466702797,16.19290731113248,4,0.26776261607376806,11.212824850301015,1.0040590449225535,1.902552595985196,6.79263679798135,3.8486294860693864,62.2421170118912,7,0
9,2021-07-14,IL,0.04852860660588294,0.19079314220811322,0.0,0.07009710154347593,13.179907101085234,6,0.0,7.1239631219480355,0.03565539708883825,5.550831227071424,4.4481869613652165,0.8370562586755188,73.14451224966768,6,0
9,2021-07-15,IL,0.8502780212213438,0.11026498308378918,0.21084795336706882,0.5262983546519416,1.1321245614879363,4,2.1980001730234715,3.3459329177197756,1.3942665808852226,3.016769979955901,1.3808687199575171,5.607076112990671,75.66391165994457,8,0
9,2021-07-16,IL,0.0,0.8292395029363764,0.5641208981533499,1.0912434309888304,20.988103134585756,5,0.13982075195999966,10.187758153975674,1.0468831413479394,6.147588152741591,4.559683493343892,7.767875938412255,68.02051074110149,6,0
9,2021-07-17,IL,0.3255051620391678,0.0,0.6668019299271758,1.133127561019771,9.979252536607468,6,0.5342323590882092,5.148396212084919,0.22084356804178665,2.062629852607099,5.232079753367042,1.7154703259295463,65.87296228085637,5,0
9,2021-07-18,IL,0.22062797331095207,1.5774872604577435,0.0,0.0,16.41493727843939,6,2.8094387452909313,8.68244080644164,2.0447569414690037,5.674012052123328,3.0071738073244125,3.4272354872609965,91.36136736329804,7,0
9,2021-07-19,IL,0.15605274460672636,0.49888750209605304,2.377018784142348,2.8277608348622256,18.837179544683035,3,0.2893870873661081,2.492331475639743,1.0889485212805332,3.852365317607477,2.8343565144333334,2.399890306103114,71.36046354697915,9,1
9,2021-07-20,IL,0.0,0.0,1.1614278699531777,2.889453706809828,19.362958153627282,3,1.1801723611874178,6.702319633967218,1.3637710416372448,0.0,3.5388053272488227,6.101655614571276,89.1586403840713,7,0
9,2021-07-21,IL,1.1544536920832404,0.0,2.0659712649498525,0.10258852567813218,22.561254977831076,6,0.7815823199553048,6.894737757358375,0.7059624352259308,6.348573140521042,2.5320580351797277,6.107759515075208,64.96073318218927,3,0
9,2021-07-22,IL,0.6168949561538839,2.253252837718487,3.194677092601342,0.8568951535595353,22.10229983737048,4,0.5543500062523323,8.63809587151401,2.513226311738082,3.2536628727955064,4.177907273780014,3.7227389980972987,43.5411910318659,10,0
9,2021-07-23,IL,0.40816273985155416,3.572048585052231,2.0189741936863124,0.6122578342555625,8.314076068691463,4,0.48560489748873603,3.423930457457248,0.9385332411917353,4.843576481958855,3.4286087660259894,4.299374813393687,66.3992530997157,7,1
9,2021-07-24,IL,0.037773421852166256,0.08505068870275778,0.0,1.0483504249424853,15.577890672072588,5,0.2863127948390567,7.947448952527316,0.9626173916422449,5.11521558480746,1.5959151934687084,1.5690096351945462,45.07607906722062,1,0
9,2021-07-25,IL,1.4885119585260806,2.0274259881252115,2.5515457162381403,2.058022407385234,22.82114675485272,5,0.8912622505036821,5.132774566600752,1.3401740336265064,3.415154367620021,4.779621257943428,4.077973469361549,52.73110265786949,3,1
9,2021-07-26,IL,0.00844785691615002,1.3406136314473862,1.4748221555399308,0.6576938438838458,14.41392039692296,6,1.7210373415867013,5.007798370198676,0.7871417203942006,4.9237621728172,0.9619116801815313,4.655570627245742,62.69362396190541,9,0
9,2021-07-27,IL,0.6673711697407284,0.0,0.632901106986721,0.14853572646129953,18.880085100987486,7,0.22527727462282043,4.891608726947898,2.6889265397423676,2.1506570062776666,1.8807362288677423,1.7824206001388454,90.96075780051653,14,0
9,2021-07-28,IL,0.0,0.4633332033768999,0.5133596905923363,1.8016858489616236,14.228295005278975,4,1.8955516757117727,5.707652640792719,1.395848686142347,3.6916964088024864,3.583819816366429,2.452394789846579,64.66475472204763,1,0
9,2021-07-29,IL,0.0,0.0,0.8924090406881039,1.091708545145393,18.19355098363447,5,0.9645612555377284,4.804365355924407,1.5678740812157606,4.596105705418779,5.060111280159372,2.542748406963844,94.62329562969543,2,0
9,2021-07-30,IL,0.6290304820068982,0.7939460510298981,2.109769774669326,0.22249796951131495,11.424002880225387,5,1.0010163584349812,7.487007767956377,1.0149655816420902,3.53103751047554,1.5777694106423468,2.618060037295993,83.65552685010496,1,0
9,2021-07-31,IL,0.4874056771915478,0.0,0.0,0.33479523068792383,15.342934883241002,5,1.257424550657297,1.7773419728051791,0.9539767539721367,5.892926179341078,0.6955699627175651,5.410647431270413,58.21248536241739,5,0
9,2021-08-01,IL,0.4094590757440757,0.5743615356947174,0.0,0.0,25.202516169712805,4,1.0108249668370894,7.915119581575571,1.3878667876544735,3.264836206499012,0.7455369301208012,5.1227877547843175,81.49327626124568,7,0
9,2021-08-02,IL,0.0,1.913207074393171,0.5227990994510253,0.45027396685925253,24.115997383614985,5,1.713348067986604,5.761784384664098,1.1686830541616766,0.0,4.036949457817687,2.826855726168139,63.27963160536993,4,0
9,2021-08-03,IL,0.0,0.8314869129718208,3.2473686889836024,2.2578482153643518,18.393362961804367,4,0.0,4.114186579368984,1.45617314150725,1.457398834292128,4.160943148594248,4.385118325356411,80.58534425730251,6,1
9,2021-08-04,IL,0.0,0.10867418751132507,0.6620781196853094,0.2307569334946109,18.868311528357783,4,1.17883534662049,1.8717700846570795,1.6317666323702247,3.2251997644491963,1.605073248518638,1.9497225344603581,58.04120647502557,7,0
9,2021-08-05,IL,0.0,0.21662333684887794,1.0841163458516885,0.8053657203559088,10.881475305673572,6,1.792768000708144,0.8551805026779982,0.007616543249709062,0.20575685675693972,2.1343540516481116,4.195073641159512,42.50597447955877,3,0
9,2021-08-06,IL,0.4757609995994453,2.0965009445628513,1.325320116084967,0.9864765239106377,3.8272304557959913,6,0.9575818134654286,5.884701736324158,1.8395311085771313,5.329568046334397,2.7779514789091655,3.466432234805655,116.52840313610355,7,1
9,2021-08-07,IL,0.5168105038284662,0.5210165675213184,3.1189935770839803,0.4823332702704408,20.420070785539924,5,1.5798029650620855,2.1047647844111785,0.7654723877710148,5.25869668414111,1.723466174752783,5.188382000040022,93.75496793729951,10,1
9,2021-08-08,IL,0.4157368923395426,0.0,0.09198717000687773,0.0,9.90336178303583,6,0.9051492723358996,7.72481201328086,0.5770222663776521,0.1556637073403275,3.6117439335983215,5.856011466206903,84.26335246744979,8,0
9,2021-08-09,IL,0.0,0.5506387275414388,0.2937320338900614,0.5969829168846876,8.529078989741706,4,1.9890805438370716,1.4643762126500677,0.19538401686377882,4.434227722851184,0.6955699627175651,3.186209434197866,89.05502026978209,8,0
9,2021-08-10,IL,0.0,0.1569728797550181,0.08372380979360566,2.311585302447175,23.661970036916234,5,2.405163641939586,2.6915796102034553,0.7499340322421708,3.6041078359681284,1.750942863932429,4.213796422857787,17.84896606304507,7,0
9,2021-08-11,IL,0.8054065490059108,0.0,0.0,1.2060992269675097,11.657304785411421,5,2.326943652552991,3.2369874049813925,0.8066747929185722,3.0636032732936034,0.6955699627175651,1.9215837841844796,68.95568797714735,7,0
9,2021-08-12,IL,0.7742293891885992,0.613310545804533,0.6266626514666407,1.3649718329105183,26.001241377187434,6,0.565069673212605,2.5127816214331973,2.4925001963400284,3.2416764012329944,3.322105992407171,3.354197111630858,59.8925326666355,6,0
9,2021-08-13,IL,1.701111978475975,0.6460232239911339,1.617596214007565,0.9856383722845425,17.225553500640544,6,2.129002798509685,2.052153398594399,0.8850033652821281,3.0235274159987786,3.4440945070332467,1.1260114029960056,77.64731436326734,9,1
9,2021-08-14,IL,0.9450961724760409,0.0,2.2543779201295657,1.4840065989622704,9.645771819037561,5,1.1202202020057574,9.342514774512303,2.468776735151751,7.188605271623931,1.3916685013884376,5.73668500472334,102.26725028218496,4,0
9,2021-08-15,IL,0.5492720272536742,0.04491340247492004,2.0565475598808978,1.3844436091486956,21.308174127787304,4,0.1681469032460497,7.954065309774796,3.231894469595896,3.720649362002772,4.729908758534515,6.8035747431797855,103.66880218095848,4,0
9,2021-08-16,IL,0.6334338158481043,1.2100343630416215,0.872986547303928,3.331395718732336,10.87153104994546,3,1.2152320596143884,7.3763743115814515,0.851354064043835,0.0,6.426155493393429,1.1198114803486634,79.37995754217303,3,0
9,2021-08-17,IL,0.6506124480928054,0.807284233653355,1.3776880704155114,0.8576230507654996,20.06258725955087,4,1.140787513664509,5.160991451158876,1.0369784058757767,3.5979698997892378,1.0945339232139686,3.047074016999596,30.30232914868956,1,0
9,2021-08-18,IL,0.1853145765712343,0.0,0.9415436921465248,0.2896958213103834,17.05381566792559,4,0.010197829283572268,7.544518016074504,0.5551380765932321,5.900352163903707,6.301954533295764,6.72708012791344,57.709122486273955,1,0
9,2021-08-19,IL,0.830087066200519,0.0,0.4941384083977929,1.2111278159767478,9.119460842903546,3,0.8621307278245554,2.3838265959360276,0.9902059208600585,0.6003334672336156,0.7184769912577802,3.007845187452541,27.565093047673912,4,0
9,2021-08-20,IL,0.5096376317936528,0.22566653589121421,0.9295518654271173,0.0,19.940482509579876,6,0.6911854933497996,6.249492695140169,0.5171193621877035,3.2517789657961385,6.7801446244590835,6.57637953508044,90.4196235562326,4,0
9,2021-08-21,IL,1.0171046213972055,0.689108948541457,0.2183453968726463,1.63655158524147,8.176432712802036,4,1.453084436473058,0.9414385692869807,0.6315135373503378,4.025193092476794,2.092082300514017,7.103951614168299,86.24656698800122,7,1
9,2021-08-22,IL,0.14086589597301713,0.0,0.0,0.33222373575548,19.690328848028198,4,0.5406096824255524,10.783527755585983,1.4827233043336845,4.31633950983246,4.283166450999911,4.0515905075907925,57.58810389326809,7,0
9,2021-08-23,IL,1.3233027594358486,0.0,1.2867138282548174,1.9708664247346313,20.049679595189204,3,2.0553048061184285,5.097072891693284,0.9817289730401662,3.761563581840582,0.6955699627175651,4.195966564063309,49.884741737127925,5,0
9,2021-08-24,IL,1.3041355939429646,2.9985976897021827,0.2880723061531779,0.7534764918245279,12.212275557094882,1,0.8174715432556608,7.8138680881700315,0.8947254578110035,5.111977454402101,1.6907241542928468,3.617590277768776,53.68389669243907,7,0
9,2021-08-25,IL,0.8332801950014386,0.2077052251927607,0.9519135178639792,1.560648160035054,22.20058775760464,5,0.6202712856860655,2.702001008632581,0.6380853387716466,1.5666597269258875,1.3157833485579178,2.6825668915874865,65.14936282471345,3,0
9,2021-08-26,IL,1.3744908595783034,1.3825181123331354,0.8496598323019844,0.48595296235637364,26.001241377187434,6,0.5148095054094618,4.797475586131952,3.233149714605137,0.3335119084557657,4.386192383186495,4.701340052895953,59.060961125620814,12,0
9,2021-08-27,IL,1.1833846014513048,0.4658029574350583,0.9669335925940392,2.0955064769843896,21.938879840582167,3,0.7650249773183468,2.722231197583226,1.0449639744313115,4.489048710057137,3.9438300222250895,3.5984440752725027,114.21172393270214,1,1
9,2021-08-28,IL,1.2300948581799431,0.3106333320941832,1.6438240757472167,0.07175452253192183,15.196173046710664,5,0.7192902059959605,2.3225487765026376,1.417775032141437,3.7367965333912205,2.110395952580218,2.058065749169767,92.21972651447032,5,1
9,2021-08-29,IL,1.110916078777472,0.656109700349743,0.9167207887225342,0.0,21.24009502623057,6,0.819507716603106,1.3094633829162516,0.07575851026289482,4.622373699080142,2.5994122383252924,4.40042940548993,89.60533571623432,6,1
9,2021-08-30,IL,0.44181898746968895,2.477059423824269,0.7996144733755898,1.4743768431461735,10.528452236519836,4,1.294056602619725,5.7968719926257295,0.5925531047416216,6.681871783485831,3.364728648733071,0.6566068503922562,80.51074907125358,2,1
9,2021-08-31,IL,0.3103738602297723,0.0,0.8413168305897666,0.39029062852315033,24.553304849700634,4,1.9258154128073692,7.278467647208046,0.9164468826675267,5.789728520801475,2.5330565715429145,4.3530551550574454,58.155306797377825,6,0
9,2021-09-01,IL,0.26859390446428777,0.7264707993456594,0.49622159010212724,0.3773262206468763,13.208789242864274,5,1.5858076252824402,9.68050458121294,1.321141404181828,5.239483378497552,2.499269167490069,7.5865983006096425,52.91471857001261,6,0
9,2021-09-02,IL,1.270518796902935,0.0,0.11884077747999156,2.5861603654223897,9.634784857846695,2,0.29144634020339155,9.461637573176759,0.4750441165785956,3.422416161441103,4.258737404707823,4.681204886731242,73.74276298725756,1,0
9,2021-09-03,IL,0.0,0.05717198019072947,1.084124580614642,0.7753474376483361,26.001241377187434,4,1.3634416811883343,6.015660518411464,1.1667191466816824,6.287065636615047,4.665994685169572,2.495650318381524,101.5458141147411,2,0
9,2021-09-04,IL,0.0,1.492667002584373,0.0,0.0,16.292471484540812,5,1.7576492406308766,2.6646973578303594,0.6110984232107464,0.0,3.7597877222293334,5.6709284527524915,66.6084084890358,3,0
9,2021-09-05,IL,0.0,0.41095236752057906,2.0227244489405614,0.0,12.02606150015348,6,1.5028309313478463,3.7766701705852057,1.210310604335741,6.34691980231768,3.7104702409751456,6.049076939096551,105.66889203647081,10,0
9,2021-09-06,IL,2.767703473190637,0.6309964913750772,1.6105190719884512,0.3777368825967926,25.362921386721734,3,1.285802377836256,7.568945361492608,0.0,1.5535031183805503,4.524990517110349,2.827810367573014,91.86313815862445,6,0
9,2021-09-07,IL,0.0,0.11673763105687085,2.270825536288835,2.229432689751528,17.91962617297501,3,1.9227813630980704,4.876551676912287,2.610670720211397,6.720479459948746,4.176258510037641,4.9474001489870805,74.30154040604472,1,0
9,2021-09-08,IL,0.32075213401379643,0.2656494080214494,0.8330632728403794,1.0065581614022125,26.001241377187434,5,1.8761574036195108,4.725641509445211,1.3738646968107335,2.7708240111224605,1.543533628669246,7.862688349911374,101.65997255718865,5,0
9,2021-09-09,IL,0.0,0.0,0.5345482514635551,1.799680529715509,19.38207875770773,4,1.0433769145823948,2.5183577606965515,1.6400893801018896,1.3925409569809186,2.9225787773786935,4.913649939695166,69.61797570450963,6,0
9,2021-09-10,IL,0.36900148715375236,0.0,0.0,0.3901101021790939,24.845870435729537,5,1.872272436870778,0.32319581482236925,0.6924131123658177,4.262075529295306,1.3245839172031024,4.475051111022861,120.0,1,0
9,2021-09-11,IL,0.0,0.3001497620032066,0.742450981550722,1.3717860423960484,13.298335958285996,5,2.0546913464915573,9.558289210238364,1.3875283809277348,6.6061420192664695,3.3917563192983424,5.661023670746364,111.86474648565195,3,0
9,2021-09-12,IL,0.16001901905696259,2.2425780825027815,1.184205935053218,2.4485325400318607,19.14802352915603,5,1.579202088396764,3.946696494722438,0.9001638182893956,2.2374345714014066,5.478741436128802,2.1190479369152553,76.09402250520012,3,1
9,2021-09-13,IL,0.1290821013378013,1.2704818736184937,0.0,2.9893608167350254,19.594075383525748,4,1.5138906928163636,9.298849058853737,1.0445872473865556,1.6780822135362854,2.2905009947904804,1.1078115528963117,64.06395649250592,8,0
9,2021-09-14,IL,0.0,0.4631257152119831,0.0,1.0073418909642502,20.43499137512012,5,2.588882978613298,4.386511090296472,2.082363480931012,2.0035120588758275,2.5434049071497293,7.002324302702279,64.081335426299,6,0
9,2021-09-15,IL,0.0,0.0,0.6855342727673808,0.8173445214192373,12.990523052882773,3,0.0,7.584037977794722,0.4953815736086467,7.979966779678508,4.224099228165838,5.152188873665951,104.0934786940064,4,0
9,2021-09-16,IL,1.0886246260145214,1.132346941393355,0.08315082083316833,1.0809427859983076,23.746138804258827,5,2.2970107555488872,6.6446078064713605,0.5128453083900959,5.914975491033099,4.006790707889404,3.551727011051373,90.71068028899178,7,0
9,2021-09-17,IL,0.0,0.43065668225366416,1.7021280505600653,0.0,21.55695279236138,5,0.7387419587938027,3.232936276749406,1.173987481890133,2.992937020121104,3.493829734554338,2.85381754985226,74.76867181811694,2,0
9,2021-09-18,IL,0.6454830304653707,2.0968218343099005,2.185500747626335,0.961248810596875,22.371608991918997,5,0.12655836349184257,7.8795276561212475,0.2633551183061401,3.9898675226821743,4.563154918170199,6.414660749495008,43.837420422110895,3,0
9,2021-09-19,IL,1.255898349303916,0.0,0.3941608319805221,0.023747997201893245,13.606978748467368,6,1.4336410044081278,6.743485425209039,0.5366082010134177,5.510512006302797,3.400023578810332,3.156539337137859,79.14580465997713,1,0
9,2021-09-20,IL,0.794830526266746,0.5693791592789779,2.063807505126255,1.4567959769262238,2.8114245410439462,2,1.935171899713242,9.206740964451916,1.611592953209479,2.587949404165285,7.427534600088595,2.2489817374061287,95.08047035538706,4,0
9,2021-09-21,IL,0.0,0.0,0.0,1.845680821547162,6.178545682768524,5,0.5175863562656855,3.370485701891023,2.3656151185650724,3.0328681616144677,2.182609037605256,4.7137773378488665,14.056281307064221,2,0
9,2021-09-22,IL,1.1277696443972693,0.0,0.12361128435782898,0.0,8.897565928556665,3,1.04449043520686,1.0696075881053608,0.8639062105466856,1.4781094605980092,4.503975431244694,1.5705413060375584,76.4491804504029,1,0
9,2021-09-23,IL,0.3325383559230872,0.9268234345685403,0.5120759866618922,0.0,14.228104666419076,5,2.0240817211974846,4.074277630861624,3.32172816836374,4.927184408502021,4.487096207225943,4.94672455472903,43.637369837812955,2,0
9,2021-09-24,IL,0.12576890461945023,0.07587068042806626,0.8685424186341103,0.9650832022806917,12.69153477389621,4,0.7808353617335608,11.252564873802132,1.7599471456576572,3.4788608796400924,3.4436374278731305,3.668766169685508,64.74666161039632,9,0
9,2021-09-25,IL,0.4418765038752973,1.2308690683533596,0.6873300719546942,0.0,17.06741448371762,4,1.274672837314053,8.821954455145512,0.5663184245514015,4.230838888529442,6.944477869932415,2.2111477564806963,77.56388908113524,5,0
9,2021-09-26,IL,0.6253580982403919,1.7862094383212281,1.0532279248674903,0.21552028913806182,13.699176369048654,3,1.3651231649953057,3.834524890864544,0.5957854650452861,0.9362863652852218,3.8973133814104104,5.971470064255259,69.40557377006773,2,0
9,2021-09-27,IL,0.798683617090435,1.55624787407087,0.3032967468911416,1.4697684975085807,18.144494020850367,7,0.8750044465771227,8.646584499210173,2.739651527731115,5.643631793904774,4.259746478551022,4.6681125616594725,75.83305013405028,6,0
9,2021-09-28,IL,2.557373489444605,0.9539252582805686,1.4607405262795243,0.6200737214204043,22.959009901479547,4,1.7824848313940165,7.311425475713138,0.7858479874373602,0.3644371733982562,3.474233686734376,5.115648143044656,37.49970574852278,5,0
9,2021-09-29,IL,0.0,0.0,0.3689087075585867,1.1211423185869798,17.652238044603237,4,1.3794598112399274,3.8943938185248266,2.0823504370095502,1.0547687899042442,1.4533321796424654,4.735313884223804,75.01454829745134,1,0
9,2021-09-30,IL,0.4512172068776781,0.12099946144351306,0.0,2.8553777097439195,15.328902790753991,5,0.513041133529621,2.3148066383688874,1.03602597166944,3.619510743980544,2.4413129269438194,3.976483723373187,78.11906238239929,3,1
9,2021-10-01,IL,0.37211173516832596,1.1865481848750326,0.9789273444572458,0.35144109578716376,21.946032858225706,5,1.12745823735172,6.73106718822518,0.09917589963949203,2.7035203732695265,2.1780873148609743,4.543121550081206,113.10536269557973,7,0
9,2021-10-02,IL,0.0,0.3304959015047103,0.7882959857719648,0.43431841001577787,21.334047052463166,5,1.5893489233014793,7.379719232812013,0.0,6.495185775914385,1.3482630971481915,6.345256454625488,84.5168403895125,5,0
9,2021-10-03,IL,0.12384026528122305,0.0,2.6510361781279297,0.0,9.63994676401887,4,1.3755735691872553,7.206552423667775,0.43141667800511246,5.546270146215086,2.9988582188632558,6.163031396840716,75.1522464795961,6,0
9,2021-10-04,IL,0.44477043117229476,0.0,2.5294489512269362,2.7464569734859063,19.997565543140944,4,1.5840418039070507,3.032207162359038,0.8582987867309686,7.771737914095299,3.2528477043157062,1.2459109540221593,40.84489511971222,3,0
9,2021-10-05,IL,0.0,0.0,0.7583900143670322,0.15748927195004586,17.79670420539628,4,1.5138530113747684,6.004943262825186,1.0472876628587673,4.8855279251199635,2.437156816738028,5.739040838923551,97.30959296395648,10,0
9,2021-10-06,IL,1.0296734458931285,1.9837766875289584,0.5316642897424566,1.2306839867909316,22.73531250286107,5,1.4177172922652563,4.1040608877119125,2.298102148883942,7.129035713079983,0.8411713318037184,7.851124676450332,67.0828743122922,1,0
9,2021-10-07,IL,0.0,0.0,0.3400025806587712,1.0389268120643977,17.245140508571417,5,0.937670976819268,6.832644014168752,2.134674728288616,0.0,2.6451104813561144,2.3336620947816233,65.13557931103409,7,0
9,2021-10-08,IL,0.0,0.0,0.673346219102051,1.6266526031048523,12.977438971029263,6,0.9303615566756721,9.923347908518533,2.597165222859729,4.77041253643729,3.857837437767936,5.877355171327741,65.09729889935433,1,0
9,2021-10-09,IL,0.0,0.8020536093027841,0.688788610850643,0.7510536815267722,10.489865748277825,4,0.002756329034573346,5.519335815973719,1.9742867191550337,4.910234744507957,1.2801295851251129,4.323652245311442,81.55772510190342,7,0
9,2021-10-10,IL,0.10533316314276334,0.4751398847969026,2.205253286472364,0.7019598341259701,21.050229103031107,4,2.1545456480907195,5.5067565189688885,0.6432761841388249,5.288428703808766,2.931568390745831,3.7689498647915745,56.48036162948457,4,0
9,2021-10-11,IL,1.23103447435919,0.9851396047255476,0.0,1.6721225931488526,19.139286086023986,4,2.171762049951802,4.372197583552082,1.6849109684528256,3.300823366851342,1.7333044291866266,6.276873871385489,34.47005351444107,4,0
9,2021-10-12,IL,0.0,0.0,2.094422955055592,0.6655371671747217,17.08809032157678,4,1.4398229173241246,5.57746648991197,0.8194588882159978,7.08840193764293,4.364681098891596,1.231521459453759,106.93967240312692,4,0
9,2021-10-13,IL,0.5017764513025851,0.15058554397461665,2.2868423104175246,0.0,5.903959209187653,7,0.33152517234781015,3.552978070536475,0.9826246990737306,6.204586528878675,4.18218385911582,0.5433294615699933,24.515873100203763,3,0
9,2021-10-14,IL,0.0,0.03597728845600176,0.08465349221390295,0.04275124650720441,12.245581445144591,6,1.214767365074437,4.731736614028136,1.6045259025083742,5.64217789740882,0.6955699627175651,1.3092637880670344,55.11714098758928,2,0
9,2021-10-15,IL,0.0,0.03257103067497713,2.323225739051602,0.3205398274262346,18.4211255822561,4,0.6249329791534907,6.499189942028453,1.2116101881553787,5.670740355085796,3.7499388486052405,4.888467768078916,97.69375481787402,5,0
9,2021-10-16,IL,0.9270869592027753,0.22615853263140084,0.0,0.5628056274100643,16.936014117682802,4,1.2138941487048496,6.785799360711164,1.1807682739334586,4.570306864197815,3.230788383824689,6.031507227414014,70.42242888178012,6,0
9,2021-10-17,IL,0.0,0.0,0.0,1.9210975628403686,12.456519421792187,6,1.0021106882261588,1.1292056189180057,1.9903697052778462,6.379715449109611,1.1104390869348117,3.4846207256829445,79.80279702895379,3,0
9,2021-10-18,IL,0.9693927446663341,0.0,1.6746310298280822,0.31058352286226015,23.80344197655252,4,0.6716621827731897,3.655555637264238,0.5595767338952942,3.7570659555701456,0.6955699627175651,6.223079588946199,101.97670095904125,9,1
9,2021-10-19,IL,2.07523334210283,0.9277200902907451,1.3706067860382602,0.0,19.636686991200616,6,1.3911849566357501,4.221105207935397,0.15820944803802434,1.491947986553971,2.245991947458562,0.0,97.08718150787271,5,1
9,2021-10-20,IL,0.0,0.0702510457344109,0.6511096680055446,2.635364412621155,12.32154844953355,5,0.0,3.2552999979223554,1.8117234617153257,1.449259430805073,1.7239695875809171,4.597170342727841,68.70726323460923,5,0
9,2021-10-21,IL,0.060319484270277224,0.0,0.0,2.4754577702807725,20.365080737573404,3,1.7854679558969813,9.639480468160125,1.4259243589344384,0.0,4.494526262457911,5.392388652223202,65.6310247184955,6,0
9,2021-10-22,IL,0.3294051577019844,0.0,1.5514361635336738,0.0,25.11679973943304,5,1.8516643599370746,1.6385103062040223,0.08335561637247729,0.0,3.4121660554209807,1.7793120522914623,110.29072090611275,3,0
9,2021-10-23,IL,0.40885550268644455,0.07695169398193014,0.7697021311176339,0.0,14.913165081102864,6,0.613239448323399,4.860069008148521,2.011475152750452,3.334934722239114,5.2340924072906905,3.36237802882986,80.5269653821314,4,0
9,2021-10-24,IL,0.0213055374748784,0.9485887690716207,0.0,0.7741806409816017,14.613983021988847,3,2.179081474014538,2.922286597345359,0.22679831068999248,0.0,3.504793355391991,3.0812417118024062,82.46322035506506,1,0
9,2021-10-25,IL,0.0,1.0697461774484707,0.7593672864899287,2.421050847066515,5.448085146446811,5,0.26679392881478825,1.2205430295218826,1.9139642122479879,1.2320547816045564,5.385213263852111,0.8303540144234862,76.15476360517123,4,1
9,2021-10-26,IL,1.6300614978489572,0.3989777769001678,0.6511475258785878,0.0,17.23597435270938,4,1.217219403035687,4.1641782890962915,0.783016826510434,5.047857634732328,4.462415363967694,4.413086313925416,84.9703789655834,4,0
9,2021-10-27,IL,1.9731691455191291,0.0,0.0,0.932208398203773,15.983045926193755,3,1.6287682296660149,1.1897174930824064,1.2875621002552293,1.5971244584977589,2.736915476328976,4.056271120618918,70.22119216955033,3,0
9,2021-10-28,IL,0.41003226510623936,0.0,0.0,1.823736934513118,22.946679555685243,4,3.3259913570780006,5.62581084111718,0.8936130730793096,1.5634795943357425,6.97916685444756,0.06879962667882689,101.30247376636183,1,0
9,2021-10-29,IL,3.1214596507735983,0.0,1.0262158874665017,0.20361066298488872,16.555773009989366,4,0.6771850626678151,5.526171424728453,0.5035703946145056,0.0,0.7073929945414723,5.118012456431089,75.14262441349241,7,0
9,2021-10-30,IL,0.056029505770069474,1.3181406130965545,0.31012353056286945,1.461531067501517,22.932971033316967,6,1.6199165875612014,2.5870337668932493,2.0960954124833795,6.156751420461137,3.1035583071283552,0.7068602939324835,75.49518249133807,8,0
9,2021-10-31,IL,0.7780196864280507,0.0,0.46472575640673053,0.21633304426815225,11.902943266100628,6,0.2250062224772691,6.22788792280046,0.7265907340177685,5.371651317920406,0.7580139186092909,3.158061437060224,103.77923448521926,5,0
9,2021-11-01,IL,0.2447794502245323,0.0,3.2473686889836024,0.4051808269421493,18.81064671507003,5,0.7845552210950876,4.665437795072368,2.1056010318211067,3.75323231578556,2.9420816162990095,2.3417544914222015,79.49401527948508,3,0
9,2021-11-02,IL,0.7592828421274869,2.4906788875700143,0.26359697218095157,0.18727129839254864,23.69075478762506,3,1.9028972190498854,5.093798810875208,0.20045259797928872,2.666466929360391,1.4564963919117613,4.726937024203517,90.3155338417999,4,0
9,2021-11-03,IL,0.7465616984030528,0.1584718485555845,2.805303328084385,0.7783994174501032,21.268262690746354,4,1.7279488942267758,9.518123620443896,1.3279364669737765,3.1895273797876333,0.6955699627175651,4.872806815056084,84.45051528753048,12,0
9,2021-11-04,IL,0.0,0.0,0.0,0.1520469526507835,14.66398863089281,6,1.5432751227109862,6.30070744121187,2.7073559055241274,5.756600038485723,6.145903330666446,1.9722891730149241,81.39081022573593,8,0
9,2021-11-05,IL,0.13176897681669522,0.0,1.1376536828939032,0.987522547756208,19.305633481922573,4,0.07362903064402371,6.181426013804599,0.24369307862197043,5.278086417592769,4.023466812510319,0.0,86.21946889837822,7,0
9,2021-11-06,IL,0.0,0.0,0.0,2.2540337444438263,10.813135650998248,4,0.2519499188304095,5.463671523157618,2.473058858881239,1.9037225607002841,4.127344765551606,5.204366929302323,68.37446438237716,6,0
9,2021-11-07,IL,0.055842220968005396,0.0,0.788500149792921,0.2383513323799509,20.784237772830686,5,0.6013543355886196,9.895552609326463,0.0,0.22371770520117606,5.468608962127306,2.629225229861764,90.42949008269476,5,0
9,2021-11-08,IL,0.5896234652886203,0.3025080612700751,0.40899690467026406,1.399311308035594,26.001241377187434,3,0.7385208895252886,3.0479398868833982,0.7031591362359644,3.141188432164199,4.89614396420783,4.060967656101667,70.54417338670669,9,0
9,2021-11-09,IL,0.15619357784624682,1.7689092867533471,0.9201125809952296,0.0,12.701925614781999,6,1.6664557643848932,6.94299411691481,1.8541367946191323,5.767611786319109,2.309315822487308,2.391701163937412,91.48647266788002,2,0
9,2021-11-10,IL,1.9081490584907923,2.1733401977142877,0.42546357264510515,0.15520698497054886,13.679846279235221,6,1.254244136116415,5.6428012597574835,0.9147238487307694,2.3600610103284048,4.186348138585611,1.728181649013595,78.86122702124469,2,0
9,2021-11-11,IL,0.5310631466013853,0.0,0.4398855164513857,0.38413789917596586,7.716403554952235,5,0.7726502650610899,5.458656364775327,0.0,1.2333675621614137,2.5351026944184176,5.985043260000074,109.07589899068054,11,0
9,2021-11-12,IL,0.5781872206655632,0.0,2.1908025541606078,0.1783812619545973,8.54130817005553,4,0.7136114450323007,10.842601685322744,0.9256333904827325,4.955431120595996,6.139360806255485,6.688832037412724,78.8312553130948,7,0
9,2021-11-13,IL,0.011190126499591058,0.0,0.2284849085804817,0.0,18.073006731504577,3,0.11873051520091904,8.559678981257198,2.2517627472087103,4.592807655613091,4.941405758389638,2.870977959015633,42.91749759534846,5,0
9,2021-11-14,IL,1.1476555724759214,0.0,0.09485771184298986,1.9068886954798812,22.506910459804022,3,0.0,2.082617449974837,1.0109436629576718,5.589418590773898,3.2908358499564665,4.609787512237207,52.77318657633549,3,0
9,2021-11-15,IL,0.0,0.22677045442757812,1.0229293669625474,0.7068123506593452,14.595706379326426,6,1.0983352774947104,7.701332863055636,2.027887070520196,0.0,3.180907355171897,3.379139635244931,63.69590469441023,8,0
9,2021-11-16,IL,0.9837216409672422,0.0,0.0,0.35487873812004633,23.437646728106458,3,0.0,8.21714401738117,2.102854450678433,3.2069426649973485,1.7678036075201664,4.2462531683522045,47.25885853670211,6,0
9,2021-11-17,IL,1.3908760052590523,0.0,0.8498237619393441,0.6314490006358393,12.12421391692417,6,0.6459085390356627,2.313129094306593,0.6661446725959407,2.876959648532125,2.757315222148673,3.5111973824476337,77.30366649915419,2,0
9,2021-11-18,IL,1.0083196077251877,0.0,0.7174479884968266,0.7126150337664272,22.225646110951864,5,0.3914109374301451,7.926816021568843,0.23202627777986373,5.633119412566739,4.869590569603471,4.699567109142215,64.25377154695695,1,0
9,2021-11-19,IL,0.9650161419879365,0.6834279475301738,1.9756682369876652,1.6464769527916885,4.766393746228341,3,1.899555021507224,6.42865922538332,1.8491582410423093,0.0,6.513326782767164,3.0956287086160765,94.31581248559566,2,0
9,2021-11-20,IL,0.0,0.0,0.22523736586580723,0.7633166346562072,21.66574214308428,2,0.9090750209963272,3.7448983147825343,1.7774113189374088,4.313472346964061,4.399704347568358,6.009986453392866,76.222862031284,9,0
9,2021-11-21,IL,1.2196880077474255,3.2945399007348755,0.43137133874056866,1.308129746862448,11.3174855799861,5,0.7257758621065228,2.477855907887416,1.4081613122032166,5.7499373496474275,3.1767353872889026,0.0,92.68540246458298,7,1
9,2021-11-22,IL,0.9576509314395468,0.0,1.0368047810014638,0.7764640061718403,21.374028694893536,7,0.8793715395316765,1.6777642038829423,0.3264828640031905,5.377404323649063,2.021262918198417,0.5069566500799843,45.633046720028254,4,0
9,2021-11-23,IL,0.0,0.0,2.8780105096709736,1.0741471388248844,13.298873598034557,6,1.820378865717839,7.248885389925951,1.7832692595344133,4.834865674384445,7.614582109349799,2.6917746502405517,85.92493079014932,8,0
9,2021-11-24,IL,0.5212816822379165,0.11041907212584291,0.7631041915619738,0.0,15.7994626796738,6,0.7295267049166201,2.294575940463595,0.9508704947571068,4.54507427655889,3.377204021402309,3.442239949589103,92.85355319175025,4,0
9,2021-11-25,IL,0.13648099626262367,0.33689637865251254,1.4259174347409882,1.4800642644455797,16.609332824310385,6,2.139158081619715,2.518357630302157,0.9610452683006192,6.226697441744186,0.6955699627175651,0.6671542441585587,94.39902736164555,1,1
9,2021-11-26,IL,1.4851816382955927,0.0,0.0,1.8006989136230533,21.559059503037215,3,0.14836158001856958,3.2861668015437675,1.8636827748544782,5.675366890162694,5.390669413603544,2.432868799471186,58.8890500253018,1,0
9,2021-11-27,IL,0.6892441794902001,0.0,0.7770089281568968,2.0161876349290297,10.242175364725133,1,0.4368969214688728,4.992742092955687,1.0355861927342325,3.6501207875031003,6.351733436842425,5.625558318176928,97.28718474854732,1,0
9,2021-11-28,IL,0.0,1.832188782364748,0.41569910165382806,2.490330106456042,1.1321245614879363,4,0.7044098148339906,10.297085319145326,1.6559141003666369,3.9339585804993447,7.994251362128313,7.619246301694446,66.04676985292853,6,0
9,2021-11-29,IL,0.7704116167301385,0.0,0.855192350305623,0.3458569852196026,13.75398722412455,6,1.2300014466563356,6.885645886743329,0.7393904970227692,7.912820780126059,2.9579526878005664,4.282104346185643,111.3413041283618,5,0
9,2021-11-30,IL,1.2725635333867895,0.0,1.0326561327214325,2.1879312600884746,15.307204008796734,4,0.837140138840717,4.257030398954544,0.6081376964114125,4.841410150663507,2.692324053891824,5.394244042103505,58.94841714100906,7,0
9,2021-12-01,IL,0.4883718850254919,0.30280143271190285,1.5543599079535215,2.656302494704569,22.025589312502806,5,0.9271973382373866,8.835393571452984,0.7561130723125785,3.2612595866130114,4.073803492117629,4.746205888386253,38.3719646232679,1,0
9,2021-12-02,IL,0.0,0.21159714985069367,0.0,0.33273021839811645,17.8095584208454,6,0.7446492697176359,5.103824545914971,1.7016209453483402,2.935196269199129,5.897373457822763,1.9963476395770803,64.82516270593372,2,0
9,2021-12-03,IL,0.38003218240286096,0.35803108107253223,0.5613325696012901,1.3683631427304916,18.15516358662527,5,0.22129873069522343,7.675747821565641,1.1298589196729496,5.250254061471542,2.7243865728097325,1.7175951087386667,64.43673202759555,3,0
9,2021-12-04,IL,0.21436101749632064,0.0,0.4081234082504597,1.084483992122082,16.584375399998972,5,1.594347955366256,3.184255485221686,1.9480747466806925,0.8376202656296552,1.1436043229546193,5.13994484077095,31.325035180710394,3,0
9,2021-12-05,IL,0.7540162457758943,0.47609282827316834,0.0,0.25161852421428776,4.532971183210939,3,0.3161119450525515,10.693133323620179,1.9719323472611139,3.182396275819519,4.761446852677327,5.409930426133347,48.28209450029033,3,0
9,2021-12-06,IL,1.2842928847821142,0.0,0.0,0.0,19.85574922335749,6,1.128285994153178,7.93437555338674,1.7508924690048047,1.6552295675172493,5.714653007748443,3.819138887467839,95.3096437006693,7,0
9,2021-12-07,IL,0.1261742306697473,1.472061780240003,1.9696449417277122,1.890849610485116,9.234735423634046,5,1.178482030484883,6.8545240230727735,1.3777788217395162,1.6516749476751946,2.3637450479695756,3.798367242564983,86.9264987596706,9,0
9,2021-12-08,IL,0.3036342737322011,0.494386106449887,0.11475150042200949,0.710108188913312,19.415531016179752,5,2.1882941968577723,3.8970594637407197,1.1154367264082021,6.895707671890635,3.8824600127674547,4.33416325792162,57.98242734637769,7,0
9,2021-12-09,IL,0.5513486850267766,0.0,1.394731101807089,0.0,18.425258292215567,4,0.0,5.608637315448417,1.7953353406921593,3.887900870220835,0.7521031808836249,4.077917498240704,80.61953386926771,1,0
9,2021-12-10,IL,0.860420543136322,0.0,0.0,1.7111251599763313,16.056121771512977,4,0.7128295835663394,5.0483212356414064,0.33595563124577726,5.773919880292744,5.837000260390033,3.380301262651807,82.45877239634055,6,0
9,2021-12-11,IL,0.5780446575737292,0.9742110528726668,1.105195050555424,0.748174884860434,18.77047601269778,2,2.0923969538745997,9.243935647390176,3.112090898077923,0.5435585102215457,4.506799920913179,8.925324171829672,95.5983950061944,6,0
9,2021-12-12,IL,0.0,0.0,0.06557968434158923,0.18804588809346456,7.924327000584368,5,0.0,8.833764280002057,1.9630273796702418,0.0,3.367237306836006,1.348295278178198,49.12969914381458,4,0
9,2021-12-13,IL,0.8907860341488999,0.0,0.19861634369006398,0.4300245125485133,7.140108443189155,4,0.3352182898429115,7.515569527034728,1.938993313257082,0.49606789175724486,3.861195252496742,3.60843104660741,84.11117162389075,8,0
9,2021-12-14,IL,1.326189908705249,0.0,1.634616417922356,0.0,22.671535462455516,5,1.527196313321025,3.2287486787821944,1.760538155567522,6.025086697934828,2.7682093152265197,0.4122832807467285,28.689535369717603,2,0
9,2021-12-15,IL,1.1171493708207931,0.4889277938044545,0.2635388695821807,1.139208749858951,13.01259308739999,8,0.566526387295903,6.266944169713214,0.49772971574051206,0.31918503861069625,1.49222920010804,0.0,82.7397940274198,8,0
9,2021-12-16,IL,0.5488830560445086,0.0,0.713497473277473,2.331595476187832,15.879712319148348,4,0.08094304502556027,5.158568407413551,1.7435489146830292,1.25814824084938,3.416049391570972,4.0361462462587925,76.58982435615494,4,0
9,2021-12-17,IL,0.0,0.17417947339892903,1.2276672156371637,0.12740853559950682,18.178416472125793,6,1.5511823314477635,1.8044385229083955,1.1438026029688941,3.9235290679077846,2.345777086613632,4.820414120944235,54.26271747522201,2,0
9,2021-12-18,IL,0.0,0.37456916387898187,0.7314844373207905,1.904718265649287,24.110254775783062,6,0.7193417644427758,8.576298987327686,1.7879267653618909,4.3562812726541065,6.618779156435149,7.832081785109613,44.527722549771056,1,0
9,2021-12-19,IL,0.4731976241573198,0.0,2.0097994301529636,0.17396771102825181,5.576152088430994,6,2.004652071816479,8.656447783807954,0.7169797037407146,6.860793542597421,1.8957506214036566,3.4825511978686565,73.00543380408742,7,0
9,2021-12-20,IL,0.0,0.0,0.3788134228618356,1.3473174786685285,22.972610076313636,4,0.4328450587117282,5.062474706920727,1.775937071011714,0.7414552321641955,1.3821068533709933,3.6837898487274905,82.64616101234093,6,0
9,2021-12-21,IL,0.0,0.0,0.8353679049433932,1.7001468868701988,11.235761544764442,6,0.044732510357956334,2.21968949405802,0.6316692295314862,4.629266925082829,1.2060952786590136,3.3231705655293564,89.16670876373301,8,1
9,2021-12-22,IL,0.0,0.304810591082887,2.095346661594783,0.38505098494060486,20.00098050315971,5,1.5388366305282721,5.202035393561621,1.6201868554665626,1.9759212033075462,1.0017370306935844,2.981527664383468,92.75977957874903,5,0
9,2021-12-23,IL,0.8031866239317051,1.840291722071627,2.1356413314864486,1.809487431189531,17.395736954201737,5,0.877734487809866,3.685961485404645,1.2224170059932855,1.2785491852857724,6.087396098657581,4.614436124375883,76.78441299399199,1,1
9,2021-12-24,IL,1.7568055303910832,0.032086478799163126,0.0,0.0,13.6770724421815,3,0.9642165825293738,4.739012325012545,1.0101825106095235,5.784546850964297,3.463773488579227,2.81943005460132,73.98058861035403,4,0
9,2021-12-25,IL,0.3961830630010935,0.058193943519768615,0.22701673706576098,0.7996425013834468,16.77248301536408,6,1.5586438197921306,2.928766426680605,0.7523490721212882,6.310392029275926,3.9637018117142917,3.498563975854077,70.3076734063915,6,0
9,2021-12-26,IL,0.0,0.0,2.064335313480258,1.1186219427200028,12.368915163622377,6,0.7229037994628984,8.402350015703007,1.3287889979795944,1.104369235491098,3.414429940303715,5.52194751245563,86.07144662362555,2,0
9,2021-12-27,IL,0.1683696531675405,0.6376537575807546,0.7980001951966136,2.9012592582830883,20.14883479863341,3,1.33033600869114,4.653011242266866,1.2417315307473271,5.334367327173779,2.7897704861194486,2.670884983981371,69.75039178608705,2,0
9,2021-12-28,IL,0.0,0.0,0.0,0.0,15.008066363529245,6,0.9125014979876734,3.1330264695898156,1.882931271804028,1.5921029141359817,2.4969674811869744,5.6570227694637065,45.401386577282665,6,0
9,2021-12-29,IL,0.9786131860933519,0.49922733807728026,0.0,0.0,21.895744722852402,3,1.528013666636821,3.478399018118773,0.6601179299014702,3.576825226154986,5.807600744727132,2.218735038776524,106.43667153707425,4,0
9,2021-12-30,IL,0.7424860946162528,0.0,0.0,1.155978206104527,18.913291048456717,4,1.2050587287487418,8.112584411894318,2.3471210876011837,4.783739514552994,4.717332518412873,4.39223946526779,27.28433570051363,1,0
9,2021-12-31,IL,0.5664050896828798,0.0,1.5194828052883087,2.0568372789964715,16.286241265217345,3,0.8716242610845994,2.987333919757515,0.1458417193878085,0.3375198477310153,2.080928316423623,5.183094305557035,83.5326119571666,2,1
9,2022-01-01,IL,0.2129172976181719,0.15791806497920136,0.0,0.0,14.274306822344865,4,1.5959169538830547,6.44073486360338,2.6922893250350426,6.811351267255403,1.6061649046433493,3.678142745048171,83.97936483551362,7,0
9,2022-01-02,IL,0.07111621567081827,0.0,1.090549140819555,1.6067846879266299,18.587937510738335,5,1.0712212059944966,5.254395080836622,1.9696509205839292,3.832793483374909,5.681580003287546,3.2655280194359193,51.98281841108111,5,0
9,2022-01-03,IL,0.7005770658395293,0.8730499551701842,0.48515455220991544,1.0939242418648911,17.400872764718866,5,1.3547328452674199,6.065729119246214,2.4108035488027326,5.597672337860119,6.826102775985752,5.073275289433492,58.378394153185724,4,0
9,2022-01-04,IL,0.10002982896488966,0.2653766732403485,2.6302058636921752,1.441192066023358,22.00915938137748,5,0.7509507663891803,6.093849844822652,0.7853451343580946,6.680300528021672,6.655108168432729,1.6855689336979336,96.17267338013716,8,0
9,2022-01-05,IL,0.33601096602988995,0.7779288129759423,0.46945273229914203,0.8645381673034098,13.854842356728824,4,0.7234347293024904,7.711741759818447,0.05303084441783912,0.4340799156916071,6.608586842051628,4.679425746082493,110.99905844547064,7,0
9,2022-01-06,IL,1.7007068894975144,1.2701263002710406,0.6810268993670796,0.9962175199272658,15.868942373541831,3,1.6066933150250846,4.905370091190785,0.3315392991673596,5.395450056523995,3.8451813159602333,3.6427496039396483,101.46722820496859,3,1
9,2022-01-07,IL,1.3854846508898542,0.0362297230436702,0.0,0.0,22.46234559153382,3,1.2349205266343524,5.205608385625782,1.7649137504758154,2.767620704570117,6.22828238998929,4.456904602008223,74.210008002979,5,0
9,2022-01-08,IL,0.21524400083427098,0.0,2.4350515591788366,0.05826815416992881,11.862969472133624,6,0.6953887823065426,6.129274581777595,0.7137337113120414,2.2215856178538966,1.5101784011066743,6.896182713458357,80.0193308885914,4,0
9,2022-01-09,IL,1.3218017410172642,1.0047017549968564,0.9520760800826762,0.0,22.84966808730753,3,0.6607972453274003,6.517514516304203,1.3437694620571312,1.236050646123083,3.0334775263821574,0.6008274848129167,74.98379396891693,4,0
9,2022-01-10,IL,0.0,0.0,0.0,0.06709409265356647,8.314399507454546,4,1.7781366319822838,3.755037762310879,1.9798964699915456,5.835770686350423,2.5241983169451103,1.2132744049441682,108.74389179248479,3,0
9,2022-01-11,IL,0.08181552589052321,0.6518518469330605,0.4761743195396589,1.1870427118684002,17.09549011074471,4,2.0252089943876173,2.9579503054359524,2.1035685981474637,3.080100603806962,5.002229102199346,0.84007291313605,83.41768877356708,5,0
9,2022-01-12,IL,0.9422640879580896,0.5601507420726404,2.2759271365494254,0.6325525470481357,22.779747659308963,3,0.7011184328440884,4.12242269499417,2.168147390713855,5.527005079498149,4.441819276598074,3.0723260348382784,88.10926389277898,6,0
9,2022-01-13,IL,1.3763837206137153,0.7354387162516818,0.7007639196257114,0.6624323726968062,12.280615726019782,4,1.1507315687891553,4.582140182641059,3.345860566835163,4.6699974005243625,2.191321168203612,4.2744627636265,72.65068871067102,5,0
9,2022-01-14,IL,1.122930344506415,0.19947893325882748,3.2473686889836024,0.26719820358295665,13.300621126953386,6,0.8371137043074331,1.1476506357557388,0.5976898042799601,6.011576262782579,3.774422763657909,0.7285115133106173,59.48452065429525,2,1
9,2022-01-15,IL,0.26536069011781516,0.0,1.3670686129205616,0.0,18.92234955948699,4,1.2727582576582843,6.370075626499595,0.3914256568494423,4.489712084857444,2.1283918950974052,0.644526734600861,93.53351027504357,7,0
9,2022-01-16,IL,1.3291280626323165,0.0,0.6394204098127364,0.0,16.498785414707818,4,1.2616802088237815,5.615163589250742,0.5011806548440595,3.166743731055888,5.258474773369676,5.949396230761542,101.63926958342056,1,0
9,2022-01-17,IL,0.5868205466991421,2.5142606730313086,1.64631752613791,0.06621852773027892,10.447766469630894,4,1.0252654300948223,9.099878036022044,0.0,0.6094909482362931,3.179118980271832,4.879899046929194,61.621021590082364,4,0
9,2022-01-18,IL,0.08583627427312569,0.01579021813188683,0.0,0.0,24.793315500377986,3,1.2219074828511824,4.562476529861363,1.1376774836363563,4.596583047475228,5.148512577086235,1.4726609686353602,89.88939455963909,2,0
9,2022-01-19,IL,0.0,0.25416769480336243,0.1629845546504758,0.12356015423286681,19.83196976212919,6,1.2916216456413467,5.397447359171255,1.6914653722461552,3.955225259385244,0.6955699627175651,5.185215940034374,68.90412464637961,2,0
9,2022-01-20,IL,0.0,0.0,0.5153559251738012,2.0837894717445202,12.940735906628088,1,0.40846863714946924,1.5858681858159516,1.556431785453968,0.46015261946599506,0.6955699627175651,3.8165971102907537,76.97704460290693,3,0
9,2022-01-21,IL,0.0,0.0,0.7602710019836437,0.0,23.088150286042975,5,1.5499346084425312,10.915319504222632,2.3091307204397378,7.069535857002416,2.176610897037893,5.58859694245486,94.19581524301132,8,0
9,2022-01-22,IL,0.03191365331355378,0.07467473744942121,1.8167542810254487,1.153419748815023,23.30479198986685,6,0.5811735499401807,5.071729572456914,0.2950241165006229,3.874946357500872,3.0157385871690727,0.7316226737309339,90.60712395106772,7,0
9,2022-01-23,IL,0.15594710420517965,0.0,0.766035541019937,1.4286954916039025,14.086730661954327,5,1.2059933937969765,2.9139267748524245,1.389768237647681,2.0868602620501253,3.5261359213912336,2.007469982332134,68.77172194381822,7,0
9,2022-01-24,IL,0.5881283776441832,0.501309762201633,1.518989897923241,0.0,15.336221985269875,4,0.41147725116694084,2.2626959073211887,0.839438142360627,0.3296446546460769,4.054004768445512,4.075725069258784,79.71165000200823,2,1
9,2022-01-25,IL,0.0,0.5092127340528454,2.6503131426206092,1.0095327061498331,21.245434954523382,5,1.278408044955262,5.224610172759302,0.6504243660700889,6.7496688201399575,2.8506284510679514,3.4504502423488193,72.1793554735323,7,0
9,2022-01-26,IL,0.0,0.39799679849663805,0.35510901752506596,1.5169555570689743,11.343952285658423,4,0.8977185276776048,4.8860962135125074,2.7879940941564643,5.462988054883814,3.6117302577275288,6.096564166181989,97.11624070654996,2,0
9,2022-01-27,IL,1.6122289429717473,0.0,0.0,0.03461799525936988,19.990711967622907,6,1.2112129396082836,7.439998645149863,1.6230490361787977,0.47075185664276475,4.682486896516616,3.3575084244199425,59.567767601108855,4,0
9,2022-01-28,IL,0.6419889617304901,1.9679864352138612,1.4666999867509753,0.372738724406636,17.94766159274326,4,0.940147446876707,5.709405943223256,2.5207724065118184,5.114700193354149,3.074112654394402,6.267877328283088,73.75862532910887,4,0
9,2022-01-29,IL,0.053183556912100485,0.206520517292414,1.2306740482626441,0.2240816480570017,14.215191176608897,6,0.5888532017505727,8.204814032982377,0.9235951558516954,0.0,3.2513005844406297,3.571175625960737,101.63048195889827,8,0
9,2022-01-30,IL,0.0,0.0,0.06866318489692502,0.47055952022060216,17.246176721467382,5,1.9291191507890686,7.761702918641904,1.7469051165934764,3.847865474920095,3.0812891900996524,2.7978703664035343,78.0387384417907,11,0
9,2022-01-31,IL,1.6020096623493543,1.2349627279322153,0.0,0.7733096322694449,4.277467842647179,3,0.7699484494428016,4.38318690312732,3.1819787615079522,0.12824459253511156,1.177261165706085,1.8582964508350122,58.4657734954527,11,0
9,2022-02-01,IL,0.774795578657312,0.8097207424030439,0.9826812115577099,3.2787587903380477,12.64518799196061,4,1.4557541593334258,2.2208550390017523,0.8200583227750493,4.904291756368657,9.652909759360822,5.7158245847898375,76.7671583891783,1,1
9,2022-02-02,IL,2.1924233161800983,0.0,0.561868256638416,0.0,21.148932975365174,4,0.9394499501920976,7.749206810716439,3.0246098185346524,3.1222487492206277,3.6192898564735994,0.8525080661845212,55.12527997136321,4,0
9,2022-02-03,IL,0.0,0.8296893555738565,3.2053908517314733,0.0,20.670561906465878,6,0.7672687639191078,4.992405198825469,0.8777008881357293,5.563009304142671,1.6188480339284128,3.9718158792334592,66.78084738791178,4,0
9,2022-02-04,IL,1.3056505727144414,0.0,0.5673692410869493,0.5338350994374863,14.355175396569011,6,0.7986302575470536,6.528364933846376,1.4028978363380613,5.234288547937171,3.4644518694961013,4.880380474935986,88.73520669933454,1,0
9,2022-02-05,IL,0.0,0.009882578626073224,3.241040105579047,1.3672179045284274,11.255457481775538,4,1.9380573460768304,6.461673632545274,1.2483047784889576,6.4392561665280414,3.1616156412970584,4.419227749248481,104.28382606020438,9,0
9,2022-02-06,IL,0.26530864290253253,0.5304214452581757,0.28955031706233636,0.1309837270641252,11.81070097715089,5,1.702434439889374,6.126113247760959,1.580058293950335,3.3733397121986495,2.1414053484914892,4.271294637001686,75.9934599974158,7,0
9,2022-02-07,IL,0.37247143786192016,0.0,0.7019728508157979,2.0516751358347864,8.21667532336137,6,1.87924859904003,7.3158214514337585,1.6156831525205104,6.04640362689705,1.9050516578115793,5.016382150951641,85.0822840333889,7,0
9,2022-02-08,IL,0.9897228752423065,0.6870541026213763,0.12910082899993625,2.0428930007824597,24.854828118874067,5,1.0149312878311274,1.697908953808216,1.2386909615605983,3.349132470461252,0.7920381307787951,3.304252681555277,63.06760167375021,7,1
9,2022-02-09,IL,1.5927194275131284,1.1353614269273384,1.1421580261644069,2.051380423155668,10.393804732571507,5,1.7163725621788561,2.693362939789437,0.0,5.7891138379046865,3.6502689481575854,3.399647056284417,90.66309488467023,6,1
9,2022-02-10,IL,0.0,0.64313861967419,0.11396012490301179,0.11132444161148983,20.53972447230043,6,1.563036975760356,4.451885910258663,0.7764814267417827,6.051388060780008,7.514614038268963,1.8246056214931494,84.03014464649945,2,0
9,2022-02-11,IL,0.0,0.0,0.0,0.0,14.021082469165098,5,0.7839633833634548,1.0112516588517253,1.8242438218762158,5.876089461015402,1.791982417075479,5.003615787274838,96.97504432784267,7,0
9,2022-02-12,IL,1.0612308548067255,0.0,0.31560218059122547,0.11050807440670715,18.90217417728195,5,1.0857546177336799,10.227441630488771,0.7224523828510583,5.701146848405761,5.479676546711372,3.6240334243894474,101.52150108057242,5,0
9,2022-02-13,IL,0.0,1.5761438797184917,1.9963729084604571,0.12024835230747688,26.001241377187434,4,1.0872241474537558,8.799266666065282,1.8572350554361494,5.8406186726689,2.2316931178767403,5.698866423835739,69.66196701885511,4,0
9,2022-02-14,IL,0.0,0.21191376535206974,1.7172007082376395,2.504970370006572,15.003820932272832,5,1.2935973997744554,5.014932626603709,1.8173060285127705,5.759661677907257,2.0674262948760944,8.155401903805414,69.78034642470388,11,0
9,2022-02-15,IL,0.8273203675650657,0.0,0.6450022729687328,0.8938581739865467,18.467211720560375,5,0.0,6.580839621530083,3.256292596097016,3.7555472921969155,2.9501303765066273,7.362048639896319,103.5461284910509,7,0
9,2022-02-16,IL,0.36395760581188363,0.19514397557889718,0.2784271016982899,0.8302372657141487,12.709111457917468,5,0.0,4.4660561430032075,0.3758426172312701,5.666767195217354,3.9045495585859182,2.335649147109662,78.97423826684002,4,0
9,2022-02-17,IL,0.0,0.44590466575442966,1.5922289805976955,1.5049918602032994,19.15860507126819,5,1.1023799747735727,5.7220069041883095,1.5946803527835,3.748868738539859,4.2618747837376185,3.286826304367191,55.71435276652406,5,0
9,2022-02-18,IL,1.4497967761710098,0.0,0.0980747175489386,0.9926635951879048,26.001241377187434,4,1.0215926381360354,7.45282619523072,0.0,1.0034102604057948,6.716901720697228,4.496978637586425,53.07238624559936,4,0
9,2022-02-19,IL,0.4517912224142522,0.19397756594295784,0.6606413330508871,2.1424255312290152,12.454727947685363,2,1.117587655518884,2.7105452905904945,0.17671866385868623,2.0690859290846357,2.456540469233884,4.992843083795399,50.59370064995094,2,0
9,2022-02-20,IL,2.2998855330753827,0.0,0.0,1.2250610367784298,11.874057896266255,6,1.3217280342969069,2.6309642239314828,1.2610253243425218,1.539348863433103,0.6955699627175651,4.4766221643101165,55.62317921212062,5,0
9,2022-02-21,IL,1.3945874451235822,1.206390047554078,0.0,0.16619764682995286,17.357948524013146,5,0.6455876591019915,10.359760142302449,0.7879944661688146,7.042567414258967,3.733406406073531,1.6180046228834581,87.64964426594243,7,0
9,2022-02-22,IL,0.7101239177098227,1.3954133122723942,0.4233642678026611,2.559816246886127,20.34044300118584,6,1.6586567160767374,4.139843348875547,2.078138346912266,5.228318477512579,3.748279678559417,4.565130043529263,120.0,6,1
9,2022-02-23,IL,0.5317017823472894,0.8770838582506433,1.1369684216223306,3.073098417681007,17.761664610608804,3,1.1640774312299143,7.051507635102517,1.2643696765522128,0.5842722562338809,4.0115140872182335,2.1895861537820327,77.59560702401137,8,0
9,2022-02-24,IL,0.5359231965362246,0.2547043232052613,0.6490423836250607,1.0301440106726878,9.375641537258188,4,1.1651911363721417,5.813960310672073,1.9765450642886078,0.3122792888663826,2.6420028443205434,3.8720803998939184,78.80932674875625,2,0
9,2022-02-25,IL,0.6444125136281579,0.032698568885667884,0.6341185676276209,0.8472085631225149,14.56355669726545,3,1.7532894144671647,4.746654054638418,2.32860919157755,4.062754406733027,4.873742044424541,2.8538357577549327,67.03504792995021,7,0
9,2022-02-26,IL,0.0,3.224367587785686,2.4580562736672453,0.12096986335640295,10.780725695657907,4,2.1810703683744244,6.9704898465841945,0.5516190956475268,0.0,8.841906832633825,8.03382056484967,76.60473329792524,2,0
9,2022-02-27,IL,0.0,0.0,1.887917736171585,0.0,24.09516341911941,5,0.7290334969684296,6.941209788493036,1.1740774621424523,4.50119010580705,2.8813234230664113,4.739409099020386,114.17684515731452,2,0
9,2022-02-28,IL,0.4251414513002648,1.1172244582117485,3.228403463376244,0.9393539816280974,20.842869000737394,5,1.833100318207543,3.9685409253361206,1.5807768760605159,5.552912090660703,1.8194577221849833,1.8368280203433707,79.4924817716993,4,1
9,2022-03-01,IL,0.7011220676728063,0.0,1.5365059561687728,0.0,18.971546102273155,6,1.5676139479487992,6.700149939298874,0.520622684856293,6.983407598776715,5.917678137913765,7.0641358142594,102.61052709932089,4,0
9,2022-03-02,IL,0.5680005511406723,0.0,0.8853861651217543,0.5055641084078868,14.035324673602588,5,1.0677410642749041,2.0730138131645663,2.454554328123715,1.6708233172955527,0.7490054801133179,0.0,77.04679148357559,8,0
9,2022-03-03,IL,0.4015588107348874,0.0,1.453410140151965,0.466936092553472,13.152936176699537,5,0.0,3.6946857747182706,1.6765570915240149,2.375609891362475,1.8044383827374277,4.434750425300221,82.66980840849965,7,0
9,2022-03-04,IL,0.022846262433796394,0.0,1.3983431940757405,0.3035280389215282,23.409028187539132,4,1.3155009205473034,6.395414592588651,2.4967912028918082,5.6760012961738004,6.836648689683024,3.3256581364228146,62.97719551295229,8,0
9,2022-03-05,IL,0.9031505968165872,0.0,2.0813571843561367,0.3961140269885681,4.238972359407039,4,1.472134688601872,5.635684687417525,2.183268880987527,0.6572277608443016,1.5983136559583389,6.4234972377761865,84.99508198905055,2,0
9,2022-03-06,IL,0.0,0.0,0.4638902932790808,2.9987641762532755,15.265863892147353,4,0.5753347515222642,6.799520790358765,1.9708283671909907,5.688686737058923,2.448275668756465,4.453092404347145,72.11972943089235,1,0
9,2022-03-07,IL,0.0,0.6033520675245228,2.5544687071127323,2.4613175402981096,26.001241377187434,5,1.329712166196158,3.8557904336871127,1.7763464927186954,3.7044569082308056,8.050677298501173,6.04950323570511,60.4725990778003,7,0
9,2022-03-08,IL,0.0,0.8862539883694305,1.3686955594955288,0.9585738539827329,22.25572902549124,5,1.150865983777203,6.989268130508215,2.8951380011688714,7.5723199619316075,4.116132809693601,4.0517622812855345,33.196638283249136,8,0
9,2022-03-09,IL,0.4865345069874093,0.0,0.8057125142727605,0.028813374580635626,18.135267118022913,5,1.8417659295848328,8.171436466122161,1.0446217422483712,4.5139733884124515,4.619092467582575,4.279432590785054,61.50496532345034,6,0
9,2022-03-10,IL,0.19673930769185843,0.0,0.18666558851629134,0.9335870011116956,17.721183825965394,6,0.8484192067606562,4.4038081392032264,1.841094919678568,3.4214976145234,3.869394358312828,0.9987975042005539,78.98920974638787,6,0
9,2022-03-11,IL,0.4150581407974202,0.0,1.5873743899778432,0.1598623518087418,22.922747751742865,6,0.0,7.616631133566399,1.70933262575653,0.7443615017867706,1.5733932056244804,0.0,83.59397560560545,1,0
9,2022-03-12,IL,0.7798508603841764,0.0,0.0,0.2150871939288046,5.1093907408905075,1,0.0,5.096796115677507,1.276226920978686,3.520392763239373,2.4017351437681147,5.137223900908404,89.88437451639892,2,0
9,2022-03-13,IL,0.0,0.6970614049861292,1.4443979013240582,2.2607419920174574,11.342708283532223,6,0.833836158033462,2.0597078787725964,1.380551359581045,0.3568302598563723,2.88933358755303,3.415012822301941,45.175854474204115,6,0
9,2022-03-14,IL,0.0,0.0,0.0,0.40207537871711313,11.228784041926115,6,1.3032418907910173,7.202078669342939,2.430338739488322,2.7382481577354825,6.683872029385612,2.7251647925781612,87.36197816089802,8,0
9,2022-03-15,IL,1.5890932108882065,2.561218521153293,1.0842905699011944,0.6354489879118319,20.03532620385242,5,0.42741458547372185,6.7663919643519534,0.8255404772140613,4.9453933814052755,4.5560564089061435,5.4521271721906555,67.89049190925802,1,0
9,2022-03-16,IL,0.2905796957515243,0.0,0.6814727210471381,0.2427535267230685,9.676940603486582,5,1.4744691760236113,8.177339047154815,0.9806095127097021,3.87560604147601,3.6203474341591773,1.146133854394284,37.764887340616674,1,0
9,2022-03-17,IL,0.0,0.0,0.0,2.4533015006988927,9.629369466976659,4,2.108651331595478,4.515099569555325,0.2723093836021707,0.0,2.4605649996972114,4.717323464833031,86.01104308708773,6,0
9,2022-03-18,IL,0.0,0.0,2.766187893107169,0.0,25.56685708544575,6,1.2166105499576303,5.894891001732605,0.19676887469702925,4.798985952582073,4.861027214108632,3.4679081265659684,116.98235006441456,4,0
9,2022-03-19,IL,0.0,0.21593081642919598,0.2545236180582203,3.331395718732336,18.82824117874228,5,1.7360185114507127,8.277231411499528,0.676521267764792,5.548414499941653,4.336410769555925,6.8325291262476044,41.73701224089189,7,0
9,2022-03-20,IL,0.1356752237548122,2.728280337279079,0.0,0.0,10.093148189902783,6,1.2515633961806996,4.778369867313607,0.0,1.072761768209226,2.4685352993278933,4.796115404875996,85.18786626125129,6,0
9,2022-03-21,IL,0.6069858671230167,0.22764700079779293,0.24865939378099955,1.2602054971071222,6.241634064763395,7,1.8178868792119487,5.408315178156808,0.939805673759918,5.998593786232732,2.4957536035244696,7.470221421838396,76.8266192567312,6,0
9,2022-03-22,IL,0.7049062404801792,0.24505417483021355,0.0,0.0,4.446600454896025,5,0.2633218377569593,6.557811123175716,1.9841028696020908,3.1371876109926853,1.5816659506015482,3.0782473822733665,66.45945627177936,1,0
9,2022-03-23,IL,0.0,0.45940159144724335,1.900787884622762,0.0,17.433074558928556,6,0.0,5.261080964320439,0.0818793825695604,3.162465489450353,2.8609057789736942,2.2872511592537403,76.30018920571304,2,0
9,2022-03-24,IL,0.4164723412154363,0.0,1.6102026558063702,0.1241018120490589,3.4531266531732925,5,0.6497522273823421,2.7682433971724487,0.7971016588806042,6.743956455490299,2.965255520937106,2.810014977722482,81.1441337155015,4,0
9,2022-03-25,IL,0.8406360252437789,0.36581703240262564,0.4970861234688406,1.3323218706077524,20.736937813426362,1,1.6865193935702556,4.423943186710314,0.8108913199133823,3.460955236850666,4.539273102419616,4.420115041874654,85.7134104106739,5,0
9,2022-03-26,IL,0.0,0.5671218863388221,3.1633061604636197,0.8118441383347368,23.722049296302004,2,0.6245184891807336,3.8436526230958044,1.4146315934905784,6.0391974427369215,3.236678397435933,1.891116261548584,95.98832873608525,4,1
9,2022-03-27,IL,1.0092865983014778,0.0,0.7105350054179721,0.0,17.008534959988214,5,0.21031090530575536,2.817457839999136,0.9399167519720624,7.329110524211487,1.0430294052280926,1.3031268052752916,66.69383132063794,7,0
9,2022-03-28,IL,1.8718301595601643,1.2473201678065369,0.2387832074342197,1.984051583626537,21.43439154376051,7,1.0686475694694697,4.0908743316026115,1.3748685234212157,4.862602624059258,2.2821178569614604,6.434341747193644,66.98349150610126,8,0
9,2022-03-29,IL,0.05936526474697956,2.012013298998895,0.6908779314153997,0.6290313159382246,15.067390763440814,6,1.63905414851051,1.9066284229075114,0.778952681420879,3.799721083179401,0.6955699627175651,3.024680005236166,54.014440616700426,1,0
9,2022-03-30,IL,1.817114530989472,0.0,0.6165046733408541,0.013863279628290148,16.821869910425676,6,0.4901238305507861,1.29765756200666,1.7040900905825205,5.4375876816515065,4.64983741624803,5.614647876214045,85.64970922101355,4,0
9,2022-03-31,IL,1.0431482630127695,0.5717213889228716,3.1171855752859328,1.921497708301916,13.67223447910098,4,1.4890896452852764,6.037398949984562,0.36718492537095615,0.40603056389883496,1.5068617907505644,4.430118889753992,80.04409137467388,10,1
9,2022-04-01,IL,0.0,0.9773218600657264,0.20354239639794747,1.3706840224026704,20.212251370699608,6,0.14648868504447443,8.882163669816531,1.9769226323389655,3.535556397203227,6.317013840882947,4.00095733098317,84.09180302595301,8,0
9,2022-04-02,IL,0.0,0.0,2.631591442126331,1.6436064210416221,23.756722806957384,4,3.014372252168121,4.0310772462108435,2.626300177342366,2.661511972667118,8.144436691778598,1.8376589883613828,39.30113745905331,3,0
9,2022-04-03,IL,0.4187566331299887,0.3941569498387645,0.0,0.7099658201634172,18.80118515984915,4,2.2276539818234258,4.751613171097646,1.6980667189826648,1.2759116442074094,3.512814289369488,4.063523015694944,57.025880543051436,6,0
9,2022-04-04,IL,0.0,0.25175437040973203,1.9895411752938659,1.6743036776695344,21.540467518000703,5,0.7318463512194482,8.03630665453229,1.2235009085462083,2.256914549260871,1.5278262152319089,0.0,64.61332340683663,8,0
9,2022-04-05,IL,0.6663403304674047,0.9411863761745702,0.23110784349485364,0.9771763503974058,15.66432411237691,5,0.37845336532552376,2.2618058647261825,2.2319437223333156,2.4288744599221914,2.5452576144692527,0.8206453400165534,49.448724603939695,8,0
9,2022-04-06,IL,0.4362232279925362,0.0,1.635386660735498,0.0,24.441950958560966,5,0.25880663283658356,4.456590223934164,1.395313734496844,4.202843791399171,2.531648121919654,5.179210396757385,65.2224383471099,3,0
9,2022-04-07,IL,0.5089639685953485,0.9193039623302945,0.0,1.3984630551742776,13.676247202936857,6,1.1494732607870126,10.682763272022635,2.726806216186813,6.47488075239853,3.6949510227261015,3.5548735924451385,105.1585372658216,10,0
9,2022-04-08,IL,0.8349130460567834,0.0,0.38750427418210664,0.0,21.618595146736393,5,0.6818137124486832,7.330954661004355,1.929758758171849,6.523443417554801,2.983914655606901,4.444310189632078,84.49930279139,8,0
9,2022-04-09,IL,0.22897192744222117,2.3882837673765964,0.854674326201158,0.0,10.355679791645766,4,0.5801645690445217,6.606741344628032,0.0,2.9086468432082153,6.588940942208145,5.579574118627818,76.45769900418051,9,0
9,2022-04-10,IL,0.0,0.0,1.923436426184023,0.0,19.794928925984806,6,0.16376617513411876,8.544177481064622,0.0,5.053141441929024,2.2335291244292685,3.077605698020462,87.75915935679048,3,0
9,2022-04-11,IL,1.8991764992158913,0.0808372951907929,0.0,1.6841064354631015,24.26425279375809,5,1.6118987841502557,5.624264270489055,0.5694139604314992,0.4174316301724532,2.3480669350163725,3.572891709194734,62.664168588760646,5,0
9,2022-04-12,IL,0.42420644643579597,0.2472951731865511,0.5487708037882777,0.3449491443896582,19.32760166929414,5,0.9434551169925648,4.4672897020770925,2.124597272584541,0.5176091783601648,4.311876956599772,2.723455816024084,108.44985900177883,7,0
9,2022-04-13,IL,1.668571507157863,0.9594396815789836,0.6672029710659673,0.8686108679679748,2.7532332727155833,3,1.0538409792086771,9.562526629873917,0.47480134103897054,5.120696418920308,2.0854953833590826,5.670497135631853,89.33291080060746,3,0
9,2022-04-14,IL,1.4575872266433658,0.3349010294600719,1.7515279122199416,2.015092847436772,9.602898298627192,4,1.2192506853403975,9.658783283037508,0.0,4.558787448492203,2.207732029403613,0.0,73.24572110350586,2,0
9,2022-04-15,IL,0.054343792724252826,0.07011757842441235,0.679051924443815,2.9508018803732567,18.12072052577261,5,2.1330182455923117,1.974519770264103,1.3689422075093558,0.9173514639746344,3.498294582969198,4.536230104403095,64.67120581734633,1,0
9,2022-04-16,IL,0.800050271122674,0.20385194913656468,1.6836593793374646,0.2984620581339348,21.03633837349755,6,1.0614147434154875,4.508271999868911,1.9364107359806093,4.242615819561268,5.045567255422926,4.64853566379946,82.37802062648682,12,0
9,2022-04-17,IL,0.0,0.0,1.0077671992548813,2.2185333764519957,20.429461815827008,2,1.7860921017757505,4.938736606144129,2.415522522473033,0.869290841950328,3.4772756479767253,3.5302701932199563,86.88866769086215,1,0
9,2022-04-18,IL,0.0,0.0,0.0,1.4859901583842112,24.156224182595274,6,1.0273878609823381,5.201098840045611,2.014204450293372,0.2753286689804229,6.542403423785177,6.640168106992182,47.040048214368525,1,0
9,2022-04-19,IL,0.0,0.0,1.940410432515705,1.4166351337819294,12.99423790645503,5,1.8576794518423498,5.459719894622286,2.270427110637649,7.398383701886421,5.1831155822276225,0.5849740185865242,66.48406352444653,3,0
9,2022-04-20,IL,1.931425259021512,1.1692351648458832,0.46236671884744696,2.153069169327244,26.001241377187434,3,0.0,4.799415426773653,0.9720978108408802,5.359949894415311,0.8937437556872361,5.713932441784582,79.78258155343272,2,1
9,2022-04-21,IL,0.6691691877637296,0.30642759682217824,0.21130415139479686,0.45953273530607974,26.001241377187434,3,1.2270902635165362,3.4261964954608572,1.0948548650166914,4.637829401636294,2.224632522516096,0.8452261338750495,44.08040317170427,1,0
9,2022-04-22,IL,1.0604667829449637,1.3174543548934914,0.0,1.1772012243831793,4.5106086943532775,6,0.7710349497819009,3.8254497551249678,0.0,4.439485381776288,1.3359030016284335,2.4985840466801648,60.9491589214596,1,0
9,2022-04-23,IL,0.002788206496246892,0.0,0.10378960624981559,2.1269010406898294,15.027401987879603,3,1.2209146242362061,3.8772087452797144,0.6488231882466843,3.2447142444882364,3.4655145543731627,0.5589426031472495,112.43341618055315,2,0
9,2022-04-24,IL,0.0714505660892788,0.0,0.0,1.1660336400902525,23.610344003368088,4,1.2122889366032226,2.2699535114305616,1.2631755690490964,7.4480420767648,0.6955699627175651,1.9150988281416583,78.43426459620068,9,0
9,2022-04-25,IL,0.7906750869977505,0.0,1.2923165687713185,1.50002364379446,14.519934558092295,4,0.990832011300188,10.791698920615811,1.549329157389093,4.7503266570644795,4.811934586608082,3.3133640466353342,67.33707052354067,5,0
9,2022-04-26,IL,0.30538392472738607,0.04734419110367752,0.09352112784852629,0.13747241552493483,1.9339981620006679,5,0.5581747448754396,7.4011600783022375,1.1466035655403746,4.315747452469831,1.665931848454468,5.116098860572512,65.06857721695185,5,0
9,2022-04-27,IL,0.3490695367251445,0.0,1.0699046802836114,0.0,21.182043540354705,5,1.688343396562242,7.970032587157034,1.9654851333722687,3.818556111741923,2.9694852270902006,9.00119190431158,67.06493847350035,1,0
9,2022-04-28,IL,1.2299070099865421,1.2664062708229842,1.1600927501883231,0.24885952837508807,5.43547133875841,4,0.0,6.526215779523054,3.309542911386747,1.639791893403189,0.8503005774741874,3.8279755800334234,75.45383112376719,9,0
9,2022-04-29,IL,0.1968697363086167,0.03131535183814374,0.07544839975027229,1.0777099794106868,20.737655363001632,4,0.45015651520307665,4.974561478302833,1.006409890985591,4.959781378119239,3.127055983695133,1.0400899257192417,58.240440123536985,5,0
9,2022-04-30,IL,0.05879443930233652,0.0,0.018744169942901942,0.37163803882266144,22.185580988697296,7,1.0030889763647417,5.319478595394087,0.5180200011466483,7.324738375419484,3.9182022452720044,3.4513949255232843,96.99060862228542,3,0
9,2022-05-01,IL,1.01267161887221,0.0,1.375163150857253,0.4903478948440392,11.844830080798767,1,0.45226969143522744,7.731003533946554,0.2613045805984343,7.3649687501156045,2.116816770266318,4.30296203173014,72.83865030043579,7,0
9,2022-05-02,IL,0.05179215582090102,0.0,0.0,1.4110621398597467,12.473728098192346,6,0.18266901554964046,8.586382760223387,1.215816722927725,2.5219456641546114,2.5586049432794806,1.044093825125147,84.45778105045014,1,0
9,2022-05-03,IL,0.23337309441884724,0.15863636726818164,3.2226312380874225,1.374012297348836,21.116017268043088,5,1.2699457595349695,9.88590602489426,3.310287746874899,3.9137164074047806,3.941431692321232,5.644753913158699,61.953748602968496,6,0
9,2022-05-04,IL,0.08086710905695338,0.0,1.81054076551828,2.9288365242431915,20.98041750325349,5,1.9243942134023517,3.073171749389577,0.9914128909332437,0.6363242200287988,2.095263863609136,1.9349638338757797,72.93316000192897,9,1
9,2022-05-05,IL,2.9380020706558443,1.9564364889831702,0.0,1.6309760235629243,22.40651669788491,8,2.1413141385892898,8.685091143859779,1.3932012832255378,5.824747697372405,3.689415379144594,1.664140593031333,61.24008570853208,9,0
9,2022-05-06,IL,1.5245015127583152,0.0,1.5811834477735165,0.038846429946676864,11.105445647676511,4,0.0,4.667168693955363,0.5307779995953725,4.292430420459784,2.089879034814897,2.4861780332109458,91.8904127133363,6,0
9,2022-05-07,IL,0.6281342815151338,0.0,0.9448952838357192,0.10296226500817847,21.565543272591643,4,1.4014267586541105,5.403235794433221,1.3964451552041148,3.9537430008166146,3.998175488793975,2.0789865048347274,86.809082225076,1,0
9,2022-05-08,IL,2.2962668586669013,0.4240170560971577,0.6018334888125026,0.0,22.764131241139246,5,1.713715308224884,0.6995545402385581,0.8521592703895745,0.0,2.4223464970154316,5.837504483789452,53.295244779309826,8,0
9,2022-05-09,IL,0.7213549399872664,0.43445116531426364,1.376239562268195,0.0,22.26570452160992,8,1.6271946600638507,6.898979160224509,1.1131875547562786,0.0,1.0093407409301833,6.6984730124766205,93.30090737859481,1,0
9,2022-05-10,IL,0.18116727343271144,0.0,0.0,3.331395718732336,6.864347546205991,3,1.1495856408705123,3.2678514593324373,0.38035305761234905,3.666592158005175,1.1709350546109363,6.073951240166976,46.751221432049014,2,0
9,2022-05-11,IL,1.8811581227209762,0.6791135009164002,0.944611559509698,1.8579317389656562,20.705399343722004,3,1.2644797972357713,4.3686733317693704,1.1551250020235304,0.7416157311170153,4.827012004508809,0.07124080452933779,65.67823531029418,3,0
9,2022-05-12,IL,0.8948037221106082,0.09572946381881794,0.09232139749022172,1.1908403356220412,2.43356393436024,6,1.727234757309688,10.159413439389963,1.3037260966325732,5.162623936461201,2.844365655666421,6.3576687726815555,79.68657781235784,4,0
9,2022-05-13,IL,0.06267410522607653,1.2428213173102265,1.39322788513073,2.222305913073929,14.512391348451951,4,0.9671095435126966,2.953713193471065,1.1627506828285157,5.53496071116358,1.3906694972978717,4.4748653724948735,74.65411717734078,2,1
9,2022-05-14,IL,0.03221421042299544,0.0,0.5425553340469937,0.6152914521155503,22.130808889782166,4,1.1042441746799374,8.402677804221844,2.6060275052357613,3.3326234187751016,3.920680881809059,3.7708204968934336,74.90137482239975,8,0
9,2022-05-15,IL,1.0082669994622746,0.0,0.2677679460565656,0.9535151828567984,17.283623175687826,4,1.0182003073043138,7.736017053378632,1.1502687564619463,4.802164967406954,3.640486464546615,3.9896760366338095,74.99443666836122,2,0
9,2022-05-16,IL,1.0579278767228126,0.9480885504762052,1.016068079110521,0.5422974569552046,19.28330611060695,4,0.18277541163137478,4.371467793275979,0.46194292161897477,1.989269063079736,1.5859399145225046,1.8692143581279779,91.44754330796398,6,1
9,2022-05-17,IL,0.8105026442455913,0.0,1.4104770258230044,0.0,1.1321245614879363,4,0.5546601318917509,7.608302349180025,1.470122335764743,8.123864291852705,3.174231783346655,7.6166868040398334,88.80708400884316,6,0
9,2022-05-18,IL,0.0,0.2749734378507551,0.0,0.8555709727548995,9.708280864385962,4,1.2342484391708382,7.381417125027917,2.186706401040146,2.91570388270966,1.8807624085456438,7.230866454434942,63.54577186966031,11,0
9,2022-05-19,IL,0.0,1.630730709827314,0.16285521213216825,1.2549938038699457,19.710088030909596,5,1.8724980507155844,9.228899928307492,1.6670625244909782,4.828903447684767,6.950578709472293,7.467552952772662,79.60566563317121,5,0
9,2022-05-20,IL,0.7745747874286707,0.0,0.8605459125807505,1.2091155122323054,15.439474083545571,5,1.1709074524310592,8.246747868458641,0.30977728535529325,2.8234458282415913,2.858298851964595,4.690528175544626,80.75447322689682,3,0
9,2022-05-21,IL,0.0,0.0,0.0,0.11145621090978299,14.67987113327475,2,0.5843570139534459,2.508232626775566,0.0,4.79883580126847,5.679389529325502,3.889370926931858,64.95489811873563,7,0
9,2022-05-22,IL,0.0,1.588755925606468,0.0,0.0,24.97484212990029,4,0.45556490633266755,9.010003788483962,2.960825555734848,2.756176050680595,4.5876483870628055,3.833128307675821,86.74413656311042,2,0
9,2022-05-23,IL,0.3030523124289063,0.0,1.0961172672403867,0.3298876172523888,26.001241377187434,6,1.6998103405442546,5.387804400806627,1.384966671791781,2.3128087350994435,7.422792051133277,4.6082249527274035,64.71554621313017,6,0
9,2022-05-24,IL,0.08152664275031976,0.6650773161850804,0.11929076671817872,0.0,13.962778114561207,5,0.6325610554388711,3.8826891648409796,1.7823457209553843,5.049839788769788,0.6955699627175651,1.1727534402653497,99.81375671200941,8,0
9,2022-05-25,IL,0.0,0.0,2.7972319127720944,3.069010249887417,9.747272404500356,3,0.8667610168860005,3.067023810183337,1.5018438803449672,1.3243317287483007,6.54822125394098,3.383583291252098,40.88593111812561,5,0
9,2022-05-26,IL,0.0,0.7649740977076647,0.7084377662785504,0.11263862062570174,25.472099767926476,6,0.0,8.548319808676478,2.8816290416908634,2.376252177353056,6.847843473275516,1.9308591472914438,85.19833519017693,3,0
9,2022-05-27,IL,0.3198370996155127,0.0,0.9268167240842202,0.35733855428794464,21.449139178895443,4,0.7924605171957955,1.3446146069533296,0.7148380287688403,4.665086765712738,3.9862433160327573,4.357467810037898,67.14002016409569,4,0
9,2022-05-28,IL,0.44504915334997763,1.1464627532259473,0.8950728930596911,1.588855981727784,20.35004317330002,6,0.7468378730539513,6.005862015998406,1.7742828233377415,3.3878705879664697,2.0422474031747586,4.549991314883348,58.131467960658796,5,0
9,2022-05-29,IL,0.07482950967532032,2.0254342657474096,0.03199873124866692,1.548883486751664,9.249935091096376,4,1.9255496897964344,4.3103253370500765,1.0631099103849146,0.2853198890965725,4.326130645375949,6.91510449465857,55.24842878782362,8,0
9,2022-05-30,IL,0.4936121234041366,0.4639004031185355,0.39874204749604814,0.050373538104402815,14.963956638587462,4,1.0654745135337316,8.74246069866924,1.2436539224555252,3.62701770795988,6.8177746351130235,7.3238984210821325,65.55390593759412,7,0
9,2022-05-31,IL,0.0,0.0,0.7401397967897598,0.4845103469064216,18.832063789899376,4,0.0,6.796708296699464,0.22504230321085256,3.601459563688166,3.2018061905912836,6.835828022094481,102.91984435927195,3,0
9,2022-06-01,IL,1.3389514145683528,0.10354756880473816,1.615906694848855,1.0790279936271694,15.742072206368613,1,2.0106895224939993,5.453973238004994,0.5390940939256851,3.8431704805113975,3.089750416173489,8.183775149797532,56.58977796372229,4,0
9,2022-06-02,IL,2.759716862578234,2.542401318924238,1.468189592340447,0.0,16.364134905643397,5,0.09239296899918215,6.958718646127583,0.29562154683565467,7.7777982673985235,1.82514996653873,4.397042693329037,102.59976155271697,5,1
9,2022-06-03,IL,2.3322019275776116,0.13802521124411934,0.5844058934544529,0.7462202025644573,8.047078744831126,6,1.9336549933579765,4.607076400317612,0.034994308948932185,5.373660830885738,2.1930194284287037,2.178604135694048,94.72891598554105,3,0
9,2022-06-04,IL,0.8186229473222486,0.0,0.21804969799422047,0.19592961106009055,9.843566757437967,3,0.9712760593085086,7.1860376593824515,0.11484046924482127,2.964956290347465,4.000948588379124,3.983228890270742,48.612891966579674,2,0
9,2022-06-05,IL,0.8375032450957135,0.4256705124600154,1.8821513026487904,0.05520984996868161,16.596714304329403,4,1.568094381192104,7.3549974912558875,0.572940889031144,3.837483828366145,6.140686452651263,4.105348591234427,89.36689594845127,5,0
9,2022-06-06,IL,0.7736114509369307,0.4754036591372911,0.7301646625773182,0.40837021204635326,24.25308105486549,5,1.3905905279472703,5.921128453742476,0.0,0.3990999057437441,0.8965783025807434,4.177351344522446,43.118031737898605,5,0
9,2022-06-07,IL,0.0,0.20344928788423333,2.2605906726407317,0.0,22.266400285763062,1,1.3948621094420721,7.363966924029155,2.5625202739117485,2.9873944280357483,4.399468406626928,4.613944871579963,96.60184042673544,1,0
9,2022-06-08,IL,0.08220997514911067,0.056885296036379124,0.3309334106921735,0.0,23.517276472191405,3,0.9352006153775599,8.846830294893657,0.0,4.976719745331581,4.079074248268968,4.354912358485516,99.51338583803177,5,0
9,2022-06-09,IL,0.7197974440989536,1.835842874102152,0.0,1.8124039771591085,7.7853911640935225,7,1.4026813311366997,0.13244137343466167,0.2803251167868377,0.6686770504628096,1.8560534721489304,2.2415339878454548,86.3847530880675,1,1
9,2022-06-10,IL,0.3682096266409983,0.0,0.0,1.0305940917172882,17.38666919142527,6,2.2520104326628747,9.763304623801389,0.9456532688397492,5.117718456361947,0.7526335115589253,5.656652817986674,52.95224869062265,3,0
9,2022-06-11,IL,0.0,1.4508445029855015,0.0,2.0394614031852143,14.301556113997593,6,2.0496683847892445,7.253260400086319,1.5545558224201352,7.182387369497806,7.461809065021702,5.555701368693961,46.49985540160908,1,0
9,2022-06-12,IL,0.5187898818937668,0.0,0.35468146080662233,0.5673621584625602,15.155578897163174,6,1.2630762005792935,6.748660054485741,0.9273662608156772,5.590617103133587,3.356432929726556,6.1858703600113785,71.43319474262908,5,0
9,2022-06-13,IL,0.6697167607023151,0.6178443335429551,1.3568419238594986,0.2292052658181955,9.315165957644686,3,1.5937837714662149,6.886259328003978,1.7484469514869831,2.5437935942647876,0.6955699627175651,0.9792549319530464,53.800393467972675,8,0
9,2022-06-14,IL,0.7049653303564798,0.0,0.27677536071765807,1.6195648642431408,12.361269429629356,3,0.4229594231444016,7.696869095585778,0.8905858774520801,5.816219532698034,3.2065392900299114,4.004407362459384,104.77269394563945,4,0
9,2022-06-15,IL,0.8799524705682926,0.6440187665433115,3.0606782924538622,0.07885608218508477,22.167134108510048,5,1.9375318519493532,6.466404198029151,1.5551712543352074,0.5920615522116799,3.2292209862829653,4.995503483504182,55.46658474201778,4,0
9,2022-06-16,IL,0.0,0.0,1.872535230351272,1.2715684336528144,23.35900958770273,5,0.0,3.6809139497178474,2.1333126768107866,0.0,4.221229037784025,4.082635428118595,31.1803960347022,4,0
9,2022-06-17,IL,0.2758150698226217,1.059861111011077,0.6512451791425141,0.0637020069477091,16.53890367387778,4,1.5428334567221542,6.560188112935615,0.31525581887160625,3.510849455120306,4.170785256436762,5.332341143360354,72.5095535086419,7,0
9,2022-06-18,IL,0.5433570362277539,1.4530723262342928,0.0,0.8147711817169244,1.5717213351255772,6,1.9120304871965461,8.727892769985905,2.7910212638967424,5.262093488072008,2.5628414365846517,3.9164785090844516,72.9160823336135,5,0
9,2022-06-19,IL,0.34695579504564455,0.0,0.5169922335159063,1.4901825556230057,10.77927643040459,4,0.4291543157689115,7.050426723667859,2.0968706675115136,5.954726314299769,3.2195783928816346,1.2409645967401817,65.02222767051182,5,0
9,2022-06-20,IL,0.6888711701071955,0.0,0.8245069062404172,1.2519498092362764,20.53770852981328,3,0.21235569384878805,3.0248416373285307,0.5321137100128548,3.922765097000987,4.0482188496511835,4.869241508508241,115.15745479472908,4,1
9,2022-06-21,IL,0.0,1.534694580426002,1.0007588433584145,0.13707618736110355,17.20082230868125,4,3.1686542227907357,5.337774278548402,2.8004057574574603,5.894839121901059,3.526183866626808,4.795662646447214,72.08801646369938,5,0
9,2022-06-22,IL,0.0,0.36227690578343774,0.7342309935744922,0.0,23.47913059449002,5,0.9930506413908393,7.3947448612974265,1.355223155286084,5.4425239467235205,2.1970838103131345,0.0,78.4677020957948,4,0
9,2022-06-23,IL,0.41867371773302975,0.4158336286109674,0.20837987978507533,1.632243754100618,17.59557781601022,4,0.9935233797364897,5.3561233661251855,2.6264251408171866,3.470914412343277,3.291513324650423,3.1930004301401556,75.48140718950813,9,0
9,2022-06-24,IL,0.07693568746132731,1.0074231405512604,0.14195886892166837,0.512342184335749,14.087011760849737,8,2.2785060862180893,5.050378458769467,1.9723050626119762,6.715187821342707,2.841998824414493,4.93747708966568,60.32351076020767,8,0
9,2022-06-25,IL,0.0,0.0,0.0,1.0792046061007856,16.26986387325705,7,3.15444930343131,6.7597834984058895,2.557210662563944,5.97824006125905,1.5467296507858848,6.576214140489941,68.91310207668451,7,0
9,2022-06-26,IL,0.08995815300457542,0.25065737169458746,2.3179842995222244,1.5959781637013584,21.573475022157357,6,0.8003908318149591,9.882780771237755,0.11326436597212175,4.7627011189550945,3.8887398188461875,3.5467808782848556,75.53968243324486,7,0
9,2022-06-27,IL,0.6208333775035701,0.0,0.0,1.2862408215466183,25.66771004475408,2,1.516425106185118,8.543296476800148,2.118048073663279,0.11827285046182712,6.317036583124596,3.900188013219365,90.38179270342498,7,0
9,2022-06-28,IL,0.0,0.8874719977083896,0.32683819945499104,1.7625241438372057,14.758911238919216,4,0.0,2.0640205673458136,1.9497421774862402,0.0,3.658354179468155,3.6804695733037507,43.83215879877313,7,0
9,2022-06-29,IL,1.1410000577277937,0.22213311146602455,0.39451473483361915,0.2955724767048229,8.538481258288185,3,0.5492910084042739,1.8247470064878653,1.7971964440140822,2.024355012600925,0.6955699627175651,2.3784377726757917,14.431702218098392,6,0
9,2022-06-30,IL,0.0,0.0,2.239146168044144,0.0,22.2118438931869,4,0.9057164373906463,3.569972869618195,2.1661947455978714,4.99189678036135,0.8332761276932894,4.539803750100886,108.81269473606895,6,0
9,2022-07-01,IL,0.9233819230297327,1.643618969874367,0.18604422105013896,0.9919765748646843,8.865145121053665,3,2.196125315288699,5.706741275612226,0.9804405575671178,0.5536964255328075,2.2973482812569714,2.5635506598900877,80.57973483338253,1,0
9,2022-07-02,IL,0.2258078473310028,0.0,1.3750166311871723,0.6801544818959353,2.5157315299105,4,1.3889815578471276,8.045069599755433,0.0,2.414913532949242,2.341470491548362,4.409706885628366,85.4713281053468,6,0
9,2022-07-03,IL,1.4855300380676886,0.0,0.0,1.6452252753684296,14.821239037497353,6,3.0634359280096772,5.897855822902295,2.4461908668949537,4.591687476769219,4.171247955073349,4.414110038226424,81.5893115356175,8,0
9,2022-07-04,IL,0.38351303847527074,0.0,1.5743069847291653,1.6906057268716401,20.228314813293654,4,0.952717043081458,2.8072473457161586,0.5551211079080167,5.308975548079777,3.649279987233215,2.8735080172062157,69.4971295966221,6,1
9,2022-07-05,IL,1.0806081071964075,0.0,0.25801981641763705,1.765213972098751,17.728712697684017,6,0.06951617114354391,3.6788341949679015,1.362665418024845,1.3945437416671211,9.592872841062563,1.0125675185240914,106.0920780658817,1,1
9,2022-07-06,IL,0.782581008513896,0.04177392974382377,0.0,0.0,1.6161895880980772,5,1.0110210985327481,2.456136315855864,1.0659143214804394,1.2630732975921553,3.3695362461344,6.463592970602659,90.09096759108319,4,0
9,2022-07-07,IL,1.773019056547798,0.0,0.6267054898148308,0.0,23.95322154187154,3,1.807672863820812,7.884585538866428,0.5886041833570671,3.8818792385747107,1.5740556424103227,3.75897450898186,64.49425815324189,4,0
9,2022-07-08,IL,0.459166816544752,1.2382271453020968,0.45538242645734894,0.678807473621162,18.609383825418362,4,1.441654344619367,11.282956721437333,1.6509464950589332,2.2680012350224708,4.026500205989623,2.8454465125780395,78.72535677516962,4,0
9,2022-07-09,IL,1.551590165008446,0.5888303450452141,1.4716251608456274,0.010621083648118548,14.34242097858104,4,1.2126143713337283,8.393385171376124,1.0709182724347546,5.942315493954745,4.462426873209402,5.893886340682379,81.98512234131623,10,0
9,2022-07-10,IL,0.19796855762637666,0.0,0.0,0.6891678395992306,15.447930567178199,5,1.6168258108232623,7.814577689514786,0.9583151173595167,5.227150183297465,4.857066743524265,6.57006271591066,50.7502031378757,5,0
9,2022-07-11,IL,0.2774508691592774,0.5691099128001031,1.3961433890200725,0.563416918444728,14.026722649525599,6,1.7020275529581397,11.213237538787679,0.7864075006604925,6.9949248568974545,3.162481711624035,1.9612027090545983,114.00352650973194,8,0
9,2022-07-12,IL,0.2807399362600772,0.7055139720647166,1.4699421848453889,1.487909727952673,15.270189837121336,6,1.7771413073887066,7.4899795117905015,2.31235280874022,6.065930747788093,4.585132766909895,6.090021823374612,77.70974631294794,8,0
9,2022-07-13,IL,0.4619821562101616,0.0,1.9813178328484506,3.0298597376164933,17.065215853031617,3,0.3268967221115473,5.010413672423733,0.0,6.9241297866206,3.2583507844593846,4.0390473864652385,71.79019406671623,1,1
9,2022-07-14,IL,0.0,0.0,0.19775676522215924,0.8279373887862689,10.616588091656922,4,0.9050523280947379,5.46127757941008,1.096011491663619,4.665988535280014,2.244809040887164,4.010696881234123,83.98749867291204,3,0
9,2022-07-15,IL,0.5960290886835936,0.0,0.0,0.0,11.313759078008331,5,0.1493079002328641,6.39177444112728,0.7612624922101809,1.5182773565650298,6.203404412859894,1.5495554029534815,70.21271683149467,4,0
9,2022-07-16,IL,0.4846745379882239,0.0,0.0,0.22002010465358346,15.951434418703442,4,0.0,7.668863291265717,0.0,4.691218194421537,0.6955699627175651,4.650711275279991,29.90656502908598,4,0
9,2022-07-17,IL,0.0,2.394831530606488,0.9924111659612894,0.9352606532706805,12.393956451463385,3,2.131396678032556,3.589075815547366,2.277769913281052,5.710094390380955,5.622016837320033,4.725472328911002,75.6779776904248,5,0
9,2022-07-18,IL,0.0,1.3064880128271068,0.0,1.8981885389037056,20.212191354567985,5,1.8671054509925147,6.692045539304623,1.2269079976401909,6.574241603173312,2.2787726824583725,2.716955918271738,72.3831949990925,4,0
9,2022-07-19,IL,0.7793619878959334,0.5391049371157111,1.6001134899035505,1.086369243310505,21.055488342047724,4,1.4536313804314822,9.777014492278054,2.5345536098259425,5.328980301489851,3.448543735088233,3.319943262376034,96.67782569639975,10,0
9,2022-07-20,IL,1.0482150441193576,0.565455457398152,1.8114512990922198,1.0175971862191175,15.843966613127948,5,1.6075886834229554,3.141201590771147,2.842280831960548,2.3239949339652757,2.858502978777608,4.237258051748043,73.35373621062729,7,0
9,2022-07-21,IL,2.1173627894983804,0.1468102636515669,1.910641336216541,0.0,5.107591707959885,7,0.8451012173778323,3.147932377137098,0.2196657096674267,3.2540895136930907,1.0478664790629209,9.673037764384876,84.606819974113,10,1
9,2022-07-22,IL,0.5093206380903962,0.017757992795135902,0.4580649962533355,2.8832298352655883,11.950392760518696,5,0.9392246751357058,10.643001707248247,1.039073679984864,6.697005267457294,6.441994254159257,3.4516545269830505,63.12571893652264,4,0
9,2022-07-23,IL,0.2191619912722007,0.6758942576533897,0.32492409666080724,0.04848709162228364,18.241740931102655,7,1.123237686008744,5.044985451750434,0.9880656334955871,1.7278398556540424,2.506381072758189,1.213655378560163,80.8633457189571,6,0
9,2022-07-24,IL,0.3654728292842142,0.9123542947687402,0.9644797211404244,0.3798256298930669,19.116263803284816,4,1.239340770467727,5.5612197412974655,1.4805074085070282,2.6293975701257737,1.6318704422808907,2.980441002946445,71.24822857387436,2,0
9,2022-07-25,IL,0.3346836919365519,0.0,2.1321383955632185,0.3178421458856857,19.897298532113076,4,0.7630088618627433,7.332630884352524,1.2486286793835117,0.04086600833302135,2.3126843147859066,1.771817347564236,119.5748235234094,10,0
9,2022-07-26,IL,0.9237172748865761,0.0,0.7694813087453983,2.3889833389358186,15.160603753432675,4,0.6730882571434031,6.724783879186709,2.2835555747600194,0.12494572447635784,5.790396076532941,3.8578730313262257,86.03429055163622,2,0
9,2022-07-27,IL,0.11099551566915444,0.0,0.9710933622263381,1.647513072542572,20.644241459161393,4,2.237083588415109,8.546149006963427,2.3748135195727524,1.404028340036304,1.2788087115590758,8.266303417189178,92.16567146317679,6,0
9,2022-07-28,IL,0.0,1.334520276510113,0.9974109866857985,1.0335613305369544,17.50667805501887,6,0.977421704657205,4.441506350622871,1.978277150288221,1.6288738305703994,3.5130855987800373,1.7425474324080081,48.83119562100311,3,0
9,2022-07-29,IL,0.8745033236962135,0.5089886742490561,0.938528884937041,0.7929076426279794,16.31492681675072,2,0.677027965480639,8.042828084382059,1.66852312794803,0.8369364467967555,3.874271428368642,6.599054821230628,74.92332101460228,5,0
9,2022-07-30,IL,0.0,0.37254585957140884,1.866117757099179,1.3819981070470344,15.701200006692599,5,0.5360936359261474,2.739152040990834,1.3455887992535223,4.87966665439172,2.436618944422456,1.1919655363581771,112.11405321628573,8,1
9,2022-07-31,IL,1.6627998068725347,1.74003717926852,2.4831282550870957,1.0218799541955688,14.186611039927588,4,0.9238912714760614,6.7454234018406005,1.2671047697179043,6.196558506035482,3.20417214584141,4.598839308513734,77.63924603801694,11,1
9,2022-08-01,IL,0.47575081032412236,1.401439421257896,0.0,2.297774318377809,20.073269463343365,5,1.184501905588985,5.057411862977078,0.16910726025155132,3.0879858512172063,4.494301376674057,3.6186977177746398,90.1428418577219,2,1
9,2022-08-02,IL,0.050026189145000455,0.0775247045794834,0.5536413442851831,0.0,20.47352889552465,6,1.131074136229612,6.408248824161598,1.1864940710970382,5.900304616083334,3.5873939966623922,0.0,89.10592076738614,1,0
9,2022-08-03,IL,0.0,0.0,2.1867155314287934,1.6579272309768798,7.717388322716809,4,1.0709240543003535,3.06807708173613,0.7750700924586937,0.4436606130922999,3.6425872484590043,4.481287157717608,86.9929402148507,4,1
9,2022-08-04,IL,1.1603038924275064,2.4675820086142215,1.1262295987099467,1.5467565128538403,7.671105848899513,6,0.5384094495732678,4.928676596953364,1.0781179050899932,1.614869462705738,1.5318073354757527,5.0068596937311325,29.56811904018255,1,0
9,2022-08-05,IL,0.3884692774976035,0.0,0.17778709182691244,0.2715497820290551,18.35699900294175,7,1.913124225959363,7.468538743154667,0.27253941564110296,6.117411198610802,4.289148407847432,2.9326515152059396,41.300475483373575,1,0
9,2022-08-06,IL,0.0,0.0,0.021682213983839738,0.3013044091018112,18.579565191005518,6,2.684954072389897,2.5053015135511494,1.773592072487778,5.636276834831703,5.737398370584408,4.310743588331896,111.05088721764761,7,0
9,2022-08-07,IL,0.15372377112413468,0.0,0.3670305952310409,2.085555721911131,21.25099177138044,2,0.9222042496177714,8.154680571420872,2.065814101312993,1.3187932348795337,2.592237639465009,2.494920375858869,63.27083408635456,7,0
9,2022-08-08,IL,0.6913770564256843,0.7845175084266639,1.4342513357924735,0.274006032504302,14.017701169210989,4,1.4843394468501645,7.012665563988972,2.0791857525198023,0.3295215896492013,1.7550959093598912,3.349564667676415,83.37004618303301,12,0
9,2022-08-09,IL,0.7444307727509604,0.0,0.21109054699888163,0.0,15.063285042360272,6,1.9859869990401475,5.6985616155556365,0.8586888779644579,0.0,3.020060928751841,3.1523547573602664,28.372780033415296,7,0
9,2022-08-10,IL,0.0,0.39580510336962305,0.0,0.8467421700086013,17.31013102717372,6,0.8816153189981157,6.664131069458241,3.5224451493283944,4.27183402106976,5.908996439880385,2.031290995742701,75.09254204646032,7,0
9,2022-08-11,IL,0.22721816121599514,1.8576055663734103,0.0,1.628999962018893,25.68772248543206,5,0.6942115367116446,5.239777630361021,2.712970362001145,0.0,3.1303567439627087,5.079310710394535,105.2263053048914,1,0
9,2022-08-12,IL,0.0,0.0,0.0,1.5441100179881815,12.074147606688188,5,1.1764354049363814,10.648830320468411,0.8117205315854044,4.396455285784328,5.11747964928669,2.6801126870090575,97.78385692010721,5,0
9,2022-08-13,IL,1.3510695383521507,0.0,0.42090591828802665,0.0,20.782142820540013,6,1.572980837303629,3.7715004747881307,2.6582396183248864,6.435549370906859,2.4938077331337127,3.0591986912278935,62.39399143931509,3,0
9,2022-08-14,IL,1.779114314182265,0.2828146362973756,0.5127274382183716,0.5163902481776131,15.627510742238854,6,0.0,6.0434311183165175,1.095570307319178,4.196683207621085,3.931931555312648,6.3269436177894764,53.37425516546259,2,0
9,2022-08-15,IL,0.14605405115658332,0.014169715600735211,2.72776524734703,0.654973726272303,20.222663176425044,6,0.0,8.525964961666816,3.149035156883858,4.603464904050605,2.0993111538218394,1.5468868495290096,77.0816631890525,3,0
9,2022-08-16,IL,0.8343472017886457,0.02443450001182046,1.1569749327110062,1.1865318846842827,15.221931228101798,6,0.6402990504677026,8.202678124788818,1.3410409686220754,5.382311925364283,3.231357798664547,4.537650028862431,82.17333835893157,6,0
9,2022-08-17,IL,1.2081928517566274,0.32062718958296965,0.07084224049030918,1.1373599764206248,22.395220937190444,4,2.3147797617375523,0.8726392073016177,0.6065296730311144,0.0,1.0950708821423185,1.4035215022483678,78.79909629651581,6,0
9,2022-08-18,IL,0.4658252603690912,1.4769459155567364,3.134715474374172,2.4575610487774857,18.493728708750858,1,0.8546613060780699,6.389602026249572,0.547740984166638,0.0,2.3024126258985564,1.9996536399465152,73.44696153511224,1,1
9,2022-08-19,IL,0.0,0.0,0.0,1.0686756084339866,23.69104278952384,3,1.0180673769593014,8.757612493662233,1.4275641111638089,0.4054004260456725,2.2085717951624044,4.1160726780722285,33.094866026101215,4,0
9,2022-08-20,IL,1.1769996832849745,0.0,0.3281774605482989,1.3579017970027332,10.863612022501528,6,0.0,3.619564326496244,1.4324139343991726,3.4707506248742015,3.596593768446288,4.719265365240805,120.0,4,1
9,2022-08-21,IL,0.0,0.0,0.9957071984694547,0.0,10.834345703350525,4,0.3710338923118558,2.322663342718084,1.2646397545438302,2.0421375780736186,3.461086542957316,5.943679712823255,34.45949802157975,3,0
9,2022-08-22,IL,0.02766760226778059,1.717232857530687,2.6865832904531235,0.0,14.34787206694249,5,0.0,4.137362394789423,1.6971447923180665,0.221089385957123,1.1418452383965745,4.766387910310059,70.84705698938218,9,1
9,2022-08-23,IL,1.6534507013068498,0.20191485132468673,2.9330642687235855,0.19967237891586653,17.931998443834765,5,0.6374424960855062,4.976268333522196,2.1545112419056363,4.274605543923478,1.9091645202409153,6.064020545395341,102.22862589442661,2,1
9,2022-08-24,IL,0.05241040876670777,0.575632471497912,1.7312096871278122,0.20354398579129174,14.89300131236742,6,0.8958465046397881,5.662644338587532,3.1964534815453245,3.0634672075171694,3.753149536366695,6.31398415188737,79.82250897783058,4,0
9,2022-08-25,IL,0.0,0.14222111735774923,0.42673730055577036,0.632390003195738,16.150293647305315,4,1.029752977316606,2.493694415088276,1.0600470118523844,6.304923475698585,2.4497129255698566,3.7630760117644466,77.41799772751955,1,0
9,2022-08-26,IL,0.0,0.28085201679676064,1.4422964204063922,0.3966885501330466,16.69252158683087,4,0.777748682351028,6.394867664373114,1.548697816249553,4.917652829400782,3.0753300317112244,2.6117919071090707,52.272578768850444,4,0
9,2022-08-27,IL,2.011246802081446,0.4011753152662727,0.44467298111023235,0.0,7.082104819090755,6,0.6982370908871501,8.232426820342534,1.8273685132158712,4.598543722175304,4.073349658433224,4.553346672286605,74.49127526204316,2,0
9,2022-08-28,IL,0.0,0.5986992569755856,0.6722903348849782,0.6417219636583558,4.463179288049439,3,1.3439665572150763,9.857266463336845,2.40903440304488,2.5055682999395223,4.873920959144172,6.10082189034094,54.485895177401446,4,0
9,2022-08-29,IL,1.0461143166366067,0.23214845653566424,1.1591204847674461,1.6485847814340961,19.02928295918717,7,0.8376664686230996,4.983803545081396,0.6913055636527178,1.8476395153546887,3.695895294250758,3.545665081392462,50.329918526238515,6,0
9,2022-08-30,IL,0.0,0.0,0.1830283868505711,0.6136991280131391,11.457648274550307,6,0.0,5.23365221839906,2.408137416594641,5.210817318791175,2.496284233697304,4.319422040159631,77.9981532883807,3,0
9,2022-08-31,IL,0.3974819355043969,0.1878993162504593,2.165841931635998,0.12417752557104922,16.30029964871394,3,1.2640649430375377,2.916793934122312,1.1163409369630646,6.700636189185685,2.985686102008926,4.018591999377723,67.43110548443835,1,0
9,2022-09-01,IL,0.0,0.0,0.05216762158836641,2.114974115974319,18.811588365748857,4,0.9093414423466744,3.0131046577858633,2.8589774419729186,4.537333329567984,2.8822292209593643,3.013662336479155,57.45586215056111,3,0
9,2022-09-02,IL,0.01914127756150874,0.0,0.0,2.825433365021527,17.554412689404348,7,2.488876883553743,4.0366467606298,0.0,0.0,4.218654514474284,7.362851994632424,43.205478295222775,3,0
9,2022-09-03,IL,1.5386950652795084,0.33745620415261124,0.7401658778079582,0.6330937397889276,9.4922560782078,6,0.0,6.666717224026006,1.353085735888603,5.698874358413145,4.563354103034349,1.0644807907358862,110.89831669564676,8,0
9,2022-09-04,IL,0.3405387615341798,0.7112331542523946,3.0986713627084983,1.4432299439722864,19.933634721498585,3,0.8297483588579845,9.676618016263985,1.4298594363087624,4.910611690331747,4.600991142037922,3.395403727078787,84.11769707127844,1,0
9,2022-09-05,IL,1.1069461905274607,0.0,1.3359632579663956,0.35310477957812114,13.191051839602133,4,0.5758695580206454,5.011884313245659,1.4693684891788241,7.2791089981344195,4.216626290741994,1.4048810256479296,69.01098384968111,9,0
9,2022-09-06,IL,0.2247037066354608,0.05825632762146715,0.8934271615610334,0.3548672191919386,21.432915990309976,6,0.9410588140507136,6.661772761420141,0.6857479124955874,4.885685087726881,6.816562736030136,0.0,89.3193864673657,5,0
9,2022-09-07,IL,2.885414002006595,0.09682048706004497,0.0,0.7648056510627685,18.6500070864411,2,1.4736927176101966,9.71248395424254,0.6517650926621449,7.698510312996366,4.4314706741401,3.0196898879366527,50.71458953046497,3,0
9,2022-09-08,IL,0.0,0.5673104239780219,0.06758525485419553,0.0,19.0982465700149,7,0.6048586776350043,7.848701101066505,2.0754997764578986,6.31906781480712,5.568074740012184,2.4017501998039563,88.29002642625275,3,0
9,2022-09-09,IL,1.4283986588761817,0.2368061803026062,1.612379450447673,0.33402353817058794,19.4163922128033,4,1.7273737696074152,5.0811825887466755,0.4404807253082216,1.5137008554498634,5.816654699676672,5.605342835557837,57.338527275866724,1,0
9,2022-09-10,IL,0.41647085018861585,0.8564867050138683,0.0,0.7571930643732945,11.764283687913869,5,1.9347175481946097,8.403356273491239,1.448745898873171,4.191310127570695,1.1551592988308568,7.369396908011318,73.89623470422164,3,0
9,2022-09-11,IL,0.47466134038942087,0.011309973853037114,0.9661588629494129,0.12429698869204286,16.3668917976212,4,1.1507120964464452,3.002568879599575,1.2617682271531623,8.3744625140445,3.691962331954832,2.692866193623191,86.33389902559814,8,0
9,2022-09-12,IL,1.5693352120286366,0.33581319229535234,0.0,0.13051799227131422,20.180304573724673,3,2.0113795012321907,2.113813112799932,1.8824711792294213,0.49742040171122026,1.1414771117086917,3.5413748855891516,56.55167953178796,1,0
9,2022-09-13,IL,1.3299506682779552,0.0,0.0,1.0625852910421938,6.267418733637504,5,1.4332552186511722,4.318473315669627,1.6133537103686872,5.2056906612310625,5.053461566925438,4.953084630308066,92.19908593939276,7,0
9,2022-09-14,IL,0.7721224210657345,0.0,2.30761391769089,0.5368255981737446,18.283512738508193,6,1.858320079902239,4.459640232597817,1.062857838729808,6.985876669261392,1.6154007492290532,1.697457128531679,74.56651200078788,10,0
9,2022-09-15,IL,0.0,0.05792973257679407,0.00829378613917263,1.9416619762178,11.435413692087677,5,0.0,2.640590201069987,0.864888711716999,5.437730527988537,2.112898994150274,2.8603098299351166,63.70576166536357,11,0
9,2022-09-16,IL,1.1096020976097012,0.21330086776809518,0.0,0.29961980459895066,19.86327499283943,4,0.0,6.936006287647325,1.2497285311356428,0.0,1.2402851733184317,5.4381611585034095,70.73829257615236,4,0
9,2022-09-17,IL,0.8186983713695625,0.21370944245716503,0.03275544303085813,0.14669920564810357,19.831359737292328,3,1.4077690827339102,2.1809955716087353,0.35046836792578717,6.634330358717574,0.9831227363046784,6.141430377434784,56.20672575531789,1,0
9,2022-09-18,IL,0.0,0.0,0.437459864841489,1.5965650999385435,16.592759287645695,6,0.0876562959846221,6.723510774495837,2.193063717155789,4.436795686454939,5.53788465827807,3.7334012090384427,49.76874537414906,6,0
9,2022-09-19,IL,2.3748555544290992,0.0,1.2458505701410192,1.479401081072996,12.694097714823116,3,0.06104931701053318,4.443217478022105,2.6268163370508075,5.766085888097211,1.4299267831482232,1.7928906959302728,103.17100611598256,5,1
9,2022-09-20,IL,1.2626010271733126,0.5925702070620757,0.6744773678894325,0.060389740410164566,10.15440457091605,6,1.029187349915203,3.082233234424213,0.7413777350197848,6.658349937056228,4.916108408919818,1.6757303828780277,76.1399995896555,8,0
9,2022-09-21,IL,0.7973977858666271,0.0,0.3809084772945628,0.9063641683451131,21.420204426453353,5,0.7429323596067648,2.061350245642799,1.5194420355858291,0.915487397290331,2.9194983576072007,2.994427944969127,61.675388603731705,7,0
9,2022-09-22,IL,0.42812143555825344,1.7790565520845905,1.2230825342022953,0.5566019999608137,6.4534139265998505,5,1.8378067850871522,2.6525676436886214,0.32528147277434705,1.1418227731836184,1.0040348583934406,3.5305955637746624,74.91616621771661,5,1
9,2022-09-23,IL,0.0,0.0,0.7823545356927329,0.7076081055793162,18.82873796647381,6,1.6962715372330823,3.729501569098981,1.91674446632449,4.527230495554088,5.680592965803014,4.009821627816395,98.93304655759445,7,0
9,2022-09-24,IL,0.3614272712809793,0.0,0.33926409949792014,2.8323629109731243,22.843916034381635,5,0.36239808535300233,9.99565678542202,0.6480669090796575,3.645737797905247,4.536052572261501,4.409035625057422,78.03326532951189,4,0
9,2022-09-25,IL,0.1284754413541982,1.6141358370082735,0.13003274838604925,0.7921343091548777,13.747387585482953,6,1.3296698686364252,5.429630206814161,1.101478902940151,4.462371569301483,1.3845480116510154,1.7709810543121003,58.93116369539673,1,0
9,2022-09-26,IL,1.0639288702000373,0.40840679616540243,0.708510046527494,0.9154434957007149,12.358829286261804,6,0.10527543707501158,3.0110691610847766,1.7229113576314057,4.267917744638478,0.9744979692337004,2.9497611039009706,76.16506450200202,1,0
9,2022-09-27,IL,0.0,1.4358689916179483,2.310966893829098,0.023240088464381414,22.0701061841459,5,1.1554809262057422,3.1426517294785334,0.20468458100496217,2.5230791602926486,4.095228835265881,4.4674684630982835,95.07751793636893,4,1
9,2022-09-28,IL,0.4741931227533793,0.5264481590557826,0.5697947659485878,0.62529799090431,21.636785092283645,3,1.5882549765427754,2.1327827792223952,1.0111708778810926,0.6550887287794247,6.915930601167077,4.14271358184063,75.28496642042491,6,0
9,2022-09-29,IL,0.7153624131670854,0.36431667340946705,1.3899244483323185,0.34518192583444457,16.650230372138807,4,0.4391749034852883,9.204198935646822,1.9403422306960076,2.2780113299833884,4.4814969553519655,2.8065259251467918,54.877969668847065,4,0
9,2022-09-30,IL,0.21842416904348005,1.6845447121761985,1.9069682604074008,1.3024675561858732,8.871877531461113,6,1.0354155684159312,1.7712724476690618,1.108005220955875,4.7994215591226,4.213326874305464,2.1212483343655193,79.7219909314193,3,1
9,2022-10-01,IL,0.47989644566034373,0.0,0.0,0.0,15.621055110184505,4,0.1441288685497436,2.9707528406155945,0.7484396650642544,0.13510115207671664,1.424791219594896,3.931613749723188,77.57214049546153,3,0
9,2022-10-02,IL,0.5895121647391093,1.4035570460909943,1.3158559430958774,3.0764864919720427,16.210414653377704,6,0.0,4.59155912088759,2.7278130841528627,1.3743261623397636,5.064319683063733,4.023150716642222,61.65236031763512,2,0
9,2022-10-03,IL,0.2915502294469261,0.24009445063728801,0.845375561043108,1.5467871400067628,16.908379785934418,5,0.4837895112662055,1.3857409822208826,0.3454901380452497,0.9884985256521333,4.154874685822573,2.4286172991945394,99.63381111440269,4,1
9,2022-10-04,IL,1.4574651253176554,0.9349774993337293,1.5574063206165025,0.328020324402847,19.35049730061305,6,1.6187610165156179,6.542615799712254,0.6268349014995173,2.182706549618917,5.457398416569999,2.9261313432930796,50.80946584334997,5,0
9,2022-10-05,IL,0.0,0.0,0.0,1.8245023711094113,19.343578929648416,7,0.7983608880668327,5.987940199689816,1.2442263625622576,5.92820100586252,2.420963444647693,2.07624139595595,80.64166471548306,4,0
9,2022-10-06,IL,0.9557927707107668,0.0,0.3404002896095516,0.4895343427432344,15.672000314660313,4,1.4881575188697391,5.249246880258356,1.0113254943280914,6.789931196358625,0.6955699627175651,4.882191885374606,119.82352741965346,7,0
9,2022-10-07,IL,0.0,1.248436908241573,0.6485900746249125,1.646042573997317,17.46406695983964,6,0.08650451272487492,3.68996162369593,1.6293096340895843,6.540637489152531,5.160810102698554,0.0,61.13758489710209,8,0
9,2022-10-08,IL,1.059316253881478,0.3762199317151098,2.0579006929226416,2.40902136178802,22.697114922039916,4,2.3976540063384424,5.059740874881458,2.4718255500753528,5.30577652838166,3.5117909228357953,1.4451212262274256,70.83795867921334,4,0
9,2022-10-09,IL,1.7887227630086404,0.25467896198294143,0.44278124963044274,0.5749257122782684,2.6698251675301563,6,1.179220134096312,6.794305621687998,0.26410820840482896,6.14617963496198,1.397364182025771,2.5466837244272265,82.7017527623155,1,0
9,2022-10-10,IL,0.5408298970527168,0.0,1.7495565537367828,0.3774633267671133,10.972030884872146,5,1.3226964630127958,5.665711592870865,3.1302401673723415,0.0,3.2415261905902746,5.258419387363835,65.08316191991491,3,0
9,2022-10-11,IL,0.0,0.0,0.0,3.170448775593168,22.40791741639283,2,1.5639400097383667,5.031529150269742,1.0085010300237762,4.596793388687028,2.753678398337226,2.9206941992942688,78.16671348991947,6,0
9,2022-10-12,IL,0.0,0.0,1.8222133223297134,0.9534736996643604,9.615637282550562,3,1.716925096862964,5.628420742516134,1.638240295044566,6.233265126742493,2.135104044570198,4.656627053437177,73.95247225325535,5,0
9,2022-10-13,IL,3.331089972805864,0.45529155778957864,1.8444858644282998,0.10836966481617819,15.141962677692245,4,0.5346074296992013,3.3240923130551017,2.2928010689197205,4.362562089084536,0.7734150280416001,5.71909379908451,75.49364657125098,8,1
9,2022-10-14,IL,0.21497074949314854,0.5272907323743252,1.2361987796511398,0.5574652071613206,20.78870008000174,6,0.557518465262067,6.632691198403843,0.9380084168418725,5.023931123188197,5.46287498536942,3.943011121234967,33.57445999456435,2,0
9,2022-10-15,IL,0.8088440983234244,0.0011776488614587688,2.337025945292723,1.287318410160685,15.570981501276684,4,1.6212325373998115,11.238648241905524,2.6944991882583857,4.203790129000702,2.6121074026767337,5.472160315812388,120.0,5,0
9,2022-10-16,IL,0.7577105128886421,1.7378564310338003,3.0053156502854312,0.6391269063814162,11.112825904997342,4,0.04187112896208722,4.571315425032235,0.0,5.513253568967259,6.7757853850665235,4.878552641769439,71.06495744968535,3,1
9,2022-10-17,IL,1.6804930796629292,0.9898159088457762,0.0,0.5189673741014174,14.606397148791329,4,0.6779193349274537,4.444225164275667,1.2561325857778254,2.2975288366817477,1.7207534433554565,3.403040909989709,55.41101497895033,1,0
9,2022-10-18,IL,1.5091362329010949,0.0,1.0413354033981181,2.2478012042906537,20.323466412370912,3,0.27971287667129396,3.0880092202689067,2.312204262660953,6.113659173461127,1.066512766011157,3.40181355053611,81.68715265127993,9,1
9,2022-10-19,IL,0.0,0.45271194854634267,0.5051794611147427,0.759517039402625,19.50895919351077,5,0.9336980184908416,4.967268589812312,1.4997409748314428,9.806071792201259,2.559825377991053,4.901396432125152,70.06523056608117,1,0
9,2022-10-20,IL,0.0,0.0,0.4486467032442037,1.7463485911768353,3.8656112947807504,5,1.1674223372154136,4.195307297330735,1.600011911552841,6.455127925166146,5.465994469920501,4.462959384897413,62.49684222306786,8,0
9,2022-10-21,IL,0.033679329502557476,0.07268929103239018,0.1437092953843484,0.15309009845260815,14.408369158456553,3,0.9302877810235759,1.8370632717547248,2.8425543028344404,4.7960313463295465,0.814921267415758,4.003271340741519,41.16179890193814,1,0
9,2022-10-22,IL,0.0,0.0,0.0,0.27830773520241286,20.966694405139613,8,1.0289998698868366,6.54764429740564,0.7856753760607362,7.204899334469738,2.066332518270626,5.813497015982664,36.60277624770828,2,0
9,2022-10-23,IL,0.0,0.0,0.0,1.6140169493730232,13.675680420854121,5,1.2246653342553633,2.905104709166788,0.684469690190443,1.9595080693466838,1.695299767336452,2.628275155936306,85.13849353414628,4,0
9,2022-10-24,IL,0.0,0.0,0.24956449500408806,1.1069216653202174,22.658758074653143,5,0.35837652786578245,2.806000089102937,0.09372051042856,6.591581644318019,6.082213543264761,2.354260658019257,67.02849411978183,5,0
9,2022-10-25,IL,0.3695274560819807,0.07588651542011177,0.0,0.0,17.146570178311833,6,1.9088249864582862,4.902820446557204,1.2721995022039887,4.92386800494351,1.0492187222805671,4.319947888400788,116.9854671853918,11,0
9,2022-10-26,IL,1.6908745216408343,0.6327759354865201,1.9127032035435187,0.764802571809016,15.498458063007309,5,0.6121038678665491,10.462609943172696,1.9865721789053952,4.470361593121842,6.045544886330813,3.8261910967575234,73.27664728435262,6,0
9,2022-10-27,IL,0.0,1.4903522677491519,0.02519380768932758,0.0,12.556769390996639,6,1.0437208064719772,5.844704070333766,1.4719948222718637,0.0,4.022267915598036,5.739018906677151,51.74071429882234,4,0
9,2022-10-28,IL,0.9616180633955855,1.9921102180689132,0.0,0.38600763794029946,16.641322198147478,5,1.5518599808881872,4.751486894883516,0.10139638804446272,3.174071198790589,2.0167311431982844,5.569916910181398,90.17958289921779,6,0
9,2022-10-29,IL,1.5993260959802762,0.0579038946924737,1.6713823669592496,0.8066432455181344,20.846417777027696,4,1.0313690405604925,6.075583981018966,0.8821999896360327,3.0304382842676323,3.416746836103932,5.423339692034168,87.29771517441156,6,0
9,2022-10-30,IL,0.476560429318859,0.9563444673924762,2.7963020598612065,0.6817893820626204,10.14776595172085,4,0.4502332712160084,5.8815733909430605,0.844774940413543,0.0,0.6955699627175651,2.9984542258500215,113.13214212839821,7,1
9,2022-10-31,IL,0.1468189848909266,0.0,0.051850709037425474,0.6308448676908762,16.31985853138542,5,1.808152056956395,7.331524027179829,0.0,3.143172871059549,2.092560008344633,7.042520189381769,91.44243000366046,7,0
9,2022-11-01,IL,0.0,0.33858489378898726,0.7202404527870201,0.018169748234490572,16.221054925492535,4,2.4103010182106877,6.8165957614687676,2.452877977020998,4.925784382288534,4.255431978760424,2.74646633054896,32.98429392733663,5,0
9,2022-11-02,IL,0.0,0.0,0.0,2.4673847589450215,19.592812536679073,4,0.7511466819379712,7.877886752823578,1.8743206521903981,1.6723114812814968,8.032927466011802,5.733019879784351,26.846014142122502,7,0
9,2022-11-03,IL,0.633442881143542,0.8254672873541506,2.8277291661111645,1.164232094856476,11.480570233740464,5,0.6160576752108461,8.281426413363263,0.19534488521646975,3.7868255568693887,0.6955699627175651,1.1458675408279193,104.19984937819386,4,1
9,2022-11-04,IL,0.44045883741405756,1.0734923756053105,1.2191539596673628,0.8168768105916896,18.3092647621348,6,0.8416940154362883,3.3533544835891833,1.12220980951738,2.2611520786076533,2.035399129227491,1.2899774200261143,37.59827334053429,11,0
9,2022-11-05,IL,2.4398727481022844,1.181558389578486,0.392767835724144,1.3593212630671088,8.37869190788668,4,2.5036438842798416,0.8926017178738448,3.236892825672242,1.1122408741419862,1.5496742611077643,4.558010052301479,23.22511113933061,4,0
9,2022-11-06,IL,0.404097700119439,1.3759236505256247,0.6296833137751059,0.0,12.409949631297234,6,0.6672561967632025,8.954727090946957,1.9212750563766214,3.597584008434755,3.5505016604252684,6.7741820225048945,69.2241357500987,11,0
9,2022-11-07,IL,0.6536863836604552,0.02617319227426801,0.46114153218400866,0.2862885181929346,26.001241377187434,2,0.0,5.343135483484684,1.7119330628273162,5.920084939324037,2.6623125809476766,2.6978015923288403,58.70049482300455,8,0
9,2022-11-08,IL,0.19165367709838033,0.0928206459983909,2.4739019179076003,0.9938410587074266,24.911499296544726,5,1.3706128815885819,9.66755612080101,2.2830154937167935,6.351433046331724,3.2055343899899484,4.212050419954651,90.02138447264723,1,0
9,2022-11-09,IL,0.04855903665715944,1.2626635354887432,1.1311958791162484,0.0,17.164876091891,6,2.406466036604216,7.858328850047368,1.9272416983666094,0.0,1.4104452759139035,2.5536036274845304,44.65948999917611,5,0
9,2022-11-10,IL,0.0,0.06856073198426826,0.0,2.7663201112941413,24.46365253472476,2,2.146123148837071,2.1290934527830787,2.3747255728152226,2.131185078506216,4.540385904863299,6.298296791105301,49.47132729746652,4,0
9,2022-11-11,IL,0.0,0.0,0.7353716378514746,0.3783912247470263,20.343860522062347,3,1.3790346213123303,5.786347430816427,2.315361568760605,0.0,7.652326160644552,4.4201772062292335,80.27669290791899,7,0
9,2022-11-12,IL,0.8610965182492891,0.3331445720466977,0.23684164627666843,0.0,11.671083245722055,3,0.7015744140042712,2.216701080905674,0.9906303735231787,0.0,0.6955699627175651,3.551960955012986,80.18435885470642,3,0
9,2022-11-13,IL,1.5638130437474431,0.0947492014050859,0.8318092428251141,1.6465096234924688,17.91466854382878,4,0.16599105623516186,9.778492503151408,2.403600533306582,1.8671301807300156,5.52609369398181,4.4505855072018905,68.76046216353807,9,0
9,2022-11-14,IL,0.9361947798836713,0.3437281036944855,0.0,2.3027906216452227,19.029102629002463,4,0.5568198227249628,3.5090040984534747,1.222270156841608,2.8880482366177356,3.4397548216594824,1.488219572485617,105.9477368479883,9,1
9,2022-11-15,IL,1.8377747683640147,2.169466664852867,0.0,0.2885496831354699,22.669876150489767,5,1.314574084418326,6.578358095227535,2.35952290481346,2.9958795081580987,2.278205765841496,6.709874855356098,44.51391770881049,3,0
9,2022-11-16,IL,0.14278584227148983,0.4886262679738953,1.2606028802085667,0.6931894652994036,11.479763547571991,4,0.713347276663306,6.58275545332685,1.3163886942868799,4.461096639174306,2.6957169522008484,4.161974616791889,44.97852116597918,4,0
9,2022-11-17,IL,0.0,0.7317657173782012,0.12031913827237928,1.2303682178240087,18.112998549710493,4,1.4019415287661878,4.546713479669007,1.4058558013716578,0.2957650820006929,1.5213701547243064,2.084186608270766,66.65578652118477,1,0
9,2022-11-18,IL,0.3173023933006544,0.44258113436803403,2.714808695810091,0.010969740941877748,18.244719556421565,5,1.1124459047815547,7.436750574133933,0.3005657503004936,4.630790630413254,3.5062922832050356,3.4159001033136454,109.36046830011266,5,0
9,2022-11-19,IL,0.0,0.0,0.40569723760255644,1.3744907630450152,17.801094696861025,5,1.874204587938567,4.257463073276913,1.4668749703519228,1.2732675182127433,3.6115358486348375,3.4476736677723068,38.890660578048596,4,0
9,2022-11-20,IL,0.20464064811954552,1.0830334924867255,2.0158063312516874,0.3827489456756251,8.505625807818596,6,0.0728456982112613,6.285838967439378,2.0409138183459126,4.847885088090767,4.0742693211249845,2.4589412932438037,80.02657656024118,5,0
9,2022-11-21,IL,0.6804394414371784,1.1391690847104123,0.24924449269686988,0.0,13.445249754445946,5,0.0,4.998342342392265,0.6437026851883507,2.22733348727251,1.3826703958203277,5.6827180456391515,64.67403371703945,5,0
9,2022-11-22,IL,1.2864499940029956,1.1262003991850686,2.591023377387357,0.4341326455574821,12.69321130405794,6,0.06626566538883832,2.4936309976182294,0.49882756224060665,1.1466600425154105,2.3956662772208355,3.8322077970407014,60.59637195430813,4,1
9,2022-11-23,IL,0.0,0.8457132304796977,0.8359133037981019,1.2554284957178,22.53288829139342,5,1.508318414128484,5.707198731887864,0.0,4.519080380727766,3.45434627853372,3.6647379317495306,57.48231793437246,3,0
9,2022-11-24,IL,0.1025912455937742,0.4337729631745678,0.5300407943746104,1.2531404797735584,5.675315939808111,7,1.202646993132159,7.822670352988846,1.0566721795929812,4.318795266576694,3.647498780100114,5.54374949878544,99.62840133933248,10,0
9,2022-11-25,IL,0.5091270285735379,0.0,0.09977376717968012,0.5649930072901084,17.845377849835042,5,1.434617465886684,5.01069940925308,0.0,2.447396053273237,5.591057920752457,3.0529596066051883,71.80697148393247,1,0
9,2022-11-26,IL,0.17046812431464287,0.7390755269666351,0.39067480851810676,3.331395718732336,15.980524418641398,3,0.23379249648877243,2.2092740508250372,0.7672380567514945,5.856930148748521,3.770974337918813,0.46255953014484774,52.27849264794063,5,1
9,2022-11-27,IL,0.0,0.0,0.5723888526506711,0.37763102927113945,8.470402657832127,4,0.8018034502625312,3.226619000430089,1.1174814723863902,4.8701187022102665,0.7407522706300695,7.002555212013447,69.76815424034504,3,0
9,2022-11-28,IL,0.374187008221168,0.0,2.774607081305288,2.711580891706384,17.318298436049027,5,0.47496765817611397,6.700036138872036,1.5301076803718348,5.836203798840545,4.098241654475059,1.0617003152550195,74.12319148834888,9,0
9,2022-11-29,IL,0.3492673445286161,0.0,0.0,0.5985212948199851,7.572686205316953,6,0.6710048647821162,5.595460809733197,3.2153793601599765,4.363606226363311,4.4966503794544765,5.5832355121228385,89.18899750203605,1,0
9,2022-11-30,IL,0.0,0.6765519708337002,0.2954176827034174,0.5597689144310554,10.10544445260339,4,0.4678394034738981,8.220574822689114,3.212854527979107,0.8013999848331065,4.902183300666219,4.725973506030024,53.77747953912457,7,0
9,2022-12-01,IL,0.0,0.09511639937910633,0.0,0.6967610893484163,16.493338654613638,6,0.5623174019887891,1.736793380968059,1.5218164554475486,2.316190618151066,2.477125754394036,2.161319318017107,80.91859436379518,4,0
9,2022-12-02,IL,0.4885183098715671,0.5858369637600528,2.626249462856288,1.820468384599954,7.639139270299145,5,0.2830939611529638,2.878446575516424,1.10572232716987,0.6856011409055274,3.0483484489763977,2.203527830373381,89.5195420641725,4,1
9,2022-12-03,IL,0.3344363423437463,0.0,1.4874716468756572,2.8580549162856284,17.561445823543256,5,0.437896048508291,5.4608308891897,0.5689027730807849,4.273597692535305,5.7324370656554455,5.596769417032888,107.17797189626675,5,1
9,2022-12-04,IL,2.0184588801741308,1.3265791444351553,0.9175886767394928,0.11613125327049845,21.739059733656852,5,1.9402462123948294,5.178629227594164,1.3971375040395437,6.526781156523019,2.744498943935448,0.5868721323816528,32.121399104643274,6,0
9,2022-12-05,IL,0.0,0.22255579932187286,0.47219158828660357,0.6738272912098362,18.272530424559676,6,2.1574690470386697,3.6593158472747227,3.556555129849504,6.435300330453363,3.656653470004368,2.5172350629114617,90.28384605925758,1,0
9,2022-12-06,IL,0.0,0.7753269370193419,1.2623878361888377,0.0,23.335577712160315,4,0.5430483997345978,2.9341182329987654,3.6351136828997044,2.5116692179556765,4.16249405893901,7.1165276707522995,69.55333067754263,3,0
9,2022-12-07,IL,0.24792085442709166,0.0,0.5343221706449417,1.9578476458431235,12.329809868974593,5,1.3157814298832227,6.915847895704139,0.4688374025375357,4.949649273001685,0.6955699627175651,1.3134244761843608,61.747555173212234,1,0
9,2022-12-08,IL,0.0,0.0,0.10752510296449508,0.04209632229322132,20.327772052655593,6,1.4678280206525245,6.53887391052296,0.9722611853362371,1.5223945514761468,4.251788270704655,2.9242842336857064,64.52035503883523,5,0
9,2022-12-09,IL,0.1917508378058025,0.045039094290947324,0.6093364605840778,1.0902103442342317,13.332066865427088,6,0.4622370325923616,4.445179438784477,1.1564603675720322,0.0,4.429238077313793,4.429203911263947,46.11612938363469,5,0
9,2022-12-10,IL,0.0,0.9929891705921454,0.32950343996511167,1.9557181466394633,16.85705983750592,5,1.460974244540094,2.1703291175442123,1.1028907483425512,5.582389458214881,1.5374709609461803,0.0880446745161052,75.03836014483691,4,0
9,2022-12-11,IL,0.3366317938968788,0.0,0.0,1.4803569034521349,12.590950260579326,4,0.09052924028787568,5.131234353083625,1.7113421429471858,4.712314074322249,4.455691273857891,7.293792362486224,93.84627979504228,5,0
9,2022-12-12,IL,0.0,1.567321692446576,0.0,0.6269473808114011,17.299873805127596,4,0.8821776912003798,10.737032470951231,0.0,4.156281787215643,2.1896023278730343,0.0,59.62772110539436,6,0
9,2022-12-13,IL,1.1173556770357749,0.30054000502677436,1.0452794862833619,0.5754815727276829,22.37255624420373,5,1.181620715076238,9.150532936924543,2.0679010173358696,0.8008209022521557,3.6128722930961605,6.8807938171312735,80.57743541573291,6,0
9,2022-12-14,IL,0.0,0.0,1.8671371887212063,0.1146478166289231,19.043590068062098,5,0.7568877036429668,2.6017713458676313,0.44487957185914273,4.255917343286259,0.6955699627175651,8.613345369480456,77.43040606430536,5,0
9,2022-12-15,IL,0.40422533067924604,0.0,0.1624712191046748,1.0128584990935148,22.017658898372286,3,0.6237084856197818,0.558044237409115,1.307732328253122,0.6466994369823166,1.6894840057672527,5.5239500139132085,82.9195356368554,3,0
9,2022-12-16,IL,0.9868979389660428,0.7937853857748027,0.414376507788894,1.8218221514384694,20.699622150014793,5,2.0863988503171917,7.218364139973122,0.7276818311296028,4.430138678400099,4.790787967377303,4.8775059252913096,82.66617705252575,3,0
9,2022-12-17,IL,0.6613888099619427,1.7770057591284556,0.0,0.5104969187977302,18.15029501447122,3,1.7510560053157471,7.403614797847219,1.3320708632279685,5.746529036374103,3.5993068255006784,4.8597127856775035,75.99286301705233,4,0
9,2022-12-18,IL,1.4772665596949006,0.0,1.1306721555390908,0.14724737451989967,12.41580216885083,3,0.12975722464657768,6.451469289434953,0.034555134876007476,5.924912867282335,1.231835007348312,5.507541084210261,77.98111640728153,3,0
9,2022-12-19,IL,0.9796083276326004,0.06903389634130974,1.1693407021983573,1.200900730412036,11.58707303512887,4,1.336390880557294,7.928204717184605,0.9861871862005027,6.856994237819402,4.8529756140433955,5.6601791220363955,40.86494756464803,4,0
9,2022-12-20,IL,0.0,0.0,0.0,2.962294668639829,5.904692698808013,6,0.463280312925479,7.111431895834326,1.2726512192572985,7.040606554208777,3.6995740141640145,3.490079282720423,88.12003800331858,6,0
9,2022-12-21,IL,0.8355722473452618,0.0,1.467818073266123,0.5180016588473223,15.39994416271301,5,1.962828597554173,4.821333034578927,1.0154079635928959,0.5497498490673045,0.6955699627175651,3.604286213556852,60.95999558904242,4,0
9,2022-12-22,IL,2.027120872030953,0.0,0.6990385994948758,0.0,15.64390407593601,3,0.9901180297053891,8.246377461954026,1.345917166748761,6.521604094860589,1.8292586842522294,3.772104429909172,97.20579296068028,10,0
9,2022-12-23,IL,0.0,0.0,0.4688992238403903,0.9038752627743614,20.735928447370146,6,1.0775099392729708,3.501708334819211,1.7760536641961833,1.983087666762143,3.662063485453829,2.5872910988863382,14.473591516276262,3,0
9,2022-12-24,IL,0.05226339465904606,0.0,0.27426724711327743,0.9828871315767638,23.026257963431064,5,1.0715775197304795,2.299450824749659,1.4376371820090468,1.3820794222143715,6.21416149090673,0.21490446606484337,76.96341935815121,7,0
9,2022-12-25,IL,1.5824539876135528,2.0028562734994626,1.4473604524819352,0.0,20.34807325459027,6,0.8232293636714529,5.839097338517444,1.8797549886036533,4.710121573735676,1.4779084676993453,1.7782371965611365,77.87713459420603,1,0
9,2022-12-26,IL,0.0,0.0,2.5589223307935254,1.0214736365129604,16.974299141545437,5,1.6885229452965653,10.173759657407313,2.9508021585054065,4.450280170897125,2.842970701578744,5.180123428750492,52.99271655264766,10,0
9,2022-12-27,IL,0.3661308645397069,0.17407497621915047,2.2038136439030045,0.4493732991400696,23.02077880561358,5,1.5852658165227829,4.115860475792372,0.9354509711365933,2.3211964307904527,2.11619069463453,4.680445771546393,45.03061391580821,4,0
9,2022-12-28,IL,0.7321897407604243,0.01851031725804031,1.2118384363215708,0.6469902702618442,24.508757227628255,3,1.5316000784477017,2.6222475106485597,1.4569983042273995,7.03242809455258,4.0851771632829434,2.5746787998648957,62.95097089544061,6,0
9,2022-12-29,IL,0.8574803517261897,0.4104669520209113,0.9594834946810775,0.7689206652218157,13.536696798107377,4,0.6343111387985948,6.3958842662169655,0.3959961894371332,3.535839746540292,5.569829980972182,6.660818903273467,95.21588990941129,4,0
9,2022-12-30,IL,0.9728658483696798,3.3982568189790694,0.5154892518736691,0.44097778785813957,9.230184261980042,3,0.34525867076649275,2.6256176983051738,1.4291594408565382,5.49674690660349,4.0849106575171055,0.10582000156166949,55.086559612353284,8,1
9,2022-12-31,IL,0.0,2.953157773656974,0.0,1.2625862774220842,23.709331561450465,6,2.723112642070424,3.800471524434053,0.7571391527051765,6.984955647792316,5.101611146058782,2.217623339057542,52.0179465916641,5,0
9,2023-01-01,IL,0.0,1.3820851832287777,0.4974542875618886,0.23406826026156768,12.170506415279752,3,0.3613739324991995,4.825927251201391,1.8618380967495871,3.2361656552115345,3.910921324330267,2.1855475834426423,85.8290179003723,5,0
9,2023-01-02,IL,0.0,0.6954235094521806,1.2371706886447291,2.071274379765806,24.10585544001387,4,1.2618366261778846,3.1075560036661205,0.0,4.509888454901961,2.2241676309465612,1.9704328282821941,85.20731920155573,5,1
9,2023-01-03,IL,0.0014497584869679336,0.0,1.071964106327874,1.2750010001571437,14.000450326225389,5,1.7670568203941484,6.272674140201924,1.6519131674872463,4.002849254950734,5.0119115550774875,9.812241370874743,73.42082507511147,4,0
9,2023-01-04,IL,0.0,0.0,0.0,0.31761736072833546,20.572612477193005,5,1.2808106187161932,3.4545374259548907,3.2807518998713268,0.8579249257039299,1.9655445806679626,3.884104338704658,89.00436683781427,5,0
9,2023-01-05,IL,0.0,0.0,0.44401249785324304,0.8244006736782775,10.519268073533512,6,0.5174547831238804,5.2957519268294755,0.5616217154180243,2.4096972624580153,6.603885934178541,2.317443819291888,100.33129816203389,4,0
9,2023-01-06,IL,0.0,0.0,0.4035565110129502,0.6221287168760941,17.39151633651365,3,0.0,2.9888958684172295,1.9152756321785502,4.314899110001353,3.453213099634807,1.333351188039134,92.84653301521901,1,0
9,2023-01-07,IL,0.6784807200807383,0.7987451709354072,0.125144201875249,0.44746794245362437,22.61711002997893,3,0.4796381206726654,3.9333632684715427,1.1593227853928423,4.08319866344265,4.61595699233626,2.4903685010932968,83.45907991688058,7,0
9,2023-01-08,IL,0.0,0.0,0.9416199326858004,1.7505831707201458,23.00672745019453,5,0.7951705565120302,2.919922250208004,1.6346133498053896,4.827205880486043,1.0646962372757467,9.405054588520953,75.90024867539981,6,0
9,2023-01-09,IL,1.2572678739871197,1.874937589100042,0.0,0.9806228053865121,15.417120357927484,6,0.8870134161561223,5.625141320115886,1.4384701486726987,5.604891534236882,5.014205652320818,0.0,52.78764460557756,11,0
9,2023-01-10,IL,1.214146183451579,0.0,0.030460156052539045,2.6686504791196883,11.562139256203388,3,2.3232691135459773,7.062892565674624,0.0,6.521831076851827,3.3889607397826826,6.116261846960746,82.73072816230722,3,0
9,2023-01-11,IL,0.0,0.0,2.138485772239914,0.9939679339662524,20.385289482214557,5,1.7027942021328946,7.471561140586066,0.8378416424365145,5.769607555965919,2.655772025923211,3.517354978843599,91.05522178337469,11,0
9,2023-01-12,IL,0.5371868040483259,0.0,0.5675239020320961,0.7043290978779542,9.486329585964853,4,1.4629815969074749,6.888092977408879,2.0546624475350734,0.0,5.75744314012492,8.085895166493584,79.92176247107525,4,0
9,2023-01-13,IL,0.8895628301364452,1.5817274368411045,0.0,0.5829858607458354,18.519835203041847,5,2.2386269682803963,4.661464949735841,0.045246111295557334,0.0,1.1626211172373067,3.1071665765635523,109.06448339075087,4,0
9,2023-01-14,IL,1.0164213558195827,0.0,0.08649658819781403,0.6492927173568187,12.840906409568639,6,1.0169412956420807,1.150708410377566,1.2502254349836757,5.677173582091484,3.264249071673453,7.39358638258931,63.1746079561877,1,0
9,2023-01-15,IL,0.12479984033101876,0.10348872704847367,0.0,1.07502047804942,15.917673645224069,6,1.0490161701823226,5.683908038393193,2.1348730120317265,1.0233712850314074,5.041547447121823,0.996611661155347,78.45125886648805,8,0
9,2023-01-16,IL,0.9591353436905187,0.6823854326203307,1.721307368572202,0.9498496735218085,19.139171097321906,6,1.2603600484997426,6.576672419400437,0.2250007995083303,6.347183583699481,4.375628395820425,3.642794663900808,91.35891324062877,4,0
9,2023-01-17,IL,0.42366082311623965,0.0,0.5960787556103544,0.6508771218366574,17.267123198211262,6,0.08820691356926584,1.494858779222132,1.3498085858997884,1.0673518205818289,1.0921466667137345,4.903423679386041,48.263327679922476,7,0
9,2023-01-18,IL,0.0,0.3993850144822289,0.3634969900717657,1.7141170533955554,13.917374272937764,4,1.0366082210624685,7.428253692380985,2.2706826440200096,7.387870074777721,2.567042531716274,3.095372180036369,63.02084753365523,6,0
9,2023-01-19,IL,0.2830979152320878,0.0,0.7741825208836962,0.8268670823191061,10.403843852056214,4,1.9540911089437025,7.478770642060012,0.2636488535520879,2.2668085683031665,3.3230780894015157,4.776012500938772,46.11874020318966,5,0
9,2023-01-20,IL,0.23987450594294152,0.0,1.764008640532464,0.45386406720516814,26.001241377187434,2,2.061294035773502,3.918685932667586,0.8690871453872259,0.09938299642622506,4.752415801267685,5.184496920571088,67.2139713848321,4,0
9,2023-01-21,IL,0.7885796778735543,0.0,0.0,0.5745220285140669,22.311561444808202,2,0.6426389384511123,3.152982847265826,1.8168396018695336,0.18678703688483922,5.5631764388664875,4.9086115545027695,96.44994122760106,9,0
9,2023-01-22,IL,0.0,0.0,0.0,1.5499380984467441,17.94329721807618,4,2.3054372982304625,7.40291118159547,3.3907640537456114,3.372009775697315,4.753782399616142,3.8838685370297874,89.58370761992082,7,0
9,2023-01-23,IL,0.14865289985352292,1.2820357178704216,2.329310051019673,1.1891966245398036,25.481955653860553,5,0.30688647458987806,2.183320348119429,0.03879025864378233,4.994187107282837,5.442620473407881,3.0408813670088874,94.69628939897105,2,1
9,2023-01-24,IL,0.15457445678783321,0.0,0.004806972293436296,0.8022069645979452,9.297264690859869,7,1.6539535154210765,8.553195855030314,2.3539926056431346,7.280813876288557,2.6009039431930656,2.0442090428934576,91.37593824431818,1,0
9,2023-01-25,IL,0.8470385622154715,0.6924296331596698,0.0,2.6263306330209932,7.8705246318107465,3,0.916457909345463,2.5680154613494617,1.528693437348569,3.7809381618255222,1.8911718830591222,5.253508738810837,79.08574755956501,1,1
9,2023-01-26,IL,0.5330680731601597,0.7211570408406203,0.6575820692109909,2.4374538238966705,17.146853186995248,6,0.9956213093747858,1.5508529254516348,2.151695852384196,5.505255560149711,0.6955699627175651,2.7972875295997994,78.65299466296878,11,1
9,2023-01-27,IL,0.34762867990271495,0.0,1.5226101069645137,2.1528267875311315,17.45963006420851,4,1.2054140211888706,2.4671322433725114,0.035455503165306324,6.229444388513448,0.6955699627175651,3.0560445505632883,94.58777707073924,4,1
9,2023-01-28,IL,0.0,0.0,0.3395783257059205,2.4521975912903105,11.942545654819513,4,0.0,8.863983620175267,0.9291320855480649,6.496523427018578,3.9755358898752604,1.0824905156613616,27.01671542503817,9,0
9,2023-01-29,IL,1.3795813597801816,0.0,0.0,1.587565975116939,17.53666619346631,7,0.16034365483439927,6.215241942982774,1.8428194704459333,2.1420549999547793,2.8578312126378185,6.827382589904795,26.765564581826123,4,0
9,2023-01-30,IL,0.629223946280308,0.0,0.41707584669289477,0.5220809110833328,7.387436766465233,5,0.0,2.8585126867637065,0.2358388764842444,3.60494822412275,2.14214145727704,9.318781499457119,96.51267060441053,1,0
9,2023-01-31,IL,0.549815915553846,0.09048440661623602,1.1148062996060921,0.8415837086938351,22.124175070249674,5,1.2418645065444767,6.676587952102423,2.5114545517319895,4.924657604239803,8.67083015209477,2.7573339772391496,94.98096923711263,9,0
9,2023-02-01,IL,0.0,0.22916972559728246,0.26744320999880733,1.9295388557587156,21.673648558901245,2,1.461566225446976,2.782142792274967,0.5531248857261315,6.359538529565932,2.9792058125003575,0.6001736233962571,88.75938572767498,3,0
9,2023-02-02,IL,1.3654739768443667,0.0,2.695831605567778,0.0,7.1729883176464,4,1.048436844270527,4.783726938521253,1.113302053634863,1.7107309242589839,2.5145610192265075,6.108919188351115,93.94865076793137,10,0
9,2023-02-03,IL,0.15668116459392856,1.265597436391719,0.0,2.7383621036063426,14.411772462151594,6,0.7776540643544457,1.7830821210688104,1.50025232671834,0.0,1.0206986149930337,1.8382500759339293,51.403485589258175,5,0
9,2023-02-04,IL,0.6208562484240245,0.6463813689040563,0.1982099470869512,0.2623703337629285,20.64008096275455,4,0.7614820402107474,11.467712739832226,1.5990701774785108,6.32314937418491,2.455834089084295,6.189727459273017,67.91991220048197,4,0
9,2023-02-05,IL,0.32131187837795094,1.8909049053591511,0.655520547742215,1.96037389738521,19.63667890391247,5,1.1490241945093993,9.777452243726982,1.367573723521698,4.186113839244773,3.328016003138023,1.2329539908971943,51.03536033193853,8,0
9,2023-02-06,IL,0.6314982650259793,0.41312008610407736,0.0,0.0,14.712949497383635,4,2.4999887636318396,5.427580025866327,2.482900580423911,6.307579672910701,2.4850408872113356,2.4613550358162932,59.49749037362931,4,0
9,2023-02-07,IL,0.3180967932882114,1.211704936635715,0.7065224661852474,0.7163871162150756,9.942146687022973,5,0.8632642023919161,5.609030891098529,3.4794365566988965,5.954834367148428,3.6129061497480475,2.274002038544736,70.86901341749945,4,0
9,2023-02-08,IL,1.1341091699195518,0.0,0.18101977250712387,0.4579156296723284,13.406812573198927,8,1.4576157392447262,8.258303231218328,1.135426653360759,0.0,3.5564775713806323,0.53356998273195,85.38443079157888,4,0
9,2023-02-09,IL,0.1396766426166507,0.05388409188662155,0.9258148087974014,2.6022047691189303,22.573756210121797,6,1.050583125694409,4.501717297199283,1.185922181057866,1.6414780391633237,4.094599896847289,0.7345822855471864,63.44073410643253,3,0
9,2023-02-10,IL,0.0,0.0,0.00591196969145702,2.0921902568426973,10.770185528187062,7,0.14709947892276798,5.149933112456986,0.5679468680076791,0.0,2.7008964680118206,2.8342034085549623,118.76097184843518,6,0
9,2023-02-11,IL,0.20552150122025103,1.5351383206879998,0.4988068072352161,0.9355713389242757,12.143386136237313,3,2.1121733467997093,3.0733446717893704,0.6417740107984349,6.0208814223630425,2.62111289231339,2.7036849057269823,73.00975036669998,7,0
9,2023-02-12,IL,0.5304857554790915,0.7477399467137185,0.9377845057194034,0.21851103312985276,13.376606878301107,4,0.0,4.105708659797293,2.2802351361347086,4.798690641860541,2.347728686601403,1.241582622895904,97.16485143019818,3,0
9,2023-02-13,IL,0.18859211852033353,0.0,2.29974022929355,0.0,26.001241377187434,6,1.4890846627540284,8.824490623098443,1.199188485140481,6.727071389894658,7.799812374575888,6.606902452727373,72.87064149665025,5,0
9,2023-02-14,IL,2.294571485876018,0.5119249127966621,0.9259333274113632,0.7013939379483001,22.3631173646498,3,1.469619054631801,4.8401139919645555,1.704705181352499,3.8813316546582843,1.8210261090111945,3.46979419321052,87.04473021554041,5,0
9,2023-02-15,IL,0.0,0.06835529787086563,1.6344319667461082,0.0,20.85262648357723,5,0.032333213958037066,4.813179689370597,1.1383662858279182,6.559594966766877,2.475700588417859,0.08448337302414455,76.47335559872778,2,0
9,2023-02-16,IL,0.0,0.0,0.46496060774012826,1.285065245609412,14.058575668393734,4,2.8948126989923786,5.968153721811744,0.7691041432901061,6.012751033873257,2.8790582240146914,6.148513996946103,66.01127092485456,8,0
9,2023-02-17,IL,0.3029709953173574,0.0,0.8720158395012128,0.7717886655556555,8.342446195675247,4,0.243305851792062,8.349786571876628,1.0032935525760476,5.453777811453848,1.2024554323427021,5.776342415915515,51.53410403948386,5,0
9,2023-02-18,IL,1.5048739684265122,0.0,1.1892609707395756,0.45348802967408175,14.154653030837002,5,0.0,6.025340212521894,0.0,3.7444029713745737,2.399353969142048,2.3222023246611236,81.64388943788485,3,0
9,2023-02-19,IL,0.5315020238882874,0.0,0.0,0.7920234745905238,1.741176323101099,3,1.251272759214986,3.48396840028094,0.0,4.298550944225886,5.08260320816215,5.813485845862679,56.51539820166159,7,0
9,2023-02-20,IL,0.4062469787657612,3.4395410182244976,0.8704481663675063,0.35007551781157076,24.266444182618642,5,0.0,4.2135375864912525,1.5998576269600737,0.425227429493096,1.5996091842864733,1.9261173680317722,108.34577341529739,1,1
9,2023-02-21,IL,1.5687939493060052,2.0030684203531006,0.037907300424604745,1.99656598752239,23.319044245453654,8,1.6182235583610836,2.0814353705493343,3.452193998266848,4.149338551318291,5.023181157096267,5.785481517182662,59.393782082819925,1,0
9,2023-02-22,IL,0.29404145427158007,0.0,0.40431667276611327,0.0,22.07367850453497,7,0.806725843754768,5.706782876868652,0.8637345722610963,7.00523515536103,2.9902211257159537,4.067339318527859,109.07990236143202,8,0
9,2023-02-23,IL,1.6176167279255707,0.17792611283323378,0.18579174701640855,0.0,11.310034789293613,8,0.8851117201993195,3.529632345153849,1.1500800410452343,3.5861542574236283,2.5191820402223795,5.0895246222782395,63.88420581658534,5,0
9,2023-02-24,IL,0.12280010039656745,0.0,0.016402551010491012,2.2341144100247243,17.48882881230994,4,2.011891936081404,6.842479745466612,0.4822286115332392,4.448962981981142,1.6898884759525608,4.080741254486007,91.22823702508705,9,0
9,2023-02-25,IL,0.4847885168223445,0.15833800292329592,1.6809786393218877,2.537681215747527,22.243028432292242,2,0.7573747754793214,2.931692015772517,0.06173286895669272,2.124011899496897,3.5689033710337292,0.3318495948127751,61.444839090201114,2,1
9,2023-02-26,IL,0.3625263944408026,0.0,0.0,0.13027274251023346,12.574340342102346,4,1.2568975845805084,6.875154276089294,1.0948147814353264,3.8624580096504806,1.6385192787363514,7.430970885140534,83.22824380406718,1,0
9,2023-02-27,IL,0.94638877864964,0.0,1.7623119299692092,0.0,17.545583473725177,3,0.7605370484385054,4.565979225315377,0.5133720261728132,6.510119412156617,5.782891590138834,3.642495245056857,93.61016561019925,5,0
9,2023-02-28,IL,1.643497920855756,0.0,0.1296535319808504,0.24512099227379353,11.907024036762648,5,1.1427297191579193,10.2015608764907,0.3210084437917533,3.9784606261501523,0.6955699627175651,0.0,55.794068797194555,8,0
9,2023-03-01,IL,0.2953538479039135,1.3884412768986412,0.0,1.6916176656339865,23.016555438489128,6,0.9565934924995603,4.6657571406232945,1.7299887773673674,4.407494520625477,2.478692100195228,3.0599940920528166,68.33214736899089,1,0
9,2023-03-02,IL,0.0,0.010935111630614225,0.0,1.3878361679089053,22.74651922165485,5,1.3621695446252013,6.02061311916616,1.4212241467401192,6.288362348134464,1.5481885660571875,3.9808246175117605,61.470506030262904,1,0
9,2023-03-03,IL,0.2558218173081659,1.135584921557501,1.4082728624310425,0.038946736031358876,25.84882851934761,6,1.0690061841512017,7.129463582952917,0.11127274630785078,2.295718697783978,5.982402124660095,0.5582764978647545,74.3475579639876,12,0
9,2023-03-04,IL,0.0,0.0,1.493375786497728,0.27831013940550664,16.07693362332668,4,1.3719791493892217,7.540617298481331,1.742474036069357,3.7981867719386555,2.0367925673002554,8.205585090589874,115.81803573482024,7,0
9,2023-03-05,IL,0.41810382276237346,0.0,0.0,0.6313746076224289,21.33610199376951,5,1.2242082043679476,3.165279062769859,1.69040527868273,2.0560751086129834,0.8863413139538707,3.9805496516517014,106.13072886109647,10,0
9,2023-03-06,IL,2.986830664280009,0.9599190479487092,0.09940666037563561,0.8027272460243047,10.295544481090326,5,1.090985913488687,8.268654875112464,0.7775911369682466,0.4881397528947845,2.3118838151810284,5.5720930994612745,92.68215128554333,8,0
9,2023-03-07,IL,0.1547367421342971,0.9790778803297452,0.6759039060793135,2.3288412787950428,3.9913001033648126,6,1.4950668343067357,6.9213505476045585,2.5608798580851317,6.414795734370805,2.9068905941148886,3.1660621140132132,120.0,4,0
9,2023-03-08,IL,0.23412608487038467,0.0,0.32368952227443515,3.227627470680525,18.241187631476887,2,1.2627592182153256,6.660140424714367,2.616287407053566,6.715477835675772,4.167622952544,6.02618548205295,59.86096970692715,3,0
9,2023-03-09,IL,0.7243172043267858,0.6270872377854768,0.0,0.3764864316586244,15.905003117161051,7,1.6147943501108863,1.4771412302213918,0.0,0.43240470690904753,1.888523134906991,0.0,84.21779711620955,1,0
9,2023-03-10,IL,0.7414830872782704,0.2976676896695054,0.8841547750368103,0.3061951923900436,11.80414075541145,4,1.6579977604222256,8.520125918499321,0.5892159429940392,6.658889414462736,5.375873542847541,2.8308120023384142,91.60414863120215,5,0
9,2023-03-11,IL,0.6511331942701819,1.0056089504042172,0.5735865489002503,1.5329465736070131,21.513579807494548,5,2.4690999241629097,0.47718164747245717,0.6497763185393105,0.0,1.594742856003919,2.2200635027744466,86.16009566091824,2,1
9,2023-03-12,IL,0.12102670559030826,0.41311876099445444,0.3268297416244944,0.7898970032917734,16.7768737923587,1,1.418927118611348,4.066385556345123,1.3600266265054082,5.316307703038021,3.5655163452428202,5.940603723833935,67.03788989917986,4,0
9,2023-03-13,IL,0.4633772788734898,1.5408756182552386,0.0,0.0,14.079349665526081,6,0.0,7.962806351164812,2.229147792585038,5.069938772001403,8.066942713318674,5.779065719653572,55.995310730912045,8,0
9,2023-03-14,IL,1.7571539694240488,0.0,2.4321394455196113,0.0,14.661662122956121,4,1.2242918189608343,9.682433028419531,1.9385115245284885,6.111063704224136,5.055207246226696,6.718460290350425,111.07753759348061,5,0
9,2023-03-15,IL,1.3794130974034937,0.011200318266190168,0.6937467561845094,0.14092841504236486,18.635568279388167,4,2.332106197116272,4.376937584957121,3.345496501901058,2.8270859679453,3.308366702480202,3.251073524164575,69.20508826452777,1,0
9,2023-03-16,IL,0.0,0.2826524883380914,0.649500482650796,0.16040969183159803,17.66391330850752,7,0.8213611576888327,4.276652308913348,1.6534186993094444,3.1060642370798073,3.7048312246180277,1.9215072742096124,72.61968514565237,1,0
9,2023-03-17,IL,0.817547400452037,0.38851483569747,0.7125459404373271,0.0,20.273237950761178,5,0.863040346464689,5.767922500832428,1.4965175657187864,2.7934969503193603,1.8531873105766978,6.262825508902907,96.95598501759915,8,0
9,2023-03-18,IL,0.8532606584096368,0.4880709237612303,3.0018163159993634,0.898364996851653,13.738708432153265,6,0.7726178531338628,5.531470440022662,1.0966193494490495,0.0,0.6955699627175651,1.2138238128030054,77.06731086776571,4,0
9,2023-03-19,IL,0.37652958822765814,0.05633136239774528,0.3377569571959087,0.8098844508344318,17.073608105612916,6,0.900397206977556,3.160541916877791,1.3666264929527614,6.17553400270845,2.694803865334282,3.484073995208109,63.15642956126884,11,0
9,2023-03-20,IL,0.6056297337819422,1.2785860900629662,1.3567802738888424,0.3596530837612666,16.040689749556122,4,1.9303406423900495,4.1860718226972855,0.41492241471113384,0.8858476285784911,2.9999749635329747,4.025293061512524,99.59942898602297,5,1
9,2023-03-21,IL,0.0,0.23628514667766465,1.27567647880416,1.5726556511227439,11.638675923098425,5,1.0592750074818942,6.936849803850583,1.7569964091998154,5.170944744565079,4.932744740551883,2.7393795941268957,57.02844263690975,6,0
9,2023-03-22,IL,1.6347536358674235,0.44463162213835433,1.0857343727634157,0.4354918894968005,17.758229108368212,5,1.9085136591170295,6.161441956794667,0.48719277593550087,2.7931982545954614,1.4046492325476545,0.5478802907234375,58.43521929134107,9,0
9,2023-03-23,IL,1.1075518592460227,0.0,0.0,1.359064929008988,4.00245979075417,4,0.3043803511883503,7.12243982000713,1.7136594020197107,2.081625999840004,0.6955699627175651,3.002323227151076,60.38530039643141,4,0
9,2023-03-24,IL,0.03316993959958986,0.2316100738158521,1.1371631186766467,0.8662679892079125,21.583847158835667,5,1.3832470158311505,4.555044590451695,0.6092564753969227,0.4088336186039824,3.7876395931687616,5.056472458190952,75.4736660624929,1,0
9,2023-03-25,IL,0.5825534015312153,2.797794221038763,1.7281242514152702,1.376513583342278,20.118916494428905,7,1.3887837168485289,5.089559233472362,1.4159560522117496,2.9447188761643477,4.2205075078146574,5.637779332331331,85.59796916661774,10,1
9,2023-03-26,IL,0.14495382124569878,2.3943625108478055,1.2816331879857814,1.1200350088190634,19.217766399508175,3,1.5099896487698967,4.57355374663825,0.770205744570067,5.65439307060965,2.6616752541157886,2.4361779498631924,87.29874155110917,1,1
9,2023-03-27,IL,1.7253810451882075,0.0,0.27647949391528925,1.47678883529212,21.053067940709255,3,1.2127067216103278,3.7967530835073786,2.9499984088382805,2.829220488997723,3.6898164324235907,2.46704650958678,70.07476665805756,2,0
9,2023-03-28,IL,0.0,0.42177974486158865,1.7176686438542268,2.544272223641718,22.321803925033144,2,2.2882316433421668,7.435405855821301,1.352610858298794,5.684101471778955,1.5299858859363518,4.419190013277029,63.34288585323896,6,0
9,2023-03-29,IL,2.642009464918598,0.0,0.6238878719613773,0.0,6.604808938305649,5,0.0,1.8672143328614452,0.28370590143246305,0.4360073752378284,2.7893805180875826,3.079700928127357,70.17152964235883,4,1
9,2023-03-30,IL,0.7541523873016273,0.0,0.08362906100801465,0.529472150154265,15.097830283043095,1,1.9528881719513411,3.7743361401753583,1.007060588980166,6.119219274778502,2.397292270553267,5.6525021734515075,56.544468210308445,4,0
9,2023-03-31,IL,0.5220607640050577,0.0,0.3999343463775423,0.007536746947760298,15.6327202041766,4,0.0,2.6004052894834686,1.1830898236861518,4.403735087657455,1.5248945040286443,4.323041907752778,95.69434173263035,3,0
9,2023-04-01,IL,1.1090781500246472,0.13556475910470572,0.3350194067889902,0.7230260852897457,10.63139985078259,5,2.2323524605835985,6.392104490290824,1.0817013127916901,6.600856837253689,0.6955699627175651,4.41668655954584,92.56179303321234,1,0
9,2023-04-02,IL,0.5629468915884369,0.0,0.9869747315684845,0.392680917896272,5.832040516108987,6,0.5277219311885559,3.716675668246537,1.298384013214988,2.7371532329592183,4.636705814056499,1.8540747664568,75.88674024904134,4,0
9,2023-04-03,IL,0.0,0.09030149181907898,2.4997018532407815,0.6542961993387522,20.21038644244478,5,0.9404492772657477,1.5471629365920492,1.1337708296737143,7.117410193755239,1.5257993495953257,3.805250908320178,76.8848399459655,11,1
9,2023-04-04,IL,1.6484881468450392,0.0,0.9806505568435235,0.0,22.523175406561972,6,1.459294801243752,0.823731799136771,2.8954027367376627,1.1265230012878347,3.3525059473514123,1.506408658787307,90.46071659157789,7,0
9,2023-04-05,IL,0.3647669604438937,0.13469695737927923,1.1260720029384235,0.0,11.127634374360706,5,1.4253070180248801,1.569879940614543,0.5452765400112402,6.352424513561453,3.4489180840156264,4.647413119011956,70.58922294841805,2,0
9,2023-04-06,IL,0.7510422893387703,1.4059988690897705,0.1285732323334592,0.27184299963324343,16.02202465922454,1,1.4057558723183372,2.6494119174894233,1.3846954444164867,0.0,6.111885627215885,1.3257294624020295,61.567710160534034,9,0
9,2023-04-07,IL,0.0722547306491732,0.25112398874438546,0.3374179155249263,0.599130058877856,10.085555466327275,5,0.0,4.902016886871994,2.1508995682429957,1.5484769936246936,3.005322810212162,3.0712197980171787,50.0303519255526,3,0
9,2023-04-08,IL,1.6303883791709266,1.3986109818086658,0.05265624395962065,0.0,24.329531236003707,5,1.3522885724008202,7.126416049190589,1.5662894043340476,4.60944495584172,4.699708015736849,3.913263366060164,61.75987796571755,5,0
9,2023-04-09,IL,0.521190271603679,0.0,0.9966807598722242,1.0830257036910258,12.575504260309724,5,0.816492361038764,6.7624685528875546,2.424452163876963,3.9723959454915483,2.2789869067759123,5.865971614279726,92.65013917108598,10,0
9,2023-04-10,IL,0.5604863019308917,0.0,1.5094882569741281,2.328273265515034,17.928191308192943,4,0.7851853036216052,3.2189429779828567,2.440649436685827,5.019689526075145,0.6955699627175651,0.7633103097641092,82.79112440335902,2,0
9,2023-04-11,IL,0.9114923758982478,1.1210487912988203,1.3670280635428778,0.8651610161612686,15.328137363923833,5,1.1531975034895119,4.052460389576304,1.2934342360034374,6.9758063749435335,2.6366653026662465,4.934358106862737,95.27929917391512,3,1
9,2023-04-12,IL,1.3173056052947474,0.02987903409208803,0.0,0.0,20.520097408428704,4,0.0,2.373134690059726,0.40122103456942193,5.892210130418699,4.532299075674889,3.26492837753601,87.16928937544563,6,0
9,2023-04-13,IL,0.4261380690386455,1.5541410719321282,0.25256345878852826,0.7301800348217631,12.289392684181287,6,0.21687363559896522,5.331087973497734,1.3935531210651677,6.595011345294717,5.434828836639829,0.0,25.26423828142445,7,0
9,2023-04-14,IL,1.0384502226825767,0.2881113968110245,2.7283416652599812,0.2115846370712875,12.867448887192666,5,0.12046658491888967,3.625400806514539,1.895416892191197,4.2816119921210545,0.6955699627175651,1.5323157455174226,84.0385488158899,7,1
9,2023-04-15,IL,0.4368542274983772,0.0,0.8782303064860517,0.032671520715356284,11.53406384598504,4,0.11367264412020861,1.7890338440874642,1.5327907466615203,0.698013760003623,1.339340091319734,0.9741670186243843,50.63543259909479,1,0
9,2023-04-16,IL,0.6108606234277745,0.15127825491311003,1.4313966861527887,0.9696318504038002,24.247931747978072,5,1.6792824928009558,4.468861290934346,2.299609245662725,5.423912865836812,4.181847282286551,3.0098518794185263,28.158695020593925,9,0
9,2023-04-17,IL,0.0,2.447600217648612,2.417328999275955,1.5580915460912772,6.310521054199715,4,1.788870854482062,1.6300263614479569,1.393368671716669,6.491563669962781,2.4774828115816794,2.490854956660151,93.02874132160876,2,1
9,2023-04-18,IL,1.7251031439236213,0.0,1.853745967086383,0.5484222565960737,16.012339769725116,3,1.185660518625969,2.9141055258414017,1.573095522848915,0.0,2.8544037859423947,5.535829314010354,84.28313043611861,1,0
9,2023-04-19,IL,0.26069258762447645,0.21684335546256917,1.4698517162167941,1.4713122817817044,12.291491418889507,5,0.9060256187828984,2.552586842193552,0.15481634083966567,5.175069935964435,2.7260101931186473,1.3401013541390663,47.75529387948369,2,0
9,2023-04-20,IL,0.3587616666850332,0.0,0.0,0.16364515211320652,25.51906511744908,4,1.025707378532368,7.556673452168868,1.5375023866610946,5.241727958541676,5.167388079121602,3.116555477056706,65.93070731126826,4,0
9,2023-04-21,IL,1.9028979088117104,0.1638536077435102,0.6817015847257049,0.0,13.551230652107082,4,1.1422892557125737,5.579233140790065,0.9072556371674485,0.307659948362235,3.6614518807286394,5.990709598927803,64.47231231745796,12,0
9,2023-04-22,IL,1.438328332687345,0.0,0.22623948408523578,0.2600762773979701,19.060862211837435,7,1.8760887583612487,4.998868951992475,2.4981121413182636,2.980131576347865,1.2893003641139793,5.0389900000632535,102.39617258678555,2,0
9,2023-04-23,IL,0.0,0.3444893379502921,1.972269764952372,1.5608931002715114,14.793112885449403,2,0.297208514118624,6.319071497039532,0.05471978115283049,6.228792908088927,2.3868305767520197,1.6734442795424558,95.37397518410924,12,0
9,2023-04-24,IL,0.2856746703699081,1.8225683876345253,0.0,0.5705308152191061,15.50505429054091,5,2.1565744402152767,7.866502695404524,1.0356022124543065,1.2772562421318048,4.443974939446681,6.319306101136749,58.168657365356374,1,0
9,2023-04-25,IL,0.12452533021334256,0.0,1.12560519930781,1.500422252168783,22.2235383733557,5,1.8007327868199168,4.352280277122601,1.1045337332848226,0.8332624601726016,1.9041782066864283,4.38532268255847,72.38508366984763,3,0
9,2023-04-26,IL,1.4532535727515425,2.0481875228535475,1.361774294019369,0.31841860143562273,19.80064258160902,5,0.2594807122809575,6.18425311979616,1.6288123491787134,3.775530348387036,2.1186870290068565,4.491419303800337,108.20075883903223,5,1
9,2023-04-27,IL,0.04506573806266101,0.0,2.2735199566377795,2.0363085020215865,11.125438557172272,5,1.3435611182984797,8.0052857551196,1.3316696211089745,6.906832863770511,3.779267185896075,8.38823775821014,103.72150433593379,1,0
9,2023-04-28,IL,0.0,0.0,1.135649223497118,1.107640400595066,21.19982311342217,5,1.0140836218620684,5.503356946427818,1.470215772194265,0.0,6.678585274562503,2.8423967808394672,74.00500799387119,5,0
9,2023-04-29,IL,0.0,1.3294720980047243,1.214305673010845,2.81065365636348,25.904011155845307,1,2.0083459116185085,7.672807538543433,2.654602162494636,4.670536731658394,3.112218393477159,4.3196875486048985,92.85648406650687,2,0
9,2023-04-30,IL,3.0717986168755758,1.235161899916112,0.46261932183744986,0.1603628134064069,14.258866806714389,4,0.0,4.813613926575592,0.8973416773393901,0.0,2.0305203882693417,2.2154673153601228,73.35848993894062,2,1
9,2023-05-01,IL,0.4478773337792846,0.0,1.5890070865399768,1.7726144512882003,17.20011058726784,4,1.4039145156556814,9.425344405111531,0.7360800481531051,4.261832883473918,2.2080453150885324,4.410154767358062,51.29654858898089,1,0
9,2023-05-02,IL,1.1478906732045695,0.0,0.8734256931870343,3.174219606938634,19.421946402555427,6,0.8238134918710542,8.1446317234366,1.7984247408553982,3.7152363950026923,3.186587470853476,2.00159887227517,78.31457140741247,5,0
9,2023-05-03,IL,0.47177491616472167,0.7352782127016574,0.5900109458131871,0.4393153307801765,18.791306425491076,5,2.182977062796087,8.582901053697173,1.4399408881415807,5.113099070801315,2.5085908463416025,3.3027558282690865,103.72188265884604,9,0
9,2023-05-04,IL,0.7003055332125475,0.16051317851528601,0.0,2.3401929929990635,17.909151602394235,7,0.4015221147586333,0.8429643604171679,1.8493049332149427,5.348040189687187,5.0851578802872135,1.4708907421373478,78.27241061798708,6,1
9,2023-05-05,IL,0.0,2.173697348435918,0.925239307720344,2.1384001873707463,26.001241377187434,2,0.4660954274946316,6.653825563636139,0.7486925106699216,0.8277035831474144,4.62359945337999,3.2411204892093504,26.628023698438135,2,0
9,2023-05-06,IL,0.0,0.0,0.07834625042356265,2.3942500030993816,20.551292345099668,4,2.2520857467403004,6.239465727790507,0.0,3.2556810954343804,5.698000004010139,2.526669032312142,59.59163726953614,1,0
9,2023-05-07,IL,0.22055300343686476,0.34071144110968593,0.0,2.033475999052468,19.66960973260463,6,0.7141884517267065,9.411590291912367,2.5632082195160413,2.0340782491578784,3.8102700584046745,5.803108265081258,91.89194147605612,4,0
9,2023-05-08,IL,0.08925025327519176,0.2978483405226593,0.7687565542462778,0.365827370368724,20.17967571704805,3,0.5792476464609922,2.0039698416942966,1.275272971209859,0.5398138681536844,2.4595317278288533,5.48238319026293,65.4640249547274,2,0
9,2023-05-09,IL,0.0,0.8274984606568514,0.0,2.193289738819777,19.424607521199015,5,1.0401277419363963,10.432204652158125,3.4485050294706374,4.3950916121369294,3.3081059733809277,2.5983650145981576,85.62810954830809,6,0
9,2023-05-10,IL,0.0,0.0,0.40659408293124355,2.206172641219652,18.169673132888352,5,1.9637401371656296,4.035938918455361,2.052078150674275,5.5460374037042595,7.560266721094395,1.8852503897204473,85.7505157102483,2,0
9,2023-05-11,IL,0.7245933363296371,1.1729718561018896,1.2199666962593727,1.2112962507842158,14.356159850018091,5,1.5541358964982521,11.004382266137887,2.0543404217682752,5.113139721627125,5.754030769870469,9.021348604324881,112.21184717787241,5,0
9,2023-05-12,IL,0.0,0.10616235428627929,1.2319013110621841,0.3691759296535819,20.439434834291212,6,1.6205755364122885,0.8116825767080981,1.5412892679365373,5.2200407324157485,0.6955699627175651,3.1162007840941803,41.035714275868436,5,0
9,2023-05-13,IL,0.0754579107249368,0.5615891776469241,0.20645709208331164,0.07511989986164061,17.93239375572934,5,1.6558947907795687,5.5302670636647715,1.2854076567836237,4.168203316172552,2.8334023253137004,8.72075323559207,83.12069591357178,7,0
9,2023-05-14,IL,0.4364960859006788,0.6867038863446165,1.8266382427257688,1.6287158415561431,13.101627483155864,5,1.5229396870120087,5.0915597392435235,0.26726506678067663,4.2783033630266845,2.4005465833112862,0.5477390415390673,77.9490229608202,5,0
9,2023-05-15,IL,0.0,0.0,0.0,1.7669285944695172,11.508347614279312,6,2.276532423553294,11.167495610953267,1.2522627073424117,3.9616388960109923,6.338568733855775,3.52880749170525,69.33152320513274,1,0
9,2023-05-16,IL,0.4247767506102824,0.9371177841980914,1.5073537822839254,0.0,20.071569886753952,4,1.2352305412270397,2.195051027023985,0.798359066829454,0.19451418952979338,2.5653100813186622,2.277762333253495,25.971722792632406,2,0
9,2023-05-17,IL,1.8295929774187831,0.04093587707180846,0.0,1.827610760681604,15.013803512459438,2,1.8355795818992706,5.868125514136728,0.32103947962125223,0.0,4.158905229495399,3.8852131533953886,36.489553419830514,1,0
9,2023-05-18,IL,1.5412416432448295,0.7584581212291479,1.0069452824672611,0.12884666630784314,19.56393521586689,4,0.10561248673075463,4.398050828925537,0.8075925513247889,3.9094074689515206,3.653776985663332,3.0477493677502547,52.916599971344496,1,0
9,2023-05-19,IL,0.3684220635915465,1.6202767805868508,0.9466320337917282,0.0,10.231936608181796,5,2.0148498148128833,8.263748492791418,0.0,1.6015533406018987,1.2142777066977883,4.200029882217228,62.540163323891015,6,0
9,2023-05-20,IL,0.6384836424516254,0.2601563621375992,2.382072070196327,0.0,18.793017848080545,3,1.017224364564126,3.7940360233579153,1.123180252749696,5.5299011318780416,3.936584322769434,2.684239037853858,50.673669166061316,5,0
9,2023-05-21,IL,3.1739745100059635,0.5382766387535747,0.06227231837506686,0.5822056626840999,18.235720439898,3,1.2648228203654088,2.7192032683613667,1.4828686818565195,1.5215994163636815,2.7917043703118827,6.340815806521508,45.54128004329466,7,0
9,2023-05-22,IL,1.165430396152722,0.21256569373943587,1.0004166508766341,2.8614809717343537,14.088141097424236,3,1.145969630537145,5.948513928064181,2.346580075569735,6.129590482902565,5.1857815724047445,5.923142945831437,68.03910532482035,1,0
9,2023-05-23,IL,0.0,0.0,1.6888010046558013,0.0,17.674847625828928,4,0.9552269924547635,2.278389592475624,2.1746571799618843,3.380572186143299,3.566462664572662,2.2177948072091604,88.75797680281306,1,0
9,2023-05-24,IL,1.1347594909690915,2.127000943088721,1.2024443590708578,0.7159238236038306,12.637810508751219,3,1.5636941148314056,0.4574989877345955,2.408412079169243,2.155067631781566,0.6955699627175651,0.0,71.60143958174004,1,1
9,2023-05-25,IL,0.19699290275294967,0.3025068555956033,0.4543937845800545,0.0,26.001241377187434,7,0.0,1.7088697709698775,2.945519485906069,0.0,3.2676584415335204,3.0202909326430607,98.81904312196576,2,0
9,2023-05-26,IL,0.28694488162369824,2.2807429593405812,0.0,2.5613493679431483,14.894423908825143,5,1.4156015694004807,6.660861193693909,0.6301568149285649,1.6493492714701932,6.528612611907915,3.6008155393391923,65.82019120181688,4,0
9,2023-05-27,IL,0.2059401896678107,0.0,0.6191679248961834,0.3981470265883229,22.958893297493304,5,0.9143295925607094,6.471546412331811,2.095939698238963,4.985642876234568,1.5200666367433313,1.6698758984550244,83.91339781591243,4,0
9,2023-05-28,IL,1.3303181691135257,0.0,0.8414179558604105,2.553588189663285,11.02708591188853,5,0.7605510883590048,1.4445477513784382,2.410056763036918,5.5418460094910005,4.438415493770134,3.1662318837049526,96.71543872857887,10,1
9,2023-05-29,IL,1.1607750742780802,0.29137971393417134,0.0,1.1705154211112225,20.173135388301525,5,1.3575910590798093,4.978401862846461,2.2622888942066695,5.094787633903006,5.503736854713349,3.1781915198845705,62.24562782052041,5,0
9,2023-05-30,IL,1.9357408870506243,0.0,0.30738945297768094,0.5860714078249579,18.930561096719142,4,0.603387665422201,1.9112098695288795,1.548744372349596,0.04938893520937038,1.0883616069769069,3.4139949203507847,67.60782492270937,3,0
9,2023-05-31,IL,1.0824855724262779,0.0,2.1235363807451715,1.7146515045719006,15.7616004344682,4,1.1896803439245027,6.949668800199176,1.923039842972822,3.6746621613399655,6.44042423418959,4.05147991775126,76.81186473194242,7,0
9,2023-06-01,IL,1.5990755026171208,0.0,1.555412654030095,0.0,8.666193488986481,2,0.0,6.372048561614437,0.7284510775619326,3.439377284643543,1.6065616601938402,3.7607080992520245,119.33650284668842,6,0
9,2023-06-02,IL,0.5293505781618548,1.4551258910121596,0.3328327118282206,1.6292037281899987,16.937050501995294,6,0.38065970265599924,2.411381048683913,2.79231366929474,1.2318547420352524,4.366876664628441,5.399772288256754,74.80863577308013,8,0
9,2023-06-03,IL,0.0,0.0,0.5682314425412465,1.1439996045670968,19.205114145769336,4,1.003668088617733,8.456902668154143,0.9226036180957324,6.17746570417967,2.755681551178518,6.7910287649957715,17.3646208988302,4,0
9,2023-06-04,IL,1.7153606028468191,0.9904517935004333,0.17944018509435333,0.0,10.401655081468649,3,1.9994127831285327,3.3934286314800284,0.0,5.646201572282264,5.026835294316007,0.0,72.66554132267386,13,0
9,2023-06-05,IL,0.0,0.0,0.45131898918804153,2.064621362239799,18.299300020638086,5,1.7386189619501917,3.7814425702452925,0.025092253446914625,0.48237730838418,5.030966913534819,5.207855949682651,88.4288016909385,2,0
9,2023-06-06,IL,1.2423062479883387,0.0,0.35488190443980305,0.5811483056432154,17.028845697910498,3,0.8599994830068383,2.2813271946588136,0.7984842529348575,5.430432962635451,1.568794860137678,3.7257893437021465,73.39502417030154,6,0
9,2023-06-07,IL,0.4620580810451934,0.0,0.37507574014126366,0.3699972960755738,16.682913846784835,3,0.21861002688537667,5.293344139934864,0.4261372107801796,3.356395413547014,4.045896663341094,4.433670365618955,49.00283086062197,2,0
9,2023-06-08,IL,1.0364720197740231,0.26826073770348696,0.39274068486191416,1.6535510192658829,18.749461957851114,6,0.09168414153476467,6.051811514637304,3.3195760189216834,2.6364877764954016,2.1424764054665437,1.73242464209096,44.58764621577489,9,0
9,2023-06-09,IL,0.0,0.7635269716382294,1.7408053479342231,1.7908711407583255,21.307782812008444,5,1.6162242129555056,8.499765467252443,1.9828507932695738,2.7129231526582585,6.695801574478503,7.2503798486819795,92.01815601034495,10,0
9,2023-06-10,IL,0.0,0.0,0.06321848012127951,0.9859752226746208,23.461513664233287,5,1.7482802181511372,4.838566932557642,0.6357385050140373,5.1775807679807135,3.2705380086952496,0.9501300122415008,95.3373279901461,3,0
9,2023-06-11,IL,0.5935375825679232,0.22710225323832728,2.227683230956215,0.7920102531205719,4.0196407512147,4,1.622982938006296,5.357378290671127,1.4208998694863066,0.9111768453619824,2.678972450036978,1.192596007977996,80.13467413418654,6,0
9,2023-06-12,IL,2.0470812918432575,2.050956218356814,2.2490565807035354,0.31997482066367156,19.605013814843765,5,0.2287782524552311,4.778679587846951,0.0,4.964354814134162,0.6955699627175651,2.013202838417776,97.02838720763836,4,1
9,2023-06-13,IL,0.5329713361884374,0.0,1.568204980078066,0.3988166819840615,18.172096679932878,6,1.6834798258583665,6.001578440924898,1.2560638931999313,2.0936663508085522,2.6222830524115848,1.8202974517350672,78.07986250739141,7,0
9,2023-06-14,IL,1.3129928711088295,0.0,0.0,1.339922565851716,21.129624617945545,3,1.0260387372756399,3.178711554672532,3.220375227345368,4.886941598441416,4.387064103459522,3.2809475427406247,95.7610973002173,10,0
9,2023-06-15,IL,0.0,0.0,0.0,3.331395718732336,22.82998741319476,3,1.5774529021918187,2.273149425010489,0.9736883526688183,4.609490774715208,4.376651583702573,0.0,104.35856060941718,6,1
9,2023-06-16,IL,1.3215490676257502,1.4852790519740287,2.3685988509294775,1.3392298037026287,18.397770080672075,4,1.7585996855548383,2.9745567686051526,0.6808264021958608,1.5864151950992262,1.4840255013433237,1.8417298084447116,118.1035265531283,1,1
9,2023-06-17,IL,0.3741660900046043,0.05289391069743826,3.186922681065658,2.5920900930099418,17.85090525364113,4,1.0375043475658676,4.908174725353691,1.658569483336185,3.7807366051677134,7.752604234845742,1.1548501061464505,95.89608528006107,4,1
9,2023-06-18,IL,1.429556378822072,0.0,0.12481248888261531,0.06018644101031745,13.375925840445742,5,0.0,8.042070607163362,0.2870599651747947,4.5840380268476615,0.8587344160628501,5.637831111281833,67.91528907188348,1,0
9,2023-06-19,IL,1.3020175257152389,0.4107087651993902,1.8551068860862965,0.9946006722994187,12.389191580219833,6,0.11435016151027794,4.985758006441053,1.6971343865400865,3.5531459426880136,4.181363670215073,1.0464873366946676,69.6414615804478,6,0
9,2023-06-20,IL,0.0,0.07157916200217618,0.20202987182875276,1.657928950487447,18.10993465073572,3,2.134656799333106,6.987440096369393,2.136714188252293,0.204791125046222,5.920572960715146,5.986063740705464,93.453235128478,4,0
9,2023-06-21,IL,0.6057916270749183,0.0,0.25723741421690394,1.1090717595349013,16.450924035237897,4,0.0,4.703947549523504,2.034359635806025,1.6899110050482684,2.7416989879752727,2.4912012805971373,46.35060208056277,4,0
9,2023-06-22,IL,0.1883392464993887,0.9696389409222522,1.290817761393865,1.9338400280856334,13.589155913162555,4,0.7714014134086343,6.847568005517791,0.9977549136988028,3.9304208255100095,3.7641368874596943,3.580243345409949,59.28629503898434,7,0
9,2023-06-23,IL,0.7914250273368693,0.0,0.7563304754156402,1.703484762085217,19.890562891164507,1,0.057832795403995885,4.188482112143542,1.9741446584608076,0.0,5.205473329375213,1.2083787651492566,88.76680591347022,3,0
9,2023-06-24,IL,1.5293860918036586,1.4472343295127026,2.093922640399469,1.2263375255986368,15.414341908075738,5,0.16358038582044343,2.140831121505234,0.0,5.45709613333675,5.568389547165758,4.013041145739369,113.61980464385483,4,1
9,2023-06-25,IL,0.7408419387791658,0.7656219736048366,0.13763177557403394,1.2856524670246103,9.851881144585356,5,0.5416805446205606,6.894346034352748,0.0,4.453688565019819,2.689547294073799,5.4631467690278095,83.13739607838652,3,0
9,2023-06-26,IL,0.2114317498365249,0.35381394019847945,0.014910625907849306,0.0,18.02246402978425,5,1.0084201564677095,4.716791639714307,0.7837968444350718,0.0,2.8795157013114436,3.2902027910650737,85.22082742290416,2,0
9,2023-06-27,IL,0.0,0.0,1.002492643819816,1.764322447573343,19.44036035704906,4,1.9384727832313757,4.747735856565022,1.4365345095913744,2.3955406800923438,3.819185037715907,3.100872407720537,93.02102965365513,5,0
9,2023-06-28,IL,0.31144333688480974,0.39245467533723877,0.48992622727592455,3.331395718732336,16.98492336637242,3,1.4579638236579457,2.390481364562716,0.8770484952346198,3.582519381250494,8.026114198992683,4.871694753606483,70.61643124257078,7,1
9,2023-06-29,IL,0.32152574903502174,0.9077933274682872,0.2600237570952324,1.0840260043567942,9.16404621160697,3,0.15773754574968543,7.908104650722128,1.6746291899409802,3.706494887750858,3.940892323225963,3.1928871834370676,78.55459404175164,10,0
9,2023-06-30,IL,1.590907737290391,0.1533637177577159,0.0,0.0,11.688885829519805,6,0.38877911558966693,3.526767231841811,1.1119346043257958,1.5998689057843418,6.727534631233889,3.6441747861397564,85.29712534696208,4,0
9,2023-07-01,IL,1.922997974034311,0.07300643641907878,0.8721455627364502,0.20025364500359444,16.805217652066922,5,0.8135915408020085,2.78615397451299,1.3114628677447753,5.030061105925634,2.2501241199126096,3.679750269189075,87.2279577264751,8,0
9,2023-07-02,IL,0.04827377852429382,0.8917072199596252,1.5451443023093314,1.443479095991088,18.562445479782035,5,1.1632915935645114,7.518305459002062,2.148354233810274,5.7931583159087845,3.6016648716572734,3.2581467339143915,36.217550707826206,2,0
9,2023-07-03,IL,0.6647401349299019,0.9236886474448719,1.0122707265882445,0.6039993087140016,23.176411297343254,5,0.4421151948658727,7.04171909552816,3.1914397394753666,5.999590020822535,3.938656703453578,3.6652649875847687,19.048757750963663,6,0
9,2023-07-04,IL,0.4396693844318016,0.6146715829638164,0.0,1.281615853973541,9.83741292009323,8,0.5756215892579606,6.1310491668471565,1.7612951230974114,0.0,3.61033070883502,0.41350964736310747,58.79547966674853,3,0
9,2023-07-05,IL,0.0,0.5076043902800229,1.1434208842185618,1.673720763587193,13.278928771056163,4,0.47919741629871415,3.447678718341625,0.8168773519377681,2.4051177629072824,0.6955699627175651,0.0,115.12497843183381,9,1
9,2023-07-06,IL,0.5326075686038315,0.0,0.0,0.8041636391767641,7.707583146221904,4,1.1831979012068279,3.429384891508322,0.0,1.804796509430849,2.8469727798921247,3.25270726961348,43.08800135433529,2,0
9,2023-07-07,IL,0.1329243715245767,0.0,0.2211992273863842,2.9564981953757767,23.076128535563303,4,0.7866833986148343,8.493448172448645,0.9361094145996186,5.487211728383233,5.903456371040532,4.770800166941847,77.76035130070292,4,0
9,2023-07-08,IL,0.6896706626694963,0.0,0.0,1.7873216275619457,15.5046446883699,3,1.929508642479366,4.762631246650021,0.011851401142669471,3.8539645841608077,1.6066087587071576,3.274879817747625,82.62745892719798,6,0
9,2023-07-09,IL,0.4341240136392398,1.43910805409418,0.17995072264103318,0.35719675003088414,16.476550917065566,5,1.9288995117619874,1.6441915727472987,0.7722734935624795,0.0,1.6314470203884706,4.073977294520414,94.31581113385899,6,0
9,2023-07-10,IL,0.7281899867632243,0.8797882485967614,1.0077693220275945,3.237299488755003,5.436872056391485,6,1.2032778801074817,6.211899511113046,1.0801208292642288,5.501555639969067,2.647430089250949,2.2087474222093144,109.62645725760889,10,1
9,2023-07-11,IL,0.0,0.0,0.642475140430734,0.221357624790137,12.869001063830048,5,0.0,3.9495537011471353,0.8298066855046473,4.606760735958109,4.531920905120463,3.68116896285404,74.96037258289522,7,0
9,2023-07-12,IL,1.5996083762367785,1.9939833569575338,0.07896369548670223,0.0712056398683145,18.494617332018464,3,0.17430213674433848,6.434329270667684,1.451993585072822,4.490840962317061,2.4093738262139803,3.2019835472133127,75.92235917088786,4,0
9,2023-07-13,IL,0.0,1.3442920265191298,0.40548297015642776,0.13995063867371216,14.267258374262237,5,0.739085021438513,4.814412489338408,1.980754055334272,4.045597686090911,5.36800264595695,3.1878048252881475,71.6258920682874,2,0
9,2023-07-14,IL,0.0,0.0,0.03447709731978321,0.06764079449168646,19.917242814321316,4,0.7887107890889435,10.75095847696616,2.0078590258422664,3.425311814495672,4.1118980022536,4.6629287692652674,62.59244159639064,10,0
9,2023-07-15,IL,0.5855901031380941,0.7692118186827881,0.6996060576925719,1.4629764307674362,15.706601941365392,5,2.3185882325716696,7.866653476376577,0.8570452880817621,7.61968874812541,1.1323364074845852,1.1081977811348231,82.03738634966838,7,0
9,2023-07-16,IL,0.05648672812797262,0.0,1.0930413608895846,1.2334038654145192,17.328576816637604,4,1.132223687674283,6.7256030611392985,2.0666815741565436,0.15213966310891924,7.6781935102386285,5.176477542969611,113.94301625183165,7,0
9,2023-07-17,IL,0.3674474669781007,0.0,1.5181247252654244,1.936384416844279,17.452543019382897,5,0.6031611289250244,5.671017752526046,0.7740777039172053,0.780706167609634,5.498443940637605,8.063529057037787,57.91921511170915,4,0
9,2023-07-18,IL,0.0,0.0,0.1718659850431924,1.9458339321638698,19.720609035804404,6,1.0888054214996234,2.9552774306993133,0.8624454363871544,2.72714034684017,6.998691836447901,4.481091368924736,79.11708448263457,9,0
9,2023-07-19,IL,0.5972026708474727,0.4356510296598109,1.3184699287365131,2.2544649955434717,14.173224211489204,4,2.0274307174269013,1.8794791453237705,1.4996122438911845,1.7414672578282349,0.6955699627175651,1.9387418817212603,63.531186179272545,5,0
9,2023-07-20,IL,0.0,2.552368414272166,1.0582715199975103,2.2316268379774797,19.540164538678734,4,0.6946877480941976,7.416637364913418,2.9573356556889814,1.4889274684317622,3.0279593854095106,1.0165646080034318,82.15153808576268,9,0
9,2023-07-21,IL,0.0,0.6020024788444902,2.0989944028192764,0.11636755124211828,8.156748958321732,6,0.7984569356203258,1.8951899005657096,1.1903861301479464,6.519780022227811,0.9239681707529561,2.818900836369004,74.05360313420026,6,0
9,2023-07-22,IL,0.6707428511543446,0.7907354065127932,0.0,0.8192290069411696,22.10536387657204,3,2.008912480341328,6.680089607783124,1.0120481801661092,1.0348035369091275,1.773744964052685,3.040867517927088,96.18550071168147,8,0
9,2023-07-23,IL,0.0,0.0,0.40411825397625156,1.46233897167265,19.712663049953967,4,1.7433956144666929,7.831978114130884,0.8672876177280973,5.37937901696302,5.482353327677094,2.8308443263891627,65.56906401559326,5,0
9,2023-07-24,IL,0.928901219325304,1.6477443435121177,0.0,0.8194627754462419,12.052619319176799,3,0.0,3.4353606198641042,2.1045733654573597,5.599258887043358,3.046619928408688,2.0680937649994426,76.517041122685,5,0
9,2023-07-25,IL,0.3423872639487324,1.0032719068149314,1.3961664964119147,0.1715557805165724,15.370373483445375,4,1.4432081958467244,5.612460106272152,1.6598618568643915,4.06901844632183,5.135157952646459,5.964163490292299,93.00015967519307,6,0
9,2023-07-26,IL,0.0,1.3628521229732113,0.9900996742165652,0.30877759508265745,24.90150003047225,4,0.059212616852020616,3.382530862227816,1.2824477595325288,3.9048690507656687,0.6955699627175651,1.6795079490478755,80.58426312353876,9,0
9,2023-07-27,IL,1.0278272778543387,0.0,1.8995104823304707,2.76427548480938,11.117144793066416,6,2.170436896892055,4.245158395888293,2.1746573568534635,6.527735109458002,5.970952277879065,2.248746606394877,83.00786535488633,12,0
9,2023-07-28,IL,0.0,1.945459601753366,1.0154401806782667,1.1147650456770801,15.614649488901437,4,0.9941393411630773,5.009543973697227,1.4690889479193416,7.71220918689613,1.7740812808932254,5.990393542518419,90.29147789747526,4,0
9,2023-07-29,IL,0.0,0.0,0.0,0.12121152346145547,19.44246740897912,4,0.0,2.685133604757681,1.0673276266746758,3.9668224802854652,1.5599472207175888,4.517185816429482,42.999981832545984,1,0
9,2023-07-30,IL,0.6636570040499805,0.0,0.0,0.7125439656448663,11.994226136371237,7,1.4553888203700125,2.8856794329704996,0.1326374398340452,0.5754281777314624,4.513708108439165,2.598281406606318,93.46988729765674,2,0
9,2023-07-31,IL,0.28973826151889137,0.44463212683929604,1.431351225646338,1.3501761936453045,18.556318233157587,3,0.7484110611785035,5.704844490225705,1.245015044942673,2.3924559041948736,7.739517750124433,1.9060919856195642,84.79760078896373,4,0
9,2023-08-01,IL,0.714743264553346,0.3083338938567757,1.6599267076840651,0.0,13.323070456384837,4,0.8456775721438439,1.9517960372147072,0.0,4.798302300818639,4.640516086441195,0.12502635191885103,92.03553987726303,2,1
9,2023-08-02,IL,0.0,0.0,0.08744734811937871,0.9416594981058135,18.302611965793588,4,1.6961884703206584,4.442211730519895,2.6298163279358215,0.0,2.0402591113559696,7.8852703793443215,60.273634013039086,5,0
9,2023-08-03,IL,0.0,0.0,0.6684251957297175,0.4803875338991581,18.23651546974275,5,0.9438619272016274,6.458118600259037,0.0,3.047374095029739,0.6955699627175651,7.776333968999245,59.38566228272775,4,0
9,2023-08-04,IL,0.7911264068067412,0.532133110462975,1.611148145943108,0.8416430058073707,18.72367746373001,6,0.0,5.35288459435148,2.7445071580690925,0.2623335225983895,1.0786665438677483,1.527005658992513,92.08436877636757,5,0
9,2023-08-05,IL,0.5436037080177998,0.0,0.0,0.14418748843632767,18.273683029276384,5,0.0,5.202751271523275,1.5628619468598481,5.3519220136240735,8.872196752340807,4.217188503033393,75.14932802750813,5,0
9,2023-08-06,IL,0.022555521097352482,0.0,0.0,0.0,18.678848445526036,5,0.8175343244799872,4.3898977744087695,0.8673337815328596,5.456665142549249,4.228618144842106,3.539078419892016,98.25788532396085,1,0
9,2023-08-07,IL,0.0,0.33235245793818635,0.4163581264187485,1.4499444321283326,19.721502673077133,6,1.6329282600430646,4.446229597226073,1.7766172693678723,2.1888655669796453,1.1913743274306978,3.0292897805655725,108.87945594165707,11,0
9,2023-08-08,IL,0.6771272690058361,0.09450536703277157,0.22409005661567627,1.0830439254304227,20.343692681011873,4,0.9744086776634977,1.9774701288140677,1.4700029055495474,5.701310062738391,5.967222183652451,5.957161255167524,80.42950860591192,1,0
9,2023-08-09,IL,0.7060155615253846,0.0,0.00208892204086486,1.9130541613051024,16.16143692137117,6,0.5366199084384078,5.596999735703891,1.607023694763798,0.19915496057303073,5.683860362661893,2.936350637003263,46.76641484193476,1,0
9,2023-08-10,IL,0.0,0.2836704032984372,0.10623971584313675,0.0,16.15600827364518,6,1.8590032482844314,5.203657540438145,1.218400955567552,7.164884314509768,1.8177028475051857,0.0,58.12793733323399,7,0
9,2023-08-11,IL,1.2138864034403054,0.19664700720685968,2.048761616494668,0.9816415530508243,20.948576883392924,5,1.636728246372912,9.046424087125772,1.488086160502196,3.9247076612890615,5.1431257627479265,7.47854997400638,81.08950193796016,7,0
9,2023-08-12,IL,0.0,1.8421180548013627,2.008946760770293,0.0,19.552805826539597,6,0.6594713164731563,4.107453018096436,0.5443328610322385,1.3953747022915015,3.3961297799162318,2.929368023423963,98.64040243277051,5,1
9,2023-08-13,IL,0.28015557345225517,0.3654566192450317,0.5024651908835804,1.8439258382611072,19.377427865250553,5,0.6301204797569094,11.774435782815035,0.3914144059065189,5.34309510617447,4.478984282571482,3.8789849337648716,43.76283527425783,7,0
9,2023-08-14,IL,0.0,0.7540624816046102,0.3678651178893232,0.26602716667587023,18.852907696553423,5,1.1679152256043088,3.8464782129777135,0.6211142256729969,4.375159937512282,2.29752451901335,4.213275198654005,64.67655616026815,3,0
9,2023-08-15,IL,0.0,0.4563480450842252,0.0,0.6465318871574735,16.118437685935593,3,1.8789949304667384,4.415321433061225,0.7640077986364546,5.24567725205461,0.6955699627175651,4.174981243514276,61.98857560773256,5,0
9,2023-08-16,IL,1.9989541973780645,0.9717967186257996,0.93637016326951,1.0001427563056242,26.001241377187434,5,0.4289724079565549,3.6493768982657264,0.6151820098282452,1.1231779199856204,4.969952373051902,1.3214358629628373,58.880806502160496,3,1
9,2023-08-17,IL,0.0,0.0,3.0603038480399434,0.5547492306971531,22.080480193961385,6,1.403904694940568,5.296675994972222,0.3766997338603115,1.7589345380984658,4.080042879562667,2.5687003409953095,43.430419294350905,7,0
9,2023-08-18,IL,0.90060560568172,0.0,1.5610889285313487,1.0570071289428948,17.257645255826226,4,0.0,7.308579132187889,2.052074656506427,3.9366975244292486,3.0580097953834873,4.022962245677483,83.30941939255706,4,0
9,2023-08-19,IL,0.11741093182675888,0.5075862190955589,0.0,0.0,14.153921596523174,4,1.2521100070410818,2.5980562571061405,0.7942791040626892,6.092666788706492,0.9831196813766958,6.752921729724764,104.21775267723461,11,0
9,2023-08-20,IL,0.0,0.0,0.8028163617176692,1.2948628454517896,18.885606979608895,2,0.8718571845283039,3.048236111848324,1.4132820974902498,5.121654501446013,1.8593642042484206,3.7497963898756015,34.27706712249131,5,0
9,2023-08-21,IL,0.0,0.24062247647319257,0.8046603778946868,1.264960645959405,21.724651146198894,5,2.027429239965371,9.133134688497435,0.8932220520318012,6.890316670277062,2.010625667702142,2.3162100959471563,84.93310979327286,4,0
9,2023-08-22,IL,0.4110701263747798,0.13779301294344792,0.1550630988967303,0.15572170605322538,24.790244401909142,4,1.824241336381736,7.135275444566106,3.649022382182328,5.719635280541942,7.448411216854304,5.108855186017683,72.31127434986632,5,0
9,2023-08-23,IL,0.3752834478539603,1.1261669554058675,1.2117574857029514,0.26473281081790917,12.531981090264303,6,1.0294980599079824,6.068835769550977,2.470949215693328,3.773018743506459,5.0596307828801885,3.9895824394891735,102.96980715717935,14,0
9,2023-08-24,IL,0.9385856070087549,1.1870374928311982,0.0,1.4409156996778942,14.809317360989713,3,0.45884546381631286,8.492372089753555,1.2899959945306876,5.049843631823513,3.906056919001721,7.954913951803508,86.02009400683671,6,0
9,2023-08-25,IL,0.029379430021810843,0.9695270568728687,1.1614398677332411,0.0,7.803512633491371,4,1.000816498226119,3.391777093229873,0.444911040362688,0.0,0.860957550146412,0.0,65.02949618878978,4,0
9,2023-08-26,IL,0.8555065304212772,0.30061436899336513,2.252386048690939,0.5108531948825793,15.638338752555788,5,0.30179768588973066,7.309865469925816,2.7143403884084862,0.0,6.897869107019273,3.7571027733707485,53.78408435451731,5,0
9,2023-08-27,IL,0.5119679904263135,0.21351742477805802,1.8161972484108033,1.0472410683706865,10.635561081774798,4,0.9069457996397136,7.205744218281366,1.4176754416224664,8.315914731251317,2.2195056086380753,6.5686667199437,43.6825402567608,2,0
9,2023-08-28,IL,0.0,1.2548632081120719,1.688219339904955,1.8221364162793396,23.23054532172668,7,2.119916237827548,2.93054363681967,0.6517469319300948,1.6824621506682396,2.795371997215251,0.0,56.03366607433,5,0
9,2023-08-29,IL,0.0,0.094143041554646,0.12846145850632618,2.9462704957232004,21.186395028489425,5,1.1851109814398906,1.9806251041502534,1.8214351040502816,4.611947732615776,4.210130485956873,4.708719495147346,58.83170326258426,3,0
9,2023-08-30,IL,0.0,0.08718215709871509,0.9524285465614368,0.7227506654045326,10.911641528644287,4,1.176791134342249,8.756650878082894,2.5376321741747296,6.7244656768140425,4.850888780513464,6.771351840022958,49.48352917577193,11,0
9,2023-08-31,IL,1.0227542738240416,0.2851299460079122,0.3737301473634924,1.3467997053781815,23.978607038517033,4,0.44679869900315616,3.615583853041132,2.241645974949447,5.582327303264949,4.869453088528307,2.8770627167731724,115.88828502251137,6,0
9,2023-09-01,IL,0.6836616289344791,0.16356656505574363,0.0,0.8237039624426585,18.103701260206535,6,0.2585802446130745,5.093423200989763,2.6695484186980325,2.736762798263612,2.834109018982087,2.596160500771331,29.959620567446976,1,0
9,2023-09-02,IL,0.001171620686838487,0.5303619283128207,1.3645952178730558,1.7335245926007292,7.873226120802973,4,2.0219734145660153,4.664103514545882,1.7749934738448454,2.3479284670408216,1.5944684237754814,3.5187135332606228,74.82140097321113,10,0
9,2023-09-03,IL,0.3254198711329136,0.0,2.1599977751729544,0.5315566955370228,7.068332525750825,3,0.0,8.333009899980851,0.0,3.4073688847888888,2.058510574271405,6.7842289409794585,65.78555284869711,9,0
9,2023-09-04,IL,0.9743790949768522,0.0,0.0,0.1864095136758308,11.614283694368858,6,1.950988204702175,4.851369489423474,0.9694587122169417,3.167442621542898,1.9041654743108318,2.2517648574746683,81.98628716895377,4,0
9,2023-09-05,IL,0.0,0.31472246895461264,1.7051909645176042,0.6599794079257416,22.83804747380009,6,1.2239974511923986,6.546502764718128,1.68852448431648,5.493184197404621,5.059814374524509,7.05751042329092,56.85385101265691,5,0
9,2023-09-06,IL,0.25485324484735183,0.0,1.1125644382130273,2.182083983349611,6.5098958833405565,4,0.3681450342818344,2.2853469967812963,1.6839111168707175,0.0,1.7355718416806907,2.164903160409877,38.25726614501984,5,0
9,2023-09-07,IL,0.34901278117786805,0.0,1.573371353470726,0.8592928608402104,18.70812621371382,5,0.9203491436874174,4.27805692570724,1.8870871272700525,0.48281641815639054,1.1958401408171664,2.2471482535229095,84.3867451598547,6,0
9,2023-09-08,IL,0.0,0.0,0.7992168590029105,1.1888472952210996,21.77496367237471,3,1.1845082179649618,6.429809242279774,1.8449229601708101,5.178089636199973,3.486096518644824,2.7457019664731246,110.76026328923452,10,0
9,2023-09-09,IL,0.434425865570368,0.01332318385102535,1.5029624120137988,0.7821717990469033,23.54159477244859,5,0.3345083684948901,4.188063212539564,1.1401378994496232,9.496001646965876,2.5026923408347765,3.3856793989139793,52.080558451409445,8,0
9,2023-09-10,IL,0.0,0.0,0.43235461090575517,0.7638113319232697,17.617817862082134,6,2.48768357148195,2.7603612086793907,1.2624340418885467,3.876151066256578,1.7726697912125058,3.5180429625456107,59.60273336866433,11,0
9,2023-09-11,IL,0.0,0.0,0.265980523996895,1.2806072515698124,14.971701269914325,3,0.30623619459652995,2.7750895035131955,1.9281786104625755,5.7021475021985895,1.8983828807571905,5.106174836798017,60.208643462129345,7,0
9,2023-09-12,IL,0.20989758949476844,0.0,1.1373000084766995,1.0051741853861191,14.830963368420182,3,1.5192092995852442,4.604422963751822,0.08188407957501143,1.9454365716236812,4.983233755978517,3.169417701733045,55.79816881509306,4,0
9,2023-09-13,IL,0.7217559329413499,0.0,1.483920840744775,1.3555285731778297,13.48481116012051,3,0.0,11.381344989428573,1.518238961664643,4.649119696578421,2.8634318144059576,4.949215726867431,109.15321918892985,5,0
9,2023-09-14,IL,0.21449580341653418,0.0,0.0,2.246536676219404,13.369089713850832,5,2.05559900744447,7.164946651397032,1.6633088119867574,5.652681019631124,3.9690442643188977,4.1249388231645785,68.28829218809257,1,0
9,2023-09-15,IL,0.4772367960457864,0.0,2.2457457694648353,0.49972786536655933,12.620682456907762,8,1.3392788426516675,5.438090833150381,1.3357988699073755,5.976273016872278,0.7971091988060635,6.437460446128087,35.54200257109071,7,0
9,2023-09-16,IL,0.9141225612972931,0.0,0.07176663026701043,0.6817209313044543,16.575434142618242,5,0.5439374016489573,3.059390744252846,1.8660891740442689,0.0,3.904965969408237,4.094767776681293,60.05220273427744,6,0
9,2023-09-17,IL,0.20758902524421363,0.45275485014312167,0.4041240180321052,1.1734229905875924,17.50008864961306,4,0.6159578866443829,6.020119151964787,1.363598126548661,1.1836750702930243,7.079834534561193,4.87457239495491,47.84123635378716,1,0
9,2023-09-18,IL,1.529555936351838,0.06174835597950047,1.964351965802925,0.2048407618391721,14.035420581148541,5,0.419133677814958,4.390201200448599,0.23994550015009997,3.212651368261027,3.124902442353197,0.029422952474790875,60.02466224188681,7,0
9,2023-09-19,IL,0.6042108098353868,1.108468656247947,0.3537704532596935,0.9094205067417684,26.001241377187434,3,0.812059546904913,4.560185035910878,0.5725439676915001,0.0,4.58208854464729,1.9594797632744183,71.94501642611854,2,0
9,2023-09-20,IL,0.0,0.45176090227290966,0.8792248828094452,1.3935573818475788,17.8771900922275,6,0.042054521555338176,8.094525271453055,0.3375106353925852,4.258164907638459,2.315740373574238,4.319736656349351,98.67399940538978,7,0
9,2023-09-21,IL,1.7801349688204477,0.519083173834703,0.0,0.8978806278309759,15.105458103711145,3,2.238348197772602,7.4696250958593815,1.2286502194722808,4.896975375873638,1.89726862283264,4.091639273426871,43.59417400148757,6,0
9,2023-09-22,IL,0.0,0.7595163621897127,0.7756463058110169,3.058073071699045,23.21938066508426,3,2.5111516059128167,5.303302253083139,1.2138416722170207,3.938711706686914,4.704827148199904,1.9995529661203104,45.13302592189975,2,0
9,2023-09-23,IL,0.0,0.0,1.1860642578419345,1.054119833581174,8.569361214622017,6,1.6549592141872047,1.1183492362534757,0.1558922002879865,4.483713664269804,2.9932256318234156,0.49072623598846654,67.68959021380682,1,0
9,2023-09-24,IL,0.0,0.11263413490749774,0.5996258234130594,1.9795973239803608,12.591892708635907,3,2.6333231287856105,6.571097611252031,1.182401446586046,0.0,4.1287029928990435,4.7401532537148565,76.27245424608148,6,0
9,2023-09-25,IL,0.0,0.1277839327730077,1.0384271638155984,0.7972139507552521,14.05691321364292,5,0.05769789361896671,3.322063497719571,2.9496689776948317,5.4038978466151795,3.718452312424504,3.8841782820031763,81.25246181977214,12,0
9,2023-09-26,IL,0.027998573285713757,0.7642575449414251,1.212740649185192,1.5111993595083155,19.914434699322996,5,0.15938142439645908,11.719979736715999,0.20167623675625923,7.371025594423236,5.842729216134613,3.8298260228805696,77.1773768585394,3,0
9,2023-09-27,IL,1.242249023608849,0.0,1.5517402818949382,0.06494352431198847,18.920315530996742,5,0.5378048214733241,6.716268208046637,2.471642655609224,4.154358012228935,5.297339671213346,3.5511838601673547,101.43078377607347,5,0
9,2023-09-28,IL,1.0700140621660073,0.0,0.0,0.6862944855115671,12.975879610242107,4,1.030035596414086,7.3055844051286405,0.0,4.524313707218485,2.6582671847068413,1.7202919256918436,95.29892187329548,1,0
9,2023-09-29,IL,0.9129674925685153,0.0,0.0,0.0,18.47905956817431,3,1.0408431303245709,9.184167348902275,1.7192927033056158,2.789764200609372,2.4188788079088743,2.725878383613994,22.883108414363747,4,0
9,2023-09-30,IL,0.9267761479561252,0.1735690677190626,0.144004559069722,0.316987958686624,16.060056205054384,4,0.0,8.448349681494113,0.9127647585172279,3.4242784202374494,6.3116991803581435,2.4152478443755947,80.45247010414485,8,0
9,2023-10-01,IL,0.07646041522372989,1.4602311455568606,0.0,1.2949823252514747,6.76457010077463,6,0.3102432632639938,3.123194190897748,1.1856004638229107,0.233940079657042,1.5748175676605642,1.8416437171247928,114.48427828078239,2,1
9,2023-10-02,IL,0.26686352243327116,0.948026202686353,0.0,0.0,26.001241377187434,4,0.8963539646535659,5.791493710386495,1.3073239904616891,3.7934675326194998,4.750489428879135,3.878925069508915,90.71243996530832,3,0
9,2023-10-03,IL,0.10781698260453644,0.0,0.12032261404258726,0.3584405941889315,20.98524129467294,6,0.423470276849472,0.9918737250277181,2.136905597893585,0.0,0.6955699627175651,1.5365502783571827,84.70740972499075,8,0
9,2023-10-04,IL,0.0,0.9265128943995781,1.8410694205849927,0.6464409018967789,6.642929133085862,8,0.2882071155934211,9.139562307477178,1.3043730991307019,2.344389862513779,7.133491119930573,5.391112293367625,75.88389516706967,5,0
9,2023-10-05,IL,0.7966944112341809,0.8725897976324093,1.1223956868971048,0.32620846605999776,17.07470437992905,5,0.5852235699305859,2.2155559814990697,1.1494590850004174,4.034002149993144,3.2682916898332115,0.0,61.436713248111985,1,0
9,2023-10-06,IL,0.28785124685981306,0.0,1.5472225463549583,0.3321606425325344,13.168205351979669,6,0.8848459890336464,6.593966505171407,0.4821940863064734,0.0,2.987628981275786,1.9000020858892777,59.08295704363759,3,0
9,2023-10-07,IL,0.9610018551436474,0.0,0.0,0.1830888671188114,11.091351871195968,6,2.48795049577138,9.142233565789345,1.7768929412704098,9.269613893224399,6.212381806976642,4.899370213914357,101.82566350576191,6,0
9,2023-10-08,IL,0.9250124712350067,0.0,1.1086498457210379,1.8235992140602102,20.59180355537751,5,1.1440022900397202,9.576628174664606,2.07007290768106,1.5362502498249961,3.868471666655907,5.4427492970773415,74.58201971111714,6,0
9,2023-10-09,IL,1.2924576179612983,0.4474352639083816,0.0,0.34486156055214734,10.30884455124242,6,1.569528171643148,4.261559385828721,0.4923132512837171,2.0221506527417334,3.6936283727093997,3.531926008853919,77.52353133178929,8,0
9,2023-10-10,IL,1.5617385923559148,2.4853400986273715,1.9381755931413651,1.1634649123856589,23.796164316550676,5,1.6810034446413793,2.4007623450361897,0.8971996241045616,5.416482441721681,2.579071741046613,3.1427968284345176,88.88064535904829,1,1
9,2023-10-11,IL,1.6121906360008915,0.0,0.5142398969639046,1.658020886985783,12.89872108958518,3,0.3493801888212318,1.8983945014382475,0.44482443919375103,3.227014017893725,2.0496919122994495,0.5825511475965182,38.54302460144405,3,0
9,2023-10-12,IL,0.24307264556800323,0.40977696108579564,1.1933877981533054,0.00791160025144877,21.27489166909875,5,0.9376201951390737,10.873399350351498,1.5149286529916464,6.500279627678331,5.428095450970835,5.349257113349113,63.51682323745736,6,0
9,2023-10-13,IL,0.7408108324739442,0.0,2.3874686590476277,0.19493084272525585,14.069892358695673,6,1.277744608335749,4.67014334079458,1.6574368559969193,5.898505432202245,2.2315414427410025,1.939797572239859,79.5571455101512,6,0
9,2023-10-14,IL,0.0,0.30455151661886704,1.5691958437965308,2.6729214215455883,17.95663993757928,4,1.0853152461578592,6.696585392808891,0.0,5.028995873261314,3.346503786327287,2.917243215507826,69.11073352064666,2,0
9,2023-10-15,IL,0.6120418399799903,0.42268843769866793,1.1470720064420483,0.5207364257706997,9.696173915250611,4,2.245259154035209,5.0922320604713045,0.6277724994845315,6.5141213491278425,3.533780885039963,1.9864502650879032,42.810742030108585,1,0
9,2023-10-16,IL,0.0,0.03310218944431356,0.8825088967588841,1.583726278094917,14.41559560777144,4,0.0,7.960916848465905,2.4311485542650395,2.7723180304422077,7.894699477887912,6.270325802709574,105.07074298611997,3,0
9,2023-10-17,IL,0.6066411136402178,0.0,0.482189614431519,0.26033975960585276,16.7370452022002,4,1.646472067021893,7.343261216691691,0.8680864905373877,0.0,4.0368193199890055,0.0,54.993146559182954,5,0
9,2023-10-18,IL,0.0,0.0,1.0351458026738234,1.6357740312160989,23.4468859429308,3,1.2997804368229897,6.984095123207155,1.465811707117673,4.611803324962319,4.529815587076727,1.171602847951002,57.75688024531199,7,0
9,2023-10-19,IL,0.011099202024034582,0.0,0.3338655961477952,0.27525093302816606,22.729517445000834,4,1.8429969330111808,7.249036078509852,2.555489690097972,3.5628930652955972,3.5350374774658833,9.191460441040672,89.93506926079029,4,0
9,2023-10-20,IL,1.1943356064636497,0.0,2.023476969715311,0.35718311474182907,26.001241377187434,4,0.0,1.8409410642681139,0.9484218945342664,5.945705462145581,1.3910598289788694,4.0032818938250125,82.64425708900536,1,1
9,2023-10-21,IL,0.0,0.027150508844039134,2.7748726790640665,0.9829743816354585,20.812910645977183,3,1.001586478492758,5.587431653850568,0.9090950974817071,0.0,1.6134884565241285,5.421787261647521,91.29812269682799,7,0
9,2023-10-22,IL,0.37879735917960977,0.047043501498195306,0.6054149797673019,0.645916382063876,1.1321245614879363,6,0.28257482935857997,1.6755970528266166,1.851028692659972,5.839427474082546,2.979136284740551,3.852136929949768,66.85150009855221,9,0
9,2023-10-23,IL,0.41399837954010743,1.1841536310352236,1.6804475449078555,0.0,21.519504295333856,5,0.23138150802913804,7.2056051149130775,1.5854313379817815,8.7632594661617,6.599803596646775,4.628272567102358,81.63142982737769,1,0
9,2023-10-24,IL,1.0380303116374905,0.5697073216046372,0.0,0.0,26.001241377187434,7,0.481545847754704,3.522650992817148,0.617658256278544,11.37202311210758,7.6022704057084205,6.1640292689828815,88.97627478298541,6,0
9,2023-10-25,IL,1.20205787382295,0.1474026809159487,0.9097010351849113,0.1923251177422518,10.227129653521107,6,2.1304941222435336,8.729037995234457,0.44759596624736464,2.060269142590004,2.2091229953655325,5.158724814225911,97.77606027647393,6,0
9,2023-10-26,IL,0.0,0.04453419851346732,0.0,0.0,19.687787083789754,6,1.6375483380579956,5.011459698449954,0.8188045892345086,3.905013497383771,0.6955699627175651,3.1227954721623914,25.44799288502124,4,0
9,2023-10-27,IL,0.0,0.0,2.0380830025366254,0.7553861089625747,17.75107381200427,6,1.1615984292756527,11.548316622096245,1.969027121554981,5.507189539628316,1.4939056766976404,0.9062787615501282,50.30434174075266,8,0
9,2023-10-28,IL,0.0007812055802922102,1.1961176057732916,0.1363565305334098,0.0,17.90250522752975,4,1.4191542192605504,8.623213280905365,0.0,5.35161398075143,2.51451763442319,7.281632885987725,82.93568200635791,7,0
9,2023-10-29,IL,0.6002947755961547,0.33715585101442347,0.2719080834023422,0.0,11.900785801457564,3,1.3326865835659483,4.084750550752604,1.2450153336591043,1.3445052779087798,6.639973486595905,2.310365567595973,90.25337346285438,6,0
9,2023-10-30,IL,0.46326282703606714,1.4831139051985065,0.0,1.6802566232537979,18.602930921625003,2,1.1567049462709236,4.30150709850801,1.8491442927831199,1.651007366655154,0.7205755736410997,2.700815973855965,62.05469907596559,2,0
9,2023-10-31,IL,0.5563064579517124,2.2229281186908016,1.3336423105950246,0.26534970684279635,16.50499292134167,6,1.6051769997467211,4.4745312601131735,0.5820927634039557,3.978629369305168,2.9647062269198594,2.3269409877586833,109.15280855319115,2,1
9,2023-11-01,IL,0.06578597476858272,0.03994280806693706,0.0,1.522380591606731,10.462476304794716,7,0.735256901263168,4.400722987358173,1.8483958378883616,4.8031043112420955,1.7442998896795925,2.2594700473164484,85.94839673221705,1,0
9,2023-11-02,IL,0.15885119854357255,0.0,0.8290738574852506,2.2815319260186118,17.56240404192017,1,1.249010813444078,5.124673122591688,1.1911530774027987,1.9856971865959554,3.0727942071237644,2.283794510618921,60.708794452448,5,0
9,2023-11-03,IL,0.03856435082063947,0.0,2.5519338689234803,1.376368996594263,18.19705841194338,6,1.42932561914992,6.729501161263757,2.1224891049101138,5.248873568464803,6.956971099586827,5.979279390587914,76.27087208395874,8,0
9,2023-11-04,IL,2.525556169917644,0.8078272896522483,0.5450994929801393,0.5113192395633577,9.76627230347641,5,0.6712259003914947,1.9412077145639954,0.35387640851883084,2.2277257653125986,2.1123605721491057,4.05106655847819,83.8097637138799,6,1
9,2023-11-05,IL,0.0732670774852594,1.1191184502915688,0.9855898021567417,0.7819101919499052,13.971734144949217,4,0.5076683443902119,6.7863024230425895,1.8273876259823083,2.8030215665658123,4.72779435889988,1.1343480077369934,73.11231742319951,1,0
9,2023-11-06,IL,0.0,0.0782946819439134,0.7343730846100965,2.2622613933501703,21.282380780584994,4,0.6203931150994623,4.527591826789998,1.7639148918591072,5.212313518775725,4.908934860526253,4.151759799474297,38.729798153456365,6,0
9,2023-11-07,IL,0.3558155485755393,1.7623340404982917,0.0,1.1040160680006883,13.681041509591413,6,0.0,5.30144090775494,0.7557821907405216,4.488323035258195,3.191722696908382,0.8900446690944346,47.40571410511914,7,0
9,2023-11-08,IL,0.0,0.3600681166430416,0.6452047154521408,2.3786930973226967,9.632072019915915,4,1.2929389323230458,9.014603799398722,1.609316540942085,5.455114586720256,2.8748032120972384,2.2607788666006714,61.340964837751926,3,0
9,2023-11-09,IL,0.2622081012534394,2.4534163283192916,0.0908580900131497,0.5002004667329094,18.860712976620412,4,0.3836107344861632,3.6274238537230685,2.0023969707626232,0.5991032893794561,5.826849973231937,3.809287461620678,68.3886514642846,3,0
9,2023-11-10,IL,0.9853259993819151,0.0,1.9345874158462248,0.3134838588127551,11.805211191508835,6,1.6511326075972121,4.5465654204911585,0.9839381399954638,5.3070764215020985,3.281273688065935,5.244584838805789,71.16181593790755,1,0
9,2023-11-11,IL,0.1191622642917447,0.0,3.2473686889836024,0.36067008814530443,25.529748653394034,4,0.9674433236420438,5.310706711562877,0.16217349732771497,1.8444699792658819,2.3041505145229046,3.917124952000485,66.78181094661312,3,0
9,2023-11-12,IL,0.5603737586547062,0.394846477244614,1.4897212088613339,0.08001251248622743,20.611115148548343,3,1.3293818441413336,9.26415737414875,1.2016815816261603,2.4699915955680734,3.408429043436425,5.1947670932940095,82.91030600561322,4,0
9,2023-11-13,IL,0.8464182746425841,0.5536880583739137,0.05118462732885501,0.0,24.391073595900657,4,1.1754661779254432,8.377687177138784,1.4589522375122825,4.575353507550661,4.359859327954416,4.80390672307975,99.47864434144957,7,0
9,2023-11-14,IL,0.04789362800507102,1.2251664480065294,0.23296845417528805,1.4541856909182997,17.40732848248148,6,0.11830403300118186,2.6870465810281754,1.0786636291707326,2.206539782485592,1.95201840843953,3.668800279187014,39.5012095372296,6,0
9,2023-11-15,IL,1.5061836026906814,0.11017352317674733,1.1820024690167195,0.0,20.933760338216487,4,0.0,4.603157747345157,0.7309521059377939,5.270161984698581,1.9604396824438517,4.459744266164465,100.640495613715,8,0
9,2023-11-16,IL,0.0,1.0866514081783647,0.31267946266690005,0.6042486406178088,16.966889786597683,5,0.678738933886827,1.9450594743504779,1.4158882785007054,2.386369627666328,0.6955699627175651,0.44678302619268706,79.90513838652103,9,0
9,2023-11-17,IL,0.17236067900496987,1.0217151468344134,1.6792207412002602,0.9788289320550676,13.4268291417325,4,1.0804410541772516,5.827547711128536,1.963789488696885,3.5039361618056613,1.3236691690850582,4.725938508900027,76.97861680805569,5,0
9,2023-11-18,IL,0.6917198056555005,0.12737016123575562,0.652852660528335,2.657220476032154,23.308860732513445,3,2.198190063066474,0.6269586560428642,2.979755572994779,0.78563336052819,1.7107416574548888,4.929527226432076,45.87863620015245,3,0
9,2023-11-19,IL,0.44247713394935206,0.8966747033228881,2.994409975355409,0.0,20.737645763676213,5,1.128778747045535,3.8015178659901574,1.0669328647532952,5.560587842228404,6.8222199528951695,4.058703255114735,86.53525072509905,4,1
9,2023-11-20,IL,1.933548798057033,0.4211036962350784,0.0,0.0,19.43418799080291,6,0.8997944187202633,3.7007626967320517,0.22623711768850077,1.8038059072631318,5.203319647521313,1.0919842875185175,113.35406773823502,7,0
9,2023-11-21,IL,1.3692373314241204,0.534359346316768,0.546900519767554,0.49424323117106383,14.724032818519735,5,0.0,2.761425047548464,0.0,0.0,5.754119982033243,5.427244072495233,94.9545623760612,5,1
9,2023-11-22,IL,1.4922225119333963,0.35919368630171233,1.8491698262837868,0.95259282728052,15.908548349882057,4,2.1446760819555415,3.8063795855207507,0.0,0.0,3.8106708169007035,1.302088035231904,80.03937451549015,1,1
9,2023-11-23,IL,0.3607989965372256,0.0,0.0,0.0,12.000319647724725,3,1.9980745697509297,4.296382885862512,2.7348704715924272,3.9360997252294645,3.719962425138039,3.3346001626161725,65.63351637838771,8,0
9,2023-11-24,IL,1.1046753490592254,0.0,0.3970966681365995,0.1876487727894276,15.182229522111596,5,0.3856206764088891,6.629735467601666,0.7675703395608285,6.186892687057305,6.648993306162857,3.3163604420933503,92.18624467197212,8,0
9,2023-11-25,IL,0.0,0.18699247488596416,1.5657887050859158,1.6354275004574612,16.188189259084034,6,2.173002574740181,3.6892198323751315,0.8935038843746059,3.8010009327895187,3.7268437084439263,2.2739005196924293,92.34660678231727,1,0
9,2023-11-26,IL,0.0,0.0,0.0,0.0,17.832001706841616,6,0.1924852319989555,3.5824005206560567,0.72099331584202,0.9313113720964317,4.508991645946735,5.263421640786741,77.66220611583854,1,0
9,2023-11-27,IL,0.1349007475428794,0.0,2.461617131840044,1.2912682119094814,21.01129441913846,4,0.2655355230586753,1.0243540044531598,0.5335810269744887,2.402535735068696,1.3241064098958035,1.9027917572805855,85.38070330511229,1,1
9,2023-11-28,IL,1.6442885777749394,0.874571955211944,0.7416862287618515,1.0032620945278654,17.886654341427185,5,0.6626076097485087,10.463682383475815,1.4497857496044397,5.263009712665404,5.4339817315749706,8.180934958541311,81.50097421821575,4,0
9,2023-11-29,IL,1.5985573224073346,0.0,0.79022845823289,1.087727615987851,9.818006589295587,6,0.0,3.026246225268079,1.3395576193556051,0.0,1.1562439218341418,5.472952464457867,56.57897699385204,4,0
9,2023-11-30,IL,0.7419305384257177,1.3845772046173819,0.545479244819902,0.0,19.329010581988797,5,0.4599354071573175,3.8174917586158195,0.8741739098185894,4.097297365196122,5.474003534953078,0.30145965992570645,18.790977283099206,2,0
9,2023-12-01,IL,1.4194953167295847,0.0,0.6848094089952227,0.0,15.798525928322125,3,1.1948700409665003,5.3019727720605605,1.37815878675865,1.0546992809445572,0.8996152751458162,1.2924546656008644,87.17464623884585,5,0
9,2023-12-02,IL,1.07466456070333,1.0578693931763108,0.2907599366649902,1.1284851001134057,23.342605104035094,5,1.216057765479523,4.998842450922044,1.4692022296857044,0.16029516078765338,4.584005056875296,6.859166782997598,46.163248911856485,1,0
9,2023-12-03,IL,0.1702470391291654,1.5575071054069087,0.9702124171395888,0.7295476274935908,14.925248544478459,3,2.5962962731610393,5.769166144146439,0.5818454329409035,3.2281041550578222,1.6793671712502536,3.552255498635202,39.202232938525476,9,0
9,2023-12-04,IL,0.6784240128943101,0.36512472290533343,0.8272372363003664,0.9894495489209825,12.85955104220197,4,1.3715898867608485,7.990917053937736,1.336296940461254,2.2321486796355545,7.673717736274741,1.9838595931985337,99.250502461173,6,0
9,2023-12-05,IL,0.0,0.0,0.0,0.9963451103004259,18.37389210151867,4,1.3390212537963193,3.9399530162955956,1.2549197309123916,1.4842500551737217,3.912051906163642,8.6168806452903,45.00027411114245,3,0
9,2023-12-06,IL,1.502741720276954,0.4119229775288013,0.0,0.39816349573505666,19.04185333839414,6,1.4314096674621275,7.189572951146983,0.7681671527471725,4.743864971239507,3.622032493194417,3.4599335487231833,62.37720160572758,9,0
9,2023-12-07,IL,1.0207600268097623,0.0,1.8850411783413576,1.3743555423723839,12.993616855496784,4,0.4011406401510773,8.386215709661606,0.8582038623977234,5.016530625322813,4.060041894058966,6.117721789702321,79.80290094886502,1,0
9,2023-12-08,IL,0.6146762172345076,1.8405968975861726,0.3729672483521156,0.8232795814468563,7.563664584297214,5,2.2603656729458326,4.451542319049303,1.2796139571912801,1.676546709073215,3.1925406437557315,6.8126343726581196,94.13442942977437,6,0
9,2023-12-09,IL,0.0,0.0,0.6654546763924333,0.8969350458685826,19.72419044395333,6,0.15336040435118758,6.7392786923479076,2.154966979052572,4.551867380292182,3.481268651359511,6.405820010289485,70.81058753580473,3,0
9,2023-12-10,IL,0.053836263738510026,0.9254386028498753,0.40969170748852357,0.9954181715830355,17.081595601446388,5,1.2695339634348914,3.3002930064885687,0.1082547988039316,2.409160940546708,2.4152338174311607,0.746237550487225,118.2024362495439,6,1
9,2023-12-11,IL,0.6527293471475376,0.8224469057522903,1.5692039033828644,0.14327857607904826,15.0887618020189,5,1.2358136118426297,4.951769316146974,1.0766112586403374,2.5296828592186866,5.038318332863605,2.0823144147641273,82.48460714781734,8,0
9,2023-12-12,IL,0.0,0.0,0.1789711943437614,1.7407950872660853,17.904494344890345,5,0.8663949219077982,5.241017899238263,1.91556421499123,2.109247582199354,3.7698499531248997,0.20317903954090077,69.41051208115792,3,0
9,2023-12-13,IL,0.0,0.0,0.0,0.06079273946729703,17.91744863454692,4,1.5580914303871658,1.0904662437059325,1.2856865519738967,3.5005725625672723,1.4047903525976833,0.0,45.32079442976613,2,0
9,2023-12-14,IL,0.9149418470709877,0.11607273656066552,0.0,0.0,26.001241377187434,3,0.7421461395214227,6.568560280484853,0.6833664506013893,2.741328094436223,6.269650802484909,4.906749709803751,58.066017480632965,3,0
9,2023-12-15,IL,0.06463961242332682,1.097698560009676,2.5976540831739086,2.2740179568812677,7.564263772008039,5,1.1830162438564522,5.778758944704401,0.4337389178382428,5.782090910101029,0.6955699627175651,0.6484672348344818,48.720865925970486,1,0
9,2023-12-16,IL,1.385853576089679,0.6228143268760051,0.39641821355045087,0.0,22.153961282469183,5,0.32580292912573905,1.4534518724689351,0.920540425430983,5.33250290717933,3.6191136607191834,5.340230804600023,61.99283214645256,7,0
9,2023-12-17,IL,0.6797657596127655,0.0,0.9573393112935243,0.0,15.642688130235962,4,0.41187188610384157,5.896972232753245,1.554133058753183,6.12716604737958,5.787504995180146,2.4128664714078565,68.86024789776629,5,0
9,2023-12-18,IL,1.4047273502013666,0.0,0.6056653991006533,0.0,15.327053877723923,3,0.38659958310513426,5.390283231701551,0.37370468244943955,1.6565587171199816,6.418101260641648,3.1582806358377384,79.41445731190511,6,0
9,2023-12-19,IL,0.5844883831666938,1.8526174475469461,1.2668832715493819,2.5174598148559433,21.473702152694536,5,1.789298322548234,2.7257327339837785,1.3916385542370178,2.763487938265814,3.887788229464231,1.0457678486617823,75.84877576087781,8,1
9,2023-12-20,IL,0.4723001723052999,2.7165038277103384,0.2443243592505251,2.105815485040334,7.533470581723272,4,1.1624654091596995,8.672606964756671,0.2964325645142779,1.59715224743006,2.8036367317939823,5.770606344640653,83.95826009002649,5,0
9,2023-12-21,IL,0.6848142273241296,0.1626456605092937,1.2284355769413926,1.6301540782809896,19.997082966381626,4,0.6328245475066284,4.850488363613104,2.1856823880507594,2.525069648372931,5.208939715771042,7.074211256667711,107.00954076734261,2,0
9,2023-12-22,IL,0.6975632884902732,0.0,0.26853659364756877,1.0398933489543212,16.18974833182893,6,1.0324018093637224,6.134300044447185,1.0546404718448141,1.428263378068352,3.3080138597744733,2.9376997451593656,70.2269656034164,5,0
9,2023-12-23,IL,0.5797822049482054,0.22552660781417833,0.9299057821155353,0.0745707636656396,12.548696258487873,4,1.4729860697893193,8.792155240344961,0.7782096293366297,4.627114076905425,2.7212402905311865,1.7952179969446194,106.15284428668411,2,0
9,2023-12-24,IL,0.8333410017224497,1.8993686128418101,0.0,1.194312766724139,10.908626997628826,1,0.43701079472744464,10.557018462990023,0.8086663994909871,4.240196807967393,5.083159503028432,5.2970912254176605,76.09218536753508,8,0
9,2023-12-25,IL,0.0,0.0,2.6566482997467333,2.4285148421655993,16.254080799898944,4,0.9845678106721157,5.8244730130273235,2.9087048942274167,5.797368718610229,7.175787107005292,7.339535395873469,82.63315122656624,6,0
9,2023-12-26,IL,2.066453579773288,0.3066333035957237,0.3125897252994245,0.0,11.752543464083576,6,1.3339350420681926,4.978775594654223,1.2992654828087369,5.145699122156866,2.6849750764349105,3.0274346837098576,57.42340585399697,8,0
9,2023-12-27,IL,0.5131141885158206,0.0,0.13209806166281945,0.0,24.703915065714426,6,0.923309480908284,6.474286689770322,0.6646934141655314,3.4053562779867437,3.167193770075191,4.325248006667516,66.46925429639809,6,0
9,2023-12-28,IL,0.0,0.09163967343756352,0.0,1.4006373233162117,4.812883461584214,6,1.5025617199365668,6.509253227936356,2.2926573005154327,4.927345908612988,1.5323831119295623,3.169510141741721,59.23075837107453,7,0
9,2023-12-29,IL,0.0,0.03882921328278399,0.0,0.37953394014028513,13.64663855936942,3,0.47692218194176517,3.4404365821259293,1.3597014676670782,5.816345003251284,0.6955699627175651,4.159557206586012,72.27521833972555,5,0
9,2023-12-30,IL,0.31751516318727113,0.0,0.22401498811769305,0.19240644169642585,20.050311779334834,6,1.2491642893470947,5.697211890386881,1.5590924331635447,7.333880131401888,5.594582265204458,1.1797018701943847,87.29888922474471,4,0
9,2023-12-31,IL,0.0,0.3494476513029564,0.8715468396210009,1.083500144107663,12.728014138140617,4,0.597981336975276,8.828967936351779,2.062043177142679,1.0091632001945248,3.7336690672473605,9.20049781398543,93.84194262633196,8,0
