facility_id,date,care_type,adl_eating,adl_mobility,adl_toileting,adl_cognition,mds_adl_summary,rug_category,nursing_hours_rn,nursing_hours_lpn,nursing_hours_cna,medication_count,fall_risk_score,pain_assessment_score,resident_census,incident_count,staffing_mismatch
0,2021-01-01,MC,0.5416946540845906,6.0,3.546957280309559,6.0,18.8,5,2.904482418911867,2.7086030991949652,4.486190318749575,10.009099803734006,7.981654483754575,5.883637658057939,73.6961923070777,6,1
0,2021-01-02,MC,5.3529180478199585,5.336913809255007,6.0,5.227275713610467,25.6,3,1.9697454376017907,1.743871370035464,2.378456775657228,6.641122754076984,6.391930074733442,8.950066185464394,21.718969526904186,2,0
0,2021-01-03,MC,1.2248278250148898,5.312593619628862,2.8010300158652557,5.117772938780422,16.9,5,2.302797954461039,2.5620270150305156,3.542046524993523,11.073257831789157,7.301660633792044,9.71122897766046,56.611489775747,0,1
0,2021-01-04,MC,2.2145717482998397,5.230531096886337,3.778480688262897,5.449395682610284,19.5,5,3.257071910190944,2.827530215426575,5.393688858562639,6.593866354529014,6.534256703321128,8.492768242878075,16.193917779222822,5,0
0,2021-01-05,MC,0.273277718867206,5.882551721001196,2.191949215241791,4.6950123780717155,15.2,4,2.2603021866829645,1.6526819611999537,5.577300510900753,6.9714957590587305,9.500502070286547,8.397094995419389,47.97250780947901,7,0
0,2021-01-06,MC,2.0026035603857126,6.0,2.669027420525512,5.162719485661102,18.5,3,1.7968559191253077,1.9524739466528116,2.361966945408705,9.782856386923687,7.197236171463565,9.073751878973383,33.90761981459894,4,0
0,2021-01-07,MC,2.0246383737525107,6.0,4.987390705544852,3.0280220138072282,18.7,2,2.972188598733549,1.382918344227008,3.734608346928978,7.277344179720215,9.831956945808374,8.714565532676229,43.44161254460875,3,0
0,2021-01-08,MC,1.5976818470566552,4.93004710872186,1.7263555665274912,6.0,16.6,4,2.836458636240391,1.759778756886549,4.288228526041979,7.505251569474288,9.939313853840131,9.613382852567396,46.36051077903893,3,0
0,2021-01-09,MC,3.7268597132444548,4.599928070900394,3.124205738557351,5.693856524049236,20.0,4,2.2473475647981194,2.880103261775007,4.379740303975165,8.553953505995324,3.6943918896753076,9.442304959508423,39.04051339216835,4,0
0,2021-01-10,MC,4.108274595255061,1.9305027444723573,2.3624253356887004,2.0726931023622717,12.2,5,3.532429740885994,1.1560329118402377,4.516111399226579,6.417006116335933,9.230470758084019,8.664975757305701,77.7836532291804,4,0
0,2021-01-11,MC,2.2872870911564487,4.963609788575842,2.3175410947927197,5.243239667262465,17.3,6,2.5942828355158807,1.9842647714448218,5.274343992715329,11.620372393931358,6.833173552008532,9.458973307079617,36.00314068098132,0,0
0,2021-01-12,MC,2.0768988172762537,5.7094707037601165,2.9823886371293784,5.984835285088588,19.5,3,2.2825152436870964,0.34987564114923275,2.9639431391190376,5.442222062036599,6.134542951117594,10.0,72.04519314829233,3,1
0,2021-01-13,MC,0.6212130517923657,6.0,5.110650418890119,4.105599345267713,18.5,5,2.3624410740233275,1.8943633285907056,5.2430165435470215,9.939076945292065,7.91272494958801,10.0,68.0851913385965,3,1
0,2021-01-14,MC,2.946944375067539,5.057595847126368,3.2048781938563464,5.1013758953332315,19.0,7,3.9425633383488625,1.9042834995399107,3.478400938359076,10.558617687634051,6.503010068678533,2.6797710676624336,49.92259181784494,0,0
0,2021-01-15,MC,2.4627263282714655,3.4967800971385192,5.73867811871659,4.40620761837447,18.8,4,2.6695938323758157,2.4678660330882236,3.808107753703344,5.151540795765266,9.144204513399654,9.06258935846415,45.609548781201035,3,0
0,2021-01-16,MC,2.4959714700055002,4.6163237802915695,2.3991798459744635,5.686116045643666,17.7,6,3.1655669288220007,2.7014967540880677,5.439732204813794,8.5502537430337,5.940161558494516,8.25393123690662,70.37663719965661,3,1
0,2021-01-17,MC,6.0,4.1886703886161545,4.053032748309093,4.251244157521124,21.6,5,2.3220187353309187,2.7751131277506804,4.673678472661216,11.06179915273161,4.61153414859922,4.305434864697755,34.362908160550354,4,0
0,2021-01-18,MC,0.9449999923818007,3.3634709719924354,3.015807869235173,5.245652122687483,14.7,6,1.930686845137159,1.4729573707311183,4.480105619391553,8.93942042179818,7.953337257677525,10.0,38.44573499422851,3,0
0,2021-01-19,MC,2.9863127351814507,6.0,1.1014654958992196,4.907804082670767,17.5,5,4.196019697161706,0.6056790081190734,5.273786473188011,10.97598994981584,7.343669980844292,5.390778092931216,44.42261943913096,4,0
0,2021-01-20,MC,1.813431770785145,5.552875216002202,3.6470884641764902,3.9596690395817737,17.5,5,2.3724535787819674,1.375336302201131,5.502785251825429,8.088512194860284,9.66683913269083,10.0,36.033720516480365,3,0
0,2021-01-21,MC,3.3126349025443456,5.871179346108513,2.735172345370044,6.0,20.9,7,2.933508821948481,1.3303885424074517,5.33201719652469,11.515958476767844,8.299578603824235,6.475961321080829,25.733338547411392,5,0
0,2021-01-22,MC,2.3826161307542826,5.67667392712328,0.6679715617215791,4.65521334148961,15.6,4,2.9624221275607976,2.5529203499524287,6.232487795875155,8.484643511311702,5.6919740658662485,10.0,30.4392727122627,6,0
0,2021-01-23,MC,2.405551169960154,3.856030693782291,3.4192386828192234,3.7899927525481507,15.7,6,2.9351237860765518,1.0347877569899127,4.669427918306621,5.704015074321654,8.107137877629034,7.13266767620069,24.22916154202956,4,0
0,2021-01-24,MC,5.29805199902806,3.4378434165560847,4.99538081438999,5.530115240550016,22.5,2,2.119038126740486,1.1045722047298758,2.9772359053764266,8.991034022411746,10.0,10.0,61.508992173723854,3,1
0,2021-01-25,MC,0.16334402678931292,4.512838797555434,2.215098474517918,4.117144043889337,12.8,2,2.320984876837314,0.8243738811536236,2.9855271532487144,4.556098363581244,9.998981630684629,9.145839731935549,57.547208769939964,3,1
0,2021-01-26,MC,2.403843898597921,6.0,2.5991332680886514,3.74064436905293,17.2,6,2.7370381685345384,2.056071323950956,3.3253988773691874,8.493830733307666,8.104992014328175,8.24509915073694,73.98523613659809,6,1
0,2021-01-27,MC,5.686465516372149,4.18325258967324,3.5599727310472593,3.7640622444412313,20.1,6,4.116284732158947,1.41231695412567,5.042693748537988,12.647613977219562,8.672543876391403,6.750617785041316,44.06711299524517,4,0
0,2021-01-28,MC,2.3651905039528045,6.0,0.0,4.491776174778486,15.0,3,4.147824190293449,0.44425048461821237,4.754521276940095,9.825825437778802,4.129594250842459,9.000929982811872,36.346269560892615,4,0
0,2021-01-29,MC,0.8495703256727112,5.543806549267347,2.894041163284939,3.5116849939231085,14.9,3,2.2437361651610863,1.1488704287535154,1.5206856095784511,8.138223425474303,8.574350264172343,8.905565327755834,33.694881910590155,3,1
0,2021-01-30,MC,0.3634293725713271,4.4812999079674025,2.6314158607169302,4.29695177101329,13.7,4,3.32146048830976,2.2501632275187027,3.264928124913059,7.087454620148464,6.547279046100944,10.0,17.663077297650325,3,0
0,2021-01-31,MC,0.5922720602855649,6.0,2.0425854698414687,3.613857870744525,14.3,4,3.07253207269295,1.6969386544376857,4.546851805037738,5.863150738704139,5.385655829950909,6.158639108105187,62.85586068445152,4,0
0,2021-02-01,MC,1.8896856436134741,6.0,3.0640382172630662,4.045010887262612,17.5,3,3.450278889659939,1.8554337221859134,3.049615439073693,7.838278996958753,5.639686861728079,8.910232148797636,42.25665516132171,3,0
0,2021-02-02,MC,2.6234188638291185,2.9998391440984573,5.339766320915735,4.9304281196261535,18.5,4,1.2351232088483899,2.3618387789368356,3.8546137008366705,7.330004903121777,6.861117767471442,7.405853343639133,61.10530020798128,3,1
0,2021-02-03,MC,2.817910262961466,4.814306364178674,4.694108498028328,4.776003127116918,20.0,6,2.072158402430656,1.3388984094453549,3.8453984758135533,12.135274731653189,9.68005266842454,8.255822491319774,65.86384202646143,3,1
0,2021-02-04,MC,4.460505737212002,4.449672317335448,2.1149107816340216,4.801594606067072,18.5,4,3.099524695854078,0.2318938581407668,4.460908438396735,7.773891180909866,6.90250190110838,4.796288592048122,32.09335590131129,4,0
0,2021-02-05,MC,6.0,6.0,3.548957096318457,1.452367434647246,19.8,2,3.5540419456494328,1.0922207478799422,4.176609686771694,11.393743181704618,8.237899282517532,9.083379070621383,44.232312020421546,1,0
0,2021-02-06,MC,5.129111414752053,6.0,3.566830581588612,1.452367434647246,18.8,7,2.569756316356433,1.134490251664563,4.116933167135954,4.686846061091719,3.419456598543147,9.086839811589579,86.79799165519866,3,1
0,2021-02-07,MC,3.0690195748517306,6.0,1.867483341792109,4.745059259783075,18.3,8,1.7400467756524343,0.4392081989961339,3.5498359359878155,14.165515462016762,10.0,10.0,82.71275141097871,3,1
0,2021-02-08,MC,3.8763758270730344,6.0,1.4493617221908144,2.773052946038481,16.4,4,2.156487347560556,2.9193042661372743,5.345683811628466,10.778829717121031,5.806883023317133,10.0,37.01879439674489,5,0
0,2021-02-09,MC,2.021741186247982,6.0,5.0552955337853085,2.850600331339037,18.6,6,2.3899425632646962,1.8229805082293522,4.44925691763829,11.910101494939772,8.892530328050423,8.63121359808259,67.47001280907739,4,1
0,2021-02-10,MC,2.702999053974408,6.0,3.887348212319329,2.0260840522612384,17.1,5,2.0229406245307473,2.97161378955895,5.060439137690151,10.283906001175474,5.763333486807314,8.948767747193441,31.359877132944625,2,0
0,2021-02-11,MC,2.981128689345083,6.0,2.393001629379812,3.917286227343224,17.8,7,3.1795453705599988,1.139989710190656,3.1720293830503548,7.585247531358856,9.346309450195852,8.811684320852686,43.20938394874957,3,0
0,2021-02-12,MC,3.4096776613703073,4.13634164768217,2.0376790931388866,4.920249207214133,16.9,3,2.5768412472617026,1.9177597971258147,4.717915342292247,6.064136802378154,10.0,9.29409814460578,23.180499591293955,1,0
0,2021-02-13,MC,0.16334402678931292,6.0,4.998581983330462,4.929289312815417,18.8,5,3.364488183035361,2.040850943859519,4.1040369673391375,10.32614831181944,10.0,10.0,41.173764842658244,8,0
0,2021-02-14,MC,3.9501825561933295,5.415583844243148,1.8108724050547824,3.5488282322427382,17.2,6,2.904534751910121,0.9382721746712729,4.949786435469443,10.738735608958747,4.173886070198423,9.69504673818813,22.478615251937562,5,0
0,2021-02-15,MC,2.998274580946149,6.0,2.4485138598485023,5.479560214170944,19.7,4,3.5406134358424626,2.5429426804248454,2.780131247407152,8.018991186640108,7.302822107336292,4.131642590156681,50.001435314941894,4,1
0,2021-02-16,MC,1.3699254981426137,4.760736564863925,4.671779438544897,3.2072680934865794,16.3,3,3.05530516303227,1.201841074494948,3.7959809492556897,9.96532074998141,4.325452620104526,5.51992711006543,62.938585679625284,3,1
0,2021-02-17,MC,1.5553151902610145,6.0,4.55601111511293,5.486986496599609,20.5,2,2.9534335036800967,1.7371903112998486,4.99188901932263,3.1144270955565294,10.0,10.0,21.35218161503173,6,0
0,2021-02-18,MC,2.8792914654385755,5.333602198973195,2.5407735988738778,2.947766115174882,16.0,5,2.2716035013364624,0.8704593338305479,3.704700866119913,7.602516665070569,6.369550470868937,8.106479994953279,98.96190682843825,0,1
0,2021-02-19,MC,4.06249567006299,5.559406930075367,3.1031240916299474,4.808701159612238,20.5,4,3.5146935857557247,2.3100981354171455,4.297154526866237,5.056205653089152,8.083441220997411,8.753415200669124,53.78238215354672,6,1
0,2021-02-20,MC,5.284294197186472,4.6283654869679385,2.400711030381819,5.07004960954386,20.3,3,2.870845579512639,2.0246579518859527,4.1851527644327495,12.7186300080943,6.658022147239148,9.371141946006645,19.70763931561632,3,0
0,2021-02-21,MC,4.002550620491796,6.0,2.6738630073249015,5.257157761433166,20.9,4,2.6196090538255397,2.5842872337518306,3.109938167778084,7.7531762044884145,7.322548872456215,6.931222163726977,21.895451228070485,0,0
0,2021-02-22,MC,0.42686635048640253,6.0,1.556960828862126,4.892845258295099,15.0,3,1.5599127118986753,1.5068455629263744,2.7468686919983165,9.487991370804588,9.588870125503268,5.992224194409085,60.90855121361537,0,1
0,2021-02-23,MC,1.9087912765460082,5.631969629324788,0.0,6.0,15.8,6,1.4401610161049747,1.9120369320860782,4.004741077035157,10.921042812951367,5.008749463795193,10.0,70.0787944431874,7,1
0,2021-02-24,MC,0.6011842226654565,4.8792408590574645,4.824323628106034,4.516560330928699,17.3,6,1.3780347286766077,2.7171444167977903,4.002263608021706,5.371957786048789,7.916473085412781,9.711906880778631,30.49371671340785,2,0
0,2021-02-25,MC,2.8617671163307454,6.0,4.014170152330596,5.478929596649229,21.4,3,1.6361808033783514,1.7062813937708503,3.4087486192426257,7.651830209163325,6.479423653083895,7.725024582385212,54.66330309223538,4,1
0,2021-02-26,MC,0.16334402678931292,6.0,1.9504771632226743,5.490909458558968,15.9,4,2.6956252790728477,2.166639515077926,2.9041834943927896,10.76411440550179,4.023352793853875,7.429842024302684,60.67397159297624,4,1
0,2021-02-27,MC,6.0,6.0,2.2823956232907605,3.6153974950150793,20.9,4,3.7451424826234994,1.4991861447735089,3.80919651814681,7.687553039486638,5.702498700251943,4.47100343290374,53.49938551300967,8,1
0,2021-02-28,MC,4.225740832043487,5.873869674983541,4.7180271971122485,5.972103214002898,24.3,5,2.5208163615164247,1.9757039023157743,5.465285144963914,13.78212823909474,5.702531634168899,8.112708488694498,40.31284865480152,4,0
0,2021-03-01,MC,0.16334402678931292,6.0,0.5785402110501381,3.374380979454167,11.8,6,3.8337263802383608,2.2916691415133634,4.568198587281562,10.531736240131153,4.81523517154933,8.043899642040648,22.70640067975403,4,0
0,2021-03-02,MC,2.435882238005012,5.383010368315186,3.0463786636036483,5.060469997392678,18.6,4,1.8169396233563246,2.5957855316885188,4.310208769632118,7.767632760623229,10.0,10.0,35.832283926413105,3,0
0,2021-03-03,MC,4.390047516848719,6.0,4.689118880682517,5.381474132087909,23.9,4,2.5286163635484584,2.139423806005561,4.942334203666197,7.256634381081529,10.0,8.882508786573798,47.129626854886396,4,1
0,2021-03-04,MC,2.696693320174059,6.0,3.962848762585824,5.3440435332786995,21.0,5,3.2154638054564675,1.633713469675024,5.318072259534247,6.177591116923592,7.847931937293479,4.280923731289089,37.79561568286364,2,0
0,2021-03-05,MC,3.4287129397677463,6.0,3.8679906090821525,3.754524206279413,19.9,4,3.1134110931282795,0.0,2.479470034336952,8.539304552942873,2.9372005073283587,3.924303584414117,64.38855189334869,3,1
0,2021-03-06,MC,3.412447504754975,4.740298545724088,3.1121634424097033,5.069208962852853,19.1,4,3.398636901146183,0.0,3.3164881755199245,6.082951053539239,7.367396999843862,10.0,69.55718880334295,4,1
0,2021-03-07,MC,0.7895243450860083,3.5907826495108246,1.5097460646863707,5.02310006370004,12.7,3,4.188811995834322,0.5063104384559329,4.266892149839514,9.064943087550743,9.855953753352573,6.861561745881541,59.07245003074005,3,0
0,2021-03-08,MC,2.7110358272558166,4.516726622809868,2.9213913573351427,2.6927048079260487,15.0,7,3.8350210540810794,0.7472496694712163,4.4316985801618545,5.420322829776129,5.791441526078803,6.400695421178203,48.33336475600354,4,0
0,2021-03-09,MC,1.8500161940161282,5.8613986820089465,5.494624091344358,4.62189949072806,20.8,5,1.409169297802388,1.2029798031072625,6.027182645028398,6.82567095330366,8.517308674898635,8.198321966587454,35.106300830170646,5,0
0,2021-03-10,MC,1.9376509736530467,2.3609513701848632,3.8778015264385686,2.084862624970886,12.0,5,3.5696339331652993,1.0573438063024287,4.620807649208833,9.194281833387208,9.794628406489858,7.211059003479827,64.70201254284731,3,0
0,2021-03-11,MC,0.16334402678931292,6.0,0.5102832522812433,4.298949089963923,12.8,5,2.0490992566642103,0.8949070340111819,4.636747076121443,9.654843132757103,7.539139052013153,9.585095868501607,64.03703993755892,4,1
0,2021-03-12,MC,2.2275084108973497,5.217343553113111,3.077407164567237,4.192351991789563,17.2,2,2.2442006209152123,1.1056281289831216,3.651133097022499,6.296182319926659,2.8955699627175653,8.397281859894044,35.77246457271193,8,0
0,2021-03-13,MC,3.756857730000574,5.422451766630231,2.82211662697938,4.7883141759857715,19.6,4,2.287408077805818,2.4189147708971044,3.7435145114447046,7.378538032422226,7.768075414990503,10.0,25.642127792949942,5,0
0,2021-03-14,MC,2.0184719875076866,5.9860410273774844,2.1615421356214704,4.4454082725760165,17.0,4,2.34822548395129,2.346793065697227,2.510937252626434,4.475585107028957,8.70302864120018,5.2411865665605655,19.606699816407975,4,0
0,2021-03-15,MC,3.953914189759021,6.0,2.410381057826556,5.0788176918897605,20.4,5,3.0948322930983903,1.413340680316873,3.902628933696592,5.980415491832557,6.599532484355292,6.854300674466925,43.23375490087992,4,0
0,2021-03-16,MC,1.211599018293715,6.0,0.5748478422225181,5.631007163591304,15.7,4,2.615131188298165,0.8232530667192008,4.620379791600864,9.165612150232652,7.3445444532249144,10.0,39.244176354733995,5,0
0,2021-03-17,MC,0.16334402678931292,5.6078030787353965,3.51328780156867,5.0590307412295505,16.7,6,3.974410563193442,1.427343753507647,4.293210721621955,7.944054567954732,3.5168769135710654,10.0,54.580578201810496,4,0
0,2021-03-18,MC,0.5581194913672929,4.641010722405321,2.4240482217180648,4.903295141380191,14.6,3,3.1170648797233156,1.2824783977380374,5.677248128992238,10.740786122422389,10.0,9.796546608070972,60.579902051675774,3,0
0,2021-03-19,MC,3.889409429125605,5.910585783738405,2.2992231730418458,4.1924164151445575,19.0,6,1.4811597084676982,1.1290763253960054,3.3415480681932244,8.215507969301756,5.570221656581205,9.372433313968529,56.527129844786494,3,1
0,2021-03-20,MC,4.4426348675175635,4.074483231985237,2.1698964978790114,4.781370264450411,18.0,4,3.5945985485777507,0.8905918100193302,2.8700784314742265,8.071675869210972,3.938066363051261,8.023977500393162,49.833328115589815,4,1
0,2021-03-21,MC,0.8531141137378866,6.0,2.0983993483876526,4.616798601822813,15.8,4,3.858648173597999,1.5668239384516038,3.0742416392842244,13.485688959190515,7.8238761485214585,2.603748361314137,62.16662535622173,4,1
0,2021-03-22,MC,0.16334402678931292,6.0,1.4192294590652126,4.92828394469294,14.6,5,3.975655097849944,0.664520877695688,4.531064786063612,6.718148752271334,6.169302852551766,10.0,81.09929793963788,4,1
0,2021-03-23,MC,0.16334402678931292,4.9077621672565215,3.8120736153907626,1.9249791088456636,12.6,6,2.473924702393656,1.0160813335154724,1.6085173599844373,6.03000653853094,10.0,7.976110739274049,33.70643835564319,4,0
0,2021-03-24,MC,3.0572322196494346,3.245164248591491,3.9321483086524243,4.121881264176975,16.7,5,1.72459734181445,2.0420009564619033,6.031493255993767,13.716836671113494,7.76999149828582,8.619933505994155,48.97479254280168,6,0
0,2021-03-25,MC,1.6830287718079733,6.0,4.173721482056982,1.550703037941745,15.6,4,2.826804260757228,1.5910515894664239,3.6294605638689013,8.30310188495033,4.4333452794991315,7.61095149123058,88.60661272934873,4,1
0,2021-03-26,MC,2.22609570863513,5.391866795894018,3.2986177118823194,1.8982558953068953,15.0,5,1.9002762728441627,2.9485315352722927,4.40160991049376,5.124697277651347,8.959608611204185,5.636019124502614,36.42395726339892,4,0
0,2021-03-27,MC,5.171480327614216,2.733342243037752,2.8707859317059663,5.519999621958119,19.0,4,3.5344318800744503,0.8299346406761164,2.6561703796879192,4.744835824978545,9.216969476114318,10.0,93.96173819502596,5,1
0,2021-03-28,MC,0.9460271289445756,4.768738036369285,1.9098578162520778,6.0,15.9,6,1.591935742919759,2.8732579400737954,3.577144051028542,8.463727685955755,9.711689550249181,9.115102269099403,43.9338354405558,4,0
0,2021-03-29,MC,2.4274664016172376,3.8452784325145917,3.788616932882244,4.946218622009028,17.5,6,2.5122799652204937,1.9283997447533436,5.334111866121927,3.522792036538968,7.767014637532471,10.0,76.2678484758357,0,1
0,2021-03-30,MC,2.781484278049145,6.0,1.5727511191555323,5.855925610181783,18.9,4,3.2965564751346204,1.245412477969377,4.91956284635488,9.416113060907781,7.257863757692149,8.51645385775946,94.34667267302254,4,1
0,2021-03-31,MC,2.136325670105212,6.0,3.244380204399776,5.033732431091603,19.2,5,4.312174803048109,2.8724647432938784,3.0093951564516805,4.991720116070413,8.753272676535598,9.605174160171877,37.50645242091856,7,0
0,2021-04-01,MC,0.6466802518643253,5.251298788690422,2.3038566110879977,5.592829723151316,16.1,4,3.805460615786377,0.7616464683840175,3.7515695058660965,8.391752052800882,8.448557476221154,10.0,56.63863247332628,4,1
0,2021-04-02,MC,2.055143934347188,1.245866521737458,2.1562608182499035,4.1220648305631835,11.2,2,2.789106853758283,1.8118878501164046,3.654317717235738,8.625211930579466,5.971198605574665,8.794684614494475,58.87379511366827,4,0
0,2021-04-03,MC,1.138079743550473,6.0,1.9685369712102994,3.493970169650071,14.7,6,1.3717402002230923,2.053031591781567,4.261595858189364,9.720779080788317,5.754003549113383,6.830120601573736,96.82091411741717,4,1
0,2021-04-04,MC,4.854105877649636,6.0,3.6590483954239668,3.785620432564364,21.3,2,2.6280629413426277,2.702970410478588,5.843774263243448,4.03498727522049,8.755624806100293,4.380264339875116,49.87754480839562,3,0
0,2021-04-05,MC,0.17721118297623528,3.8970606761886044,4.157400299803868,3.8843435730181977,14.1,4,1.2600773426501461,1.8148762317706044,3.9731325558137778,4.721903707012091,9.142424019320169,10.0,19.26907566637371,5,0
0,2021-04-06,MC,4.457935283055659,6.0,3.8284801820985948,4.35447691602764,21.7,7,1.6183268112404843,2.9369054316638916,4.20263273372874,10.225859836316552,3.646211719040696,3.4348273003030516,67.81927246387176,2,1
0,2021-04-07,MC,3.395449311553875,6.0,5.497055226988957,5.707247214903451,24.0,6,1.040500811042596,2.217032716326144,4.298834157447514,9.324884718824585,6.280744691866531,10.0,46.417326467021056,4,1
0,2021-04-08,MC,0.4789685481481727,6.0,1.705993789791108,3.8517924940405437,14.0,5,1.67870275321736,2.1958734097109507,3.7328572115229353,8.87837913199313,9.68174404297729,7.533902514178479,44.15856380913894,4,0
0,2021-04-09,MC,2.981395794928485,6.0,4.471720105093956,4.145496269403941,20.5,5,3.205187046348429,1.787179770214519,2.8882211598322525,6.331090659996581,7.469170543805674,10.0,34.16990319475495,0,0
0,2021-04-10,MC,0.59181402192236,4.913307043767542,3.736188769238056,4.603287625022587,16.2,3,1.3441855339587763,2.292014929645126,4.186032069254293,8.9265213384096,5.83090917434101,7.918360797706949,85.14117965107425,4,1
0,2021-04-11,MC,3.4443893248097,6.0,2.3164262126984116,3.484087930146047,17.8,6,3.8173585650065083,2.878270225073395,3.696301054911741,10.426123946819427,5.007249254504823,7.853476130457064,32.18634292637274,4,0
0,2021-04-12,MC,5.006963096505974,4.818397392173635,5.446873218164418,5.612553166968459,24.4,3,4.212497299168083,0.06723072216136416,3.9347761384003284,7.976577040799184,9.2056597523225,7.614065934390366,40.76944158816719,2,1
0,2021-04-13,MC,4.334861572568201,4.233040730729407,3.3584530418326675,4.133298866510345,18.7,3,2.703495675349474,0.8370766551973933,5.1003803818215765,4.499381854011347,10.0,10.0,59.37079970929808,8,1
0,2021-04-14,MC,3.6588476932525853,6.0,1.4491844158902565,5.424736830643031,19.3,6,3.029855274277342,2.873309650759176,5.069537004440397,6.450742823655757,6.266801132996382,8.651655339838111,32.261632138208526,8,0
0,2021-04-15,MC,0.3592126598262926,6.0,3.166885751532878,4.534947293348753,16.4,6,1.8040019386529345,1.4454584513984683,5.893407515826117,11.489165440946984,5.809867943079724,7.938734889894233,35.32501333163759,4,0
0,2021-04-16,MC,3.0525371038617815,2.717632937485488,0.7612522278349145,4.016724458829637,12.3,3,2.7128663170405223,1.1650493522684124,5.074120613688886,6.926297587282199,9.399132260165354,6.07919129720805,16.4744124620684,0,0
0,2021-04-17,MC,0.5532969572303028,6.0,3.1106163231756043,5.594398156600073,17.8,5,1.6178194703904807,1.4268996913541676,7.895091947915628,6.273393318876222,8.85438640709199,10.0,82.3157143241937,4,1
0,2021-04-18,MC,0.16334402678931292,5.768233024573824,2.2923577767780983,4.395484696259278,14.7,6,2.1857506997777763,1.6667041058595107,1.720474066677,4.204321158329414,6.274386580855796,9.203158370271728,14.22269031158299,4,0
0,2021-04-19,MC,4.141467670548581,6.0,2.5677721840041676,4.777942170715432,20.4,4,3.222464207984739,2.3848598238731777,4.138261916711627,8.952908279233545,6.8601117510933545,7.35725774513315,64.3519992038386,0,1
0,2021-04-20,MC,2.048628906170843,4.418282379482645,3.4658735445028745,4.307528562733135,16.6,6,1.045165613771902,1.9116025871033209,3.3539260971549676,8.583786545292948,4.786423178930918,10.0,72.23867591734212,4,1
0,2021-04-21,MC,0.37840998685167904,5.539646780109806,2.8754836845751885,4.886242211044366,16.0,5,3.760070065508464,1.2490784331806422,3.1417180857763976,7.601091837414294,9.69074851309103,5.324774254139481,74.67750998197116,4,1
0,2021-04-22,MC,0.16334402678931292,5.636140442195268,3.1874422625162913,5.181599293185338,16.5,5,2.577359434972325,1.5304777722932297,4.531474528931622,9.096120710419125,7.597913648180142,9.85709162800729,54.03084604526887,3,1
0,2021-04-23,MC,1.4770457149415412,5.118596690896107,0.0,2.773678250003478,10.9,4,2.817171404922977,1.311393403463248,3.9869443835531637,11.739771369436879,8.154839975093964,9.297991589904742,47.95605206031817,0,0
0,2021-04-24,MC,2.321848091739502,5.826167184576121,3.440928253269604,4.3545401764898966,18.6,4,1.5949539608430823,4.307097484328693,5.4459874002995425,6.141757337887465,8.749105821599958,10.0,46.666000652059964,3,0
0,2021-04-25,MC,4.029079531312825,3.163118043161556,1.4339849459705714,2.1748480522342595,12.6,5,2.3180258877822197,2.7953322936477503,2.871739969817597,10.505660049817307,10.0,9.089173335328741,24.779057780228356,5,0
0,2021-04-26,MC,0.3670213459162084,6.0,1.3351145084737726,4.535527590719308,14.3,5,2.933458221117028,2.155848081587905,3.22702977342466,6.398981900702346,9.017260713279562,6.105153198799718,32.44822137237247,7,0
0,2021-04-27,MC,3.308797671682084,4.504297565895822,3.0712041665566607,4.6432567271074925,18.1,6,2.9223295596428844,0.8838321368770042,5.518903827731032,13.824937889614104,5.505984917865311,10.0,64.36809327883229,7,1
0,2021-04-28,MC,0.9981425692120844,4.652850401245997,2.1112412649011874,4.582840526454863,14.4,6,1.9838794976414957,1.3845893548346524,3.3090269756257427,8.286952918308685,9.961764465868795,8.188126425257789,10.0,4,0
0,2021-04-29,MC,2.5401134580382925,5.868170083031479,2.581322825147363,4.255182816740597,17.8,4,3.7153004047179845,1.7438334425128386,5.019223804227215,13.05185486052752,8.074163123604434,8.001886466499375,31.3223174477045,1,0
0,2021-04-30,MC,0.45968709162750354,6.0,1.06340048922672,6.0,15.8,6,3.3729777127687943,0.0,6.163689669248602,9.484308078486528,7.612242583495399,8.986008259048331,30.248818276840556,4,0
0,2021-05-01,MC,4.036440231218459,4.7151002817574295,0.8861311684374522,3.49127155986158,15.3,4,1.3970840890392437,0.8034270585788172,5.186960863066305,7.7523722008562075,6.407528358538914,4.311434849458161,17.81568790837481,4,0
0,2021-05-02,MC,0.687694970082787,6.0,2.458705156265489,6.0,17.7,5,2.895028137735604,0.535282795242614,2.6746691522852566,13.709661865637877,5.211586837933343,8.012889833564767,53.97085171635732,5,1
0,2021-05-03,MC,1.9347885677302192,4.5727155434115865,3.768720773371319,3.9015733155996313,16.5,5,2.6593181700627473,0.0,5.308308203149043,6.671121228563248,9.32132403053588,7.989586569079018,14.807832058882834,4,0
0,2021-05-04,MC,2.3441296128136906,5.376721769397082,4.020832167669218,5.367794115557972,20.0,5,4.03271052232515,0.7672052351968743,4.479793009677297,7.493431988183695,10.0,4.5975700783145985,60.38319029515518,2,1
0,2021-05-05,MC,0.2598835464978966,6.0,2.8305104859338623,3.356229631732316,14.5,5,3.1579315221528623,2.392469067039579,3.0344324542558634,5.959657613465987,6.96145803108575,10.0,35.14427546806708,0,0
0,2021-05-06,MC,1.7097506809530953,4.617882982640908,3.046765227191549,4.660268615510441,16.4,5,2.528325307032401,0.8512325256478517,5.5924627022690805,3.8048162534777914,6.364534276377314,8.440098552520197,74.80864257842484,4,1
0,2021-05-07,MC,2.426996261765145,4.604298703618604,3.330664146524402,2.70503747679594,15.2,5,3.8328451307381526,2.6957999567082673,5.010123721843941,5.977552943956521,7.529262163015442,9.748313089943522,46.122527964093806,4,0
0,2021-05-08,MC,1.9128614988433763,5.776394290990337,3.738209356041235,4.724603430956324,18.8,5,2.853000643463041,1.5768956442503652,4.733562169052162,6.129409536895869,8.416211102607457,9.147960318555754,41.455736710192845,2,0
0,2021-05-09,MC,2.139367470563414,6.0,2.493945273305187,3.3784990964978165,16.3,5,2.1835942231396515,2.7732539644805185,5.584396298972294,7.641937330428825,3.974510310323558,7.159873964832398,46.95604596284331,3,0
0,2021-05-10,MC,3.463432672149948,4.970317591279668,4.328630843272926,5.070585333575529,20.8,3,1.8762593795816485,1.6805998275788914,4.154530765326713,8.894164817847882,10.0,9.332446798645266,23.330388628733704,4,0
0,2021-05-11,MC,2.7937348119850336,6.0,2.310660794716256,4.179208537180516,17.8,4,1.248000401757522,2.187599629137211,4.40732672574497,12.06553258083005,7.933167455681909,10.0,56.55692028109408,4,1
0,2021-05-12,MC,2.590217768247077,6.0,4.241944475474423,4.960616054374585,20.8,7,1.2313409180858734,1.288608363560689,4.295467989365747,6.11513136750781,5.177664259627826,8.796742901613591,29.06861621138249,4,0
0,2021-05-13,MC,3.4862570352220508,5.996488029649562,3.0657711599717565,4.390693009835435,19.8,1,2.3574663861709015,0.7422492188974965,4.712163570966959,6.944415868540273,7.610201129143424,8.295317552887953,76.99731373974655,4,1
0,2021-05-14,MC,2.6693898497371586,6.0,2.4099529104254396,3.7609477654070895,17.3,3,2.1312390562670016,1.306990013251521,3.51107523693124,7.136602283012701,4.781987721001698,8.834405916973724,50.88221119646524,0,1
0,2021-05-15,MC,1.9547823429007607,5.480260225279796,2.569802018644462,4.136566891171097,16.5,3,0.6933587407573111,1.8007325220018593,3.277426957049249,9.228394368334385,9.211840869364122,8.367726362985673,24.502115746965,6,0
0,2021-05-16,MC,2.510583244909276,4.782846456175624,2.5999032083494438,3.367038209061298,15.5,3,1.2061026527615737,1.927956903647451,5.528465826928303,7.007994029548813,9.458607876534622,7.232621944838912,48.25045286508768,2,0
0,2021-05-17,MC,4.0961369998216535,5.660445670240246,5.349435958865719,3.8843073654968103,22.2,3,1.5075865679795832,0.49772129014180577,2.084395241515757,4.884665005192664,7.34626244894102,10.0,52.450146186120804,2,1
0,2021-05-18,MC,3.018140070192761,5.322569531251247,2.5556205651345483,5.968897124193029,19.7,3,3.5432216688798706,1.3758099205310237,5.9406272157005064,9.064312186247182,6.245373845244687,6.858426822691192,35.1221303286363,4,0
0,2021-05-19,MC,2.4193302127136374,5.390887279281422,0.0,6.0,16.1,5,4.796045644418457,1.5225002903856417,4.992163209211175,10.021559119958566,6.9234551747134025,10.0,24.41101765531038,5,0
0,2021-05-20,MC,2.7387788287317614,3.566365994222057,2.266803482296476,4.238666914612684,14.9,4,4.607679338102932,2.0150090967993037,5.610702329563721,9.814447453266162,7.516609850347689,8.49937645986768,78.43651495613487,7,0
0,2021-05-21,MC,1.179710044697589,3.4304068081813477,5.024948339514634,3.6357040637422786,15.5,4,2.5304738315256974,1.2819364882600606,2.352395522546671,6.375257478166736,8.041183746759717,6.837808611557302,54.190652540341425,5,1
0,2021-05-22,MC,3.921216429966522,4.285134334514164,3.1807701211485497,3.1633551538585087,17.0,4,1.1997906517997425,2.1634861344422984,3.123488169241908,11.380829252837673,7.133017808264927,7.5605297183193825,71.75097574616103,3,1
0,2021-05-23,MC,2.5355959064090947,6.0,4.0187349758561535,5.001002096146952,20.5,4,1.5316577262898972,2.438823091539018,5.846468209186728,8.525095973972597,7.708658297318083,6.771825177091749,65.2416479608177,1,1
0,2021-05-24,MC,0.4063387536374612,5.509210406579452,1.3021901240294647,3.0165394018578775,11.9,5,2.683079104432402,2.4853986397182526,5.286680275546072,9.877136475331643,7.475992130169695,6.042101511633074,72.41209893211425,3,0
0,2021-05-25,MC,2.9454852416620136,5.665746734885217,2.94443222206994,5.627030213132864,20.0,4,3.0133860802091803,2.673015548332572,4.443936022095427,6.792507411672607,9.708254094906678,10.0,67.71589485298733,2,1
0,2021-05-26,MC,3.233919650822265,5.880112870323172,2.9362809564059646,5.552524659787892,20.5,3,2.086861296690073,1.8153602273421776,4.012139482169833,5.394944020996077,7.41791790338146,7.0088186535709,93.46972290015749,1,1
0,2021-05-27,MC,3.2315094181108615,5.295450719261257,1.0113261695768028,2.303048060214583,13.8,5,3.243725690896187,1.6197855318581595,6.062116117420292,6.4034703847675045,7.530874545021863,7.941678525509349,29.701008337720424,4,0
0,2021-05-28,MC,2.097690312220714,5.3869592066093475,4.320422760853076,3.8556852048954915,18.3,3,2.0853730133873523,2.271617494756952,4.884749933380014,7.659103420554983,9.76532644708649,10.0,45.037910298761695,9,0
0,2021-05-29,MC,0.5055151875114556,6.0,1.0468092295518172,2.784171516806718,12.1,3,3.081099777201412,1.6589130393141822,4.293086608172056,9.107155072839323,6.9043003047444085,10.0,64.12712034334017,4,0
0,2021-05-30,MC,3.0921450368122887,5.691343223530305,2.667792204607111,5.202580388008036,19.4,4,2.2886933705302646,2.039102867424012,5.875994343676426,7.720746027824734,5.130752258033047,6.324039353517286,64.8731241266008,2,1
0,2021-05-31,MC,3.2377415248961716,6.0,2.7321200361593947,5.17670133509771,20.0,4,3.1168075907983273,1.736444648140535,4.6790510976849955,5.526202018123896,6.755156140838098,10.0,77.9972274088723,6,1
0,2021-06-01,MC,4.223406465084736,5.151218578116936,3.5811077214383316,5.8000221119069595,21.9,4,1.111087318844494,1.039432536196325,5.344193452967359,13.348625709932447,5.988505077188955,9.15085238273662,21.595733298988154,6,0
0,2021-06-02,MC,0.7237071478923636,6.0,1.7589806111547488,4.652319642127548,15.3,6,0.9651306408882092,0.971287324415137,1.1577276237098726,7.100169637993473,2.961200819013212,7.123184795860636,50.868274786307225,3,1
0,2021-06-03,MC,6.0,6.0,2.70993356392521,5.729965166104166,23.8,5,1.9595854534917814,2.2704286122802424,3.203689493953462,9.715900994639217,3.0039547391109855,7.212238371058837,11.756075962144218,4,0
0,2021-06-04,MC,0.6042983493797247,6.0,2.1838060212595822,3.865128643723653,14.8,4,3.3972868270803267,0.9915566771391167,5.382568795260243,12.925012801735852,8.723932678166051,6.66463813175797,66.95750545391876,7,1
0,2021-06-05,MC,2.3092755662699602,4.605134434938765,1.2192998470376182,5.612936386201441,16.0,4,3.5342673313946324,2.910305216395986,2.4099089622528997,9.98226030014559,5.520816693740424,6.535369511528168,101.01485332913734,5,1
0,2021-06-06,MC,2.37599969225234,6.0,1.5757983065616168,5.795186782600579,18.4,3,2.296673766949848,2.3654977622343454,3.5062176949372637,7.046513170214741,6.774000026091812,7.042223443973482,14.969947242633427,2,0
0,2021-06-07,MC,0.16334402678931292,4.457873355889223,2.354719323205587,3.9961347838162324,12.8,3,3.6194242021634193,1.6160011498552234,3.1582164336505203,5.063977711368855,8.461820917968158,5.921426868130238,44.65392997999751,4,0
0,2021-06-08,MC,3.0962317537726087,6.0,3.7947705831664997,4.716133214627255,20.5,5,0.9296633915979501,2.002574548340254,4.836116692453708,6.626557033650485,6.055070214980564,9.907156650067481,30.913796284166672,1,0
0,2021-06-09,MC,2.2386395920751285,5.856630681669259,4.587458992255253,4.720062995087432,20.3,5,1.6683213392453238,1.4172007807349218,6.241760768730329,6.106006291502786,8.57138565296205,8.849014315172004,28.798065250508394,5,0
0,2021-06-10,MC,0.16334402678931292,6.0,2.3555665440484983,5.019412782149758,15.8,5,1.07905927024285,1.689142315809042,4.93568455324217,9.671080129666622,7.404548441455611,8.546812150423865,37.818091224708986,3,0
0,2021-06-11,MC,2.7519350308478634,6.0,2.5054574646297887,4.269636414572778,18.1,4,1.0630307642400643,2.1765513693683265,6.406013455515148,8.5786627253543,8.485093084482859,3.7470359737865997,55.4978337062058,3,0
0,2021-06-12,MC,2.6261863070171163,6.0,3.9534547455623033,4.0336223560292765,19.4,5,3.3669512223000164,1.932275843017336,4.872274590773699,13.978592863664964,5.111990794299862,8.027690348617362,69.8096120171428,5,1
0,2021-06-13,MC,2.7934072414338207,5.085236759056027,3.734051651768329,4.092100777655231,18.3,6,1.6941138754755836,2.1838212071785046,5.696216375576545,8.461700904683351,3.1880963745023423,5.305263313653491,14.68263563358681,4,0
0,2021-06-14,MC,0.16334402678931292,5.170718821678876,2.866366611076821,3.9312416252787923,14.2,3,3.9614122242652217,2.535917335185185,1.6889864097847131,13.96224496555147,2.9163639478413446,6.014982570184374,34.105905017672384,0,0
0,2021-06-15,MC,1.7944571411951282,6.0,4.176793604114495,5.707958721434843,20.6,6,2.105673178941201,2.4602977697195563,4.458001237527773,3.418689218489007,6.954264634953705,9.684415714151093,26.116592539318013,3,0
0,2021-06-16,MC,1.4238952370607745,5.655496489517302,2.4900116621012467,5.630603993466929,17.7,3,3.480337181106651,1.2607829201271425,4.155342566812958,8.704190345123166,10.0,9.349892785746036,10.182985602691316,0,0
0,2021-06-17,MC,6.0,6.0,3.4421681624252045,3.1540713153030593,21.7,3,2.2045191987998805,1.7694452313454385,3.962329004810434,15.940866939181868,9.802809187890258,9.57122406150048,26.835567111275324,4,0
0,2021-06-18,MC,1.6481269384826414,5.763706977801926,3.8428788301698686,3.9709951892810986,17.8,5,3.074851844863434,1.765090102842649,4.29205344899535,6.7212253727997915,6.962946941905319,8.01804779645958,26.751610784396078,4,0
0,2021-06-19,MC,3.9385548540892827,3.8159945637167567,3.952720656553419,5.0658579280123135,19.6,4,2.116361977728036,2.807334315453287,5.223593082623239,9.461799167547305,10.0,10.0,21.495089347999752,8,0
0,2021-06-20,MC,3.0588472850528134,5.181368603725642,1.4137818727548723,6.0,18.3,5,1.9647423252686858,1.0754701797101456,6.389933003520329,7.153897863822669,6.324489202109573,8.293608723511273,35.47225578661666,5,0
0,2021-06-21,MC,4.276243567753278,5.695038143925634,5.823848197637984,4.266319691051409,23.4,1,2.805706611185526,0.6176835275383891,2.7750572156200026,10.236324282028201,6.713500960857504,8.1720145921317,54.27352992901206,3,1
0,2021-06-22,MC,1.9954561161686424,6.0,3.992815412710416,4.206547509751127,18.9,4,2.3408661313663712,1.7441130338640676,5.335017138474865,8.05684007563061,7.486683468314436,1.8404275319722379,73.21351335317682,4,1
0,2021-06-23,MC,0.16334402678931292,4.755020495911411,2.082696420727032,5.8686974036796595,15.0,4,1.5453482082508263,1.999593444989154,5.234060955568925,4.7722344544186575,4.82755464721729,6.526703294087025,64.9709395805772,0,1
0,2021-06-24,MC,0.16334402678931292,6.0,4.108053607324008,4.303334076934591,17.0,5,2.130461233823323,2.300986297664628,6.032307267778683,9.772211477352505,9.275938087743368,10.0,40.79571152583262,7,0
0,2021-06-25,MC,0.16334402678931292,4.872525059902505,2.7288294126299166,2.582187441688198,12.1,3,3.249835474627197,2.538216241360937,5.409514633231181,7.101820613103299,8.571128743640184,8.54350766679824,38.929729478850874,4,0
0,2021-06-26,MC,2.7324849314715367,5.950936917165403,3.8415469828417868,5.2946948081010365,20.8,4,3.8860349958850167,2.4334701059033623,5.690186992626707,13.587358977398779,5.034863087707617,8.430971417180011,52.97841324397259,4,0
0,2021-06-27,MC,2.92683788174872,1.3786324131142853,4.936077916809666,5.450681081911213,17.1,5,3.521796767565138,2.0029317128332367,4.862448022310488,6.684970894462246,9.258554776555139,9.463086292516467,32.543121123676755,4,0
0,2021-06-28,MC,3.2518098286751043,5.70787310782199,4.124647769519192,4.568977140661709,20.6,4,1.9692433120827437,1.2110409158838462,4.613402761806496,10.618836068509227,8.526471128396842,6.407806633595903,72.35324412646654,4,1
0,2021-06-29,MC,0.16334402678931292,4.615793303855322,1.4001607664607012,4.3191142224378,12.2,5,3.5554514287011387,1.3786708983335332,4.265825906632558,13.491452589939591,6.135725190706161,10.0,41.08658978546858,5,0
0,2021-06-30,MC,5.264390972167737,4.649893343621591,0.5567527222750801,5.031101753509906,18.1,7,3.3648619396670765,2.511028159354112,4.326672527373663,7.063894535656669,6.722375731077026,7.064884540214276,51.542815854335906,3,0
0,2021-07-01,MC,4.549988593056156,4.85157599824736,3.401347955117938,5.47734991884199,21.3,5,3.2839749231402813,0.7354593001053922,1.8878354966800546,6.362458244000213,8.629492497075377,4.26944020234248,46.96259592521059,4,1
0,2021-07-02,MC,1.2435700070195017,6.0,2.5906124744841508,4.002921251505499,16.1,5,3.4387204060955363,2.4282522244776206,5.23349172354394,5.104014800853935,8.447396674852007,10.0,71.7516293673812,3,1
0,2021-07-03,MC,2.9262494393621807,5.551198805210734,3.087222693984041,4.985061418758704,19.3,3,2.165649809845793,2.07264640210487,5.954639839338197,6.421075938069784,6.834484344103498,9.205590137435115,18.748928048159645,3,0
0,2021-07-04,MC,0.6884398631615978,6.0,4.120830107489021,4.276435225581532,17.6,5,2.626801465830826,2.8073002811004026,3.2662989976364143,7.936400417014648,9.014894015322898,10.0,73.75664579912818,4,1
0,2021-07-05,MC,0.16334402678931292,6.0,2.0330175427532398,5.2552547600913915,15.7,5,3.3397514051718025,1.9868973355517192,1.364226445714778,4.4547000544712425,4.995468178851986,10.0,20.64956905753553,3,0
0,2021-07-06,MC,3.380617096923452,6.0,3.9154670434105423,3.455866868420543,19.5,4,1.737540846866108,0.8278408326044344,5.190838265318076,11.696798383289503,6.094644290670753,8.635911242057748,61.09833351048285,1,1
0,2021-07-07,MC,3.85160550443468,5.1581344544397245,2.984841369837236,4.918055106087712,19.7,6,1.8912579133157679,0.14039196477854854,4.335914377106193,10.095522411495809,8.089363348171474,9.463770713376789,44.98390441437849,3,1
0,2021-07-08,MC,5.12147669347366,4.289890754634953,2.9335429762047616,3.3005176358236996,18.3,3,2.1031125577970844,2.8696140841642963,4.487871046405605,7.550433510934785,8.233132554439349,7.748029251187594,30.531841237645946,5,0
0,2021-07-09,MC,4.0307989109825915,6.0,4.665145276119435,3.7653380710559627,21.5,5,4.4561137556622,1.824387505524835,3.8606971630037137,3.6909049476120144,8.168133031550907,10.0,32.4526059158615,4,0
0,2021-07-10,MC,3.892302719852154,6.0,1.3191006892671036,5.995736842615089,20.1,5,4.521909810499365,1.7591751873914447,2.6162169310194026,11.610742155796194,8.55821528476024,10.0,41.43577729585281,2,0
0,2021-07-11,MC,6.0,5.865402924096367,4.116609813986695,3.544760714922449,22.8,5,2.8850402919843487,0.905565155702331,4.139429571726778,15.862499403919411,9.183826808561264,8.801749790976825,87.03188930561723,3,1
0,2021-07-12,MC,3.1371189621050735,5.390695093388065,4.547430169265354,5.825114766193508,22.1,5,1.7878812187845443,1.509173733002069,2.4094248281331607,4.777177824242789,6.007443852289571,4.110379090819791,61.712552210169136,2,1
0,2021-07-13,MC,1.6097248285109902,4.512118366171049,3.6553804557208838,4.73418964691804,16.9,8,3.350830119910413,3.278290488273357,3.4519300751499844,12.137956769400049,5.388484387413932,4.48322898740926,52.407203151062085,4,0
0,2021-07-14,MC,1.4333369923878219,6.0,3.161711782568345,4.002002471282227,17.0,4,2.0876216307960873,2.1327220447665405,4.653906588387904,9.01839421557132,4.078197623854477,9.815582171387803,25.744705417278126,3,0
0,2021-07-15,MC,2.1298854515230516,5.062302039136661,2.1792653370356723,6.0,17.9,6,2.3560119285763292,1.5864474802861677,2.412079759908841,5.501062450038054,6.707246568161865,8.254155474276205,26.994261498331294,5,0
0,2021-07-16,MC,2.1356352289127107,6.0,4.041310671981489,4.622756991158189,19.6,8,2.125756378096761,1.5156784676126736,2.0119609658244624,8.889346253772349,10.0,6.604949263065855,56.06090235622188,1,1
0,2021-07-17,MC,1.0643807477293454,6.0,3.736714720031952,4.595176883097601,18.0,6,2.4252605934867337,2.3059321244011044,5.773778087314229,10.97475181508658,8.687091917831363,7.1849964730847375,35.58914422421208,3,0
0,2021-07-18,MC,3.57184143661746,6.0,2.39739497737237,5.599499347229826,20.5,1,2.055261175346724,0.5898385090821086,3.2016740791605907,7.31003969286695,8.58945016217493,10.0,53.375835038900554,3,1
0,2021-07-19,MC,2.6027806412473833,5.361564021906771,3.442262135519079,6.0,20.3,5,1.8655972049959424,1.2004489829201204,5.33798790783669,12.874342428446388,8.122991750892783,8.622503351672796,46.18520039234614,5,1
0,2021-07-20,MC,4.5457970301337856,3.8730257570240654,1.794550352096586,3.7700271580922005,16.3,4,2.6945097669921654,2.4799256988761957,3.55954130825468,9.081374793937147,8.813385671127087,7.166203245919576,56.057970177202066,8,0
0,2021-07-21,MC,2.0931842374120437,5.780285445432002,3.7693386051196347,4.305718477729426,18.6,4,2.6407952023326535,1.5392786137322643,3.4101537907300328,6.7329085574375345,9.7067480941946,5.51245673728621,62.40648104754951,4,1
0,2021-07-22,MC,4.614113599335251,6.0,3.729609876433281,4.7153293501801965,22.2,7,1.6785647582203904,0.5182757043299119,2.7990891707484726,5.265528649116472,9.647637673671753,10.0,20.818004967561503,3,0
0,2021-07-23,MC,5.1816484279292485,2.9180956998985073,5.962625090796903,3.9514618577199703,21.0,3,3.1043301878851715,1.1834251398744988,3.590675358074123,7.089508999763814,3.563787512849907,3.6758182636922747,27.084363386442014,3,0
0,2021-07-24,MC,1.9459003562060229,4.740508666403155,2.852151009930399,5.850914916344405,18.0,4,1.4723042681823715,1.1140696841494369,2.470554764916588,10.762740280902598,2.9495049700654503,8.108531783720691,37.37630811083636,5,1
0,2021-07-25,MC,4.737522140633047,4.568172008845897,6.0,4.0888976202632525,22.6,5,2.9521476282168297,1.5279613462150328,5.013998038388166,4.7876317069402745,6.692868008276629,8.24916003230134,83.57188154612228,4,1
0,2021-07-26,MC,2.0560020885837904,4.066010833088273,4.107352319819104,3.287649252833563,15.8,5,2.6107757796546927,0.29885520858628767,4.991082737802191,8.04468849118019,6.264355814520605,7.490913288037381,30.782367854944475,2,0
0,2021-07-27,MC,2.872842511187924,4.00599640941615,2.8291476376232914,4.409366233899418,16.5,4,2.060508336437338,3.131236942820837,4.20709995380391,5.717985518064791,10.0,6.693605068112955,51.25881029947156,7,0
0,2021-07-28,MC,1.7427072979060214,6.0,3.1663858808252145,6.0,19.7,5,3.213424956136002,2.3731144180124257,4.604743849103741,12.24145215960243,8.954565236157336,7.4213387266376705,45.613494815161474,4,0
0,2021-07-29,MC,3.608425598581322,6.0,1.1581835329566101,5.337970037663358,18.8,4,3.1534937451364793,0.5992797735391315,4.2861917402591905,12.440812598004264,4.57374529032343,8.92232916478837,46.47875448995763,4,1
0,2021-07-30,MC,4.286586432862576,6.0,4.191151305603216,5.884024536781528,23.8,2,3.3210305265848197,0.0,4.131372630300688,11.958202772124487,4.16058002802842,8.287997146589166,24.66683857963677,3,0
0,2021-07-31,MC,2.0972667714018707,5.620677093995055,1.091056982468419,4.037385093376894,15.0,4,2.7533672463958,1.5884174158908508,5.337406935147195,9.003476290877664,6.931266226192983,9.08024004284143,70.50243063878257,4,1
0,2021-08-01,MC,3.9085641930356556,2.4127553120588905,2.7033753707478003,4.825983171396718,16.2,5,3.0339008870148962,3.3363307038910275,5.934721984553848,9.07931565643212,10.0,9.728998654936689,37.32039331953144,4,0
0,2021-08-02,MC,4.176329019594817,6.0,3.6064016816643645,4.60481114985634,21.5,4,2.3875646680617506,0.9238063549297864,4.0075106285842965,7.768553202311209,6.92033656645507,8.56008549619172,35.39012709568182,3,0
0,2021-08-03,MC,1.0663395405546938,5.376285630971958,2.929351720259943,4.474909028626232,16.2,4,1.4641906628622323,1.2891543709246323,2.8556120124178603,8.594690211370184,8.877469118463525,10.0,39.164151027709444,4,1
0,2021-08-04,MC,2.7249497254600477,4.819501797786233,3.328691826406935,3.6719211715975932,17.0,6,3.73563926438786,1.9763536247933118,2.932091733308555,6.756471958275139,5.939252123243718,8.90669303612433,70.77786471377425,1,1
0,2021-08-05,MC,3.0803806628712835,6.0,1.9724943595840458,3.3792527876652376,16.8,5,2.935377850724543,1.7899873660076884,6.019359932157549,6.322135894078476,10.0,9.51951429239464,23.02186076732981,4,0
0,2021-08-06,MC,3.1942072233923486,3.2597622721310597,3.0026078697589655,4.6006332041940174,16.4,3,3.923774726569614,1.5382939438059986,4.446676967988199,8.635843338265932,10.0,8.243314358632208,24.816690216976504,6,0
0,2021-08-07,MC,0.34860833725424945,6.0,1.1660858530605713,3.143201583099726,12.4,4,2.133697305746418,2.760070253935867,3.627027103572104,4.809516245311645,6.235350649811451,8.829619006970404,48.49289994326583,3,0
0,2021-08-08,MC,0.16334402678931292,6.0,2.5503033920425513,3.5627579162972047,14.3,4,1.5438005941363246,2.4555472260923166,4.639562751190722,5.1615246521538465,7.195899666716435,7.931105434991506,84.39752446300949,4,1
0,2021-08-09,MC,1.0828072215618454,6.0,2.9230627760185612,5.553680897883702,18.2,7,2.1810858946662495,2.509580286727227,3.9405796190783207,10.64811216182388,8.06050819783437,6.684352616062556,30.084327275794106,7,0
0,2021-08-10,MC,4.547182273463517,6.0,2.434088059614181,5.636337115046853,21.7,4,2.507906379663743,1.428302270106171,5.889434790337609,9.818768965453298,5.700008685745431,9.98720055647295,31.24276393166076,3,0
0,2021-08-11,MC,5.559504928847149,0.7643507293865497,0.11565361857605794,4.12774571472049,12.3,4,3.6350497883098067,1.9186381912585726,3.44109839208879,8.447715030095068,9.637090862598248,10.0,41.7025865317915,4,0
0,2021-08-12,MC,3.1337242368162617,6.0,1.9427259038890612,3.7425235968851966,17.3,3,2.4179671894288046,0.7215733200434999,2.9893623646434193,14.545878837739146,7.97611893418194,8.58726176890728,56.06568106456493,4,1
0,2021-08-13,MC,3.43582577836153,5.898469151188965,2.8459515765571353,4.893899155909907,19.9,6,1.6775328707558854,1.667897519308359,4.486879115093389,5.9633771008354,8.385045368548681,7.535699230590365,31.363799366363025,5,0
0,2021-08-14,MC,5.892376278029015,4.195265020082042,2.55770317487901,4.9452961402245394,20.5,3,2.571480006960772,1.9715057434068508,2.9735044564906294,5.510707949213514,7.615048590557306,7.377170568310994,77.04302274462313,8,1
0,2021-08-15,MC,3.932172830285297,4.307672289492427,0.0,3.8798153339545154,14.1,4,5.554740519950494,1.2537187337057023,3.4522190353759488,4.606164847965374,8.89492930723178,8.733395280313907,52.18168054508019,3,0
0,2021-08-16,MC,2.4702207756178205,5.489147426326483,3.1187005615907775,6.0,19.9,5,2.5672559482389037,2.770150530575928,4.093036251903312,8.374375893598604,4.900956096378311,10.0,71.13381458070137,4,1
0,2021-08-17,MC,3.4546109354664725,3.029742091879343,5.626319795579202,4.767500999069038,19.7,2,1.5608468737908385,1.0967729606107555,3.8669746568958865,9.075722967494192,8.530220510611349,4.967598975688259,15.728984000682267,2,0
0,2021-08-18,MC,4.893969523915384,6.0,1.277921332592728,4.564719020709925,19.5,6,2.8054857333630356,2.7819836099649984,2.715198362065257,12.356756290308358,3.7710532573446316,7.097452004059321,29.62338531750843,2,0
0,2021-08-19,MC,2.8904118879666325,6.0,3.937159637272461,5.267328933547351,21.1,3,1.8148687147649007,1.6561924253452804,2.0744491219396304,6.695522192253473,2.8955699627175653,9.30813353349239,81.53676293468497,0,1
0,2021-08-20,MC,2.0987201195611167,4.35395032466972,2.5571758464223695,4.662985020273495,16.0,4,2.1137246619175065,1.1737476881386868,3.4775045967465927,7.446461021245187,7.440028543737197,8.438795709252915,42.950427839387515,8,0
0,2021-08-21,MC,2.9175919189367603,6.0,2.901209004438096,5.417138760205447,20.1,6,2.2812267665037735,1.900111966557608,5.449899665732315,5.939907752244869,7.37852028601101,8.066235141973472,60.6752435833122,3,1
0,2021-08-22,MC,2.0533340500385284,5.016731975389157,3.6120374233165315,3.6638901689293215,16.7,5,3.86695206447669,2.619646265699522,4.238520158116566,8.012578502351833,6.655764044029966,8.376510960288863,29.33691302321782,5,0
0,2021-08-23,MC,2.9273429002360514,6.0,4.606421745439722,4.752274786600783,21.3,6,1.0157380277620822,2.118671756449026,4.046163137316741,7.656818526720137,4.800687581304472,6.4219389455965565,27.970506954664135,2,0
0,2021-08-24,MC,1.0624453242082421,3.954628020529521,3.3121928296892182,4.236578406733857,14.7,3,3.3413231897720275,0.3758344628013306,4.6244624785223465,6.2726322593408685,9.04346639643842,5.448330361268332,80.12393442186222,1,1
0,2021-08-25,MC,2.8828688692848674,5.618801587371449,1.7627424525253057,4.901064279558954,17.7,4,1.8739364050579288,0.35888166275313804,3.876045303241134,5.040336405554691,5.7809698297069385,9.150786472362565,64.53209153571689,5,1
0,2021-08-26,MC,4.689062883655893,5.63171364759253,1.1637585714230088,5.422555865183064,19.7,3,2.8586323405014387,1.6794094272610907,3.4634637699630604,7.687731805393347,8.248583706222988,8.475485907033018,47.48494093318277,4,1
0,2021-08-27,MC,5.223514266877056,3.7944875610859805,1.6777053356873377,6.0,19.5,4,2.438370339728501,1.9933617951790923,4.777880827338407,4.414396625399744,10.0,8.783281201704549,101.02208790037753,3,1
0,2021-08-28,MC,3.838924147175753,5.802785019327919,2.272987639395028,4.570377278661606,19.2,4,1.9137201236325583,1.7886507667970113,4.221692502268702,9.0795442437507,9.329295626911007,7.85450319473142,23.249851404204,3,0
0,2021-08-29,MC,4.25233210921379,5.017979204810667,3.0620672043708717,4.547193237436498,19.7,7,1.1945300429347627,3.247150357603869,4.171829539030558,19.568206447063833,8.389453973338124,9.315151448417016,30.91708277863429,2,0
0,2021-08-30,MC,1.136147102089399,5.379913573197193,0.0,3.0995143771953906,11.2,5,3.8187522086083074,1.0310729934650007,4.898736747645442,16.384723314585234,7.766773687335458,7.026185133063213,54.76945109803876,3,0
0,2021-08-31,MC,1.6777622208903256,5.918080020307578,0.8534691527685405,3.152541278884173,13.5,5,1.9009483311567847,1.1446741326211867,2.958226048612498,8.67641169859861,6.484448529533003,7.558638409862597,77.37100011337324,0,1
0,2021-09-01,MC,3.3318491130168235,6.0,2.2620032208775696,6.0,20.5,5,0.3038580704029338,4.533598783952538,6.254724235275087,4.459645624151589,8.61857608015234,10.0,51.65368885248083,5,0
0,2021-09-02,MC,2.07625693226747,4.860483488759206,1.738295799816851,2.9871912375490495,13.6,5,2.6918677448063266,1.688002866806877,5.181645648361391,10.887836099889416,7.084957281124668,7.182103669255026,54.1172610155241,3,0
0,2021-09-03,MC,2.813977320339408,6.0,0.5114827728331997,4.380311578812268,16.0,6,1.605518021738166,0.377514031854123,3.6711942868377547,11.561186533176482,6.643391735348883,6.894957096994634,64.13703424703569,4,1
0,2021-09-04,MC,2.9140303535079983,5.36961924616249,4.641130047989134,1.452367434647246,16.8,5,0.7479686438989392,1.822943392431231,4.0222701820203985,5.813241865195647,9.750365212194808,6.429060547305264,26.031164333428716,7,0
0,2021-09-05,MC,5.0387235389287515,6.0,6.0,3.591441299076785,24.1,5,2.8423783477116693,1.516569193074832,4.387956644669004,11.306999553404015,6.786715232162194,4.645258975573257,64.32896443154013,4,1
0,2021-09-06,MC,0.2053088764469897,6.0,2.3221249168524345,6.0,16.9,4,4.627457648559186,0.4339120911935541,4.665628856932372,10.351930770818658,6.47496460947131,6.751089686575582,44.159610167254264,2,0
0,2021-09-07,MC,0.9385195730322189,6.0,3.607343521968553,4.072218568063851,17.1,4,1.7953168401581734,1.08325346572058,3.961701194203421,10.471250457845894,4.470913041421403,6.287994696247514,18.31664377206034,7,0
0,2021-09-08,MC,1.9825448516376962,6.0,3.3953299282997422,4.540679706402358,18.6,6,2.943101737947911,2.9190074967865147,3.7503450356499073,10.664279490695431,6.167175329312337,8.97848236092059,42.32050120423955,3,0
0,2021-09-09,MC,2.6978618582304827,4.260359250698142,2.5842209692832094,5.44332622361861,17.5,8,1.7378621295610857,1.74387113000749,4.3755278580876755,12.937522921749757,8.612639988033967,6.396036655068156,57.39179383024779,3,1
0,2021-09-10,MC,0.7534700712141869,4.734539654464273,1.0796826051816746,5.234410457647478,13.8,5,3.5172714846282016,0.6088593201700001,3.769385467818413,4.6650679627263925,6.947369652900484,6.486767983230227,66.06955164131651,5,1
0,2021-09-11,MC,2.74625103199486,5.718519230475863,3.146825566815621,4.7849065566261,19.1,6,1.7848185897764441,1.847415546304136,5.329146871155554,5.863092453610908,5.8117518215490085,7.23992577715778,42.52215627764521,4,0
0,2021-09-12,MC,4.000168734099559,3.7828009408396412,4.13334017367308,4.374789816856165,19.0,7,2.4117581827801313,1.1202228584135516,4.369535352475756,8.185830018013887,7.3250746054736995,7.398121438787802,58.72280090056095,3,1
0,2021-09-13,MC,3.5116149095016227,6.0,1.1073859227894274,4.8166556964772775,18.0,5,3.392923367937273,2.3230618275224497,6.3899151360138635,14.177049347509913,7.195612009441376,10.0,32.40328995796781,7,0
0,2021-09-14,MC,4.000842958144549,5.132904010865228,2.611221775192836,2.788260257434279,17.0,4,3.029497936117721,1.3383235667550606,3.6117850492669135,5.352002953937632,5.758080782637454,10.0,18.709835338863908,4,0
0,2021-09-15,MC,3.690016892277961,5.343629802802411,3.8567742270870506,3.9821316398641353,19.7,5,1.9765099161207373,1.4255592591371578,3.220992076602155,6.845966683424133,4.310159256821135,6.451000403624066,51.25848523975794,2,1
0,2021-09-16,MC,1.569219258592473,5.370012445492297,1.3198496751174487,5.540552941336298,16.1,4,3.3767817691978603,1.6357281802854458,4.889856690714723,6.4045451930861566,10.0,8.69581121689358,17.404771937532193,4,0
0,2021-09-17,MC,4.190901781784367,6.0,0.9924201767119984,2.964866400395311,16.5,4,2.0588366090960175,2.1809467363320785,3.342090672276054,6.733602924807491,8.765931913123929,10.0,64.67002781670419,3,1
0,2021-09-18,MC,0.16334402678931292,4.506199501468092,1.0572203477886406,4.053820528856235,11.4,4,3.2387978390493695,1.5790406226182994,2.084040698008449,5.350940246958721,7.551413058318743,9.764747977785039,50.35738573620051,4,0
0,2021-09-19,MC,1.4430244592566466,4.020460777998023,1.9105546847225923,4.239804707236157,13.5,4,2.093217255393295,0.9293792137821202,4.145464323063819,11.605483382793965,7.500711743103325,8.25814399751573,61.625515923909674,5,1
0,2021-09-20,MC,3.047104463960391,6.0,2.663661210927005,5.010348176973161,19.5,5,2.883355262532652,2.1875064398002113,7.08791562472617,13.048952866361443,9.56544254543828,8.904561022741305,68.84507904759559,3,1
0,2021-09-21,MC,2.2483559446496475,5.277760250369606,1.3877206523609997,5.030654619356898,16.3,4,2.3017437850128077,1.8145089890441621,2.861460275541156,6.239135254951823,5.587779323887822,6.2528782576200195,43.89559570175526,6,0
0,2021-09-22,MC,2.745037010377601,4.041668608293251,2.0769036898745754,5.278902289503907,16.5,3,2.405571969730981,2.169358590389001,3.132519454793629,11.568444305594612,10.0,8.658469976539607,52.767324008800706,5,1
0,2021-09-23,MC,2.4596281451108,5.810239609247822,4.484778665865876,4.777242257696084,20.5,5,3.7694416923885257,1.2506041509058186,3.747999011700428,12.257321145298848,8.837102746788164,7.828385892774818,36.4054084113358,3,0
0,2021-09-24,MC,3.2112187096834504,6.0,1.1160139424021915,2.7936455246415295,15.3,4,3.1097460375008192,2.84365644129468,4.752529312348578,12.815315356337676,6.813305754310516,8.876154531602648,51.67669541630578,4,0
0,2021-09-25,MC,0.30651398849426537,5.978086779226507,3.1275037628990074,4.8532143158777075,16.6,4,3.196389280759313,0.02067484901896366,3.122297223882602,7.033809441398976,4.153672837819088,5.330658412561632,21.791971302064205,4,0
0,2021-09-26,MC,4.577127170295944,4.654077872289827,5.071423957732522,5.098048426054753,22.6,7,2.5460506363106368,1.9118700976507532,4.223742867029832,3.2959003743525943,6.178050335697112,9.5935238778073,42.93513372840014,4,1
0,2021-09-27,MC,2.0499045919766257,6.0,2.6688192047169412,4.108050738146286,17.3,4,2.682401071589875,1.2878508089412135,1.8142535486106157,10.92685591357654,7.17345931325096,10.0,30.700627020569716,4,0
0,2021-09-28,MC,5.8201890430909415,6.0,4.223338367006805,4.026322230050486,23.4,5,1.1793917210914922,2.3988538753850657,3.68430883534491,4.747277687426942,8.80628932482551,8.94352443561399,20.8045463674462,4,0
0,2021-09-29,MC,0.16334402678931292,6.0,0.0,4.932591600033372,12.9,6,3.397613178781566,0.7155167014459243,4.765653337965295,4.788453396919471,4.319045035185386,10.0,72.45541886835328,4,1
0,2021-09-30,MC,3.408356674458791,6.0,6.0,6.0,25.0,4,3.36209975514834,2.3972803047946805,3.5569131416390825,8.40975121962329,5.906074273956634,5.750555712698498,59.34762264011784,2,1
0,2021-10-01,MC,4.711701440854395,6.0,3.1866577742927076,5.238611426473046,22.3,6,3.420194801950508,1.5475860617314274,3.035436690874096,9.581198811994252,5.072231596894752,4.846220787703758,31.535654962217635,4,0
0,2021-10-02,MC,0.16334402678931292,1.6454298036762387,3.0591476793559162,5.769251006295393,12.4,4,4.269550739843737,2.3794149828571953,3.9685125649510726,7.1736568231710915,8.162698078772667,7.440921988190452,32.8002117586942,5,0
0,2021-10-03,MC,0.5644487892160892,6.0,3.008156357828971,4.208778726416311,16.1,4,2.8138508420183967,0.931543256430322,4.292080439901379,5.717725608750063,3.294586990082182,3.9010242434880964,55.5389761317392,3,1
0,2021-10-04,MC,0.4089550028889066,6.0,3.189738039677696,2.2889699424367844,13.9,5,1.3491155586384767,1.247413969000911,4.7909548468248175,10.113370538025224,5.6390921472057105,4.900930941222217,47.22824984505199,0,0
0,2021-10-05,MC,2.073848892388609,6.0,3.8288557178193936,5.095618269174834,19.8,7,2.4377591157985186,1.9340799714274486,5.369755434019461,3.743945207131962,5.815091274488462,7.3361330306618235,30.3877292596164,3,0
0,2021-10-06,MC,1.5370021131953042,6.0,1.389227758035474,2.438502944737384,13.3,3,3.0522032373008714,0.8563365455095419,2.440962058950328,7.830125516420261,6.019861038142119,8.099032311041615,27.584435348559442,3,0
0,2021-10-07,MC,3.847172481225125,4.2310536803891345,4.8399687150244874,2.5385122331565526,18.0,3,2.1765459792287807,1.2910723424954347,5.787395865317895,12.381279015558926,7.105643485615463,10.0,14.802863904089454,4,0
0,2021-10-08,MC,2.1965418849451006,5.254553462000977,3.028017484819955,4.011232544359355,16.9,6,3.5519589202156006,1.4256105157169265,3.768615390204286,7.676594798245697,10.0,9.74539109047748,18.074779683534114,4,0
0,2021-10-09,MC,2.8718218290044164,4.91810062984134,3.7733887288237935,2.0732090118971067,15.9,4,2.44731037913319,2.706670748968622,5.055283193136336,9.717348457608677,7.975180972477977,10.0,52.02765955553753,3,0
0,2021-10-10,MC,4.341765921264663,6.0,2.754145253281184,4.476255062820362,20.5,4,3.8453057265471986,1.3391075897294258,3.7819365724583163,8.80965651183163,6.760892422883835,10.0,24.11833862771048,4,0
0,2021-10-11,MC,3.2246072384608553,3.020330068261635,3.133031298951997,4.396359168965058,16.1,8,2.718606650948593,2.6606083280514405,4.82611538912117,9.490606902455887,9.914909170015346,7.366500024016825,37.17937355641627,6,0
0,2021-10-12,MC,3.626815515713426,5.860589643228995,2.3949337285350567,3.9021318124311466,18.4,5,1.5122455112203335,2.9446062314174952,2.1296721012837394,7.850860903859193,8.157915346441678,8.101902080694174,86.86389780686883,4,1
0,2021-10-13,MC,1.1740086021561789,1.7995814027559418,2.841772804240896,3.083592053243103,10.4,3,1.2923994021474832,2.434269678084264,5.100120693250898,12.725707983318722,7.440181769545481,5.218418806711442,27.871271095090027,3,0
0,2021-10-14,MC,1.7445425672660742,4.456210297102478,2.4704666508829454,4.396878702132509,15.2,5,3.899482414318717,0.0,1.7944456168603917,12.784954288687919,9.166267990792315,7.5070048930801425,45.17381572963263,2,1
0,2021-10-15,MC,2.518200016292835,6.0,3.509672185294156,3.07398657917041,17.6,5,3.239812392465793,1.352001030202178,2.812684511533751,14.363263079247531,8.13976626437934,4.448576569691453,79.37383656640567,3,1
0,2021-10-16,MC,3.8632420972452195,3.8229251150212398,2.465899340025508,4.30543221908512,16.9,5,1.7523532432184787,2.3839405795748494,5.407642249586071,5.927587661169456,9.829417021987721,10.0,42.19075736216215,4,0
0,2021-10-17,MC,2.3786780274108703,6.0,2.2018567198954657,3.646795220755901,16.6,4,2.5042983060862065,0.9360619650692321,3.4030823570289304,11.391632504095982,9.667154343689948,8.77606200071095,30.67148909090102,4,0
0,2021-10-18,MC,2.4434339173894317,6.0,3.3695653530720913,3.6595274519711696,18.1,7,2.7078465495056565,1.2137321990589955,4.972515051047701,7.102064481498504,6.197773824433906,7.248939573390121,47.91594437887758,5,0
0,2021-10-19,MC,4.580070507838988,2.061603341017254,1.2961398492451623,4.031413754696896,14.0,6,2.154952454898847,2.4870207747963446,1.8478489388458137,8.339641766713351,8.3801211224524,6.719273358557663,40.546309154059145,0,0
0,2021-10-20,MC,1.8640454584952697,5.797736784348234,0.22461039085211976,4.390171337960246,14.3,3,2.907066773872258,1.6650460598287835,3.155655044653393,11.186052843652188,4.819862061620507,8.760291831464365,73.07020216551146,3,1
0,2021-10-21,MC,4.40386955182834,2.1428829333024,4.167250949449119,3.3164065307091386,16.4,5,0.6261292104516964,2.4355054604238817,5.5642501182046935,13.557575842824816,8.942463695996329,9.43530699161454,42.83334334461388,7,0
0,2021-10-22,MC,1.0747569413789952,6.0,2.273172906682335,3.2769645004360317,14.7,5,1.8967215624994695,0.9417818883543632,4.173316756745148,3.6624563067071056,2.9982311018359074,5.0639215406656515,70.51509936032281,3,1
0,2021-10-23,MC,3.0529667652126884,3.0761182849420434,3.8286916289436372,3.676263660329332,15.9,6,3.06018278780193,1.3213737394413125,5.69923980904292,10.64501668931506,8.73990769259806,7.921517179947702,28.2650050146843,4,0
0,2021-10-24,MC,3.4581120467308004,5.349641800819359,0.2715755698977751,5.335082740009989,16.8,5,3.3919353175658404,3.041628159061045,3.9755734021131395,16.054545094620778,6.740373899618378,5.363823984739183,49.10131665954375,4,0
0,2021-10-25,MC,3.309336657168096,3.860749819749003,3.0101134186473737,4.710228428819902,17.4,3,2.5573135391609987,1.9163014355360186,5.345271427593664,7.078450130777911,10.0,9.044275515951258,77.39402110175062,4,1
0,2021-10-26,MC,0.5426091728573841,5.814284187124803,2.773643282282242,4.5175815410805304,15.9,4,2.0409963911600504,2.0923387198624965,5.618156956978077,4.938334680793459,4.262557065783,7.998105238638903,45.832404919809825,4,0
0,2021-10-27,MC,0.996238972457715,5.201499746065507,2.816253376974089,5.608004237892555,17.1,6,3.124610482153024,0.0,4.740065904497844,10.309002356085701,6.889336646262603,7.770687153129815,55.975334709311795,3,1
0,2021-10-28,MC,1.8309561894737822,5.417894818620885,2.2048074411717344,4.986994957873051,16.8,3,4.048025948209229,2.6405460205884665,2.9426752170864163,12.032337024710337,9.760076382980596,9.881822999695732,43.87762657663468,3,0
0,2021-10-29,MC,0.42239591386670616,5.850376643684022,2.3606096617115626,4.2450207311574975,15.0,6,1.5385116943874229,1.595705004512323,3.2064011064986992,7.976352238300109,4.485138204642563,6.648632235308512,47.55495844330888,6,1
0,2021-10-30,MC,1.555184433439643,6.0,2.321369710550441,5.814510408241597,18.3,5,3.021434472250614,1.2474176678642954,3.9277855902458816,7.203206933393905,4.282583555521203,8.659520719641865,51.57223949104626,5,1
0,2021-10-31,MC,0.29317679271435404,6.0,0.18636979420327116,3.969029229846872,12.2,4,2.8691879102554303,2.6487243050808384,3.577193639125992,5.200342577702356,7.92503833452881,6.734644402490261,39.58233028549085,0,0
0,2021-11-01,MC,3.0009645080296568,6.0,2.52105308517613,5.652215477417378,20.0,5,2.2980027302132573,0.4478550838269151,3.803326875522071,5.452995279155005,5.114432582944451,10.0,16.429822830989583,4,0
0,2021-11-02,MC,4.313964740712185,3.2773168604536234,3.859811349794466,4.175207155690027,18.2,5,2.13013612286918,3.6476362030146503,5.393513342238218,9.950409692118061,6.458664596462069,8.500040366085116,36.10072538424787,5,0
0,2021-11-03,MC,2.8367146685051448,6.0,2.898995652323265,5.762464842340674,20.4,3,3.7370701310752685,0.6370224119678126,2.8650723697891483,9.347323241613559,4.71807747318385,10.0,43.94268708567987,5,1
0,2021-11-04,MC,5.633854742786725,4.6873804395405445,4.44767834446212,4.782462089154396,22.8,6,3.8978262460985955,1.2898197919104821,1.6766119515457345,8.800990600688737,3.2541177265909895,6.065758741058438,54.7476877877872,4,1
0,2021-11-05,MC,1.9848390876222703,6.0,3.054714400004271,5.054883408419304,18.8,2,3.6716245434790067,0.48323263012343204,5.726349630162811,15.448142144626706,9.247867944932146,6.986191358500772,55.9274759229007,6,1
0,2021-11-06,MC,2.7048064771137965,6.0,2.7378837143458705,5.055845916153856,19.2,5,4.112923485395087,1.8451674229314572,6.218647051942841,4.623405276976515,3.8813070724944025,7.686454401129439,62.7389077132378,2,0
0,2021-11-07,MC,3.4600029513376036,6.0,3.878280761162716,5.9153450934566045,22.5,4,2.7836577429190816,2.5714719637337193,5.494694165869805,13.492738866638518,9.87767112131824,4.4837522435711765,40.089376069938126,4,0
0,2021-11-08,MC,2.803730701003699,5.369075806782242,4.429644222533504,5.141733777637107,20.7,5,2.8726640077637793,2.486384944023075,5.473105187497081,5.57244551867048,9.439135774403605,10.0,63.61192159296804,5,1
0,2021-11-09,MC,3.9466014161303886,6.0,2.442950398692784,4.334176443574513,19.5,3,3.807817288265449,3.144835621479775,5.309732024563541,4.428864085640263,5.905338501844852,10.0,39.45924724042891,0,0
0,2021-11-10,MC,0.16334402678931292,6.0,2.9978383429171345,2.511495140259721,13.6,4,4.189814656762624,1.897405452174125,3.609016648507581,8.225056955421273,5.453414812759813,9.465757752005988,58.91283775845052,4,0
0,2021-11-11,MC,3.5624920807888283,6.0,4.417307434298549,4.36084219828756,21.4,5,3.4290656986471335,2.3238481560713895,4.846201044792005,8.396091569244744,5.046180623018903,8.838372159078693,33.33434371321013,8,0
0,2021-11-12,MC,2.419626543016934,5.069398172907931,1.6589283929513612,5.061880732940795,16.6,3,3.63371909142605,0.9508113258836723,3.6416105458623487,9.968245592371295,8.587374495416656,9.883448284800446,47.98550606997292,3,0
0,2021-11-13,MC,0.33952479997656004,6.0,3.200061477852313,5.463718559082869,17.5,3,2.8387709596875728,3.3442359795582877,3.8097163710936313,9.417805536116447,8.230500518301824,7.683573785340766,29.939076568419715,0,0
0,2021-11-14,MC,0.20053419374250137,6.0,2.785740531607458,3.992324053691294,15.1,1,2.4259699767201974,1.3302774045434074,4.023522507770967,8.610476647781875,5.530031428608968,7.562103129167917,75.48359495414898,6,1
0,2021-11-15,MC,4.472462368846256,3.815449244091694,3.8150652083797585,5.822184255851369,20.9,5,2.7934260195741616,2.3685089761876212,4.251823581212024,12.45817080747911,7.266240032341474,5.907757803327632,25.935180786283148,0,0
0,2021-11-16,MC,4.993366169481921,5.368270207123505,2.053343062748355,4.107561632026613,19.3,5,1.6592495335762314,3.4845704484667706,4.156212013482994,10.070135518366127,9.774751617291457,8.693187796991033,39.043941198993686,4,0
0,2021-11-17,MC,4.525192939452105,5.52180259509523,1.8901465696679596,4.348546352119304,19.0,6,2.9414241834494366,1.3417478105120195,3.1848263731096065,9.806100216800136,3.839629728457047,10.0,62.36065915184724,4,1
0,2021-11-18,MC,2.4708913406099193,6.0,1.7217742518331294,6.0,18.9,5,2.790604084957969,2.853337754912528,5.624678328525452,13.352222858895528,5.996414849772006,10.0,61.30581285275967,4,0
0,2021-11-19,MC,3.757031154260963,6.0,3.33409970184508,4.0585533926643675,20.0,4,4.02825630718227,1.9363148176664577,4.5550350993909525,6.468081822665297,8.082622854162455,8.058297841832175,31.03076398387247,4,0
0,2021-11-20,MC,1.1689098650994914,6.0,4.47261493892797,3.5024656610849543,17.7,4,3.539006518756425,1.6874703931306707,4.130184545175346,8.786516751331831,9.341971538310046,10.0,64.47597443410187,3,1
0,2021-11-21,MC,0.7456157593397923,6.0,2.321983071612484,5.55336700847052,17.1,3,4.239854540239917,2.095230240383429,2.391807422960212,9.961089965213782,4.643966827405088,7.871708915242246,72.98928234730644,1,1
0,2021-11-22,MC,4.065890299753307,6.0,2.521400153624461,4.974050648479428,20.5,4,4.108210732799771,0.6196056314300732,3.431656560184139,5.645112687661121,8.002399722967432,9.007713995085314,77.16441032494163,7,1
0,2021-11-23,MC,2.1949889992701053,5.374492868116248,2.598842413707743,3.5361388858643394,16.0,5,2.150373161610145,2.2354909529337186,5.169359373967729,6.234504698957751,8.091457324794964,7.11326510224863,77.32202663790592,6,1
0,2021-11-24,MC,2.498545956245276,2.561319694066287,2.1959264426413725,3.521017647904571,12.6,7,2.33476554280089,1.4341823595585028,3.9383759878285556,8.4205599144183,2.8955699627175653,6.204484899860168,41.08277168724757,3,0
0,2021-11-25,MC,3.6827399246482466,5.786984031887063,4.480540368361984,5.000911437894152,22.1,5,2.639820544692115,2.7147095229786493,5.8011491864378515,12.536555386374603,9.627210183640576,8.345958478183395,55.56289561704924,4,1
0,2021-11-26,MC,5.533605339664661,4.0877949406190535,3.6821550300950614,3.0743266022695908,19.1,3,2.6059497075783726,1.3959457548058145,4.817204240069791,14.147272138309722,7.8117332287115335,6.465851243814375,63.034505479740794,3,1
0,2021-11-27,MC,6.0,6.0,4.283947940129934,4.034805106325139,23.7,4,3.142472156591468,0.6534952751567414,2.3687419053897503,10.861758494203368,6.8338250915368395,8.649911125170348,68.34546078909051,0,1
0,2021-11-28,MC,3.2586644940025273,4.157490124881961,3.783924598174826,6.0,20.1,6,2.812040888696198,2.3714684201946716,5.11704669673701,11.191593614182565,9.500727945949786,2.0063630720807684,34.915055000358954,5,0
0,2021-11-29,MC,2.3949210848912657,5.374813522343898,1.4884357874565808,5.066898108301738,16.7,6,2.9702855115029725,2.9930867967072414,3.924916775629122,8.298655850236159,8.592545146509828,8.474796896970087,30.101833040556315,8,0
0,2021-11-30,MC,2.839960369981979,5.843898705067032,2.363015031023628,3.2972743867245953,16.7,5,1.9558779855780817,2.609449809892977,3.773373507392078,5.348203015944819,8.37009004592605,10.0,50.144239669988195,5,0
0,2021-12-01,MC,3.3834326631876053,6.0,0.41919558651958333,5.056082661782113,17.3,3,1.5533844421862297,2.394828237217541,4.647331362487046,14.734459525370763,8.33779873325368,6.610421795387165,46.79062141664928,4,0
0,2021-12-02,MC,1.0939286734521132,5.928535312398795,3.715085452682147,3.910973802692899,17.1,5,2.348936805710325,0.5978366282119858,5.58853087552742,6.32827396208103,7.000236403205918,6.479024248823267,52.000338667879156,4,1
0,2021-12-03,MC,4.528706426901838,4.054475040265959,2.2702803025529907,4.863634524435617,18.3,5,1.6662048879890656,1.7971648840829397,5.90479760878262,5.372422758788971,7.582474725390725,10.0,51.77720065753652,4,0
0,2021-12-04,MC,5.140745831804301,4.913259659644637,1.519185182976868,5.091985103028753,19.4,3,2.642603013723193,0.4061714236258359,4.204988831019055,7.116574843912364,10.0,9.353424823739463,18.030948817599377,3,0
0,2021-12-05,MC,1.4300431445956683,3.507421950500686,3.5737753287901564,4.726263073346989,15.4,3,3.4516413943785818,1.1706439032913876,3.8308662352325347,11.052074886023743,8.629668443775099,10.0,55.58059390303953,5,0
0,2021-12-06,MC,1.9759315535265953,6.0,0.0,2.6473994683655198,12.4,4,3.1849393822921206,2.105216370682083,3.5187748655957987,14.936129414875507,9.57956657622667,8.118737820100668,78.85135734488111,0,1
0,2021-12-07,MC,3.881392540329609,5.304160469432056,1.3150722486330038,4.653376137659769,17.7,7,1.2998804354184508,1.4569083408533976,3.4364670920080216,11.022108950853475,5.6607631914856205,5.2841730690332955,18.89912374262442,6,0
0,2021-12-08,MC,1.5501708274198485,5.579845317041684,2.0994615604648392,5.826591875086674,17.6,5,1.8683069269913817,1.6684834216134838,6.435587448937516,7.04630996479414,10.0,10.0,20.014393277896403,5,0
0,2021-12-09,MC,1.6209591207560416,4.430771146449847,2.8794972393969323,6.0,17.4,6,2.5137814862037238,0.0,3.047895052048458,7.073921959649508,4.635162444922547,9.333327010379938,44.720343605898954,4,1
0,2021-12-10,MC,3.3281434942477857,4.549793713455597,4.494721368243024,3.7719467232170927,18.8,4,3.105857966984963,1.1458407766965204,4.734256030006555,8.22694087643594,3.8592141335754313,9.605221784540223,28.038636878923818,4,0
0,2021-12-11,MC,0.7199351196223938,4.835239099128263,2.236020557861859,5.921912750121868,16.0,6,3.3050870933482916,2.762754468531317,4.569885804126738,6.63080016414602,8.764571764260882,9.563845303244948,53.35906410656731,6,0
0,2021-12-12,MC,0.16334402678931292,6.0,2.2808587874271042,3.8872147719919687,14.4,3,0.27095436806314654,2.158187756697866,3.2309958586813057,8.726872863696423,6.449367366000663,8.451935459580321,59.212152721213556,1,1
0,2021-12-13,MC,4.55434581856011,4.219488643520196,3.0680576469109777,3.5252962849597043,17.9,3,2.700534914907665,2.742941673296757,2.169481036615292,10.190600678867918,9.44454447982287,5.491051666370175,28.2315531844034,6,0
0,2021-12-14,MC,4.899289091023735,6.0,1.237952854286163,3.8612836923135827,18.7,2,2.4388128709237313,1.4833295740939962,2.8243137575636097,13.347203706154206,5.586438612010611,8.005704726400005,34.18289862132424,5,0
0,2021-12-15,MC,2.236138472390282,1.3195206133354371,3.2860576947679507,3.480210564383497,12.0,5,0.17632566730835675,3.230159148679132,6.51136731404254,9.872746691014713,10.0,10.0,55.78668412181075,6,0
0,2021-12-16,MC,3.775021074493618,1.943089971755751,4.665709782412439,3.8978999563869525,16.7,5,2.910787149564821,1.8515408728170837,5.897082103339185,9.828550168512207,8.28610285306905,7.924662544604898,34.20357166537708,5,0
0,2021-12-17,MC,6.0,2.499801912331455,5.577169873874383,4.956013561155929,22.2,6,3.118387827441838,2.0354825827502094,4.792105418077355,7.709253463084382,7.067015944332475,8.598515510150479,19.141650745479534,4,0
0,2021-12-18,MC,3.61261226213083,6.0,2.8524235093733736,5.363873984488027,20.8,7,3.681545648711666,2.3485840025622706,4.321031168126679,11.736409849841756,9.40720486951368,5.007956550070298,77.39524454465807,4,1
0,2021-12-19,MC,0.5673721778947567,3.3531429287951666,2.5174293352919954,3.4446763304770514,11.5,8,2.8220075422968582,3.6669154307691354,3.349348262256686,7.336379457876824,10.0,6.991214039773406,64.33010790006043,3,0
0,2021-12-20,MC,2.385385226383731,4.126020769109311,2.494445749884355,5.032471949569269,16.4,5,3.8590100319606355,1.995559478026286,3.6919892860880656,9.237338103793848,10.0,6.362836470777009,24.6761265645113,4,0
0,2021-12-21,MC,0.8199191298816599,6.0,3.2737921438068476,3.8761291209159885,16.3,4,2.200964664442333,1.4542864182567805,3.630902738864912,6.653938672155013,6.082773758803518,8.053275238282252,17.864163532770448,6,0
0,2021-12-22,MC,2.2873536102117464,6.0,3.1352329362786846,5.4103651780365185,19.6,5,3.654495780540002,0.7984610775163102,2.9431909943679555,4.444160588335065,2.997529385452004,7.919702186409904,71.97971035893384,4,1
0,2021-12-23,MC,0.16334402678931292,6.0,2.4000826462579274,1.9935767095188286,12.3,7,2.9381777554262163,1.2931373356795002,4.6459922399232,12.664776058748272,6.212824877761531,7.961471733972077,26.703716292444717,5,0
0,2021-12-24,MC,0.3131228277347944,4.879902991630832,1.976141093934819,3.217210336114765,12.1,3,2.7042632000052635,2.714378715839513,4.895091922373382,4.90968098974487,5.1179121840831225,3.483727862133557,68.94904207670555,4,0
0,2021-12-25,MC,0.16334402678931292,6.0,2.2597919357408545,5.850543763061355,16.7,5,2.706947905588291,1.0125986706277168,2.808837015042654,7.352589794298383,5.9586812978455015,9.205700289125438,96.47291723295801,3,1
0,2021-12-26,MC,6.0,6.0,3.4286840189539265,4.305976882679684,23.0,4,2.4906572164732284,2.412967089210571,5.518527639204566,8.726008235102997,4.560995556033056,9.290134088750234,23.737349598313028,3,0
0,2021-12-27,MC,2.685441626143525,5.774086976005493,2.4383507931171007,4.737966033547136,18.2,4,1.5141414401744981,1.6975514386671604,2.2727914952703827,3.522692245682668,9.805983602696976,10.0,24.51129434560968,4,0
0,2021-12-28,MC,0.16334402678931292,6.0,1.0602590954985405,3.7680064504377078,12.8,6,2.687805802985691,4.317871213785448,4.946114765058214,14.423095149511619,6.633891386952885,10.0,76.38423741172595,3,0
0,2021-12-29,MC,4.316461917794382,5.042527335302169,3.4690799246979536,5.381834262490379,21.2,4,3.4016181473757565,2.249817051540786,3.624282064694194,11.60694706241397,8.35527960677786,8.01541478551352,42.42367340493704,5,0
0,2021-12-30,MC,4.17112420852734,5.590585770712325,2.495746803856098,4.5819097018193355,19.6,3,2.2093828087918186,3.0344090643891217,4.056393155379187,9.367401527738423,9.474195173786477,9.064561120013424,38.56894834530831,7,0
0,2021-12-31,MC,0.16334402678931292,4.129747850082792,0.8459429374674787,4.146069821991921,10.8,3,3.23152402006624,1.9553392028153818,4.734039148983909,8.051651714447315,8.94149354772939,10.0,18.9660049416576,3,0
0,2022-01-01,MC,0.16334402678931292,6.0,3.720910661890987,5.3299528669080765,17.7,5,3.297890664855176,2.196113912351251,4.528132262191023,8.42953197456844,8.633800162003485,8.377671829433368,78.38847123025816,4,1
0,2022-01-02,MC,0.16334402678931292,6.0,5.056997533619629,4.634392450572826,18.5,5,1.107018648991193,1.8877417714486024,4.118121778327387,10.256694499043086,4.859914593913871,5.05276354371937,26.142666356553256,7,0
0,2022-01-03,MC,0.16334402678931292,5.471148487995179,2.044673030595084,3.6419614017061597,13.2,5,2.2535862223851573,1.12537559739999,4.7698187847872635,13.853232662869075,4.690202398793056,8.258570252864601,50.233569188207824,5,0
0,2022-01-04,MC,1.367120959068393,0.7421322456713728,2.8955158075329726,4.251630773388383,10.8,5,2.6916761002548437,1.6242233685202825,6.017910750549119,5.719093046088337,10.0,5.4308851011063215,29.22134855421768,4,0
0,2022-01-05,MC,4.028316956928839,5.333571132421872,2.4690459915769725,5.097491462420203,19.7,4,2.6488809454250783,2.6262237492253773,6.348817020679191,9.623291066251971,7.482222864423967,10.0,90.38315083784062,3,1
0,2022-01-06,MC,2.4245587042293746,3.2015105698540123,0.0,5.713978123982984,13.2,3,2.7938508717524773,2.3641219581428383,4.616713310982056,12.34793447718271,10.0,10.0,38.7651857019668,5,0
0,2022-01-07,MC,2.345512271201485,4.464966090716464,5.022252896142265,4.215197371666084,18.7,3,3.7420383783494233,1.1604321948651406,5.287133168743541,5.767149283884415,10.0,4.252602955760836,33.37677811254755,0,0
0,2022-01-08,MC,2.4610318728797904,5.430871432442461,3.358332393315092,6.0,20.1,5,3.9515880678511466,0.8081753168729259,5.746724017639479,11.91543469157286,6.632729434502331,6.125149015377133,66.77897133763024,4,1
0,2022-01-09,MC,1.3155484656361802,5.45123682712119,0.8764389302480478,6.0,15.9,5,3.2633963974546534,0.8918451575322222,6.825987175690996,5.093063014904099,10.0,8.149517287300926,35.13775968900092,3,0
0,2022-01-10,MC,5.064118364757649,5.988227195033916,1.9590306344177786,4.991455552091221,21.0,7,3.428010218263092,1.277753158705751,3.7604921389756774,9.004307642343159,9.00831795589808,8.195232690424735,45.81721467584076,3,1
0,2022-01-11,MC,3.3807210346861423,3.7549706538522605,2.9313195519887683,3.81082719188208,16.2,4,4.049686634340613,2.2786150056374845,3.9416671391650726,5.014885875207596,10.0,8.74099238174267,16.65132000520053,4,0
0,2022-01-12,MC,2.856857461954635,5.880830671321065,3.792851197861417,5.344641298246608,20.9,5,3.442048534954285,2.3338628738585383,4.39795558591001,6.402440753343521,9.5092759620808,10.0,40.92513193911191,4,0
0,2022-01-13,MC,6.0,6.0,4.27026157997469,4.0582904254060574,23.7,7,2.646911809527298,1.177150022709669,5.208060332588739,4.570527354105499,3.480968678351166,6.305183957273473,38.69911563373105,3,0
0,2022-01-14,MC,5.8063751107264325,5.929286436673114,1.8764767182995277,4.2576055172995595,20.8,4,4.523452095380186,0.0,2.5003761563156433,9.314746305589587,3.741440801479779,5.307344995898264,41.5716113431216,2,1
0,2022-01-15,MC,2.752445820298762,4.855343134030553,1.4340307949370201,4.828875130927416,16.2,4,2.5018111741703946,1.83067838605267,5.584829960830615,7.831157414797034,9.216530779116107,10.0,79.99521602818034,8,1
0,2022-01-16,MC,1.1373576320492977,4.8693535389058,2.636266453473933,3.463941720412514,14.1,6,2.9076459538591246,1.8911698299693616,4.776608648207187,6.418047482562101,9.38708413507419,8.318340566402156,33.98544476030481,5,0
0,2022-01-17,MC,2.756218422974577,5.44888019947391,3.091858938259937,5.366105886884076,19.4,6,2.564559500894151,2.8898918776051934,4.456012965674263,5.009552286256847,10.0,8.585889653646516,84.71610191505589,5,1
0,2022-01-18,MC,1.14388100640573,3.1830382928664194,2.801553306014676,4.395948619650514,13.4,6,2.3770120337039824,1.0149340789521946,6.200014523266111,8.899434666969848,5.943056010289745,8.72631462481898,36.65618608568613,4,0
0,2022-01-19,MC,2.49474377739974,4.059976656096068,2.8580555886926913,5.220282024482882,17.1,3,2.8367452637061223,1.5227326311027156,3.8077390773131015,6.265614237551099,8.774353883007395,10.0,39.83498632846895,4,0
0,2022-01-20,MC,0.16334402678931292,6.0,3.0430700049708417,5.568133409792199,17.2,4,2.180910496314705,3.3442604140166887,2.5131192104097417,5.136873320689385,4.612158213464655,10.0,67.63120229855575,4,1
0,2022-01-21,MC,3.435818156614377,4.798484083801562,0.3516637004916765,2.8429816923517452,13.3,5,2.4617987862239836,2.16902843818062,3.665077790260564,7.4878833420195665,4.891850854166588,8.126415762400635,50.02405520071985,5,0
0,2022-01-22,MC,3.6935188059020243,5.40795248010061,4.923690159900774,3.4670656823689234,20.4,5,3.418555686527407,1.8213766213274545,4.2989571928953065,11.526698042104577,8.825936779576836,10.0,69.55942325603127,4,1
0,2022-01-23,MC,3.7829288645655366,6.0,4.578800751451982,3.4636425198468896,20.8,7,3.5054652545895486,1.628417276115212,2.5478468914114045,13.567170707019693,8.105590177379867,6.367074295429019,65.82864485950029,3,1
0,2022-01-24,MC,2.65524803925802,5.175700339669241,2.6310428055054773,4.060390691535556,16.9,3,2.851372052607618,2.5236734216005132,3.6962199856169833,9.067410979059389,4.6744623200712105,10.0,34.760393120935746,0,0
0,2022-01-25,MC,2.6674415169207975,6.0,3.8471254170832188,4.726908389134762,20.1,4,1.2343618586587708,2.334460526606843,5.713140935495628,4.638983072092531,7.624119961223675,9.451520832881377,46.804813180224,3,0
0,2022-01-26,MC,4.64813351437912,4.654883176753638,4.109252605956906,4.50024643589291,20.9,3,1.092630715023871,0.7910318053832429,4.731923887708851,8.973521436813671,2.8955699627175653,8.333549947928143,37.100029195200406,3,1
0,2022-01-27,MC,1.5868803320697435,2.8413783237341095,3.9083190746554655,4.66025387192583,15.2,3,2.8171176732159995,2.9925052276833197,6.144378017444149,5.952791239922964,9.278949590302847,6.636305429936089,40.42377048986003,4,0
0,2022-01-28,MC,3.147476014831216,4.438275341473394,1.8846940629166298,2.1843388068707252,13.6,3,1.8472320846422239,1.2897846943951887,3.4240848833249737,7.610841031136689,7.420174481300712,10.0,37.127216477324886,4,0
0,2022-01-29,MC,2.955554967335605,6.0,2.0731562198124793,5.501678724864729,19.3,3,3.6894056625504175,2.2670438811027864,4.7337680868631296,5.313062378334154,9.036401450545473,9.849038086874272,44.596713015076176,3,0
0,2022-01-30,MC,3.741386184045642,4.061365289218818,4.898658375962128,5.386363064391688,21.1,3,2.8240063316926123,2.4308620861447023,4.2966381806372205,5.079672739267565,7.9990780137620074,5.6530640921140884,47.69636869828128,3,0
0,2022-01-31,MC,1.3885067657951375,6.0,3.3505186670759874,4.70341983431201,18.0,5,2.4708003165648402,1.9851947555727727,3.395108205422008,4.366745797726406,5.141205133332656,5.3516094760141035,83.93253196046466,4,1
0,2022-02-01,MC,1.6393485931901535,3.4236638854707406,3.3511881336251483,5.276474033893732,16.0,3,3.525680796325193,1.6873381500660798,5.822571257978505,15.561541154619645,10.0,10.0,15.324867077582375,6,0
0,2022-02-02,MC,4.147587201703629,6.0,5.5350812977845365,5.342504483730707,24.5,5,2.38160497848777,0.4906659503906649,5.792083577285653,9.1367741173167,8.83204890562843,8.434255765098172,63.81709694966816,4,1
0,2022-02-03,MC,0.8291708148675132,6.0,3.1699612809272035,5.149682595437269,17.7,5,4.362294920791022,1.4902838501469462,4.254354247449705,17.551710226355766,8.350650409335785,8.423444010342386,58.60705028323817,3,0
0,2022-02-04,MC,3.1083641598683496,6.0,2.3264235261032837,5.288768690100913,19.5,3,1.9849303205786895,2.473782459226226,4.966277706923648,3.9498278803192894,6.230347751179863,4.475084085185964,20.17361117009453,7,0
0,2022-02-05,MC,2.5716146618050155,6.0,1.0182159514601734,5.181761422419996,17.2,4,3.0630111580186172,1.1595479018806532,3.0057139946136244,12.26777419749251,6.706656543558333,8.414006370875144,18.08388606915723,7,0
0,2022-02-06,MC,4.596129238876937,5.179922059268802,3.3333501837275414,5.396536105813407,21.6,5,2.8081718140295666,2.4587006150353545,6.726656691555146,10.787281200957409,9.21921240203191,7.8066506038808985,31.75010130653206,4,0
0,2022-02-07,MC,3.3426263423477156,4.83256347545336,4.6850700548943545,5.276199688837774,21.2,5,3.3022507219263506,1.4443862975176724,3.0123043092941586,8.427481042120839,8.838606583340983,9.058597202687604,48.323859436735184,5,1
0,2022-02-08,MC,2.8225479013889165,4.6331535130578345,1.6217964612487559,5.230087093566503,16.7,5,2.131645647124941,2.5378835698741105,6.463701490221278,20.0,7.5874136673545065,8.901746253654682,47.722410840327925,4,0
0,2022-02-09,MC,5.182457202390656,4.887866521445817,4.511282956778182,5.010265301979763,22.9,4,2.7391146694835182,0.5720051276883608,3.684644589837675,10.350170051262012,5.853359859570678,4.674422553138393,40.37383484139994,4,1
0,2022-02-10,MC,2.1892234411782185,6.0,2.976846993605327,5.381895393387481,19.3,4,2.1058747492461736,0.7787862253955491,3.4420591797782727,12.718347886894163,8.935647407433839,10.0,42.43806226325154,2,1
0,2022-02-11,MC,2.195573657548154,6.0,4.59344493318162,6.0,21.9,5,3.262269385423263,0.6806676678842539,5.298180170769987,7.914392702258852,7.337701769980718,4.775684665498998,74.74533398982318,3,1
0,2022-02-12,MC,0.46621847831681995,5.0811645324327515,4.09778197454329,6.0,18.3,4,2.579053518301914,3.1500419766765346,5.104439946661539,12.061247372996474,6.863516035287535,10.0,20.065510589367474,0,0
0,2022-02-13,MC,2.3484851784424374,5.835694327826702,0.2533269824482014,6.0,16.8,4,2.4413893065498073,1.9767059525702413,4.338500821259542,7.677713604099816,6.566159609767703,10.0,65.8965999927783,0,1
0,2022-02-14,MC,1.651950434863151,5.171297533501081,4.470194650000914,5.366766604034869,19.4,4,2.1248030244688256,2.145184180493575,4.770449646916562,8.282792856102713,9.590296934254841,8.96805307524124,62.18598396544346,3,1
0,2022-02-15,MC,3.147405907268987,5.948139777622778,3.1684494791767426,2.4401197313895704,17.2,6,1.9042405392936401,2.9761415240399325,4.523396793422259,5.21024391987522,6.880842254890598,7.319414131186087,48.50900846170452,6,0
0,2022-02-16,MC,2.1909652933594863,6.0,2.591510966965325,5.42220068663993,18.9,4,1.577299229505495,0.728903652745059,3.9760749404897204,9.300747901835953,6.2799655175261755,6.4427367903264345,42.892315641843645,2,1
0,2022-02-17,MC,3.0928868868684973,6.0,1.0147308927175,4.793989878430764,17.4,4,1.3834735091153982,2.336501809197985,3.728487870576076,7.834349524315979,8.497925515817595,6.841340059232317,76.03179476152408,6,1
0,2022-02-18,MC,3.4018309723403926,6.0,3.9706882054032926,4.291665386682332,20.6,5,2.1960740834607444,1.9484498330441369,4.04069070844917,11.937953741153445,9.467766256646312,8.855631754299903,24.470825843894904,1,0
0,2022-02-19,MC,0.16334402678931292,6.0,1.3234531173242727,5.102516146832687,14.7,6,3.2687473060640535,0.8293492302028826,4.1701457287559585,3.7732312654483637,5.6095104930492585,7.847019679957827,52.276962832307035,4,0
0,2022-02-20,MC,3.8647190044529633,3.4450527150325456,3.904105196097584,4.639095778864932,18.5,5,2.503902881398405,2.243389084157559,3.7598909823795794,10.949525927218579,7.902624094662241,7.750882217068824,28.156051436087072,4,0
0,2022-02-21,MC,0.9473673029018346,6.0,2.0283199322950463,2.9151576163482864,13.9,4,3.7622875453441527,2.180054386864993,3.7850334913023134,8.108470545327965,7.5722548212482765,10.0,50.9261687382219,4,0
0,2022-02-22,MC,3.649037225793632,4.447752762464069,2.493336778008378,4.564300800026083,17.7,6,3.455855452629386,2.5873823494238555,5.2843879741319695,9.258981420221104,8.348220309804782,6.414333807470998,64.65395404665324,4,0
0,2022-02-23,MC,2.953244407699167,4.285381370267173,4.459244104858191,4.025756296176892,18.3,5,3.188274696991514,0.9544253978751107,4.6807087500620455,14.218808973852994,8.663943701731824,5.604542883022381,40.53894998986435,3,0
0,2022-02-24,MC,1.195278563903308,6.0,2.0226469005571097,5.3100704182666165,16.9,4,4.186826924337619,0.22991688304174662,3.4843554662080747,5.522360213834468,8.212020042018239,6.01642665534217,47.65652936372914,3,0
0,2022-02-25,MC,3.0177601720438956,5.404222920177734,3.3288130836972996,3.9762109294027903,18.3,3,3.066170084624627,0.876116101012967,1.7592169739308388,9.767874309504643,4.659087949764751,8.091758162836197,20.13894557104115,4,0
0,2022-02-26,MC,0.37331525596143367,6.0,3.072179064769184,5.179979150283889,17.1,3,1.2948936151734034,2.01286666313932,3.733179231575071,6.821428032106146,8.900419488888662,10.0,63.98471990608181,3,1
0,2022-02-27,MC,0.16334402678931292,6.0,3.258046965708283,4.278613135576642,16.0,4,1.334857909682189,2.5937354506446457,2.733197194246302,6.596945897308883,6.273849315531268,7.469083927815797,44.92116297518449,3,1
0,2022-02-28,MC,0.8691461241444678,5.437034938562767,2.7435537147653193,4.462545612516166,15.8,5,2.692230951345156,1.5620417095432786,2.552935963751087,10.85796039176706,9.735261797236431,9.852274125496823,33.356979857677175,7,0
0,2022-03-01,MC,2.855528416237493,4.320716125025173,0.0,6.0,15.4,6,1.6646361126399016,0.4739125995682152,3.216619876176842,4.721746231542827,8.358279768674201,7.239708220429972,32.45935645903133,4,0
0,2022-03-02,MC,2.6573417557107977,4.535059467820582,2.8856436910822874,4.209266981968608,16.7,4,1.5476706570179044,1.2299514255424366,3.5322980295314563,15.47045035557017,7.430761710194415,7.5318511251918,12.693826369952898,4,0
0,2022-03-03,MC,2.14343391694158,5.7173625912559,2.35085905514764,4.878828134187699,17.6,4,3.8828831994075923,1.1079982843582443,6.699436095864964,8.668197843557632,4.52341691546764,10.0,39.87336452462249,2,0
0,2022-03-04,MC,2.5953544248405467,4.966859959054128,1.6589520338246861,5.651667864962077,17.4,5,3.9427981901481375,2.255172064331893,6.315822338551814,12.852926500491396,6.986501599635218,2.9085941089390097,50.67451444901654,2,0
0,2022-03-05,MC,3.285411545843864,4.2480623668821895,3.0250707616939163,5.408390793149206,18.6,4,0.6095415903557734,0.670712470060484,3.1542030291393073,8.080607775620521,6.3107247541003835,8.455635760313019,38.87356853955239,0,1
0,2022-03-06,MC,0.1785245378748126,6.0,1.3454652777552822,4.06245380185144,13.5,3,3.005644269488766,2.5483487496322423,5.96876280004266,12.218209770266672,9.122990303771656,7.564452858869976,75.63808173410298,4,0
0,2022-03-07,MC,3.6859175370461603,5.416167216929936,3.4889751062965337,5.6627902679558035,21.3,7,1.2109311935666929,2.2339802513091644,4.811636629400835,8.139316956835474,7.518193411014139,7.503576292576216,84.36949610309689,4,1
0,2022-03-08,MC,3.6986564630742063,3.8158102027039535,2.842931236421048,4.58066881783869,17.4,6,1.874019148701476,2.2666203370423825,5.002843299808577,11.769147501966808,4.7264744834126216,4.848981531455753,34.87323996631444,5,0
0,2022-03-09,MC,3.304151898815306,6.0,3.4633704132397205,5.752471071184029,21.6,5,2.4346951590394994,2.347927693578927,4.744282918226007,5.444942062544622,7.4960415355126715,7.006940894312821,93.90411356678045,3,1
0,2022-03-10,MC,4.669825717530888,6.0,3.5062369134385922,5.036295923605836,22.4,5,0.8702096273835611,0.0,4.568853080704689,8.455298438416577,8.560146394591513,9.938001895205492,52.78130772714504,5,1
0,2022-03-11,MC,2.1818080974941907,6.0,1.3161967717894465,5.392412873738959,17.4,3,3.9928905046435146,1.928274605791725,3.0192729875026094,11.280854348725523,5.948695612267528,5.342731932384045,72.96150629861444,2,1
0,2022-03-12,MC,2.7728909517859277,5.570049645034686,3.1850057767417086,4.884422576354581,19.1,5,1.2058339500864608,2.2930308898302347,4.100670175208058,5.046203275814953,5.853416778671234,6.393960442863927,50.03381897556976,3,1
0,2022-03-13,MC,2.3653652109606114,6.0,3.9313285384143803,3.5898895835588776,18.5,6,2.244640466617273,2.2408642313564973,6.880265338444053,16.69641189082277,6.705154057114241,4.2370256806045195,55.34481968854317,4,0
0,2022-03-14,MC,1.8475380875175444,5.2065703004395125,3.7296567338229196,3.6361633706146437,16.8,5,1.0412542805560605,2.4608877176766715,5.068400463616674,13.935108761022784,9.818003188407621,9.291308204467356,31.189914275559932,6,0
0,2022-03-15,MC,4.36757577305824,5.470259782171728,5.391240430252286,1.7891877576681199,19.9,5,1.9224679743223088,0.7908700175241441,2.3181453616970775,5.911228005190647,6.327626988934497,7.526851401001814,63.19342440695842,8,1
0,2022-03-16,MC,5.528652990095479,4.634506896971948,3.07245040395708,4.334389722454179,20.5,5,2.2486048182774327,2.290632940321615,5.389858767734257,7.8992220840540135,6.321602246355775,6.578705623625366,23.420442621562866,1,0
0,2022-03-17,MC,0.845351387279653,6.0,3.184843807396011,5.299386130474821,17.9,4,3.525283235050669,1.8954680170259612,4.27378502016616,8.386992729908838,8.558115945495391,10.0,65.40949856312912,4,1
0,2022-03-18,MC,3.300209472670615,6.0,4.208682917337906,5.367617145000153,22.0,4,3.308597432916604,2.004182862602262,1.9794608661826816,9.22846068173232,8.535284227876339,8.043500590491133,67.30226273523772,3,1
0,2022-03-19,MC,1.9299839859531502,4.472123319921192,1.7083154310101467,4.632681472770499,14.9,6,3.432369431295326,0.6700592251361648,3.9151015461376035,5.632376192565799,10.0,7.203331859924432,65.083480704797,6,1
0,2022-03-20,MC,4.430766867878147,6.0,1.99189737781094,4.424803174552288,19.7,5,2.8001576176299374,1.1359432194873018,2.4630807302725484,7.282087890834879,5.6577192009173976,10.0,47.77802516240264,4,1
0,2022-03-21,MC,4.0152750014920775,6.0,3.211199462533584,2.3561447852618755,18.2,4,3.055217848030982,1.7243667444845179,4.690646235783606,7.247006707484174,6.804401173201563,9.274698736102781,69.1694399281705,6,1
0,2022-03-22,MC,0.16334402678931292,5.990311944638966,3.795976300491704,4.708024913782192,17.1,4,0.8016635567943049,1.273550800807955,4.787427879073737,4.26424800974968,7.159564507310238,7.433300160509576,91.42268751029742,2,1
0,2022-03-23,MC,1.3147504595374089,5.094164941936118,3.308801637243801,5.671747179272771,18.0,5,4.152304926156717,1.6064237065460327,3.040477373003963,6.701350838344826,6.031909798661192,8.131771224842836,59.51059583190331,3,1
0,2022-03-24,MC,3.776214014574198,3.8046901997848783,1.6262936001062784,3.665899056179268,15.0,3,2.1377893694196604,2.273227673613869,2.8467395646758167,11.84529439490764,8.707186276081224,9.241431744299186,66.64947409139623,3,1
0,2022-03-25,MC,5.228387993621999,6.0,3.4271439593348174,4.353871275654564,22.2,3,2.574549490809963,2.424479681318338,2.5560049193063024,4.625204925209917,10.0,10.0,27.061148197561153,4,0
0,2022-03-26,MC,2.971315208942331,4.311994707499341,3.64159463639769,3.8572177682507793,17.2,2,2.3546168867662276,2.750748447400391,3.6477709230234483,9.070994715424948,2.8955699627175653,8.852029344427635,61.60581037533435,7,1
0,2022-03-27,MC,4.018131494166394,4.9580140742477194,2.831153977649233,4.4971198814015585,19.0,6,2.2227549440858523,1.361046854541217,5.536964951106814,7.553794735652738,9.902965601848681,10.0,43.76385044599062,8,0
0,2022-03-28,MC,3.6614543722175306,5.671655960838308,1.6981120659025437,4.7279976435104745,18.4,6,3.490753558285993,1.2503927056770054,6.049261818466918,11.511980098438066,6.986425870649132,5.78293106919352,10.0,4,0
0,2022-03-29,MC,2.7049697951189815,6.0,2.738823785713619,4.05260437900569,18.1,6,3.906118517271196,0.9633738502574264,1.7531485161423148,7.544449478118673,8.19692827773783,6.104040879182933,31.018738341312023,4,0
0,2022-03-30,MC,1.690832672754639,5.71712513731714,0.2631916827785896,1.4950680019684373,10.7,5,3.9805577374330623,2.230589777072442,3.0513813009712276,4.327028982272536,7.605062822468281,8.78026130319462,53.53619971844341,4,0
0,2022-03-31,MC,3.8559491843371676,3.548874165139012,3.386502622402456,4.523101867225077,17.9,4,2.4566587109599967,2.518384223587033,4.984540663934959,11.525919526633638,7.724656768293532,7.911455581734643,33.12035310250286,2,0
0,2022-04-01,MC,3.1745365649347743,6.0,3.05353018249445,3.9390131946166473,18.9,3,3.0851092638513444,1.426963702825083,2.223433024810368,7.412507176268699,6.562814562574242,4.588327943581353,62.96218739361932,9,1
0,2022-04-02,MC,4.0114484661520295,6.0,2.226529105416886,4.976135287708334,20.1,5,4.5734117558378715,1.2337747440492448,6.262886254200209,7.242388275457753,5.748764299865791,8.83538616715439,27.919070354866218,2,0
0,2022-04-03,MC,0.7219181720111967,4.427592469419548,3.4086146692985952,5.3507619780873625,16.2,4,1.4362315716120073,1.5495015333703148,2.9568058224926106,4.291600107046652,6.830923145070953,9.499011490801157,46.40106201927775,3,1
0,2022-04-04,MC,3.6824560320954447,4.676810563066262,3.7281551120105436,6.0,21.1,5,2.705316193079346,1.8861938487600995,4.879660327194718,8.631804699211928,9.160174266840661,9.749530131771708,31.602312199506102,4,0
0,2022-04-05,MC,3.580010561348165,4.306940866986796,3.363560548860328,4.290568729826213,18.1,5,2.7240847406754156,1.789069636656556,6.692298276807212,15.79969722183731,8.793648542650656,8.450124288625855,71.21973438654607,3,1
0,2022-04-06,MC,4.252028739824056,4.024570674536746,2.5859913603364926,4.01463597059752,17.4,3,3.312563352297519,1.218843296633135,2.28841697102376,10.633321206349478,9.404535469826389,10.0,49.031072196948905,7,1
0,2022-04-07,MC,2.3012189800881986,5.228897205204163,2.02953570776602,4.090985185024137,15.9,5,2.5889432481061077,0.4823854781093431,1.931599006397816,6.333242067009762,4.973042480500016,6.73395600037934,18.48471794046487,5,0
0,2022-04-08,MC,4.33667558698963,6.0,3.8822881731800645,6.0,23.6,5,1.2215118278538082,1.4485907669588556,5.767744988187178,7.899999664429734,3.0005483059442613,8.30929593611929,71.55153272525402,5,1
0,2022-04-09,MC,0.16334402678931292,6.0,2.139396808846794,5.758345684724525,16.4,6,0.8347147268657102,1.8873741452707675,3.5510989664230124,8.273075041069843,4.432766419656896,10.0,13.734641584561455,6,0
0,2022-04-10,MC,4.080998149775487,3.7081642551853173,5.247110179044229,5.073173973806063,21.1,5,2.3241831272217826,1.3589399910636015,4.950486614930052,7.29934693055354,4.066827316817564,10.0,27.762345952071918,2,0
0,2022-04-11,MC,3.9383585019654643,5.463755452660285,3.953082026218233,4.8947082638502195,21.3,5,2.5407989462964706,2.0665562337146435,5.866657159960141,5.717970952210055,9.283625776628956,8.23136406659818,52.77497228849668,6,0
0,2022-04-12,MC,3.784177655240807,6.0,2.4608581582052613,5.180082772761764,20.3,3,2.6498141687496033,1.567406227140888,3.5646336542550756,11.368184310917218,6.659612963027936,10.0,58.963020794244265,5,1
0,2022-04-13,MC,3.2412248168623794,3.027835073273808,4.800043125941657,5.56504176743448,19.4,4,3.4507186670573087,0.25999626188793407,5.128055542990556,11.822042444254313,4.6050391173055445,3.5994730526457692,25.468367993658333,2,0
0,2022-04-14,MC,1.4236284931451764,4.171647831719136,2.648891843963444,3.3040401396112276,13.5,5,3.1547224580519657,1.1857371910338221,4.4411434472435625,5.757776760936187,8.390898370501159,6.837540943934631,78.9434372476263,5,1
0,2022-04-15,MC,2.314504457372168,6.0,2.8591111912354865,6.0,20.0,3,1.6988441676697095,1.5392084632178524,4.10008630000018,13.772579369244344,6.645453245199535,7.868571161017622,43.13502407822193,5,1
0,2022-04-16,MC,2.163347541194087,6.0,1.86091277158835,4.516648586247808,17.0,3,3.8210627336889207,1.775476903517147,4.863331450961928,11.503275297206294,9.101305064653264,10.0,30.232616084795147,4,0
0,2022-04-17,MC,0.16334402678931292,5.294767466778708,2.2103032278297166,5.674170208246987,15.6,4,2.351445414904426,1.9388351273642566,4.383408504070406,6.8011683970211285,10.0,8.137122675299471,77.89345630077888,5,1
0,2022-04-18,MC,0.2659880538963346,4.442025094200689,2.2889805019994234,2.67605470554579,11.3,2,2.5761530418139404,1.85250455508731,4.204411914645378,3.728144815499115,7.354809667575675,3.790494189731981,88.20420343327898,4,1
0,2022-04-19,MC,2.3212279072707727,6.0,2.891937215107769,5.559124457594629,19.6,6,3.6970803664111656,1.8197187906924759,1.4312524573808467,6.39703160229398,9.243332625410734,8.593001181563922,11.308998696480131,5,0
0,2022-04-20,MC,1.6215235450947627,6.0,1.626869180062045,4.247398947485901,15.7,5,2.3707262507009803,0.44854070238011956,4.3556668830362515,7.21327340615509,4.120865229340626,6.701570279427797,40.70927751242756,4,0
0,2022-04-21,MC,2.41764335152513,6.0,2.914286705727474,5.343849085564169,19.5,4,2.4880323307523446,1.9650747206963783,6.733294205380436,9.555878545634485,5.683114351715241,10.0,48.66461898957886,4,0
0,2022-04-22,MC,3.168918798497865,6.0,0.7957812561113757,3.147060190259392,15.3,8,3.3829995041877385,0.6179798492014777,2.1130143976106144,5.759385208830743,7.88751032962751,9.851858528469931,11.93759677731554,4,0
0,2022-04-23,MC,3.76254086210572,6.0,3.4135951923766057,4.0686736218309925,20.1,5,2.4156778447600122,1.5454595451061834,3.4260815102190625,7.303048282932717,4.667528555681507,7.83057172837341,24.459389161035624,4,0
0,2022-04-24,MC,2.8033216657784665,4.720480944639146,5.184768104994028,5.3106670377579235,21.0,4,2.5761883450163103,1.3950370475730896,3.8002517890785668,11.590320572986391,4.581954481158375,7.412241425515065,42.090288263377985,3,1
0,2022-04-25,MC,0.617727686987803,6.0,4.237772463403211,4.633550755013143,18.1,3,3.1005424297972386,1.479686054183604,1.6489364775825057,4.934954327281191,10.0,7.58084453818433,50.771906528703084,0,1
0,2022-04-26,MC,2.7198693075162153,5.978096503329132,2.6713314197519593,4.056611963998943,18.0,4,3.3611211886412358,1.3484602121573466,4.738839079527296,10.169746180985516,5.3529329209557135,7.941617053439389,60.222235622165805,5,1
0,2022-04-27,MC,1.8689206378892307,6.0,5.5912980360394915,2.6039039917882985,18.7,5,2.632698338318468,1.3519915009339583,5.544409196305074,8.924699196769792,9.695065383932665,9.410641524960516,84.27407333185921,5,1
0,2022-04-28,MC,2.857145725420318,4.3413967797330155,3.616289481836275,4.612482331089033,18.0,2,2.8987564702022945,3.507484672503608,2.194021834578539,5.446141004247675,6.221795098216154,3.318221764399759,49.66458005382229,5,0
0,2022-04-29,MC,4.069823504897461,4.023688760849811,5.5674672183507745,3.604941912283497,20.1,7,3.2306824353405657,0.3706826129182732,3.7448448510409476,8.927545777313544,4.414175862143607,9.596992628548932,23.79606428759871,6,0
0,2022-04-30,MC,1.824912219701579,5.493964591962226,0.8726380646640901,4.2857155936287175,14.6,5,1.4296287365288654,1.8545479830495768,5.287854056235999,13.750423554403577,9.11673140455427,10.0,50.21294479139905,3,0
0,2022-05-01,MC,3.106432731592008,6.0,2.7792063595126857,5.14607620889659,19.9,6,2.382010630607599,2.094277084753025,2.7771089650197367,10.56053648665311,7.680385027322673,10.0,37.47580934933012,4,0
0,2022-05-02,MC,2.40930519768076,3.042401473037777,2.3358281444331124,4.278207453288398,14.1,4,1.5482658235422655,1.9956233624247395,4.489574544338031,9.656101088308667,8.512188570112395,10.0,48.05307868237002,6,0
0,2022-05-03,MC,2.077497622729848,6.0,2.9474900216215287,4.771788723233189,18.4,4,2.404259489573918,1.0800628239771437,3.5343104862811017,6.420362125842624,3.4601559409877747,4.646033057591563,18.17071836575668,1,0
0,2022-05-04,MC,3.5503128261408077,6.0,0.0,3.5901860254562052,15.3,3,2.3968598677897512,1.7843803939911158,1.3526285239966351,9.546089230831429,6.436545614324423,8.172944024592248,56.844073599439824,7,1
0,2022-05-05,MC,0.4840577149183596,6.0,0.0,5.433289153856462,13.9,5,2.967666650515333,1.3488801820844,3.993842383491146,6.090471991138566,6.328878423892928,9.773100659481726,24.52632457677941,7,0
0,2022-05-06,MC,3.5043686009647548,5.20089648726662,1.2043514344459005,2.600755683113853,14.6,6,3.097778231932214,0.6158709220499139,5.414209132426421,9.063678724954707,4.080501940622174,10.0,23.468603832070546,4,0
0,2022-05-07,MC,3.662382757533276,4.898001617682475,1.0723876801620253,4.204837667025859,16.1,4,3.199140426905617,0.48638614106890676,5.3321216988505284,4.093568940722837,10.0,8.5953846169526,35.991844373651524,5,0
0,2022-05-08,MC,1.7619871408318737,6.0,2.8843591958475456,4.340176151996964,17.5,4,3.0396090927792896,2.151929543170782,3.3584355134724366,6.459900266307771,7.258989258678805,5.458673978299175,42.565122406651795,4,0
0,2022-05-09,MC,1.5298252885792167,6.0,3.3598062824446764,5.169141664410053,18.7,7,2.6113916204154597,0.40463310373349837,2.7554014838786367,5.928833011146914,8.338727811887379,7.6751136623844385,42.405442841167435,0,1
0,2022-05-10,MC,0.16334402678931292,6.0,2.264058633625413,4.131922691184725,14.7,4,2.0471571209628285,1.3233083286989995,5.531842791004092,10.114238389428872,4.242418219928137,8.56415980358938,59.27382275228165,4,0
0,2022-05-11,MC,0.16334402678931292,6.0,2.917151236319745,3.426213426109913,14.6,6,3.275363370268042,0.6249964989854605,6.6144349373970845,5.375108163754191,4.6356378325043375,10.0,51.55629801292374,6,0
0,2022-05-12,MC,1.6839482426476189,6.0,2.6283803555324923,5.487241004447598,18.4,5,0.3148538844762525,1.171797793066006,2.409017944554023,3.1475770850110454,4.218436258510106,7.911487727001032,84.1533294757406,4,1
0,2022-05-13,MC,1.899787164283101,4.754617145091087,1.451111328591294,5.85650588262487,16.3,5,2.9812690181231654,2.2693081269251794,4.2703185669581085,4.054743448126624,9.11430546695655,10.0,44.18119008909262,9,0
0,2022-05-14,MC,1.1262220472940816,4.997387224752223,1.680260161884174,3.920867972056185,13.7,5,1.5567535406239295,1.6052889887889474,5.947485630141147,12.351681372860106,7.221053861923501,8.485445924031662,67.8764743053603,4,0
0,2022-05-15,MC,2.9751524072252,6.0,0.0,3.7730696412618263,14.9,5,1.5443557277991338,1.917418218028747,2.2348486204016327,14.824879017807115,8.839082373860055,10.0,13.955914889252018,2,0
0,2022-05-16,MC,2.152256524809132,5.736626448637004,3.662073722620411,5.34889545213637,19.7,6,3.8518553510510416,1.7866964840500408,4.50852002329866,8.784343631528039,10.0,8.020282611784655,34.02277104510393,1,0
0,2022-05-17,MC,2.9204051230435217,6.0,1.1330928651651084,3.884213927645543,16.3,6,3.3888795464696884,2.7105865151432016,4.808187928125432,8.670608462587305,6.108876618362116,3.328593458868539,47.49600608785754,4,0
0,2022-05-18,MC,1.1028911354773325,4.7396023567636085,3.507715900626712,4.997506288693119,16.7,6,2.0866097703338276,2.350877038355475,4.561151435965644,11.042622523078705,8.280348420762504,9.152832922895687,65.54424008036374,7,1
0,2022-05-19,MC,2.613927287198129,3.3833560454829863,1.587395587707774,5.801070787900999,15.6,4,2.0470982924017376,2.1698134303355165,4.9231812198965,12.781226927581567,7.2007177889085385,6.298309647895275,32.46898457834396,4,0
0,2022-05-20,MC,2.4565879145164216,4.402027835082018,2.9349335161751973,5.273444754691709,17.6,5,1.6681116991772604,0.9181206414297457,5.00026482021602,6.507131052175598,5.672417327858683,10.0,79.42747280891473,4,1
0,2022-05-21,MC,2.8133277927843943,2.535786658744391,0.07430063397877662,3.301187187608087,10.2,3,2.653840816543646,1.1965788725193234,5.6759551636950265,16.52311597696672,7.152157641158574,10.0,20.08175025339284,6,0
0,2022-05-22,MC,3.427429207439727,5.643738139511397,2.6493810680587373,5.328461823300254,19.9,5,3.948575144705857,3.045883040525206,4.943781433370971,10.548725558462863,6.143597035820597,4.006864194826373,21.24332774006114,3,0
0,2022-05-23,MC,0.16334402678931292,6.0,0.0,4.739805807054904,12.7,5,2.096451471653369,2.851717907802069,4.517964419916878,15.625210847281743,3.586994897649203,9.28496927516009,39.76000650810762,4,0
0,2022-05-24,MC,5.107971309278655,6.0,3.589562523837837,4.457188453254922,22.3,3,2.97707539932668,0.7989379429204936,2.4182450408821303,6.722201708966457,9.87915453489649,7.7446944506265485,66.05477660557152,4,1
0,2022-05-25,MC,2.1268081871041704,2.536789514688058,0.5476031727732833,2.826962791331689,9.4,4,2.8419953647633642,1.5228204310103741,3.4607850322982845,5.522857034887572,8.964091336163442,6.35833084373506,35.48635795345564,5,0
0,2022-05-26,MC,2.7962468050021494,5.328069796891099,2.8103725306369483,5.605348226677501,19.3,5,0.4765027322737172,3.4447043385456864,5.13947095745804,4.828767255907674,7.027422797837015,3.805325478133455,40.07653537019047,3,0
0,2022-05-27,MC,4.604188018850326,5.963998895512896,1.953637848089738,4.888203540378887,20.3,5,3.0077777856484738,1.9375987645969932,3.37886867182083,5.340403161673596,9.623388433367698,7.881034454885277,43.930169035822786,4,0
0,2022-05-28,MC,3.2784114448072796,3.7253635319954728,3.900312518550728,5.52599753534076,19.2,4,2.623915545596589,2.3497451073900257,5.338985687129625,3.9445662190442956,10.0,8.880564780492122,52.938246339050615,3,0
0,2022-05-29,MC,2.4455970907831315,6.0,5.801693405735982,3.0886036339811804,20.2,6,2.2548309885696507,2.58216484382321,5.70304996467025,9.839201355152264,10.0,9.203342143755073,52.41522264311557,2,0
0,2022-05-30,MC,2.8751644184882816,5.540132791993537,2.4569546489754814,5.068728035013217,18.6,5,2.6127259107666037,0.7595485899247875,4.827459315441714,10.950094608913288,3.1314015492640923,5.938282552354218,31.298407956869692,3,0
0,2022-05-31,MC,1.8898796088387089,6.0,3.5744603432508084,5.088306124252334,19.3,4,3.0974445127080084,2.2944126360750188,2.9531371563736895,6.680894259447025,6.9301581491557505,7.564597548476366,70.50340639641252,4,1
0,2022-06-01,MC,3.606670483545547,3.6295107377261857,2.756090602648103,1.6628570889133183,13.6,5,2.6780208673681534,0.8276051399223876,5.657565300042711,6.251250376019082,8.135905599139454,5.47020102445793,23.38054226445002,4,0
0,2022-06-02,MC,2.0807554676934616,5.956054840970189,0.0,5.379520712689986,15.7,6,2.5372814625282802,0.8834363265493439,2.0802660245694815,7.779343926758718,8.305029502589846,4.19070457816672,47.90337129187598,5,1
0,2022-06-03,MC,2.6734672035467213,6.0,2.26696461968549,4.216692074970467,17.7,6,4.032345370335289,2.0945735940469477,2.821191392206816,8.301113167100693,4.792251226417077,4.940306664403377,50.69496298798795,4,0
0,2022-06-04,MC,2.3211324822756865,6.0,2.1202300676809296,4.468630261698399,17.4,6,3.3903957179830764,0.4221583977997352,4.005716191332431,6.982916206461762,5.20060322967719,9.572655203423462,48.548762441707346,2,1
0,2022-06-05,MC,0.9287770213748163,5.373049094264368,2.1781866989763943,5.522872883717277,16.3,4,2.6090254041097394,2.4724827935845575,5.693602640501345,2.3748533159031977,9.718512089032053,10.0,61.54767316003569,4,0
0,2022-06-06,MC,2.1999137650663467,4.514435168470799,3.4774070092268117,3.170112590410272,15.6,5,1.5193403753742776,3.1007877844176415,5.077509137740741,4.16823882573719,8.5918011661485,6.989326888185618,31.38824266479536,5,0
0,2022-06-07,MC,2.8014528842755695,6.0,2.3145508825121466,3.229195374174164,16.7,4,3.1868162240225275,0.902610685771335,3.7628428554157107,15.159096242189007,5.716229461163571,7.709061450769309,53.141736065322455,4,1
0,2022-06-08,MC,3.99535321007,5.62411475478427,2.452009397229433,4.972754831626499,19.9,6,2.7846872390168067,2.4431828688033197,5.202012812201206,7.901136884037714,8.107244043382698,3.6297287142811028,66.00610814446426,3,1
0,2022-06-09,MC,3.0203292213305293,4.948948905320401,1.914218909114209,4.062902638934344,16.3,2,2.9935539573831944,2.365206894672576,5.251304043431431,13.403376242526726,8.106893126510101,8.621726606895347,48.58432163736833,4,0
0,2022-06-10,MC,4.0910899056077525,5.159879948729094,5.230376076086416,4.64455962315488,22.3,6,1.446954867070812,1.9386778117833967,4.406877452047599,5.267540286126554,8.7768871505733,4.643214634196884,55.8232810040619,3,1
0,2022-06-11,MC,0.17363634712113418,6.0,1.5903237485889685,5.523080013728515,15.5,7,3.3977997615808135,0.7778758103579957,3.169430399390326,5.695132137006593,8.491495939173367,9.832174223629995,56.317835050374924,5,1
0,2022-06-12,MC,0.16334402678931292,3.6182360659461756,2.7949606513017677,6.0,14.7,1,2.652965990527669,2.1051415018817523,5.402006107749188,4.473146804012823,7.35315281077899,8.692518464779825,67.7085757846062,5,0
0,2022-06-13,MC,0.16334402678931292,5.439797098277011,5.768042355408279,2.665332070585483,16.4,5,3.4997467091477215,2.335617559273155,3.881647251314157,11.754498510264499,7.233998643868401,7.241433420989595,44.17852887941791,4,0
0,2022-06-14,MC,4.723672040162777,5.515887261276399,3.425228972899093,5.096541618442472,21.9,3,2.743163622278942,1.7380205831317714,3.8518691337469417,15.148742349822744,6.272812156038174,2.22537102021771,34.478354661893235,3,0
0,2022-06-15,MC,3.7923756260356987,5.75435245167228,4.685956875119481,5.299167471493003,22.8,4,2.6741938208855536,1.9536058385050628,2.682286198858945,4.267992067094285,7.46591268974624,8.33502193157867,83.73526081794306,3,1
0,2022-06-16,MC,4.1159296824672476,6.0,0.6676552202289319,3.7165557349628613,16.9,3,1.0968632341270426,0.5059158606334209,3.9078856339437538,8.937193276856044,8.734133513149263,5.853392955848625,61.75255488741815,6,1
0,2022-06-17,MC,1.644382230042158,4.287597228044573,2.1272219455155867,5.054235325202595,15.3,5,3.1358321078642803,3.3986150371203143,4.366115414289419,15.18334221399842,9.488681007015995,9.773795491574582,26.962998670686375,3,0
0,2022-06-18,MC,3.9640288365151974,5.804882800186438,2.137126934146223,5.521328719138485,20.3,3,2.132203536827151,1.5945847146672905,2.9866117886885126,14.560350929874458,3.3477693510064324,8.888780980475737,14.014307138199191,3,0
0,2022-06-19,MC,0.8162158741356116,6.0,3.15981106451461,3.581910422873431,15.8,5,1.0180042951808628,2.024814043222759,4.235495166833825,5.6996917417636865,5.673313407891886,7.111072686320241,72.58249190002869,0,1
0,2022-06-20,MC,3.19052911687783,3.686407736031454,2.926390653772394,5.9383147538243435,18.4,5,3.210292541330304,0.018015879456365957,3.848881934869031,6.958806656010961,9.778766148518587,10.0,69.56270683594873,4,1
0,2022-06-21,MC,2.633171855840483,6.0,2.095663304917483,5.444180721123354,18.9,4,2.9981383874494614,0.491802069524202,4.713652628914143,12.231979403265022,4.637938387093698,10.0,57.490108692917616,0,1
0,2022-06-22,MC,1.2060229910184206,5.138870780248199,4.357077294772182,4.9609940942089725,18.3,5,2.9326338926455664,1.931618891135216,4.5289347575382894,4.936245735009352,10.0,10.0,19.71761427910267,4,0
0,2022-06-23,MC,3.666542537446107,4.2001196802432545,2.582571582641751,6.0,19.2,5,0.9871339816366456,1.506815170838285,3.853677661436735,6.789281020923237,6.74347461985023,6.38955718153437,39.54663550757598,4,1
0,2022-06-24,MC,0.16334402678931292,6.0,3.1590403762286337,2.84637688129574,14.2,3,2.364403344378423,2.1639431560602533,3.0846102467762595,5.670946327951784,8.340120464862812,4.328706288526179,58.35035798789657,7,1
0,2022-06-25,MC,2.4306237270526942,4.599249365294924,3.3989155024215103,4.66275300459211,17.6,6,1.0341173097265248,2.575384068594812,3.0426120677414006,8.744176865757417,6.749040254039888,7.636663925277459,43.14387978280361,5,1
0,2022-06-26,MC,3.715501407179374,5.841746710980486,2.3365059108326207,1.6213777822394548,15.8,5,1.8872692633392643,1.3273991769499454,3.7423670022194306,9.854239860576833,9.47997156626815,8.604242048669262,57.55366047095964,4,1
0,2022-06-27,MC,1.7948990944201035,5.109903579375483,2.3884442826865016,5.8728653557171935,17.7,4,2.9976596904627333,2.4764951465851435,4.6816470190923125,10.231009977255514,6.107291129508758,9.270238488740901,41.02928092723619,3,0
0,2022-06-28,MC,2.5196175841365585,6.0,1.7992803177368555,4.307123153438108,17.1,2,2.57659406277919,1.651998621586085,4.790143951466684,12.23528970916987,9.388217700614613,9.567986951442176,33.767199650293314,1,0
0,2022-06-29,MC,1.6126608496883943,5.41294719974611,3.5582818537418586,5.80455758593798,19.1,5,2.3730770571115993,2.131217718058972,4.143850391997949,7.8747764896201655,8.044372321926707,10.0,40.216582745846175,4,0
0,2022-06-30,MC,1.466316867362592,5.965181828148453,2.942361854678743,4.247220223137274,17.1,5,2.9374563393772384,0.8626990428165415,4.390609155310646,8.032509922624765,5.33618839746997,7.273538337825136,62.17407928582142,4,1
0,2022-07-01,MC,5.449916189631043,6.0,3.224970766155856,5.141445645668505,23.1,5,3.303206478543566,2.372250878194585,4.385568880831849,11.14344682477698,8.281741314354107,10.0,31.57791298109973,4,0
0,2022-07-02,MC,0.16334402678931292,6.0,3.785067063811023,3.3278423602419664,15.5,4,2.6345811187347086,0.0,5.569780014580225,7.82217427471131,5.96233978784501,8.500763600670213,47.77600076722597,4,0
0,2022-07-03,MC,4.30269426437439,5.074357635195563,2.357583988121002,6.0,20.7,4,3.7094074299321855,1.9834662765738191,5.859122159953696,13.22522800442164,8.18419070502765,7.727733674449371,40.22638696649015,6,0
0,2022-07-04,MC,3.885032066967736,6.0,3.1411593912496114,4.85479853861905,20.9,7,2.297742916152137,0.4281112325598011,5.032959582119113,6.4310991655892975,6.86102293952425,6.40782582560963,57.81135416972884,4,1
0,2022-07-05,MC,1.7044416201582013,5.846169332122175,3.6788055948832854,4.314164352534786,18.1,5,2.1663388883693173,1.305312936115136,2.2030787165474104,9.281808548683552,8.437054899777468,9.831890895844877,60.75995801213847,5,1
0,2022-07-06,MC,3.81906899132983,6.0,2.932622323396024,4.328782514284197,19.9,6,2.636240784312033,1.4172457783998622,5.279028242883797,13.578154916864522,5.599176341608266,9.700970949164567,40.9877868119648,4,0
0,2022-07-07,MC,2.124420539725323,4.530976844139579,2.3209600622823334,5.299331439839857,16.7,5,2.958004818043521,2.9375890979313524,2.8291969973904854,8.861952924718466,6.919509134487443,6.324903553629792,66.52285813067789,5,1
0,2022-07-08,MC,6.0,4.676781987956834,2.923203100706465,5.117473358973345,21.8,4,4.377970468878215,1.0167132884526677,0.9748833188090069,12.681326909423197,7.480624834526937,4.376673536914928,85.9496578771455,4,1
0,2022-07-09,MC,2.7545888465856847,4.269754809714494,4.5278563510155365,4.789249418927504,19.1,7,1.4369366925665799,2.5216346212756564,4.957931957618063,4.830413627502709,6.122767538244934,9.171717087665012,40.87788673963608,4,0
0,2022-07-10,MC,1.477948994191817,3.9363915715860704,2.5520247982940965,5.536621971560972,15.8,5,2.5688669275957254,2.468519798378413,5.546527282046879,6.617261829701373,7.850831995196565,10.0,40.32451497082086,4,0
0,2022-07-11,MC,0.9251640156561145,6.0,2.6276944730292358,5.67149889684277,17.8,5,2.318063395054607,1.755114082982569,3.6715944318257003,9.912072590580102,7.442919646380314,7.177512703863861,57.41231079832621,3,1
0,2022-07-12,MC,1.2042896563378374,4.998181376329091,2.4866919016287765,5.463407949218274,16.5,4,2.3399206510925192,1.605485287237748,3.5797858322630702,6.296033077042617,8.979800741232486,9.153050134929908,39.8091750333885,7,0
0,2022-07-13,MC,1.6862527898933943,6.0,2.530875429404127,1.713153316548481,13.9,3,1.7658385362918443,2.5774759010002737,2.9321768838056212,11.850463233843755,8.708561756846368,9.608767803950883,40.84820301444074,4,0
0,2022-07-14,MC,2.8036203568439735,6.0,2.549843641526095,4.931378081889854,19.0,5,1.8343906707623865,1.207457478490691,4.143295754831976,9.085999065005215,4.1886880005119735,6.174238065590291,71.75536051918286,2,1
0,2022-07-15,MC,2.622075813323996,6.0,2.557002008067891,3.8757385969353093,17.6,6,2.2125235625613744,1.2462438055370206,4.249804028243682,5.665822957789695,7.1592974545897645,7.140358005584064,90.03834459853357,3,1
0,2022-07-16,MC,3.3891677846728565,4.883552592168143,1.5261616065527162,4.034705481758575,16.1,8,3.229606627043065,1.6479761541422633,3.954581874666279,7.9060145672153785,3.7364193649706765,7.734534699676085,59.131088144530125,7,1
0,2022-07-17,MC,4.959988156481231,6.0,2.0558504717526005,3.931758356775719,19.8,5,2.4296390855806114,1.2159222008171096,3.993169793334295,10.739504133108305,7.990009463107309,3.474904191051135,93.54569708001414,0,1
0,2022-07-18,MC,2.209415471110276,6.0,6.0,5.458789938752899,22.9,4,1.4668655643326909,1.9582284577328628,3.2338133673940517,5.86636623498504,4.596552794570056,10.0,84.83699569979214,3,1
0,2022-07-19,MC,6.0,3.5799819513905375,0.08361305747108494,4.402334377935961,16.4,3,2.8506902300189663,1.1219896253813824,3.983663974880513,5.189111056191411,8.885346958140195,2.8236274444495066,39.11323812850559,4,0
0,2022-07-20,MC,3.4025140392154123,6.0,1.9729018545927914,3.5066611643620904,17.4,6,2.552046631905746,2.851487872119749,3.974313886939017,8.591106514430557,8.318445331062199,1.0359815587355086,30.391587503095447,5,0
0,2022-07-21,MC,4.149516561545413,4.457292393133905,2.4322633577846533,3.3357781293740043,16.8,5,2.2641561695633934,0.5692473627779442,3.632823874666289,9.257986575110259,7.738516530791975,9.294649746055022,95.61782794876753,4,1
0,2022-07-22,MC,2.3240303421944977,6.0,3.184813526160401,2.35988805557789,16.2,3,2.8373623361952527,1.384941585499721,4.090594816120003,8.646192480453143,9.169535583903373,10.0,46.949634252475015,4,0
0,2022-07-23,MC,2.3999537341119597,6.0,2.6586382742823718,5.045565973110385,18.8,6,3.0100302866881488,2.1395282698435327,4.143559112157822,6.651630636765928,6.308808029098273,9.891930713779034,29.86088153939276,3,0
0,2022-07-24,MC,2.231612593456631,6.0,3.928658475896035,5.0319984537758256,20.1,4,3.8736322094750997,3.0560982856672574,5.217518359592283,10.09152643923886,10.0,9.374440234615847,57.64310654881087,1,0
0,2022-07-25,MC,3.9846648538511515,5.2852070427877615,2.3631722623106346,3.8079210472927087,18.0,5,1.6736202053033185,0.5405825456572944,2.2779702010590475,5.127844497566604,7.045138585823502,7.383073473112143,46.21483716759156,4,1
0,2022-07-26,MC,1.2715663222227924,5.4208951163492225,1.855688516075667,5.1506291035581695,16.0,6,2.6574086697216965,2.1786628487751596,2.656317230208451,6.850840709461364,8.604159119415854,6.832100102709314,36.43599889785859,4,0
0,2022-07-27,MC,0.372183513941561,5.887867011384378,0.4340194390642367,4.513770747423736,13.1,4,1.7876943867412376,1.8571419225994434,3.4478262166322486,8.010335563182355,9.765362993677464,8.760267366405106,63.574086228022885,7,1
0,2022-07-28,MC,1.327125285112025,4.408104731344675,4.106756444862061,4.3619141714118825,16.6,4,2.46466149933616,1.6122424841936371,3.7066939797107685,10.591826824011045,9.351101019367142,8.183615600120447,35.97922973737556,2,0
0,2022-07-29,MC,4.368159926823476,4.245836685079453,3.1193422691587345,6.0,20.7,6,2.943943474989303,1.1263194894169077,4.968431666330141,13.394811271146091,3.0011309918247138,5.070095653397704,46.17706160643492,0,0
0,2022-07-30,MC,2.047409974389656,5.1156499733054455,4.77770260822687,5.255592754003776,20.1,4,2.2218676955972696,1.6399673528580847,3.4633111194984183,4.785331672691439,9.835481174625915,10.0,48.357633417354705,3,1
0,2022-07-31,MC,2.7852878747253405,4.362017910239405,2.439177596842141,3.6144971921221667,15.4,5,3.525829731400557,1.4743714725518895,3.6929252003936535,5.7141137485533005,10.0,10.0,36.44045443542697,4,0
0,2022-08-01,MC,3.7062700524350136,5.758316416800494,3.9503021750073968,3.9152066918321204,20.2,6,2.3773980823809056,1.3517625584101303,5.599629654355866,6.816240902939805,5.885064869566106,9.018870189402977,42.31244431303341,2,0
0,2022-08-02,MC,3.207437699349541,5.27336560549361,2.6127453068444346,1.948963049838565,15.2,6,2.979287969672174,1.8725667661265,4.419237716279878,6.6427343019376295,8.159458724392477,10.0,53.348897841173674,3,0
0,2022-08-03,MC,0.16334402678931292,5.345741001893204,2.1583307378972876,3.59697476329959,13.1,6,2.4142422646348654,1.835682484648501,2.888050445041035,3.2842417156216834,4.164650397277116,7.980294346702954,68.02750958618006,3,1
0,2022-08-04,MC,0.4468299681262278,5.491320702139241,3.10921757150387,3.5525108350628924,14.7,6,0.7797706092575523,0.7924509103142096,4.655118170044886,10.907445729616587,3.7465661168543365,10.0,67.35157807084548,4,1
0,2022-08-05,MC,2.4032708816568578,4.122531402453864,3.3839858604437727,3.096156148262574,15.2,6,1.8368751799771328,2.756847030811096,6.2048704121417035,17.41737080303183,9.964994781278259,9.955573375949834,25.446170143850523,3,0
0,2022-08-06,MC,2.9466849778447566,6.0,3.0487395629167082,4.825939678530694,19.6,3,3.867988745338864,2.175883966036906,5.053818682405108,12.664233251497638,9.807734959882353,7.4305113264487925,68.40004769031998,4,1
0,2022-08-07,MC,3.458870770141959,2.6460456913227848,2.822961555220018,3.676535216739738,14.7,3,2.540687469170232,1.6554388246779368,4.482961857054031,10.31504303611617,9.98892014007205,9.35215575088385,44.31540173563769,4,0
0,2022-08-08,MC,3.007875468700958,2.746454959683759,3.1643401630324863,4.249313441406612,15.4,6,2.8143344534771453,2.569946261939206,2.821487598898704,9.562857920182392,8.76039432735866,7.090525550346598,44.42716902069085,3,0
0,2022-08-09,MC,1.0426427322029062,4.602624248481637,5.021792521747237,4.179083515688094,17.3,5,4.346201272578531,0.7730357035504878,5.0432476363092436,7.017536901673059,10.0,4.981182858222005,94.69209830371457,4,1
0,2022-08-10,MC,3.6690060985389756,6.0,2.1852699283320245,6.0,20.8,1,0.6038239925686398,0.6652604848279249,4.200099260594903,12.973601545884806,2.8955699627175653,7.15294001956622,59.74793946118198,5,1
0,2022-08-11,MC,0.5338603730424065,5.9637944962876475,2.9812228480327434,4.750851285023821,16.6,6,2.680211259468022,1.4241777804821376,3.2567780258885373,4.5098616517606205,6.24903101588719,7.415963352249872,53.89919576518346,9,1
0,2022-08-12,MC,5.556020644949197,6.0,5.499882068786594,2.811476321556702,23.2,2,2.9122886286859337,1.7328683501495767,3.8682202899725353,6.788090280018723,8.962973566621839,6.726856120717459,71.17090250186902,5,1
0,2022-08-13,MC,4.725200116504324,5.089155968843195,4.2920160098011655,4.866542529307701,22.1,6,3.6693946217997055,0.596652123670818,3.615461912819246,5.721290032223129,9.329905106498671,6.79609231347337,36.867759427903515,5,0
0,2022-08-14,MC,0.9898493595474858,6.0,1.6941952830497242,4.953122131947986,15.9,4,1.8450454000184944,2.6446127798234924,7.661466155950503,7.401748919319746,8.950147010866635,6.895399442623138,21.020430932492015,6,0
0,2022-08-15,MC,1.9465222042857824,6.0,3.7983273628926653,5.199950299525126,19.8,2,2.3431743827971516,1.0535031868609166,4.172175272652932,10.876822017912039,4.140095277729813,9.84044170235519,21.22570270963498,3,0
0,2022-08-16,MC,3.699240645381121,5.507208515525141,3.4024372710405255,4.103025910053161,19.5,4,4.5602621725005825,1.12564742249989,5.548078136602431,10.319554006723362,8.48294779646354,7.0484682813367865,63.43985541756547,5,1
0,2022-08-17,MC,3.057641922654925,5.143455124836984,2.5637812971401477,4.464394797083698,17.8,2,1.7415074539629622,2.8532804566767744,5.651838620721312,12.698177247778903,7.3489077090014785,10.0,20.936537096811666,7,0
0,2022-08-18,MC,6.0,5.39979668117544,0.711940323223438,4.103545373040559,18.9,5,1.9555397392354514,2.4004632326334914,4.139873632974015,10.296383020116755,6.938721090053324,9.112280551063094,44.54499164734361,0,0
0,2022-08-19,MC,2.8905381483671033,4.964966339074157,2.5063849282061,5.200299386009107,18.2,3,2.748028937192318,2.0281991668561217,5.5003644180583,11.511317431037037,10.0,8.363121032146552,31.58890849995346,4,0
0,2022-08-20,MC,5.422941640211638,5.709865024905146,5.005737606595703,5.970231042732641,25.8,2,1.1646974632911746,0.691203782127001,5.401524327234961,7.406615533650644,9.68962166282363,9.922410123487573,20.81498382829278,5,0
0,2022-08-21,MC,0.44439421892947584,6.0,0.0,6.0,14.5,4,3.992582738830946,0.8962223574767483,4.714328299236346,9.323718895579065,3.9922827333484388,6.290705668772923,63.08913994291505,0,0
0,2022-08-22,MC,0.3027615459269013,5.328487945113664,6.0,4.847740945561299,19.2,4,3.678355777592393,1.9694629422792,4.474297261520203,11.235782892994141,4.4844226656005794,9.15302765087461,42.1972064454357,4,0
0,2022-08-23,MC,3.806240788469189,4.4226271566481685,2.761502881261892,1.9199287776714995,15.1,5,1.1479509062198232,1.3499072546692072,5.1948761771385605,7.2443532835748075,9.409921345350487,7.725871111368509,40.08177319656312,3,0
0,2022-08-24,MC,1.4472045600916974,6.0,2.535528411770888,4.132979645357697,16.5,3,3.539415861481255,2.2147132156806397,5.864708781149206,10.056143340244168,4.341819892977826,8.829611455170658,38.22620285533415,2,0
0,2022-08-25,MC,0.16334402678931292,5.974632278058184,2.5902961200577956,1.9122112032058958,12.4,5,2.6125212738469665,1.3488101925436253,4.5062442560404286,4.018912841883722,5.288895609494405,7.9129598966842485,61.077001133348034,6,0
0,2022-08-26,MC,2.405275272446085,4.851585624361088,3.47811160808721,4.64176691261403,17.9,5,3.751392364723895,3.733018478214716,3.588411978034667,11.586394757255581,10.0,10.0,47.586533436492275,4,0
0,2022-08-27,MC,1.780791311119922,6.0,1.2143921520793255,1.8032709174937287,12.6,4,2.5942170575213965,0.06418846956480917,3.0182907797620926,11.737895777255371,7.159693904085247,9.186960170810966,54.452971404887606,4,1
0,2022-08-28,MC,4.2910645561273935,5.911000043793344,0.07984891584859533,3.9343096076993884,16.6,4,2.285890998061428,2.2490963129149875,3.275869026876874,7.274141779312861,8.658639470676505,7.611079536587977,33.086736800178905,4,0
0,2022-08-29,MC,2.855123331231033,6.0,3.4253423669577514,5.488101479066984,20.7,4,3.202494709042243,0.7825089007475544,4.0519577408228695,6.784497141154305,5.803253814709485,9.526401888166202,38.30723499770343,3,0
0,2022-08-30,MC,1.233092880231993,6.0,3.0410520236057628,3.223769703057008,15.7,2,3.8940984929164566,0.5245269420433791,2.9916894367318085,6.586482676347347,7.266637155831146,3.5499542455133835,24.144779693087614,4,0
0,2022-08-31,MC,2.8725128068272303,4.08394073258061,3.1781049118915625,3.9687168158416686,16.5,1,2.3651631726678857,1.2814782499721789,3.0862921726493253,5.660251884292602,8.58060567906102,10.0,79.51600230280992,8,1
0,2022-09-01,MC,1.6608366684435707,5.86091257098186,4.9009853950427615,4.19848780637109,19.4,4,2.186029865882329,0.0,4.342823022586427,3.943653536496542,2.8955699627175653,7.050101681464306,32.27982714811116,2,0
0,2022-09-02,MC,4.373482969449661,5.004960928253715,3.100877183492484,2.065784776570158,17.0,4,3.694043090205238,1.4971254361427182,2.503263841775173,5.627493896671845,6.591576245551372,5.231454604730902,92.54988958127277,6,1
0,2022-09-03,MC,1.9531049832679646,4.49475233552161,0.0,6.0,14.5,4,1.0136909558862262,2.736785280832616,5.007862189606214,3.401501467986717,3.0744295241394406,7.734134480527121,15.417978893312975,3,0
0,2022-09-04,MC,1.1349815302195716,3.6997140893659486,3.324417307175457,3.9825265317362835,14.2,3,3.138574793352968,0.9888248605382164,4.594630214228781,4.631877153746695,8.890420792257554,8.942796304247533,20.637941662293425,5,0
0,2022-09-05,MC,2.5540295073102848,6.0,2.736677570520504,4.416631929014663,18.3,2,1.9659878655046252,1.462138509854281,4.968580256536436,13.790898571232916,5.6952393288265135,10.0,41.89868927896148,3,0
0,2022-09-06,MC,0.16334402678931292,3.724460293833778,2.626204267075477,3.7939515533465995,12.0,2,3.08923534460003,3.0741819380627637,5.105382331784525,11.363503950151745,4.82118153265305,8.960308587214422,58.274861318631324,0,0
0,2022-09-07,MC,0.4383315537138768,5.827932684947813,1.3993050384853434,4.056555309256138,13.7,4,1.095030250974692,2.839745657946858,3.852467095310795,7.321046009164836,5.46345162476891,8.840455117121168,65.3581128309945,5,1
0,2022-09-08,MC,0.16334402678931292,2.2060185708326014,2.284062036213891,4.586491825097767,10.8,4,2.2175018266537005,2.2683469492198274,2.380946538287372,5.642317146500495,8.317435057088806,3.5496449410679807,51.92613198495826,3,0
0,2022-09-09,MC,1.2295485357548117,6.0,3.328879130239731,5.739677736087438,19.0,3,2.7594365205945053,0.40165883671649594,5.234085948771223,5.662526129781281,5.894713050565436,7.0772690477047835,55.11209330989723,5,1
0,2022-09-10,MC,0.749301209901654,3.7694552181166645,3.0068259584683417,4.629374361101737,14.2,6,2.0238685842180626,3.292899061566838,3.539027667713315,7.4776857693919405,9.343812342529057,10.0,60.293745994591774,4,0
0,2022-09-11,MC,2.189248937143395,5.951496873954967,3.6481999591703,5.414101926189392,20.1,5,1.489475520235164,0.873454187605899,4.185811285393398,5.768940320100509,5.389040762006799,4.402669372789487,69.27357365994528,2,1
0,2022-09-12,MC,3.6092261207750393,6.0,1.4365168476841834,4.898155908244293,18.6,4,3.4881759494403743,0.1981294237550839,3.546636859963333,6.381772730481607,3.9901742458067764,8.105183505964614,38.08997284919095,4,0
0,2022-09-13,MC,4.61263740840498,5.502137915284488,5.3774481547118835,4.938678435140769,23.8,2,3.018731417468789,1.1813549675084898,3.0591871893060927,10.446317858910323,5.323185862520684,6.988440195178446,49.58126348717415,3,1
0,2022-09-14,MC,5.061444528474635,5.430301366218813,5.252462961205454,4.0734477559427,23.1,6,2.875147168623323,1.849720553864639,1.691586310505988,3.4051247359844,5.685977192691666,8.88272811911395,30.35282760064612,4,0
0,2022-09-15,MC,0.3382305856509835,6.0,1.5358335893030803,3.1295836197120073,12.8,4,2.124562310490775,0.8780707343945663,2.8950368222302805,3.95215978113018,7.37642739224432,10.0,37.168370481220045,4,0
0,2022-09-16,MC,6.0,4.310844215243326,2.696936548097715,5.0571449645448885,21.1,5,2.6331412149160887,2.0852067053347363,3.555317630001668,5.959399145158495,5.303843566784054,7.564986263779718,67.35665610760708,7,1
0,2022-09-17,MC,3.1087461228974327,6.0,1.434137357964508,4.682416081044155,17.8,4,2.1969577636932476,0.9086364612861778,5.202106724848079,8.50333952327712,4.197754022488744,8.182259889940873,21.290554032376175,4,0
0,2022-09-18,MC,0.33704676346736484,6.0,5.642687585834289,4.61894850589466,19.4,3,2.7378090443756036,2.696575705025129,2.5740248565878616,8.352593909756546,10.0,8.321276069574939,44.2514266595182,0,1
0,2022-09-19,MC,1.146006277703225,6.0,5.2592340648167575,2.6256952722398674,17.5,5,1.233373518086788,1.1972539388715597,4.931043128720538,8.422447901083496,6.920053269246563,10.0,33.916607026183534,2,0
0,2022-09-20,MC,0.7055530933779215,6.0,1.955305783341833,6.0,17.1,8,4.541258491024202,2.3660785991783255,4.316964160470476,10.524250880687383,5.533015103551323,9.33924909766945,98.33576449263165,5,1
0,2022-09-21,MC,3.335579706739388,0.9817547189589102,2.163326036521126,3.624883367704811,11.8,5,2.552618794339732,3.84685084344048,3.030431621608389,3.6795768531555897,10.0,8.72776587377904,61.51592464163006,2,0
0,2022-09-22,MC,0.7583131925953928,6.0,2.331728932091989,5.637867741754902,17.2,6,0.4498625607243776,2.591220005932239,4.850887223715791,2.763074501273979,2.9399466856790064,4.194625987326202,65.66122635305179,5,1
0,2022-09-23,MC,0.48403590356773085,6.0,2.1096932781935855,3.9486074283383537,14.6,7,3.5819656826276383,0.8085037218585432,2.274798682851201,4.755891281477899,4.293393597222644,7.913891799275257,40.295123679600536,6,0
0,2022-09-24,MC,2.8903348527244246,5.636670665533948,2.5146016048600233,4.34416062449292,18.0,2,4.24807195765576,1.4539076980333772,2.415959351790893,6.683634576838556,10.0,8.98004591137068,39.00975939426942,3,0
0,2022-09-25,MC,2.373145735337375,4.489750517889217,2.296806616106416,6.0,17.7,4,1.23303202158765,2.1256372158126626,5.675147211378149,5.348703873639855,9.793945236132283,9.602812868692448,38.236545099830984,4,0
0,2022-09-26,MC,2.8126643271086342,4.253818186749855,2.8550107082665566,3.9685719118427962,16.2,4,1.8256815878643748,1.5053466290430533,4.0883480847013525,13.221375253976229,3.686180632487819,10.0,78.20937425317412,4,1
0,2022-09-27,MC,4.374949091985007,6.0,1.9722985565318663,3.4092382476551792,18.4,2,0.938991921263156,2.3764748964912865,2.982348580297537,10.395173142815487,8.464945579952767,8.4495294480064,70.93363930629353,5,1
0,2022-09-28,MC,2.891994748718696,6.0,2.6623512156140228,5.631534873847462,20.1,4,3.3258420432025115,1.4120619216555164,4.121670088672378,12.3230832579379,3.267806384829401,8.287520158774953,50.69417638829701,4,1
0,2022-09-29,MC,4.839384985261032,6.0,0.7322064091456708,4.447903002319064,18.7,1,2.926125737669881,1.2634481247347675,5.2742781394776586,16.683875128031513,6.882385034231158,10.0,14.86332751044555,6,0
0,2022-09-30,MC,1.7426858760437967,6.0,0.1291698403804329,5.27323587456431,15.3,4,1.2863803530161189,0.8615548984896132,5.968479321619857,6.8983781704257385,5.929431984600329,8.714485178200368,50.19257533100996,2,0
0,2022-10-01,MC,2.2509938105075196,4.909291522419173,3.0989969234850863,4.037032684172321,16.7,4,3.8116465486907334,1.4574603663471117,2.931002557770251,5.665833097806716,8.743692283525187,5.838834999834823,41.45185215137679,3,0
0,2022-10-02,MC,2.1953022824578965,6.0,2.673015026923869,4.1674469643005905,17.5,5,3.257804419349984,0.9805565089050425,6.584073941054956,10.01251375942153,8.844033346238747,9.077844805575344,24.858766957498247,3,0
0,2022-10-03,MC,1.3304136800665214,4.047220486840834,2.6549679486562128,4.089095123671583,14.1,3,0.9370887894385609,1.9026809465229817,3.408031827726097,12.88835752483465,4.9677473944020525,10.0,39.72786865516524,3,0
0,2022-10-04,MC,3.3274652008554124,6.0,2.6166469464307,4.96261700844542,19.7,3,3.0564428542544415,0.6179907685029044,4.442233460842437,5.790075549472231,8.597996947571563,10.0,55.01444023518947,8,1
0,2022-10-05,MC,2.455077610633228,6.0,3.924171445229264,5.594851827012423,21.0,5,4.295125269300483,1.9144669347053924,3.733328036934792,6.578237930952884,6.90657876951142,7.375594824384942,44.79654094126494,6,0
0,2022-10-06,MC,0.7234298321486545,1.5535587121303642,1.5446296060577398,2.304884986275613,7.1,3,2.2316469719206085,0.5414946852335163,2.2305657217218604,10.565777792542397,9.142759095699429,9.016531901949003,39.26157399010477,3,0
0,2022-10-07,MC,0.45081610373604386,6.0,2.1467812757903557,4.356083265587609,15.1,5,1.15841337616581,2.5954781662996878,4.6654286125220485,10.244459281259472,10.0,10.0,40.65534126592409,3,0
0,2022-10-08,MC,3.496473651851494,5.439070671850068,3.888049934872871,3.556472167791708,19.1,5,1.5582327075553957,1.8642283764201633,4.954135681653591,5.943734591709332,10.0,8.220474155315095,16.567082723742207,3,0
0,2022-10-09,MC,0.16334402678931292,3.51848907275346,2.4888968479054823,4.717843220737805,12.7,5,4.4134101576112785,2.9160775819093345,5.340762329083322,7.755251775976101,9.418494568734465,9.400504158454524,24.335772828292964,7,0
0,2022-10-10,MC,2.1071600550716547,5.325119450431514,3.198307553400936,4.595418473398442,17.8,5,2.4938713518768245,2.76835943105804,3.55337143477689,12.351309675987917,7.38144639713751,9.004113343628783,73.06434444878413,3,1
0,2022-10-11,MC,0.16334402678931292,6.0,3.295402433688002,3.712658771160957,15.4,5,3.39946901798115,1.1173480694057532,6.361576867880614,6.099183993785311,9.04647995937626,8.453732969902497,38.53608510601382,3,0
0,2022-10-12,MC,6.0,6.0,3.4181896070060978,5.368701800261646,24.3,5,2.0914573780565817,2.2638700132539364,4.086570051116811,6.396486817410918,8.779081609024427,8.277944312149074,20.62532289609141,6,0
0,2022-10-13,MC,4.642073497912048,5.586894934148223,4.564120228795559,4.365072795720566,22.4,3,4.309825638711181,0.522348868896048,5.372618116498082,13.208649581873368,5.570134896743514,5.422271240802485,61.390264984749514,0,1
0,2022-10-14,MC,3.0466088677867917,6.0,4.824929630156823,4.296957604447291,21.2,5,2.4242816849008118,0.5289051201465438,5.5793813977916225,9.199729780344171,7.7614085632789545,10.0,27.51329612248711,0,0
0,2022-10-15,MC,5.952970234223379,5.6141962030533525,4.4856266943849015,4.730453243935191,24.2,5,3.412712447372122,2.3697397627507844,5.934927446032448,6.469727339735049,8.59826037784435,10.0,61.88623960034265,3,1
0,2022-10-16,MC,3.6538524488289834,4.021017675104902,2.103857598769392,3.079200713093619,15.0,5,1.127663772938246,2.4387370270259963,7.04838346211536,10.068100963437718,8.785712433680002,7.273527100691808,41.71003243197725,3,0
0,2022-10-17,MC,3.6225602211875483,5.907000462895624,2.9134193409685754,3.45616227581726,18.5,5,1.8535665038270615,2.5685584456580317,3.130108246504941,9.480453033930685,7.593571304805764,10.0,60.57643258756516,5,1
0,2022-10-18,MC,3.349648665319163,1.7160051260545437,2.4415475357390197,3.8329416811037493,13.2,2,2.759974031978268,0.560075517575884,3.277454586335267,7.11518088315279,2.8955699627175653,7.066701244179668,62.90815780801202,4,1
0,2022-10-19,MC,0.9010036048210637,6.0,3.9630551277092243,4.740703552432417,18.2,4,2.0771696694588493,0.9894325297006901,3.1471386564401387,5.695659395082078,5.942523340845658,8.51506836755077,23.921761608624934,4,0
0,2022-10-20,MC,0.320160771914225,5.314266748670651,2.791913872951215,5.437662024563963,16.2,4,2.6642976903453706,0.7933810298995116,4.137109899935139,7.162176741222351,8.448689182067127,10.0,15.7586048084503,4,0
0,2022-10-21,MC,5.3009447151787406,6.0,1.8725729352629603,3.3052259437213776,19.2,3,3.5665708461233563,1.8663500936165773,5.8500209188193635,12.703025459045412,8.289968842676,7.173822510638011,13.91728992167385,2,0
0,2022-10-22,MC,3.0193057863015733,6.0,4.5826084502818825,5.7540378875409575,22.6,5,2.862562210743709,1.6322541104390638,4.851082511103056,15.23705054184247,9.885365330883428,7.360163133931623,28.817227150096016,6,0
0,2022-10-23,MC,4.088530632945705,4.099515379794451,1.4680636246290422,5.855038003151539,18.1,6,2.315604237415818,2.2292141275487793,6.576494196334267,8.94941259856657,7.948792705282286,10.0,38.03042126246099,4,0
0,2022-10-24,MC,2.90956639908817,6.0,4.57593697791979,5.464808895647994,22.1,3,2.3832480624323407,2.6925735418068593,4.870761425285615,9.307915623779838,7.88757017843463,10.0,52.46635435480318,2,1
0,2022-10-25,MC,1.8809146429594634,6.0,3.6227618860798527,5.0061790820382885,19.3,7,2.3026926140224133,3.3844805694854894,4.024983872353472,3.0299849680284243,4.7322340219192665,9.785318632956441,52.0684044243269,4,0
0,2022-10-26,MC,0.22159639124665098,5.088821202160126,4.626220108985164,3.725951700000909,15.9,5,2.5631510587722444,1.1200665231251317,4.805841537306782,5.9445466251920855,8.5972056937522,4.814358495302468,35.0546934474779,4,0
0,2022-10-27,MC,5.019063995261588,4.734980408008135,3.8201057515158983,2.8779637351848537,19.2,5,2.3184482226294842,2.186062396586617,6.097028539417815,4.959905087895564,6.717975359125291,6.145400215294922,13.30096351011276,2,0
0,2022-10-28,MC,1.1501365240225527,6.0,3.887498615045694,3.2171165413926945,16.6,3,1.5834899809238936,1.6063390639390487,6.527932949348944,5.273005627592653,6.61937733408597,5.224013629895895,59.54813088778967,5,0
0,2022-10-29,MC,2.4214138860525334,6.0,5.605390781098008,3.0267601933406514,19.9,5,1.0946373518213495,1.5694737986017941,3.503802294958187,8.383861037981873,6.693398136744535,10.0,48.97090071170789,3,1
0,2022-10-30,MC,3.4142856217904445,6.0,4.6605422411968425,3.1723049634784206,20.1,5,2.7391314934105284,2.1408262218911807,3.673767354218737,14.933807367311239,5.1960975920769386,9.832141381963647,38.22886740247406,4,0
0,2022-10-31,MC,1.5312745192896198,6.0,2.6415123275910655,4.200533347160254,16.8,5,2.031724439992329,1.820271828674961,6.4327890396963205,9.592269228395567,5.717972256368495,8.23158073443874,19.983501960912033,8,0
0,2022-11-01,MC,3.093873675111016,5.11978506095306,1.6993206595106356,5.235640503425403,17.7,7,1.1751969235016098,0.9715663655492637,2.6180503118253897,7.025962113433505,5.8522396179706035,9.707471024458965,32.60728883110728,5,1
0,2022-11-02,MC,3.0816097281591994,5.579851629513142,3.2996349218976446,4.005328879260998,18.6,5,3.1320594729076086,0.9690920276554436,4.12170903389978,6.99718626147417,8.655792846525703,9.68209439825962,53.30560334559833,4,1
0,2022-11-03,MC,1.8246887089988344,5.864924763425165,1.5272424601172383,3.874159374280253,15.3,3,2.410818768526259,1.231426511188633,3.5443221310148063,11.240132074655085,9.629148278656956,10.0,21.81522702900913,4,0
0,2022-11-04,MC,3.1782666314783268,6.0,2.778903998872584,4.960201162157289,19.7,7,1.4241132141305035,2.4094487835462703,4.832366202090687,7.983239969445404,5.882788821694332,5.979100692186844,26.023347447219283,0,0
0,2022-11-05,MC,4.109777400958161,3.8194592151120776,4.483191145402591,4.389894475513541,19.6,4,2.0032619256100554,1.3741240870546827,6.245843509341977,10.371054645067225,7.365080964122806,10.0,37.981081386393285,0,0
0,2022-11-06,MC,6.0,4.575580821056148,3.633600842232738,4.528582830068484,21.9,5,2.2886647661549078,2.8798927782349164,4.807731355579548,6.171124837199729,4.187563168987278,8.36180059300791,20.171481467655457,3,0
0,2022-11-07,MC,4.082037844984834,6.0,1.7254568551460876,5.534069191011863,20.2,4,2.942073465869443,2.2047364053796756,3.7822365834511484,10.309525636514401,8.877296327422046,8.035990010997729,68.90183248939185,3,1
0,2022-11-08,MC,3.340208008846747,5.83503454520723,4.359329460247505,5.183025064916419,21.8,6,4.201515001470798,2.122406162543993,4.248154704095328,14.340254400951828,3.8743714818560013,6.43727442818925,32.49980873780927,0,0
0,2022-11-09,MC,2.5443516542210456,5.855632818534869,2.4809376383254698,6.0,19.7,5,2.726710388908619,1.3319663487649969,4.550685262577049,8.516990472161142,4.113159000653117,10.0,56.856069687185865,1,1
0,2022-11-10,MC,2.4909637022566034,6.0,1.6259823286065889,5.371844587756108,18.1,5,2.349720129008614,3.535592608967997,4.74103008649304,9.544882665961334,9.438537725993058,7.115612676818844,30.400775308056698,6,0
0,2022-11-11,MC,2.838088744362784,5.797171149076988,2.325839041329826,5.455480801187107,19.2,5,1.957947435168611,3.1796853710503705,4.64573941504648,6.760528934883676,6.979582163724924,9.14819799549636,27.1892412279204,5,0
0,2022-11-12,MC,3.131687156821692,5.781215962684367,4.254637380990713,5.587561586261693,21.9,6,3.385682870098221,1.8295330290870906,2.595291726980012,5.195850038425041,6.892619152737991,4.753946899739826,48.233647966060104,4,1
0,2022-11-13,MC,0.1667348351655349,5.518374216264761,1.5996609026228903,4.398401036098256,13.6,5,2.870407879966332,0.5917267399900701,2.6212269208321275,8.005226880971355,7.673649420599292,8.978473377051829,36.40987750445246,0,0
0,2022-11-14,MC,5.147510337951707,3.2413552400019197,4.441408856909663,2.8098497659368835,18.2,2,3.0115070590216235,1.7665435500551618,4.4364854528030175,8.955583511691568,8.139661018122633,10.0,28.62988135728558,3,0
0,2022-11-15,MC,2.1720516845525015,6.0,2.326230817166179,6.0,19.2,4,2.7067593530012495,0.5246101408121268,3.770984369385047,9.381945593214793,4.361328255191278,10.0,18.799716054990544,4,0
0,2022-11-16,MC,3.3372161814913612,3.0344951679665506,4.401328269809061,4.63973418753715,18.0,7,2.579859111946093,3.1961029438750588,5.193643009917463,9.965279009315255,7.983839210470165,8.05955898355386,55.37595740003972,8,0
0,2022-11-17,MC,0.16334402678931292,6.0,0.0,4.317566437106869,12.2,4,2.9397896429881967,2.4488618584254427,2.1935265144675586,6.436294881456851,6.375790931044395,8.310024534058893,35.96956986962569,5,0
0,2022-11-18,MC,2.7875327269379953,5.313648606439508,2.7102687449436034,5.970346352925053,19.6,4,4.099612726311853,1.6889245960579966,4.734532902695858,11.219402669753906,9.956919075668067,10.0,16.34492832880467,4,0
0,2022-11-19,MC,1.435707863944693,5.865198799263531,4.290321747563902,4.942200801592793,19.3,4,2.3651928574203973,0.0,4.576131911685981,6.234595580893437,7.831038145203983,10.0,48.90000398211202,0,1
0,2022-11-20,MC,1.6703109182317588,5.572326528975438,1.699617994742523,5.201719936982155,16.5,4,2.4522914176566153,0.9647764344294064,2.5808305125142814,7.7007927584283165,4.667987117666826,7.0157256873539335,49.2765530881331,3,1
0,2022-11-21,MC,3.763909496211147,6.0,0.878380274821662,5.722583721039299,19.1,5,2.7835980583201763,2.270887946353725,5.898913736834005,12.331661631645296,4.867586813602474,10.0,52.7097981212738,1,0
0,2022-11-22,MC,2.3262088902091342,5.986520696832304,1.5675499700389883,5.993316962566981,18.5,4,2.8347762263578,2.6867075039347244,4.077376769860374,7.29610058962327,8.25728501851415,9.433904243558194,63.37009291516115,3,1
0,2022-11-23,MC,0.8281949794916765,5.074809522310313,3.396342738968642,4.869626955433629,16.5,2,3.2774394915725242,2.7057425991574817,5.172991754508634,9.312712579274802,9.094481134716936,9.350305292586324,53.731360278462944,3,0
0,2022-11-24,MC,3.9791060956309874,6.0,2.0744305321492256,5.148239579147958,20.1,6,3.1390548108808263,1.3060871264809815,3.745629459352824,4.7461624388744665,4.758869836493049,8.958040848737339,43.52582322037633,3,0
0,2022-11-25,MC,0.16334402678931292,5.001853968155467,1.743904079338189,4.231141224396487,13.0,6,1.631473340546335,2.186124838842159,4.59276840395546,10.744333588749676,4.641407476786002,6.108883572784715,46.47463985163483,3,0
0,2022-11-26,MC,1.4344288953080762,6.0,2.5667610772271674,6.0,18.7,4,2.598319174360294,2.7114643384924033,4.180933918692512,10.775229186850714,6.55693994023038,5.779396733131261,67.81367436570402,4,1
0,2022-11-27,MC,0.7895928950451274,6.0,4.632989137495277,4.766896763660962,18.9,6,2.688887241886722,0.2842372901369644,4.772491750959445,6.32741109519754,7.526848997505297,7.652796504912132,38.21474797060508,2,0
0,2022-11-28,MC,1.6149317320616123,6.0,2.699552802718906,5.028542432700557,17.9,4,1.5705342206598778,2.6462354316708194,4.893019106471103,7.744360294952204,9.982245947723785,10.0,28.284803566614194,3,0
0,2022-11-29,MC,3.4921434690894158,5.196984376663645,4.113960057722014,4.171438705474322,19.8,6,2.974982218421284,2.2939195647510977,5.852556636871482,12.642469891445465,6.56260755921926,10.0,72.38477224176256,4,1
0,2022-11-30,MC,0.16334402678931292,6.0,0.35243812508263783,4.294767437388896,12.6,5,2.613770383727498,1.4481193233235747,1.6719267753942886,4.632246101202941,6.535061660929888,4.942584360041309,85.66318394465068,4,1
0,2022-12-01,MC,2.3369156611456896,6.0,1.3207362078671392,4.840214218778993,16.9,3,2.8608628996339784,0.0,3.277155972658704,13.194082221382308,8.700668652701216,10.0,59.22957612930822,3,1
0,2022-12-02,MC,3.0599524066635704,4.861723209751122,5.190626280354574,5.449851393695196,21.7,5,2.8332304243180872,2.176605616984665,5.090649279270108,12.377992476098312,8.121715979659557,10.0,51.58773312339448,3,1
0,2022-12-03,MC,1.4840471584933888,3.065019568475086,2.2350745819759315,4.738704783587854,13.4,5,1.1465754174531573,0.5739356179013719,5.713896739019854,12.876028237570566,10.0,9.290595673816409,33.48783095292638,6,0
0,2022-12-04,MC,4.337700164057178,5.892926142806543,3.147105697732209,5.390727787188037,21.9,5,2.690130234858714,2.049469936140542,5.398197038802996,12.439923966687664,7.83467872644484,7.071476049323741,75.5484070697825,6,1
0,2022-12-05,MC,1.4528249890450575,5.305029790054483,1.3462640320315276,3.424458534616933,13.5,3,3.1648801586109814,0.8704931756001418,4.723867333532312,11.19662786898701,7.243163740514211,10.0,58.78549667947319,3,0
0,2022-12-06,MC,0.16334402678931292,5.623027508496182,0.0,5.23948574626999,12.9,4,3.189504920619452,0.9613102479182893,2.5125367672646126,5.09193756767085,4.799059216641584,6.559134134848738,41.90651182059147,3,0
0,2022-12-07,MC,0.16334402678931292,4.968465531877183,2.236773451761852,4.849173585226993,14.3,4,1.4796687538697655,2.4365343799174255,4.0677265017310855,7.2834414357446375,8.586413010970933,9.41448691714761,63.17602434901836,5,1
0,2022-12-08,MC,1.4595439978627422,1.9033533020085327,2.415605855161776,1.8464447123779923,8.9,4,3.0525836370431723,1.5824887526134943,4.980790830927566,3.9658888604702898,7.226857868528663,5.313511895013353,53.63288914520745,5,0
0,2022-12-09,MC,3.501339806746674,4.132818369139397,2.3060818111047814,4.441901650754536,16.8,5,3.2177742908434945,0.9922421753212272,3.840093312919911,4.695077829060838,7.982958718073585,7.733639732329421,63.96328164612337,3,1
0,2022-12-10,MC,2.352620136016725,5.2121132610736325,2.1998911465311695,1.6964742223933154,13.4,5,3.0071137318457595,1.8575696624200067,2.402039689772533,4.309670420822224,10.0,5.101277706077791,43.1006831992793,8,0
0,2022-12-11,MC,0.16334402678931292,6.0,3.6372481545449395,5.115223395291797,17.4,4,3.307161741169734,1.4850447960876607,4.3822807869362785,9.601895648606442,7.706775780294109,10.0,67.16705144917508,2,1
0,2022-12-12,MC,1.5043564192712398,5.664051653319979,1.3197065761948217,5.137668550600901,15.9,5,2.9643126846528642,1.4638097809380535,3.1196769194574854,4.321211826157822,9.56474063676913,10.0,59.675682245170044,0,1
0,2022-12-13,MC,1.4014578116429983,3.1401077143210956,3.875669684120964,3.5486181242079446,14.0,5,3.1043758540441067,2.634437002245482,4.123299962881102,11.011660413706647,10.0,6.378486191677505,22.638912760283677,7,0
0,2022-12-14,MC,3.2841265750840334,6.0,5.381115073001229,3.582504743474491,21.3,3,1.4809620221698174,1.1250774336507976,5.926994261084288,7.754279226337801,5.884588712990287,6.23540549465752,22.628853882329235,3,0
0,2022-12-15,MC,1.247507289655205,6.0,3.6852177452224977,6.0,19.8,5,2.426276485997417,2.2795025533822852,4.160188833501061,4.350396290405169,8.97172505425955,7.943335910864477,43.99356506046219,8,0
0,2022-12-16,MC,5.5312421085051335,5.213375982654728,2.381171132188533,4.599243683088517,20.7,2,2.0629424990757195,2.0899235143376926,3.698938000942724,4.7466947376548365,3.9006904787307226,6.5711612333101,47.80086391427197,3,1
0,2022-12-17,MC,1.987037268673126,5.281025058812078,0.761354539503005,4.425383139661362,14.5,5,1.7882618644217383,1.2602431305092914,4.9573050222383905,14.25320451029535,6.412581158655229,8.063412590031575,18.60983270206066,0,0
0,2022-12-18,MC,2.2797598660796856,4.115167069597278,3.8372501871486318,3.5766164799038527,16.1,7,1.524249163553657,0.035734313329091494,4.1253473995136245,6.89521840222618,6.169010627934957,6.740943217247295,66.91638093654517,4,1
0,2022-12-19,MC,1.3089120283601616,6.0,2.269602060225096,4.176352347866483,16.0,6,3.880080947880162,1.5277462416678158,4.899394855274713,9.273321256536875,3.1660325072427646,8.725897650873936,67.71507119103556,2,1
0,2022-12-20,MC,4.391589934340481,6.0,2.8055647814949745,6.0,22.4,7,2.4637154916192934,0.8084996378605476,2.973552641545565,13.238831666414423,5.810691364027846,8.152399759349835,75.79115445098327,3,1
0,2022-12-21,MC,1.8754680371167267,5.463455857251186,2.124013771546857,5.5417458530876065,17.5,6,2.4363691627169324,1.2305699042452387,5.185123400678302,10.429787452470418,8.971235492116456,9.443070358217291,55.37852014712817,6,1
0,2022-12-22,MC,3.7529201597970374,2.73247543505482,0.78476483474028,4.742813062150679,14.0,6,3.788017683852099,0.49365414815910025,5.236567716463971,8.692472235282985,8.534734485819673,8.82590231888054,55.17234163959283,3,0
0,2022-12-23,MC,1.461592929433036,6.0,3.067287952750789,5.274575495383392,18.4,6,3.269364401793947,2.6778012037171135,4.7589668626860755,13.68197256619293,9.749149737493928,6.304300972551405,30.834095380090698,4,0
0,2022-12-24,MC,1.4428470751091858,6.0,2.7608449412873854,4.714950780428801,17.4,3,0.03156149067809899,2.719187995530069,4.915358282077464,5.469696719485353,9.185108235969274,8.80302167720664,56.732954243663265,4,1
0,2022-12-25,MC,3.7778169262806127,3.4513677767825808,2.9119013004324,4.400836196656477,17.0,3,2.3306598004892045,1.8245608913571731,2.7351688645107215,6.161980819574315,5.511608678901134,6.214314848536338,72.25459700213493,5,1
0,2022-12-26,MC,2.7703122767238706,3.943297591404871,2.117970036010556,4.985953513611639,16.1,4,2.834541240678581,2.3353710378164454,4.2298388165763745,11.166288306532486,10.0,7.518036736783154,69.20107815420481,2,1
0,2022-12-27,MC,1.898852809615641,6.0,2.8785694839706126,4.810518607810483,18.2,4,2.9591233672649775,0.0,6.104479985814531,6.361600521843584,8.2839678570571,7.139355191749704,37.50901005591803,4,0
0,2022-12-28,MC,2.887044649772247,6.0,0.0,4.429427206845949,15.5,3,2.326049638273815,1.3013261934915965,6.402418420864085,13.256458910858532,6.744182899732165,7.345552677700791,52.895149367587514,3,0
0,2022-12-29,MC,1.4173880118968007,3.782925578884624,3.064550181616883,3.0797319866296604,13.2,5,3.737674097275838,2.5790903939473777,4.168223130954436,11.686953667770815,6.205685702763071,8.860673385752685,85.91053996740295,4,1
0,2022-12-30,MC,2.753305438060386,5.7182587838202945,1.6446887069185496,3.4406559162688923,15.8,4,2.5327755764838162,1.596016479586897,4.269442834680956,9.722829883369059,8.946678191085633,5.813808379014645,18.569579032997503,4,0
0,2022-12-31,MC,5.453659876716195,4.183613039873087,4.854165789241415,4.3429890250305405,22.0,6,1.1257630620769092,0.6098528599942836,6.913406715235015,16.170955352187505,8.143714066945469,6.957349353262773,23.34834374341091,6,0
0,2023-01-01,MC,2.581801876577872,6.0,3.142999744585923,4.35507766633736,18.8,8,2.551912642590919,2.034543125208702,4.376506205881514,12.886959629128615,7.963177830901947,5.573340002347063,28.966027840542285,4,0
0,2023-01-02,MC,0.995445862784595,6.0,2.392527956664962,3.7792936846595264,15.4,5,2.0854459131865526,2.20103372662752,4.248420695580381,6.508719623322579,5.801221010692512,10.0,41.70768703576184,4,0
0,2023-01-03,MC,4.108190044020642,4.128142397513148,2.568743091977408,5.012741953914923,18.5,5,3.1004425391372403,2.9948988770889393,2.424897844622659,7.967550415991135,9.157655609383074,9.339319495353182,54.058163630409915,8,1
0,2023-01-04,MC,1.9596752857836732,2.9186063207399897,5.204326842179148,4.352029689887639,16.8,3,2.7173677250077612,1.4602912522211162,5.304166996244161,6.679020159616278,9.845846045349628,7.0790092569504885,54.37445477586192,4,0
0,2023-01-05,MC,4.578482165633886,6.0,1.6830647657527291,5.900880041576877,21.2,5,2.6102469795366092,0.614068575634796,3.5975505437594757,5.00518644865902,3.768495114191812,9.676251855633588,99.05571191516108,4,1
0,2023-01-06,MC,0.8876601772266866,6.0,3.5726514358516117,2.8665229235396232,15.5,4,2.219439811244154,1.6551009594425776,3.9184750407767,7.195380915938799,4.354101768743307,10.0,23.22017427735345,4,0
0,2023-01-07,MC,4.593130170355825,5.2943892242564825,2.895286742206998,5.252947076163219,21.0,2,3.22780192255559,2.08140578724707,4.379728250394353,11.361812944604983,8.551561903451981,8.520557820133362,28.41822822993347,3,0
0,2023-01-08,MC,1.3893235786197062,4.726072090378678,2.3071697362064887,5.226389745112037,15.9,5,3.024089698644616,1.0285102094562628,4.889609212901869,8.643400149060886,4.407946445343633,8.691964618986223,35.900802658443816,2,0
0,2023-01-09,MC,6.0,6.0,2.634992124650787,4.173301634300563,21.9,3,1.8144054593274286,0.9987110973773009,4.296562946732939,6.45751539219844,4.268488481594135,8.553304224188231,65.10711175257205,4,1
0,2023-01-10,MC,0.8564603755409901,4.229450879470591,1.99213307015409,4.82027126160047,13.9,4,1.691219346136377,1.8322447393584782,5.094650805319659,6.112609977997546,6.8754783082180095,9.213193797097233,88.59692427729313,4,1
0,2023-01-11,MC,0.688416160010149,6.0,2.8296729529470976,4.051819911445089,15.8,5,3.906059010894061,0.8027190641598803,4.141423469376097,5.035261556988658,5.249821865634749,7.8282265647138285,67.94182453530314,5,1
0,2023-01-12,MC,2.830918925272531,2.4620199453231946,2.600304944969742,3.936926204578324,13.8,3,3.2659401431115884,2.0812769251832295,3.8603429853270783,6.356175986027497,8.541117839605821,8.267278034917501,27.17554243187638,4,0
0,2023-01-13,MC,2.537058329622756,4.495145559806382,4.093650170736939,5.283974986532365,19.1,4,1.4305029536598193,2.5054064040441673,6.301449748925017,8.634710642090004,9.316247734177066,3.6495958400026964,49.19561707115921,9,0
0,2023-01-14,MC,1.298118414423733,5.30174490880575,2.145954444501356,6.0,17.2,5,1.6888994540302797,2.221263305759672,5.396283082229266,5.831070843675262,8.581608038057057,9.529657659673576,63.54406637085145,5,1
0,2023-01-15,MC,2.579524219087915,2.007776653305723,3.7959273500191792,4.063711392406709,14.5,6,3.0341568657357247,1.5821745113377221,4.69173200261733,6.196394605010188,8.571974226436625,9.504342954553522,39.19248173134336,3,0
0,2023-01-16,MC,1.650853691158446,5.720223423298904,3.262448783621797,4.626992567125387,17.8,5,3.0996576170331496,1.7534877275665166,3.519314103513431,8.775696589957738,7.1383465938524795,8.041184917789051,59.1495457699817,0,1
0,2023-01-17,MC,4.470752380523855,6.0,1.2687809112971284,3.5314202986882197,17.8,3,3.1305126362783025,1.6276433812697995,1.4402527386022317,13.538357797079055,4.481868110545387,10.0,53.63911470296219,4,1
0,2023-01-18,MC,4.013859710457872,3.180174280031677,2.508074534258743,5.450737385996323,17.7,5,3.278802102227316,2.526482484366969,6.397246176549522,9.58725766174484,6.9503459462672526,6.000650075540616,49.55246204838756,5,0
0,2023-01-19,MC,2.739973688945085,4.063294573417878,2.7142130817252585,1.452367434647246,12.8,3,2.9051055281710476,0.6222206635727441,2.3173997415647265,7.5949524581768015,4.392839357504907,10.0,37.448838939086876,8,0
0,2023-01-20,MC,4.5071183956683765,2.477454309651506,1.3748283170101931,4.008042834141886,14.4,8,1.0931290072224153,0.2257620971411427,4.061794186532544,7.275426171812092,7.925248772919371,7.299159829421556,43.447633100337924,3,1
0,2023-01-21,MC,2.0133128241071656,5.085319569761839,2.0273576235940034,3.7855333046240096,15.1,4,2.916693848853642,0.0,5.3865850621033236,5.161662386379554,7.48593646338381,7.805179704935055,23.84871200314363,3,0
0,2023-01-22,MC,3.680822740293511,5.198327781166981,1.9171177041411078,5.418654878323228,18.9,7,2.2672258145133344,2.0225798070550134,4.430123846489225,7.198847853482333,5.8881744413657255,7.616335217971534,100.06561243258112,6,1
0,2023-01-23,MC,1.2696556033947484,6.0,1.6608800186833572,5.670466235343897,17.0,3,2.50715955168663,0.906832337630775,3.3476891938755196,6.982402070744362,8.308937518567287,10.0,23.07179659121492,6,0
0,2023-01-24,MC,2.6449043471099927,6.0,1.6646115156206922,3.637768340840464,16.3,5,3.421622386768195,1.8726450636407859,3.4964128338499827,9.306813053857555,8.161472888137668,4.060348153913845,12.480873637811717,4,0
0,2023-01-25,MC,3.0214864619972848,5.42813051379308,1.5667753732425413,4.659742600685839,17.1,6,3.536957270965609,2.2779357903741255,4.512410491411158,10.82623761063784,9.527363050822164,10.0,62.03259891626283,1,0
0,2023-01-26,MC,1.9820877613164039,4.88751135805918,2.005564847250769,2.3363135108598394,13.1,3,3.623478237076216,0.9108754498582442,3.345715568566883,14.092177107526833,6.847883738243549,3.7709906519204472,33.22194570816001,4,0
0,2023-01-27,MC,3.7418992154969763,6.0,4.396338968901659,2.3268932548561443,19.2,4,1.6522350564950852,0.8887105400072979,4.036919536830746,9.84883161930945,6.829481683892805,7.700513830271334,63.274137492306465,3,1
0,2023-01-28,MC,2.677380217720558,5.868634303552938,2.935468614806084,3.1895866410198983,17.1,5,2.4227449490126944,1.2162947744744754,3.5903900165159515,5.968645299323498,10.0,8.818938180671022,57.537425615921386,1,1
0,2023-01-29,MC,3.7574381863036135,3.8430726480191897,2.5023580994497268,4.580576536235599,17.1,6,2.8982832741625772,2.4660332145792445,5.568069644157523,5.55655320306316,5.403331020066323,6.025600952905806,16.802748349191372,3,0
0,2023-01-30,MC,0.5568007949134592,5.8556890698458215,2.668738894412431,5.703213582076373,17.2,4,2.7501645312173677,2.244063380351562,4.353816618590679,6.037369524914049,9.49608128236664,8.829866655735296,22.578782813980368,0,0
0,2023-01-31,MC,3.993335660820678,6.0,2.206265841792335,2.714159171540034,17.4,5,2.683348445834514,1.427703267566165,5.070753761095819,8.850664762928503,6.5823183110680805,3.361649566952528,44.99856588858316,3,0
0,2023-02-01,MC,0.5932061647609639,5.90221722978677,3.5550533045398547,4.605490701813301,17.1,6,1.827372303614488,2.048417817918038,4.672591140272367,8.834732029977562,7.7968392116328795,10.0,10.0,5,0
0,2023-02-02,MC,2.082014850627473,2.623515554719567,1.380532752285022,5.981081517571902,14.1,4,4.3011018501852325,2.6042531933952366,5.562040331674387,5.433810725139999,9.015738726981859,6.334825143986466,85.33413882426652,4,0
0,2023-02-03,MC,0.8960268332760557,6.0,2.3148502754607123,5.556508090130652,17.2,6,2.7029916940095458,1.8419958817781712,2.439512726388564,5.822986413923563,9.25566906382393,7.076366825459528,33.93443752078308,7,0
0,2023-02-04,MC,3.424275642183283,5.461135619441245,3.9827691440659483,4.287309866116507,20.0,3,3.1661893895801896,1.0909259709412287,3.1355258942317534,7.061014855414205,6.727425820924936,9.969590617837644,38.75006833854776,0,0
0,2023-02-05,MC,1.9809684829254621,6.0,3.7549125061458453,3.729687915608821,18.0,4,1.272990938306116,3.2169056419728514,4.985872003385498,15.889413456524526,10.0,9.607350162936406,54.61980160228547,3,0
0,2023-02-06,MC,3.140519719043051,4.863714746657123,1.2188651773439818,5.152812244681066,16.8,3,2.216412095408958,1.590767605495268,2.5575343746901478,6.900788264773949,4.925570365532566,9.292843142742445,33.71893667801908,3,0
0,2023-02-07,MC,5.05499201309864,6.0,1.961434321556312,4.18716926438525,20.1,4,2.1876267657745467,1.7777603518700313,4.39783487478714,5.399103205298253,7.822389505061081,3.850793916660551,66.81662875844236,4,1
0,2023-02-08,MC,3.7157471804860065,5.639004400619803,4.34849878427616,4.2212433955429765,20.9,5,2.202522943172163,2.0543984893408993,3.5543687306146357,5.458399698566079,9.728760034801374,7.05871303961502,68.01181994235228,3,1
0,2023-02-09,MC,4.115557099754183,4.162276814084102,3.687230810170589,4.363345251785237,19.0,5,3.2477436346698,1.4502768257454708,6.33150937095752,10.572095723598482,7.499308545729336,7.521389067457158,31.827910585246432,4,0
0,2023-02-10,MC,1.8241840433095402,6.0,4.249435577443765,4.429912340487331,19.3,5,4.083985489745881,1.2994308397698968,3.041860190022268,10.375730297612357,7.0354626056984495,10.0,57.949771279149644,3,1
0,2023-02-11,MC,3.9173827186782852,4.934429931620595,2.583036860963715,5.3919510841606275,19.6,4,3.7747232160524655,1.1197472115188365,4.637111344005237,8.865817003179819,8.392391041272102,10.0,48.54167055151862,5,0
0,2023-02-12,MC,3.4979409083678186,3.296907640483272,3.704505574842674,6.0,19.2,6,1.8826728989427925,2.3437454967260156,5.570550027836101,7.713460462444488,10.0,7.846068308787046,38.2564476353671,4,0
0,2023-02-13,MC,3.314199550139105,5.972239577239196,2.8675003876063547,3.774308225854559,18.6,6,3.719754544576391,2.3943743602445595,4.315579783743304,7.5887356228811464,5.195174093545277,6.876229460572541,82.44865256028092,3,1
0,2023-02-14,MC,0.9178515377930041,6.0,3.903891245299076,6.0,19.6,5,2.494135283923131,1.9290492269337156,3.898388112520673,8.901582591342219,7.156885082213869,9.04121763117422,58.638131170550146,5,1
0,2023-02-15,MC,3.3848177850027183,5.962524757215208,3.009173951769571,3.7938273558010147,18.8,5,2.745443673908116,1.8727413598056297,3.00599694578598,5.244939227044468,10.0,7.3502669375925205,68.18404197126793,3,1
0,2023-02-16,MC,4.837542743779846,5.775442848838457,4.048310206235349,6.0,24.1,5,2.380538597742956,1.6913179067552804,4.960635382426574,6.063508928451526,9.224797685766351,8.345783268338351,18.439971417519764,3,0
0,2023-02-17,MC,5.118256822000847,5.51119121250008,4.3466904242463205,5.021584559997227,23.3,4,2.1161408109382664,1.339361398755441,3.43441023849619,6.347925430597206,9.695203876524147,5.960116198091813,46.722122174878145,3,1
0,2023-02-18,MC,4.033750779420083,4.998517821635733,5.177376287245963,5.294789903586539,22.8,4,3.0694593175293723,0.7145117833061468,6.805332954258008,5.371592221303135,10.0,7.934876725388989,41.567334197153826,5,0
0,2023-02-19,MC,5.224772921043147,3.873835129958185,3.810101103310658,2.184612608074117,17.6,4,1.437647810677524,1.061413280109692,3.480986897635301,6.181431397950362,9.818410030582735,9.031989958689648,33.3551617833371,5,0
0,2023-02-20,MC,5.659777764739895,6.0,2.2296795246700873,4.718620596466211,21.7,4,2.1838818482529248,1.1172396306596135,5.2292094098082735,5.415279690265454,6.11327472005927,8.964310642885403,44.70717560748507,3,1
0,2023-02-21,MC,1.0618982599241034,3.779604612068738,1.9678916828270396,2.0672950499623606,10.4,7,2.485628650400278,1.751615481186602,4.597700876109481,4.175893500735995,8.844312860762189,10.0,51.858830363813546,4,0
0,2023-02-22,MC,5.620218899479399,4.812293350365681,3.3115275831694766,3.8377648381711897,20.5,5,3.8790760951853978,3.5169821183667613,3.8015860573250424,4.925237436586691,8.556702326563569,6.85132277945424,43.88954964460049,3,0
0,2023-02-23,MC,2.592343969090274,5.265230994542971,1.5435888703388603,2.7212233506314156,14.1,6,3.473732453618075,2.595164192874143,3.4533156576115926,5.906001225771215,3.7216924272756073,9.43352923947729,42.97233200769734,3,0
0,2023-02-24,MC,0.16334402678931292,6.0,2.7804422447453794,5.875834597971575,17.3,4,3.5772327814201788,0.7294634995501429,3.3209434250922696,4.784719884396529,7.681302721069483,9.88310792747762,54.02153718791033,4,1
0,2023-02-25,MC,2.6105655015287965,5.432165052383288,2.798247896827869,4.54949847836763,18.0,4,2.9104828223375687,1.606104486935986,2.1010425779929616,5.78040601074124,4.95581493906744,8.841109816127814,32.1575217193565,4,0
0,2023-02-26,MC,1.6673441294166362,4.308453499444594,1.176155432316857,4.945339361325378,14.1,5,2.7298584572435973,3.0960526756929116,2.9736501585449866,4.842682167151533,4.291557558547054,6.502044331620365,86.60831326669344,3,1
0,2023-02-27,MC,1.7167917178909888,5.46978036931044,2.399114194752489,6.0,18.2,5,1.5104832372369794,2.0182033849018315,4.874455207756636,8.83970705717698,6.518228186551351,10.0,26.95295962270723,5,0
0,2023-02-28,MC,2.4700447527878886,4.40336012516079,1.34551005213658,5.609815995493837,16.1,3,1.088469087740776,0.8108097847513087,1.9959748199066185,8.415914274577268,5.64358452016555,5.730743251121603,81.58977761397385,2,1
0,2023-03-01,MC,2.1313171274346705,6.0,3.594278277987012,5.958383835246835,20.6,4,2.683625163279662,1.1554324909117595,7.09830072005231,11.784201701491124,7.5038252031551265,10.0,38.274823800208154,6,0
0,2023-03-02,MC,1.0948737948852278,6.0,2.3760249287318613,5.052643504567773,16.9,2,3.0756395891240538,2.0144479200825818,3.253295838234546,16.175377428795386,5.38450494815994,9.641320683680863,79.99518082259428,4,1
0,2023-03-03,MC,2.396048918116797,5.484980571044138,0.0,3.857190937353505,13.7,4,1.600156587436162,0.7918582114944694,5.743887216435206,3.387804201680666,8.076217682522346,8.44948730818934,74.49376603758434,4,1
0,2023-03-04,MC,3.583117408535667,5.318575349245968,3.487230217286677,3.9406739704032097,19.1,6,2.343626384643522,2.2173199507933243,4.205960641918431,11.51908333382586,7.038127641418677,8.908645643331687,62.62422343390346,7,1
0,2023-03-05,MC,5.295104135598229,4.421860896439189,0.2028633628626797,5.387193588267081,17.9,5,2.270416600464763,0.15852576357534898,5.140002201954996,6.604356445873999,9.984263110824385,6.066994299460264,50.73927302533001,5,1
0,2023-03-06,MC,2.4348888783813933,6.0,5.117304179835334,3.926059235437073,20.4,5,1.7758417830167486,1.784529492361529,2.1093522840325876,5.490022823665743,7.12680575449838,7.881173328287503,59.32871244636857,6,1
0,2023-03-07,MC,2.1359663670524425,4.80936044502155,4.279527544493654,5.532592665132766,19.6,1,2.3405756246690514,1.9399790698279715,2.597442084045861,7.10767733948376,7.819818906957518,5.854630883114338,20.96188213974594,2,0
0,2023-03-08,MC,4.804468157923925,6.0,3.78484610534163,5.759942496794318,23.7,5,3.7780598064303423,0.6001253363538827,4.407831860860587,9.860617522336963,7.208225049826954,5.219810653987788,67.63596406534377,2,1
0,2023-03-09,MC,2.4635944353278223,5.166078533572363,0.0,4.101532550948824,13.7,4,2.483491214271057,1.3359186314627758,6.619087477661722,6.0778567242673045,4.380070636920944,7.109662816585432,32.664357302855336,4,0
0,2023-03-10,MC,1.893058056780852,5.414838647022043,0.9421942458452226,2.8377192800415774,12.9,5,2.6066171760593155,0.0,3.7756012026702805,7.629386946460138,3.59900386033409,8.687495033995534,25.425619627595495,0,0
0,2023-03-11,MC,3.5371250932359355,6.0,1.9371836211579514,4.712062742083971,18.9,5,2.6866727216895354,2.046142386065754,5.378213914096005,10.026189668106865,10.0,10.0,56.33726182332389,1,0
0,2023-03-12,MC,1.8102914783839328,5.880547571322138,1.6832011223453198,6.0,17.9,6,2.5575968235735838,2.589161397394093,4.921230718452743,11.98024214016415,5.76476250208936,9.153672452266902,36.320251817043975,5,0
0,2023-03-13,MC,1.0700229880333345,6.0,2.877735721622204,4.320307102847979,16.6,4,2.0465889328718436,1.5510340412030135,6.036680883688182,9.181729961081542,9.023725478967572,9.123037333197795,28.56084499741843,3,0
0,2023-03-14,MC,3.7683563113617327,3.589951255775757,3.165472193714831,3.3672549944115735,16.2,6,2.0893687935191774,2.4586750849803973,5.309951259361814,10.283751322515448,10.0,9.54507770659826,57.66827160787435,3,0
0,2023-03-15,MC,2.5791534420258984,6.0,1.2602114529118342,5.033691108539416,17.4,5,2.934748944433112,1.81100804218906,5.980828034552417,6.558685506104317,7.2156532265652755,9.119144982542213,86.47931502468978,7,1
0,2023-03-16,MC,3.0568654884963875,3.407960803731375,4.556565383232952,5.260064153006105,19.0,6,4.443106763275715,0.9041988983841597,3.041837838205195,5.754643617172609,10.0,10.0,68.07524669038882,4,1
0,2023-03-17,MC,3.78065162288555,5.750124105494971,2.6486612081686696,4.662342585267061,19.6,4,3.1519736197991692,0.8169807510357471,2.883507543932806,7.27653868954309,9.40870268346158,9.06147491559727,61.259334646154144,5,1
0,2023-03-18,MC,2.434880925914458,5.088284353495441,5.055814200218259,5.693962502889615,21.3,4,3.1642787812105495,2.916164217572991,3.911100733187787,7.061610346189476,7.965299893537443,10.0,23.390792583572917,3,0
0,2023-03-19,MC,1.6523507176601502,3.9048920836497842,3.609609086075127,6.0,17.7,6,1.872689177088994,1.9322708718374926,5.922431147014245,6.234644484879696,7.652633988349497,10.0,32.99135397541942,4,0
0,2023-03-20,MC,3.544004490642996,4.3032959239962105,3.1544843142853236,4.633666432296751,18.2,4,3.0017525238874443,2.681313008487946,5.9628912356271755,11.815034791715785,8.007417497129964,10.0,54.60599317779747,4,0
0,2023-03-21,MC,3.6801629469369894,4.952113384014463,4.392970624499384,4.547361471199742,20.5,3,2.2917797739529324,1.9014968152296918,3.547356684448134,7.551954896305599,9.974858439596362,3.7385406729996533,37.25355108131377,5,0
0,2023-03-22,MC,2.596617596129238,4.935962126546446,1.9610435546330454,4.470364478120809,16.3,4,2.8385666320698113,0.937191493001637,6.603163308967962,8.235383947615732,6.864151961344927,8.582565994990572,60.58567407031475,0,0
0,2023-03-23,MC,0.3906437063416148,4.391176561749406,1.6411831493943136,5.478972061653667,13.9,5,2.574811957860274,2.683548500499647,3.6850876631937903,14.550345101404888,8.62506909582388,9.314112066013971,22.812694478959045,4,0
0,2023-03-24,MC,4.742754187821826,5.600760753139439,2.2220280264138097,4.49549525476351,19.9,4,4.130319527558136,2.038486440243426,5.222938673199875,10.817711606262913,7.983358077030015,10.0,67.80180321349121,2,1
0,2023-03-25,MC,6.0,6.0,1.5545071927670222,3.9893684314166262,20.5,5,1.9237384786685996,1.2513637619852809,1.8658322254093755,5.436279453232864,4.5496569415015955,9.042845338211244,23.136104971516502,3,0
0,2023-03-26,MC,3.160125708287222,3.5778430362452527,0.4048791689232165,5.040022692761578,14.2,2,2.113835402922434,2.0112303421774955,3.485957529819753,4.780338328061442,8.132929414427895,9.804937177655429,36.769343453499275,3,0
0,2023-03-27,MC,2.7352987965530264,5.867570160341371,1.2697106065503898,5.02767539122313,17.4,6,2.2884949154965923,1.4673138349044212,5.742925286902767,11.564940653546815,3.3699573178884017,5.745500938236211,47.15331598052888,4,0
0,2023-03-28,MC,1.1635109994068555,4.094356875196366,2.117163895827894,5.752640297105659,15.3,3,2.0376662310444322,2.278253091912613,2.36704398729459,6.1709383711283,5.996811978312067,8.079479856548055,68.3921203742359,3,1
0,2023-03-29,MC,2.550719770217953,3.882688296728555,1.9958056440056373,3.0874411937145734,13.4,6,3.033984531068537,2.804874834704341,3.8305357176320753,5.221876158139408,3.3598086977368333,9.327989736183387,37.555329064641974,4,0
0,2023-03-30,MC,0.5464268269118326,6.0,0.8408172030479006,4.639208525063475,14.0,4,3.2574858547364114,0.135325325060776,2.921860677063008,14.850412322375025,6.113650059509329,8.372365575440407,30.699970989088843,3,0
0,2023-03-31,MC,3.0118112884001267,5.8025399135763305,2.502848692388183,3.951681546880739,17.8,3,0.5972326386649965,1.4641247484673499,2.9638372616174,12.648320620389484,8.47136675173643,10.0,37.792028664454214,3,1
0,2023-04-01,MC,1.756873992704235,3.4935921628839566,2.3909390216636366,3.8726806706012393,13.4,2,1.5190355482626994,0.6121641984067785,4.845287737477216,15.77575230044991,6.065761191743409,5.803476308870614,43.38790207237796,3,0
0,2023-04-02,MC,2.5762709547110036,5.444838660589263,1.869809524502734,4.928983384569409,17.3,2,4.292173908887968,1.980743536280484,4.32797432491601,5.581385717304285,7.053933345545543,8.835151690577709,44.36916981175332,3,0
0,2023-04-03,MC,2.033843926351744,3.560985229690538,3.2045688924303435,4.703273162827353,15.8,4,1.6660428533777907,2.0430209215826842,5.139489443855971,9.276470882780929,7.140974203065102,9.007661905932437,36.85346740448607,0,0
0,2023-04-04,MC,4.009221258298444,6.0,3.9052968922255302,3.6386936441648112,20.5,5,1.966568152305579,2.055148727791005,3.2348385099830512,7.468763744654582,9.82931405374076,10.0,46.464907209838145,2,1
0,2023-04-05,MC,1.1008927261171684,6.0,3.5403264109088477,5.245509418983307,18.5,3,2.4970119814605525,0.23946747274802838,5.3798320567349185,8.029833787126638,6.552831369862869,10.0,49.91852232519458,7,1
0,2023-04-06,MC,4.872184974285705,5.181215451356465,2.983617775545137,4.993851521891364,21.0,3,3.4382825742262804,0.6981377407999529,5.231321802812632,9.558771034737758,10.0,7.7139530090645305,56.70777112923987,4,1
0,2023-04-07,MC,0.16334402678931292,5.6058353095749425,0.05187144229806373,6.0,13.8,4,3.3048256725669685,2.0221133908713727,5.158911915250728,12.558515181607563,7.55655280133025,10.0,11.916840068613322,4,0
0,2023-04-08,MC,2.8533953027701715,5.314298219051112,2.6329504100399177,5.197817619043147,18.7,5,2.5220304558320104,0.7326589777415873,6.034852708276682,9.357216430359276,7.8334668545870825,10.0,79.49710873713434,0,1
0,2023-04-09,MC,3.240461864719976,6.0,2.1508987278944756,6.0,20.3,5,3.2441745754435733,2.1868903301813285,5.046607310608661,7.54712230543934,10.0,10.0,58.833539699356336,4,1
0,2023-04-10,MC,0.16334402678931292,5.541739900000474,4.057723451334094,4.634468068419124,16.8,4,0.6770068545018719,1.6729924334288353,2.9082551156790313,9.191369530127444,6.447363056523114,8.653388473881916,12.652454798347115,4,0
0,2023-04-11,MC,3.678424381983551,6.0,3.127595171533054,4.948155896820028,20.7,2,2.5549192393003173,0.28066497076485664,2.2898902003826835,4.391243076354674,3.972458089397701,2.4929555690758947,45.08863703674283,5,1
0,2023-04-12,MC,3.4625297497110705,4.7363988971194715,4.348648947049228,4.058078794747069,19.4,5,4.283887255072159,2.0503436397479367,3.7258076749006745,6.126943143212299,9.268490228112979,10.0,56.07122684983128,3,0
0,2023-04-13,MC,3.511295798049516,6.0,5.189231289730868,4.133986473077421,22.0,4,1.542316573933714,0.672309121857659,4.499980103940578,8.974657690700203,5.333807920440874,6.764881930434906,16.978151391235308,4,0
0,2023-04-14,MC,4.005436063994015,5.024786506441766,2.3270252937879223,4.247411824436128,18.2,6,2.819978654526612,1.8089335875644186,4.249315399116483,4.293624497884207,4.85607147679212,4.79747516430613,60.59634980814499,3,1
0,2023-04-15,MC,0.394780740887414,1.8791607284609977,3.4287388339902303,4.221433815495734,11.6,4,2.2710247280456173,2.399281866328181,3.5340054342174536,6.26642365649896,6.828222081442321,10.0,80.95586373576492,3,1
0,2023-04-16,MC,0.8908308354007479,5.1843422330557996,3.5606780554993533,4.423612617907629,16.4,3,2.9048167042492143,0.40073300487392016,3.968773455003089,8.354403397542328,8.752938506956445,7.773286724679326,17.073026965209266,4,0
0,2023-04-17,MC,1.507673302520435,6.0,2.870877733054579,5.471514641102609,18.5,5,2.486944575165034,1.7569929186538922,4.201178958124915,8.73263956646549,8.011666348674664,8.349988319959552,38.694963486214874,3,0
0,2023-04-18,MC,0.16334402678931292,5.8512181610590535,4.869375123508071,4.673633961099685,18.2,6,1.9817734771914253,1.1291455227554934,2.3865793317036803,4.000015219189603,9.836541965879396,10.0,58.5807416300246,5,1
0,2023-04-19,MC,2.4386862742583486,5.224368557849513,2.77496686466678,1.7418809241648225,14.2,6,3.3632287722222474,2.2623494547562384,4.1128522350904175,8.356712639035953,6.1234909944168585,9.75873800573904,70.86303256292032,0,0
0,2023-04-20,MC,2.8653629149788604,3.7604586129415627,4.247065702704343,4.820749502756566,18.3,6,3.7791648926354884,1.0277341498126589,4.824821994332932,13.746846810634295,10.0,6.022024761636122,61.30852501289156,0,1
0,2023-04-21,MC,2.159355259224448,6.0,1.1872288532018334,4.251996853881694,15.9,6,4.40878462460094,2.188316281301895,2.762569110599559,4.9117545497069,5.947122656385076,10.0,52.09104541766751,6,0
0,2023-04-22,MC,0.16334402678931292,5.373871102334332,4.044015543372807,2.603773078618377,14.2,4,2.606186961684238,1.6836626659636516,4.15398065041611,10.010063696864927,10.0,10.0,10.0,4,0
0,2023-04-23,MC,6.0,6.0,1.5483430141450305,4.8445069574635635,21.5,5,3.2892736345923206,0.503758259164474,3.30821594824441,14.695689830510208,4.421010343642065,5.603419854076659,55.44609550736209,3,1
0,2023-04-24,MC,0.16334402678931292,4.023687517488548,3.2925693531046507,4.67585555116196,14.2,3,3.0589172909064475,0.8501704715147776,3.799692249828507,7.786144399006085,4.412710412375347,10.0,74.15634164121059,4,1
0,2023-04-25,MC,0.16334402678931292,3.4787259062910434,1.3900874261563865,5.956648760222887,12.8,4,2.762890291876912,0.9769978110210553,4.379578513951547,5.022753768868143,7.870148652374476,8.92953426916677,27.559297612031543,5,0
0,2023-04-26,MC,2.249294556062294,6.0,2.666075482741278,2.739490599810133,15.9,3,2.6308052978038603,0.5680659866330814,5.556679149680916,14.017177347620205,4.070955375189089,8.614652166272323,71.12938978513999,5,1
0,2023-04-27,MC,3.2394642179935103,6.0,1.9783135469153745,5.339155701765458,19.3,4,4.560566076969289,1.4925105339987144,5.41137465685485,5.233479553021129,7.375986367241093,7.788705873310822,32.26908653574086,4,0
0,2023-04-28,MC,0.5620844833208869,6.0,2.4115153572351975,5.168283566694688,16.5,3,2.80064745143696,1.0358762192980393,4.034269791185074,15.349771817715059,5.66763932739682,7.648778644218423,57.485799332008696,4,1
0,2023-04-29,MC,2.0905758249559945,4.054917142488737,1.9920977879416275,5.339520332700507,15.7,4,2.3498040358253753,0.0,3.8484531158478736,5.9286839328740655,10.0,6.88130347841554,22.01929407287413,4,0
0,2023-04-30,MC,2.715583087038448,6.0,2.959662564418619,4.245407016559284,18.6,3,3.7910518760277014,1.4730535776026725,3.5540132125784294,12.947216936888337,6.755675035503745,7.171728954884727,32.285386501024966,3,0
0,2023-05-01,MC,1.867464325615283,6.0,3.4499123926416058,4.0508974242612945,17.9,5,1.8217516061037025,0.005438968767387031,4.281137494856974,5.3908968561766795,6.690635706852001,6.133435084367399,38.77331855035812,3,1
0,2023-05-02,MC,2.2721845391850177,6.0,1.7666357453098742,2.7560395010879213,14.9,4,2.1781935399140546,1.7709219660371094,3.3537795282324736,17.382872239040733,9.380213442205374,6.43006292718279,34.2744884549629,4,0
0,2023-05-03,MC,3.1480596599236677,5.552168863419266,4.919774865954025,5.313361337127201,22.1,4,4.537222413196772,2.0166152674826394,2.5990944915872802,12.20165754263448,9.101356416373498,5.535765831542381,46.02133276013147,8,1
0,2023-05-04,MC,4.192559535922604,5.306668900015256,3.1358334785942716,6.0,21.7,7,3.3695336950979735,1.061981474859568,4.230831191293506,5.990849658633158,8.760999630170073,5.056653205034067,82.24652786662156,3,1
0,2023-05-05,MC,3.4078234183608553,3.15480084221891,2.3552357509194723,4.153992076936233,15.3,4,3.538544566851785,2.8207756335956793,2.369106631539707,7.305328287348692,3.75001997731067,7.195301943426886,46.55655745035184,3,0
0,2023-05-06,MC,3.1930891691078203,2.4105031415668305,2.3369518937121674,5.751641659182439,16.0,3,2.9959830780556884,2.2445490993336055,4.21903674839664,6.8538859684054545,9.025831960550939,7.174180813491629,56.68723952315087,4,0
0,2023-05-07,MC,2.146746098509326,5.344196980343167,3.6038570216282104,5.293062183887498,19.1,3,3.149993970646176,2.4854783442072623,4.272747251434019,11.454046402244181,3.19052282282304,7.549712421927045,19.14580486657458,4,0
0,2023-05-08,MC,0.16334402678931292,6.0,0.8552655009461971,4.97053369678841,14.0,7,3.317841949452547,0.007876921569877293,4.004174884256981,9.285123841342273,4.610100538410515,7.300196576940659,21.84715120087203,4,0
0,2023-05-09,MC,3.4493624770726603,5.237304530899148,3.165010180584636,5.64914989047473,20.4,4,1.6810012767964835,1.9295683415786398,5.049049561730672,6.619375152933635,6.716847295446635,4.850574486623531,27.950543104217928,4,0
0,2023-05-10,MC,2.8939076854963046,5.096333964894281,2.8379843592565024,5.858727513486754,19.5,6,3.561187931291281,0.8791229043261863,3.390535573436862,11.420027917787104,6.096038634130081,7.829014912166233,90.97913985856123,9,1
0,2023-05-11,MC,4.169086071349959,4.962464203420689,3.955351168563705,5.0878917757363,21.2,5,1.8158959189980002,0.9711880461196921,5.444694867156215,13.158963832707155,4.475709563375679,3.841110932006095,62.668765948192885,2,1
0,2023-05-12,MC,5.141694714071951,6.0,4.712209544305114,5.516029536733289,24.9,4,2.6993257480362236,1.8754844960127093,4.2464878921221745,11.094320156381098,9.430209018139013,10.0,20.15680119651851,3,0
0,2023-05-13,MC,5.142158305165818,5.3982881080353735,4.4751136685877135,3.930424942960305,22.1,4,2.1959060142048554,0.4226170800104353,4.301642836683384,11.994428494681072,7.85405732833213,6.469887344025765,94.33736115595872,5,1
0,2023-05-14,MC,3.3285875110284437,4.0485989936965,3.37374632122518,2.5645303703310467,15.5,5,2.9733589536039684,0.9935307186093366,4.5255786058378815,6.883800715640246,6.989066412212913,6.581946617954674,62.52226123558196,0,1
0,2023-05-15,MC,0.5442572652186732,3.7744307726519457,2.005355250026059,3.744070635076797,11.7,5,1.8680769517210205,1.6496186354225426,2.2700427338178533,4.266698955351921,8.373520097038952,10.0,28.802258520956116,5,0
0,2023-05-16,MC,0.16334402678931292,6.0,4.43726110802097,4.924456240703857,18.1,3,3.3695286722555813,2.247694303558234,4.498838798244885,9.604082035589402,6.708468662341779,8.373679612248848,34.77297547204922,3,0
0,2023-05-17,MC,1.8602613526384033,5.101277911097044,4.083093329467776,5.074859373769667,18.8,3,1.787226094847477,0.7733288450011504,2.6973293739589717,6.454518040959037,5.3530138874086965,9.256667100769635,80.82692492337232,2,1
0,2023-05-18,MC,2.284817122621338,5.360631230187408,1.2273569990376567,3.8116957746539044,14.8,5,1.7558221716786861,1.1589348080009807,3.9551135072519408,13.376069596320772,9.201877626466457,7.374645649909491,81.79993533098146,4,1
0,2023-05-19,MC,0.16334402678931292,6.0,1.1186622611704444,5.386038085721554,14.8,4,3.170319205007416,1.0399808116183573,3.7928525019350547,9.161143890487482,7.124458318368696,7.410038624406512,75.78682693423755,4,1
0,2023-05-20,MC,0.7016150317654097,6.0,3.004652866369462,3.6685270325649255,15.6,5,1.7763058797580036,2.3049074917360506,3.698119590410325,10.314757192820975,7.182099121532115,10.0,42.18241572255046,3,0
0,2023-05-21,MC,1.8832610323880778,6.0,4.941034967993991,4.1198580970791285,19.8,2,2.036949525815996,1.8833577834065909,6.14032160542288,15.440299728850187,7.372543453793829,7.732557708813795,33.46617480769223,4,0
0,2023-05-22,MC,1.7791615207276386,6.0,1.7481615309952803,6.0,18.1,4,2.0369792187344764,1.8821074333145225,5.234375866653594,8.361197884053997,8.67910041213511,9.207282980474394,80.84479837295018,0,1
0,2023-05-23,MC,2.4055267574200516,6.0,3.5696256682477943,4.799502616982975,19.6,4,2.726627012948578,1.310659877515226,5.584089905823943,13.338196132938654,5.5761715676837476,9.846777231606675,67.40244038594447,2,1
0,2023-05-24,MC,3.2241517124422012,3.7567039984739297,1.9569608235721145,5.666395788350382,17.0,6,3.450021603644152,1.0522363551817713,3.540646745590174,6.052423012799171,4.803547501312652,5.421386795358505,94.13081005242125,5,1
0,2023-05-25,MC,2.1876501707064233,6.0,3.8229122321228175,1.9029386972103444,16.2,4,1.4623960295972669,1.8498994768614623,4.2020729478841865,6.456012182109128,6.518968874951243,10.0,50.318557687012905,3,1
0,2023-05-26,MC,0.16334402678931292,5.731587329091861,3.865090035112937,3.8278471382851085,15.9,4,1.1511274505565994,0.9764276063181909,3.354939320365703,3.6683552399425166,10.0,8.972866583474609,59.093868865374354,5,1
0,2023-05-27,MC,0.1641564219304863,4.661473447488183,2.1009820137105786,3.04812672628252,11.6,4,2.633296495073461,1.6759040176233342,5.66006425715397,8.672067486006558,5.175369323196462,6.996372725210884,44.67938999804119,4,0
0,2023-05-28,MC,3.3735997395334443,6.0,1.062704134912435,3.547587014459988,16.3,3,2.9089981983902,1.0163324408064507,3.2665386188345207,8.533252021213764,7.285755885320798,7.76651534621622,20.172286920708512,3,0
0,2023-05-29,MC,0.16334402678931292,5.883580263843226,1.3127704906124649,5.119688914448721,14.6,5,1.7704038132706243,2.757356989855322,6.4245102368249345,7.6545289020671055,9.218274825677938,9.751685692537416,40.81890843640583,4,0
0,2023-05-30,MC,1.2557152570005095,5.59739088616046,2.7497274251451786,4.589949442824167,16.6,3,2.121556019206968,1.1565836932303069,3.063693253843147,7.7744329789313955,6.422448023150362,8.931354016416112,55.315372765174814,4,1
0,2023-05-31,MC,2.857021241828553,2.2540437859276645,2.4734225659874447,4.188773424286843,13.7,4,3.004230955885628,2.476901284763299,5.298088141808185,6.304150446186177,9.185880408538926,10.0,41.87759695998363,3,0
0,2023-06-01,MC,3.1211823202663496,6.0,2.152891187862215,5.189669231205043,19.2,3,2.966720144082186,0.45902213016216376,3.1036369973767663,6.862406004637311,4.842481671237106,7.621425791086557,49.96857404164442,3,1
0,2023-06-02,MC,1.322372636322968,5.135609163018379,4.04663396173694,4.574673848165596,17.6,3,1.6953742005228674,1.9735941543665274,2.037123031586793,3.9757376656411365,9.59629808241126,2.8899828317906873,22.734249322123517,3,0
0,2023-06-03,MC,2.260909508413204,4.374568859668042,3.0973412564134666,3.37513225678683,15.3,6,1.613562577803593,2.114258722308899,3.667611771728696,15.905878935432181,6.148626103359239,7.553759463853117,46.92372292158512,5,0
0,2023-06-04,MC,3.3776963676285594,6.0,3.6615842178951654,4.362592609241652,20.3,6,2.2951361041297944,2.08184646889304,4.4140595470651895,7.503650287524054,6.721530703290419,7.789880694159978,30.58441078254193,4,0
0,2023-06-05,MC,5.113804884737181,4.652275466949284,1.8914596647818782,6.0,20.6,4,3.5854288526690192,3.0404928050869318,4.422056289093716,14.061518770413757,6.710301728041467,10.0,34.42262823423434,8,0
0,2023-06-06,MC,2.817672535931972,2.5966294530108858,2.152858413015105,3.7208907523012984,13.2,6,3.963932208023656,1.6606678423529673,4.684409749940526,13.607053434770553,9.831545587293466,9.721273440629552,32.71085767901032,3,0
0,2023-06-07,MC,4.574605150453593,6.0,4.254080546754442,4.22445480153715,22.2,4,2.6404856842266065,2.665510037458049,4.484839865729186,8.073656594992194,5.686696627170283,4.649030236390717,16.981469788298924,3,0
0,2023-06-08,MC,3.7149606775527633,5.259748388392923,2.609064942250541,4.493140474798115,18.8,6,0.3609366005356045,2.3832487014860555,3.8519304592416663,8.253805246442951,8.678569219623427,5.770297827679069,40.073534904136906,3,1
0,2023-06-09,MC,3.7479015460691905,4.954188906185502,2.497916570373776,1.452367434647246,14.8,7,1.325715892362092,1.3307039145367185,5.020699034828116,5.929093004155481,10.0,5.330962982970993,22.857815834149726,4,0
0,2023-06-10,MC,2.7635209356725388,6.0,2.984011745326174,5.946198924716922,20.6,6,3.544434063752535,1.8351364770173948,3.327625594644416,10.489122911670853,6.780288602403639,8.14647095701793,98.7987417617868,3,1
0,2023-06-11,MC,3.0766535025071704,6.0,1.9098308024272481,5.128408645712421,18.8,1,1.903430765008241,1.9518456885669955,2.0900034813386554,14.409935584980568,6.057856175383346,8.495000178171056,56.095911678340215,6,1
0,2023-06-12,MC,3.8020057141279615,6.0,2.4756546584438883,4.0292937941942,19.0,3,1.8017600450294304,1.5174390332319645,2.1831132790733796,11.336623706627343,7.385112293611709,7.208206304967459,82.59375471457241,6,1
0,2023-06-13,MC,4.256176639261183,4.652505505667111,4.091169581546424,5.2919217807167795,21.3,6,2.1963750676384866,1.6972624805485714,2.7783373754007568,3.9000980142748776,6.7321520615258486,5.008688486370451,42.24671102005414,3,1
0,2023-06-14,MC,2.3036559533913636,2.6615868143403847,0.6397433343850221,4.3305375014666865,11.6,3,1.854586091146678,0.2958651374696797,3.2306872225793097,5.214322971732497,7.805839039572445,8.878599316934546,33.36363799262497,6,0
0,2023-06-15,MC,2.2577193015250723,6.0,2.5631502470101406,3.7810430726672855,17.0,4,2.3713986334431363,2.091377272725854,4.460534582767683,11.204507551606156,7.723281136027548,2.5268634315952534,10.0,3,0
0,2023-06-16,MC,0.16334402678931292,5.615842358319575,2.0011920020757286,4.705175583001894,14.6,8,3.3183773783199673,2.7081779201986267,2.8427655524654862,8.079215047804139,7.909756687592658,9.084595019568647,28.67820172443352,9,0
0,2023-06-17,MC,0.8575342507122554,6.0,3.2756892360734176,2.112620718822637,14.3,6,1.8075073582189694,2.29243232752132,3.981078465835219,9.582991086897014,8.637717641193367,8.887738282411284,35.41019366156332,4,0
0,2023-06-18,MC,4.0149555910859345,6.0,1.7590286862429647,3.877959037552461,18.3,7,3.3076019329750816,2.05672489841342,3.1422074934585016,10.355821181598152,5.958735757934329,7.966125102038037,41.57951044177078,6,0
0,2023-06-19,MC,4.275785418107672,5.376954238428254,1.7795545163124222,5.020556858892234,19.2,3,1.1517750200658443,2.232560849734225,3.078608503531517,9.971058267685235,7.7839361357884975,10.0,51.86438714815039,0,1
0,2023-06-20,MC,5.68198517061774,4.750346740893281,2.6901729365332754,5.702699036447961,22.0,4,2.3537362668537356,2.101912615266042,4.6377947484660895,9.384333959313407,10.0,10.0,45.60778659497031,7,0
0,2023-06-21,MC,1.45746568773854,6.0,3.5531473075135924,2.9273049899611636,16.3,4,3.5038572457076422,2.3002813924250427,2.24474098137389,6.3995247560451345,7.0467246101031655,6.1699003467894,38.10579124454309,4,0
0,2023-06-22,MC,1.2041235117128946,5.501692506898016,3.711411671728516,3.8339973598639485,16.6,3,2.712320870379412,1.8957000750993411,2.707581332389339,6.632404533839814,4.351604793120545,6.494619343209875,57.52856019570387,3,1
0,2023-06-23,MC,0.4204097455706708,4.95209435681055,1.7462755096692308,4.42684189956948,13.5,3,3.5173600035999613,1.4009818921864694,3.7582199731952075,7.2724263181786055,7.055095838047742,10.0,24.995437750970282,3,0
0,2023-06-24,MC,0.7028534936080018,4.192365494471965,3.2256658197332504,4.326206984457642,14.5,5,2.1592201510557993,3.9868649212732006,5.981184109555752,7.12167498506594,6.949945736576668,9.464349461071803,32.641371798962865,2,0
0,2023-06-25,MC,0.7536618107913982,4.278411035833624,4.56985151266012,4.169255633827485,16.1,4,2.870870749238379,1.116094916146314,3.8400061356730797,11.003205869617751,9.545724841400677,6.178969002406766,57.08639392049338,4,1
0,2023-06-26,MC,3.687976084322952,6.0,2.207695195590054,5.717927284267636,20.5,5,2.2369459734547665,1.4615318890599425,4.61674796928917,10.821937201108677,7.2500157732370605,9.730184517357383,38.80310710318757,3,0
0,2023-06-27,MC,2.753727957254272,6.0,2.9990586686793983,6.0,20.7,5,2.6115664715994966,1.1322897316123826,4.403764372728915,11.57628919171821,6.461447655530893,6.244746214380461,56.78926647691422,5,1
0,2023-06-28,MC,3.732020879728197,5.946045371853214,2.4876336859649886,5.437792679849991,20.5,4,3.736813120138407,1.7378491186521856,6.366967942810934,3.9966826096383157,9.673238833823406,8.319385512015428,42.099877790402374,3,0
0,2023-06-29,MC,4.975734410678421,6.0,2.923459319803227,5.251090263512597,22.3,5,2.480186446324879,0.8148337284992725,6.1901930360372415,9.277530191740274,6.191498982774499,9.41152380477857,42.739387469501594,4,0
0,2023-06-30,MC,1.5311199480343982,0.7774478320795408,2.549903917188723,6.0,12.7,4,2.596159409048899,2.7260048868513382,3.4001596965059173,10.156867341988251,5.588314285800056,7.49083644831482,75.64169299473303,3,0
0,2023-07-01,MC,1.072099628921519,3.834388270427269,3.569151702305468,5.990327656358632,16.9,5,2.48821175855213,1.834012596865278,5.130751504552341,7.2832867981506455,6.946873270859436,10.0,47.06418603575712,4,0
0,2023-07-02,MC,0.16334402678931292,6.0,3.2928639197716665,4.398077919890032,16.2,4,3.194798585302784,0.7402235693500687,4.833567571523882,3.3606100945354314,7.84150445816603,10.0,71.86416187354138,4,1
0,2023-07-03,MC,1.3634761265829576,6.0,0.0,4.804480371424302,14.2,4,2.6590807123424676,1.6287264147950833,6.990011847667972,5.95914114935248,8.347312101687798,7.988043899116694,47.35109624385685,4,0
0,2023-07-04,MC,2.7097223888954383,6.0,4.349397649325558,5.255087802761061,21.4,4,3.0743092820749274,2.040327804942946,3.1014637427376828,12.318291202653114,6.94760764095428,9.82290347061383,49.56332545895401,7,1
0,2023-07-05,MC,3.2849673117202585,3.799778676261336,3.1616622744486538,4.66755451710583,17.4,3,3.356401037538393,0.3861286482237083,4.782192141786996,6.190900732805092,6.176486099944126,7.5117247920284065,74.0401247266648,3,1
0,2023-07-06,MC,2.7140061492871763,6.0,2.1594147256685003,2.877292860939428,16.0,6,3.3081173811359603,2.524361523554063,3.9686672183094425,6.010832428702727,7.265682068451727,9.425713262087935,28.928188487887084,6,0
0,2023-07-07,MC,0.16334402678931292,5.333503444372963,2.9120054510003657,5.064199163754717,15.7,5,3.9710553453813637,1.2727495585632813,6.571477453264264,8.540609502947076,6.488452242783232,10.0,19.768526715999872,2,0
0,2023-07-08,MC,0.49594490101106015,5.87784946805303,5.176118940424203,4.5460607681807526,18.8,5,3.56234810225386,1.2422680446435217,1.6111796578396507,9.12008077105079,7.960155734997851,6.904761580930538,76.40760863369049,0,1
0,2023-07-09,MC,2.6402444628486688,5.853863096378462,2.4515044457758,6.0,19.8,4,2.258053443304153,3.3640464231084968,4.822159385573421,8.389560258580062,7.893368121160922,10.0,24.185305695445752,3,0
0,2023-07-10,MC,0.47668035941536857,6.0,3.8491619743229677,4.623889999216337,17.4,4,2.6720467007975564,1.6361408347887392,3.709345753569458,4.742682114734327,7.564463505641132,7.892842982828612,15.784862259388616,0,0
0,2023-07-11,MC,3.1305791112681196,3.418863759650496,3.7435425699310327,3.3347646636086923,15.9,4,2.3287415957926982,0.9609574811079143,4.797146210270016,5.008845306696946,7.555935605072882,8.395647287489442,29.5476539857817,3,0
0,2023-07-12,MC,1.808230598278183,6.0,4.1766768908309855,5.028604354090268,19.8,4,3.135450233720142,1.8340955120913456,4.03143948465091,8.887706256783913,7.831970416789282,8.377845945580704,73.43556421706462,3,1
0,2023-07-13,MC,0.6947780636024876,6.0,0.0,4.452073919949955,13.0,5,1.2078827291785634,1.5826930752200017,4.666733575715903,7.122128019834907,7.657322089949694,9.404454964351206,33.5535294695758,4,0
0,2023-07-14,MC,3.0685728422288014,4.609879857900948,1.7367391037454356,4.56729973803416,16.3,6,2.7664906339821145,2.4317315049412676,5.309488544856056,7.656464281174301,7.869984576463575,10.0,57.31678956967056,7,0
0,2023-07-15,MC,4.356630079472559,5.6030445588552045,3.5924443820575984,3.7402136719651873,20.2,4,3.9068707928762016,1.2450553819312804,3.269540487765029,5.034177715724574,5.623397200925097,8.046011772446526,55.92161765789077,4,1
0,2023-07-16,MC,2.0626048369031165,6.0,0.2747614057691439,4.309226212383464,14.8,4,2.654404194921887,0.9016218363042138,3.7489631017286835,6.3006148067645364,6.858500643372977,10.0,62.74040689977428,3,1
0,2023-07-17,MC,3.509959630258699,2.5394619090054364,2.4842048638452248,5.739011919348344,16.7,6,2.258388243332665,1.1137847412441753,4.291843152531794,7.553876320278832,10.0,7.919881608025714,18.288404156726237,3,0
0,2023-07-18,MC,5.894340572307055,5.859841047514861,3.5864002273314286,3.8189010410473947,22.4,2,2.715462433330138,1.3236455272973933,2.255160650777283,12.866923557988732,6.552020855439164,10.0,54.43045016328158,4,1
0,2023-07-19,MC,1.6593746402570335,3.2808516340914364,2.729701274170538,2.5653766240339984,11.9,5,2.7864689271113137,1.2026360476926887,4.284229207255099,7.879914754931256,10.0,10.0,23.92188105018373,3,0
0,2023-07-20,MC,3.9758571676905934,5.508878681410474,2.943797455666285,4.477081843374512,19.7,3,1.7220381632350927,0.35978381942627546,4.106529373878736,11.379832329754388,9.189448794780587,9.04477635752151,57.59649607732825,5,1
0,2023-07-21,MC,0.16334402678931292,4.560915150586201,2.068229011693232,5.486368000876366,14.3,3,4.313250537014038,2.1068313829631924,4.991579506619472,7.2095207024428865,8.173763061997978,7.3201368611542215,25.31500383964599,2,0
0,2023-07-22,MC,1.2575722264287896,6.0,3.7360662526676203,4.598735125461728,18.2,4,2.8924519406443845,0.0,4.905124565530402,15.477410573436089,6.893434785449076,9.753348922478917,45.7056161074597,4,1
0,2023-07-23,MC,4.832392509733657,4.0598285862170185,3.1564828163082117,4.2910917848296215,19.1,3,3.1453819460945467,2.410654481839477,4.603128705241304,10.71910907002293,5.876453016420289,5.731608078097924,66.024989361838,3,1
0,2023-07-24,MC,3.6704814866411577,6.0,4.202560844907494,4.802394941120326,21.8,4,2.9633190841932637,1.2021508522774433,4.929194953691248,8.613554237773583,2.9014486163134547,7.152504144976244,67.85463524892616,3,1
0,2023-07-25,MC,3.268137989494007,6.0,4.978035982301443,4.465983355770929,21.8,5,4.397984229051503,2.892447455676759,4.665787612192412,18.62297344862938,6.968380817897275,8.249033322054657,43.89893350590607,4,0
0,2023-07-26,MC,1.3530034510914957,6.0,4.918709582210748,6.0,21.3,7,1.743790310823191,1.2926067188688393,2.5838601395258163,7.54251544353555,7.6384827956112975,10.0,55.1747042974177,6,1
0,2023-07-27,MC,3.4053191858237466,4.393293332761515,3.300762464243404,2.2630667819596697,15.6,4,2.346304400617937,1.3597111276135183,5.976278675952294,12.27102612221459,8.477893622597069,7.860020502838017,27.314302866301375,0,0
0,2023-07-28,MC,3.224441413949659,5.545015685116999,1.971153806134451,4.382920725849997,17.6,5,2.7132161413956375,2.2775001864353017,2.573085709483418,7.807518073217523,9.594818297308668,7.910069963328425,10.0,3,0
0,2023-07-29,MC,2.377841308169588,3.5013567312872866,2.560743123272071,3.9863393230140733,14.5,6,3.369125468596393,1.826084183383172,5.11483368136275,8.310654747782658,9.84096077532634,6.982096156094044,31.393688544716603,5,0
0,2023-07-30,MC,2.428429662553982,6.0,3.939433328270569,5.232084906049621,20.5,4,3.209715613171112,2.7598440657504244,3.8685574391270467,10.418797828200548,9.416810740450488,8.155918681339042,31.820786873184637,4,0
0,2023-07-31,MC,2.196979950980267,4.299205301358887,4.175507934350834,5.094578825949733,18.4,3,3.909896722709895,1.5569140097111145,3.0205712201346686,12.397234052978991,8.964797464344723,8.729737926234858,64.60377778821774,3,1
0,2023-08-01,MC,1.7104843101827913,6.0,5.775046304194683,4.829715433344334,21.4,3,2.939952430247124,1.990556699485822,4.059549921266128,6.950138984175019,9.221476352338287,7.070251070575834,16.398073972795153,4,0
0,2023-08-02,MC,4.737690177058809,3.9417121933177457,0.5446259547742551,4.645447697551829,16.2,3,3.464990995063169,0.6724868365611042,2.8180809001611604,9.331625316700466,9.35736159386845,9.186513360927705,15.377331607190946,4,0
0,2023-08-03,MC,2.485461170773328,4.20095381852299,2.3717785232310105,4.835309294245803,16.2,5,3.5685291327356286,1.7324668293624768,3.0288892998254364,7.904918518693885,9.702745533475966,10.0,42.11933994082954,0,0
0,2023-08-04,MC,1.4347082141350065,5.959849149874613,2.471443220992217,5.713927908364859,18.2,5,1.961610287530292,1.5089923239115521,1.23528574828324,6.162463004681996,6.8550349811875835,10.0,54.95319682781735,5,1
0,2023-08-05,MC,3.3598688516650284,6.0,0.0,5.9412530641496915,17.9,5,3.7720776930912447,1.868181666342854,7.522702076895279,8.704647832220648,7.259809665467323,8.781403556387389,75.12424172565696,2,0
0,2023-08-06,MC,2.449076643587331,5.645772076001046,3.532668736082187,4.914971285131707,19.3,5,0.2292407819727018,3.182721668230987,3.4673569654746514,8.03900365807568,5.675816622505386,8.369493323740903,34.521418458096946,0,0
0,2023-08-07,MC,0.8606556107825996,6.0,3.1238320832837467,5.643106337904853,18.2,4,3.5345605245355083,0.843383108221595,5.605891765966993,10.407758805254199,8.59270802333636,10.0,35.89606487771466,3,0
0,2023-08-08,MC,0.6647424983978043,6.0,3.2895529292392833,6.0,18.6,3,0.82642653737804,0.9312989389097319,6.925603930418147,7.229324931315414,4.83455252418376,4.861231226208145,55.073388186782736,3,1
0,2023-08-09,MC,2.721622948433072,5.770010683390115,3.3398705786304568,5.8224127377448065,20.6,4,1.4235996133049862,0.8847843437846933,5.977813261403874,11.599584519790378,5.932550878387583,3.3462401476674977,62.13194174333111,5,1
0,2023-08-10,MC,3.5925096944214774,6.0,2.842177698970969,4.784774838772683,20.1,4,3.149858998958312,1.9546223936977625,4.72319011851182,9.204347687208955,4.980844638152989,10.0,96.19438799106578,0,1
0,2023-08-11,MC,0.16334402678931292,6.0,2.3034342574174236,3.5800136660030324,14.1,5,3.3362074132043684,2.5229572296449874,4.343375792548693,8.22610801004437,6.673638467775424,6.393927974540038,60.670583763482306,4,0
0,2023-08-12,MC,3.7240488555162585,6.0,4.149443265405961,5.556874201557355,22.7,3,1.7569600208757026,1.6038303206678481,3.759460911860353,4.921264207760622,6.377781383778486,10.0,29.281635664435306,3,0
0,2023-08-13,MC,1.621486877543578,6.0,2.212807817170737,3.953959659445401,16.1,4,1.9090370632151734,1.0424836502297024,5.127341599306472,9.640785134252642,4.487700797403737,7.379547013883873,58.06356582902432,6,1
0,2023-08-14,MC,1.4542856818427807,5.590473285491854,4.256996657433968,3.9216168024518536,17.8,5,3.636739550053558,3.274968292619084,3.3769995400014743,5.0311348529449775,9.196721421515718,8.418069680750152,66.16915356320953,3,1
0,2023-08-15,MC,3.3883898279780778,6.0,1.9242271688931267,6.0,20.2,4,2.587006916211748,0.6997077068608334,3.8469649055409203,6.151475024647358,6.591266874465447,9.01172344346739,66.37646594484302,4,1
0,2023-08-16,MC,3.6775653891017575,5.50781522900681,2.107307823043416,3.7455705460183375,17.5,6,3.4013170227069995,1.4453110757874192,5.185666908935607,14.951408355172408,6.215758550229458,6.4922435406478805,40.908053559812984,3,0
0,2023-08-17,MC,1.3062754144293027,6.0,1.866955541385374,2.01027660212121,13.0,4,3.156608770545942,3.26511013796146,5.331031348748126,9.247963746347708,7.414317389045576,5.883016559940518,25.73232007933484,6,0
0,2023-08-18,MC,3.4337489906432235,5.577573484329032,4.589926725947897,5.167181055863049,21.9,4,3.582582514475526,1.9375729784624416,3.866532202341585,12.222132242549451,7.143872915412518,7.2235825821046555,58.22283403776501,4,1
0,2023-08-19,MC,2.258027467179715,4.094437873246591,1.2259696179732211,4.511040422452856,14.1,6,4.194024524608722,2.8117506074770815,2.4656987277189275,6.973044163564793,9.729561536181581,10.0,59.03440718864471,4,0
0,2023-08-20,MC,3.3999994309407793,5.280600225240791,3.413211631894301,6.0,21.1,6,3.4989136557559823,0.9224508454453695,5.2165396646859135,7.215343793288749,6.699567728712378,8.162443795112269,21.10257246591938,3,0
0,2023-08-21,MC,1.651962342080076,4.928484787263399,4.191755795948236,3.648057711132522,16.8,3,1.8524203663677463,1.1578997482916689,3.514891120726857,6.500813133546111,9.058476806980938,7.6905257133516916,60.66682299572374,4,1
0,2023-08-22,MC,2.2603306159958843,5.604319076599506,3.8868232904874915,5.411366081965161,20.0,2,2.8375449845295213,0.886875883708267,5.049189619245966,7.372679074083121,6.28382455637869,10.0,33.89965752810182,6,0
0,2023-08-23,MC,0.41588500313920473,5.133911139059656,2.4569789953584067,5.074145471638229,15.3,5,2.8103057745844593,0.3632036603733262,3.9192994096614773,11.465660168345348,10.0,6.187508944361895,78.5578088335177,6,1
0,2023-08-24,MC,4.2423316886723885,6.0,2.390497994007856,5.503408984609001,21.2,1,1.8254731206805501,0.7440897146724508,4.234599606510864,8.732289172952525,3.0669424983351643,4.464453345794192,30.324621840499862,4,0
0,2023-08-25,MC,0.16334402678931292,4.85912314333493,4.10205602266392,5.645329584148906,17.2,4,2.592694628541962,3.2532139462604412,7.24864541453468,4.566573015218491,6.97593616648103,7.478800156033894,53.474536119940936,2,0
0,2023-08-26,MC,2.7415652220259803,4.7636148189536085,3.868312573320991,4.5000410659695165,18.5,4,2.987166835545794,2.3480325255501038,4.6451439406859505,5.482386237332452,6.308200950811191,9.598721244293728,41.887100566067375,4,0
0,2023-08-27,MC,2.0990739060220713,3.6988944316601247,2.138545744740779,6.0,16.3,3,1.721256235143474,1.854659281930411,3.757131704096968,3.163489797624927,10.0,9.986313565527587,51.773141351939515,3,1
0,2023-08-28,MC,3.5219146986161114,5.249912201528808,2.5715425779430214,3.658611223654348,17.5,5,2.0140096788993445,1.6463511524737025,2.9654701125328864,10.20946555027708,6.004820412133663,8.744543967999418,84.83592905480499,3,1
0,2023-08-29,MC,3.3042356461551514,6.0,1.740838646097036,4.463503298222028,18.1,6,1.8978905595045803,1.5901166987867248,4.7330066026921465,12.981072798691834,9.231170127745504,10.0,69.89358156893665,3,1
0,2023-08-30,MC,4.328747785118512,4.9783124160168635,3.2082212581963954,2.1682081254514545,17.1,6,2.626717806797173,2.3314085262792306,4.626947796348652,5.26257807093789,3.6586866955187864,7.977668971083874,90.62893271545808,5,1
0,2023-08-31,MC,0.16334402678931292,4.143666497166868,0.4481258213722059,3.6776093157353107,9.8,6,3.2763132000135395,1.6345773045038687,4.236108631672455,7.117574196933155,4.978608138528715,6.9493698076100205,49.452898513246325,3,0
0,2023-09-01,MC,2.138863822628625,4.7959840069571555,1.564986368063418,5.34602889613055,16.2,6,3.9618845608876128,1.5342464972383285,4.976250456537555,6.511136566359134,6.377252743294388,8.582464493386066,15.451687860491827,4,0
0,2023-09-02,MC,1.3837895048096518,5.356142428037893,2.6244211261371193,4.272871930178415,15.9,3,2.209608185453389,1.4123776512514867,3.8185810303568615,8.630544662176252,7.114066535693686,8.273762972375751,58.97344395247865,8,1
0,2023-09-03,MC,3.53237184596576,5.159503308424247,0.0,3.9259653832427466,14.7,1,1.9062126629152534,0.9191914404222971,2.9719190688857156,11.29181276742631,7.13518530516047,6.177920489649738,55.77436574368145,3,1
0,2023-09-04,MC,4.075447119499174,4.109786484245009,1.7653296953742015,4.096577810272099,16.4,4,3.075458075879809,1.0953190921473905,3.995586764306278,10.119087084851026,8.26844368320244,6.7958280924335925,38.351993790037284,3,0
0,2023-09-05,MC,1.6563377435291755,6.0,4.865099599674667,5.140294097620033,20.6,7,2.005911994964251,0.0,3.1809110900470285,4.53321081195648,7.497719345576593,5.1264652107662325,37.683366306770274,3,1
0,2023-09-06,MC,4.419613354039733,3.422323870006974,2.9059226240920903,4.779660661499616,18.1,7,1.5655311512982863,1.099306673880081,2.8353595732212935,8.867775520526182,3.631166655732852,8.696003493351045,63.638897461988535,4,1
0,2023-09-07,MC,2.115118527273542,3.9424747145021275,2.5426880422561835,5.660806305174244,16.6,2,2.885551663347992,1.8564112893295541,2.55844314344386,8.328851204869329,5.580425157232987,9.8117651354343,74.26393578234732,3,1
0,2023-09-08,MC,0.16334402678931292,3.1644381682969396,3.475838561586837,2.8469893550497916,11.3,4,2.272740743868498,1.14964751080347,6.347168572015904,10.52239770666682,10.0,7.668783194868673,29.241042939954532,4,0
0,2023-09-09,MC,3.0147634056095223,6.0,3.4902457583568305,5.423154613706419,20.9,3,1.6758177524181357,1.9802768318000195,5.564894090227855,7.200663535675027,10.0,7.6735071770998715,47.756935328640125,4,1
0,2023-09-10,MC,3.486839153462557,6.0,3.447559504506341,4.968741678567146,20.9,3,3.442828846040765,0.8361409643499785,6.44969998662766,12.342647199194804,8.920405966178047,6.489955420812816,44.57994971232495,3,0
0,2023-09-11,MC,3.534234550684551,5.817938389543605,4.01867292393363,3.36142270985538,19.5,6,4.086595781502026,0.05372298068244752,3.83622711997115,10.15796905256555,7.040672425465379,7.5057053674512755,40.21842639339297,4,0
0,2023-09-12,MC,4.244940166726725,6.0,1.6546056950833739,4.504051698831333,19.1,4,3.1743949770158184,0.6117227168050902,4.301617147646502,12.815887067882835,5.5618109400133156,5.210660313422943,41.60441055001758,3,0
0,2023-09-13,MC,3.510195904148431,5.095734619324779,3.798658594423415,3.9099407289950205,19.0,4,3.4887433733964066,2.2926224532876307,3.8899990549724692,3.7287508400875966,8.33298694035842,5.150685834979432,49.97110530125012,5,0
0,2023-09-14,MC,4.0122182086353515,4.264429964611633,3.0808674856983465,4.355826537019294,18.3,8,3.2016946385756926,2.4387604072269267,4.68899114369204,10.917293177713184,9.910182708022706,8.940859997519487,52.974914318950944,1,0
0,2023-09-15,MC,2.897878130287556,6.0,1.571014432566265,4.935357515037907,18.0,5,3.0929857110140295,0.14290142191305488,4.900893911710005,8.39459942137054,7.15768850266887,9.010379986244354,29.98071441910933,7,0
0,2023-09-16,MC,4.2541260792388575,6.0,4.466831840159156,4.8707488815238005,22.9,3,3.124271608708293,1.545692430793011,3.2563435406192025,12.84411641339427,6.991818797849472,8.822631283784517,20.02927653644909,5,0
0,2023-09-17,MC,2.229550025649767,4.921921036020429,1.7888666921346794,5.371329061618258,16.7,3,2.671953937701089,1.7394439184320798,3.0162544829261098,7.393724999314397,8.556606006530897,10.0,37.800429242257096,3,0
0,2023-09-18,MC,2.408517262639294,6.0,4.260477940213449,4.8224602794059965,20.4,6,3.3151427364955963,1.5807628703213819,3.664884667190026,5.613103449348747,6.069537517019438,6.957589135074965,70.12610618720475,4,1
0,2023-09-19,MC,0.5231247372369858,5.281534967563828,2.397121110038147,5.155654535109983,15.6,4,2.970760265200649,2.6922119392735624,3.894715315685259,5.766183966850284,10.0,9.971775943833569,34.68909599420332,3,0
0,2023-09-20,MC,1.3607627277952932,4.7981251298199386,2.8325886734458283,6.0,17.5,6,2.4253456637034345,1.4321077420160535,4.548167677650662,13.760501364413253,6.52878798440081,5.971754738605856,27.639031249623773,2,0
0,2023-09-21,MC,5.4684572124094935,4.817527837344715,0.5511396258346699,4.8596185930634395,18.3,7,3.3900211406568213,0.7964651739625002,3.6023192047803643,9.621714782635793,6.988096740630878,5.32031729205285,28.56777208066434,3,0
0,2023-09-22,MC,0.9340195352938121,6.0,3.249323530255531,6.0,18.9,5,3.6377467858662715,2.1882381929521406,4.492999262370673,5.041540894304736,3.667700373953984,7.402468891480103,67.41685352480394,4,1
0,2023-09-23,MC,3.1445649632386092,5.7245420490435635,3.9728488029115834,5.01585034088991,20.8,4,1.5862292192458551,0.867003710247012,3.4890078345949513,10.408448844246356,6.748041361670017,8.016530178330388,37.93548802461013,3,1
0,2023-09-24,MC,5.056982386619875,6.0,3.9196256260048044,4.961592752435481,23.3,5,2.6277684335642366,1.1275837300225993,1.3215837408636042,2.4607920825043363,4.406622676408594,7.874500893836511,43.92788712951831,4,1
0,2023-09-25,MC,4.4199795894203175,4.945404986604252,1.473044146141747,3.6232380394605577,16.9,5,2.407938842298564,2.45729793970252,2.784018801902112,10.79785920027927,5.710956627580733,6.112754851859612,37.25857457215978,3,0
0,2023-09-26,MC,2.493641386113175,6.0,1.3612672315003267,3.3026282469593093,15.4,5,2.225217035634141,2.2656434837129167,4.102047612876964,8.536255062202462,4.7078393479105225,10.0,33.62069606202225,2,0
0,2023-09-27,MC,1.8602331981909082,3.9636237094773996,2.2074611292024757,4.8873966686623795,15.1,4,2.6375863583837402,2.126713551653931,2.239254611097527,12.589659268548388,7.762882079500212,7.849565084232136,42.458621374706794,3,0
0,2023-09-28,MC,4.557784022930883,6.0,2.142285270651021,4.477912603765372,20.0,7,1.9081833597977622,1.8233081917556127,2.461794302258844,8.692315156117813,7.42629460968303,6.100304535813868,46.73838800304921,4,1
0,2023-09-29,MC,2.6776342818363283,6.0,1.7826661567150743,5.470798191957186,18.6,6,3.031257766411486,2.042900187757107,5.129133748908237,14.285868907799948,5.540932279107568,10.0,16.330672174273964,4,0
0,2023-09-30,MC,0.16334402678931292,5.100074032272382,1.9690328922575506,5.048341821137916,14.3,5,2.5721432408889107,1.6179306407450065,3.845315239615739,9.319930845971589,7.459472162309478,10.0,39.322766784038805,3,0
0,2023-10-01,MC,2.1737750357992685,5.984124490721973,1.843735189049432,5.686024716782709,18.3,3,2.691231577885807,0.400313239104382,2.1723334093052804,10.86960576108047,9.45948887534635,8.679606193022865,60.08647405816912,4,1
0,2023-10-02,MC,2.4014350661313326,4.916389118232516,1.8637482629042703,3.013900810547761,14.2,5,3.6549000951425077,3.2249997311111653,4.878810487285431,8.413847385812238,10.0,9.54021396365032,48.401426356164905,3,0
0,2023-10-03,MC,2.844387684671223,3.4355096282694237,4.050919567628606,5.329588191382712,18.3,3,2.8674429248594615,2.603627143694319,5.9573577248896346,6.558144217707131,10.0,6.352365887422831,31.30294669571908,3,0
0,2023-10-04,MC,5.274748498384158,6.0,3.491229086966663,5.821456350330726,24.0,5,2.9201654231905567,0.20388657493073548,5.102930246508663,7.426141069464115,5.962031691294082,2.53391940994901,29.114812833010486,4,0
0,2023-10-05,MC,2.3588826826719105,5.215185188972272,2.1596568655225576,5.756227140613267,18.1,6,2.3500477647189437,0.7926708304694275,4.898294503627614,7.134301819118234,9.252411453133321,7.429482680918901,64.54758216504476,4,1
0,2023-10-06,MC,2.47827531741578,4.043342004741222,5.913325822160225,5.1607361601404484,20.5,6,3.7457905561863694,1.6583835238662816,6.191296189623301,6.281333856464519,9.374367407724979,10.0,33.881680449207686,0,0
0,2023-10-07,MC,0.16334402678931292,5.1762230907204945,1.9249552003330244,3.1177610980365964,12.1,3,2.9524380285309477,1.320890592411608,3.026659692640016,6.074776789135512,7.7982584465723015,5.85163557079116,67.52868112946608,0,1
0,2023-10-08,MC,2.517063348923122,3.90772015759846,2.09093678691208,5.1329446029731916,15.9,5,2.1935384928438517,1.8032065179440264,5.755001850570157,15.451087283703822,8.832906940050249,6.472537026076512,39.824254978194446,5,0
0,2023-10-09,MC,1.6588523131707293,6.0,4.337906885830351,4.883677370316427,19.7,1,4.286678694602048,2.198658769292636,3.5609155809516295,4.738578792826963,6.355095866468171,9.868929607592628,38.1756964316934,3,0
0,2023-10-10,MC,2.482422562168476,6.0,3.2056030797855595,6.0,20.6,4,1.4955216302869436,1.060081967654178,3.7699096336364915,5.340502303826731,8.80933045198317,9.696295404877839,36.09624088695895,3,1
0,2023-10-11,MC,1.4850956495732466,4.8865747907009025,0.6803908323540981,3.0065311823993244,11.7,4,2.043514151762066,1.1353448804367705,5.169318800468998,8.677569449875412,8.524511258845424,8.185532376201573,19.442952156115187,4,0
0,2023-10-12,MC,0.16334402678931292,5.02168493547963,1.5343592584757157,4.975386769043968,13.6,5,2.6136750528883783,2.770173791869315,2.6628189314564104,9.81180814294892,7.995639262880151,7.033853693612977,62.58020831416796,4,1
0,2023-10-13,MC,0.16334402678931292,3.8931872204746165,0.9620903690161118,6.0,12.9,6,2.6951715394874625,1.8588688911629427,3.624718441933072,10.556630120472873,5.3753853815122214,5.93444001249483,52.41415151352416,7,0
0,2023-10-14,MC,4.208047486669878,3.7736803938095123,5.113256935570735,3.2781518475568574,19.1,6,1.577210335896515,2.1125637649019273,4.124574468190288,6.096142366355339,5.757443719463331,8.538106018984307,75.40596639173843,5,1
0,2023-10-15,MC,4.88771320567682,4.005345105247937,5.262818001752102,4.749831870879995,22.1,4,2.2874708584761905,1.6151728727807164,5.583787984889422,5.277639641132614,7.095405564942733,5.706879085238658,52.46626971777059,2,1
0,2023-10-16,MC,0.16334402678931292,6.0,3.3479865191032787,5.32102859587841,17.3,6,2.97303592196122,1.3106365137686993,3.653785532791212,5.405272656226003,5.292705695746896,9.798321297141847,39.30302923171339,8,0
0,2023-10-17,MC,3.4977526185450434,5.580223653132567,4.1683794706162125,2.8142901893991854,18.7,5,3.0724716521490785,2.261930959991968,4.874688976471967,11.010246684016899,6.993452527482296,9.491577205411929,53.53585096097415,3,0
0,2023-10-18,MC,0.9790496250789928,4.480901272071207,2.0873159485065815,3.5040316076488347,12.9,4,4.125488414785232,1.8928923765728844,4.4386679677124565,5.000270104088179,7.26982899293626,8.844068480011288,21.2834757397454,6,0
0,2023-10-19,MC,1.6577379543418642,5.137971187561708,3.901759357907976,4.3461923460480545,17.6,4,2.540975546321729,1.7304048230545412,2.313701677845799,5.259611347903214,8.029375414433341,10.0,64.02321870392677,2,1
0,2023-10-20,MC,3.523076932013904,6.0,2.555336042888573,4.3906684996400855,19.2,6,3.4727421905793703,0.9865348806319357,5.660797858832506,15.091669089395488,7.913683658365754,6.770291333427231,31.721160152802376,5,0
0,2023-10-21,MC,2.0693393400049027,4.116295661433087,1.309969222847763,5.354162504785588,15.0,4,3.5116774576459413,2.537485298457378,4.398958650008273,12.33624824635237,8.062447000686575,6.7442531652750235,81.02726183354989,4,1
0,2023-10-22,MC,2.832175493817597,6.0,4.5042619692412025,2.553760916355362,18.5,4,1.226520764280192,2.57270434507601,4.312549098899787,3.6219460372491996,7.504961810610335,6.795644340945096,46.29948923823957,5,1
0,2023-10-23,MC,2.3096090610830133,5.122649307717712,2.1568978681470043,4.997774741601692,17.0,5,3.132392860629068,1.0830287355281778,5.243730554527953,10.326298943431562,9.7595498004525,6.552492119792637,26.356630706241297,3,0
0,2023-10-24,MC,0.16334402678931292,6.0,4.146627635467907,5.751423264608991,18.7,4,1.953133538716317,2.631808606496758,4.0476082407263565,8.037879994489598,9.731491863454156,10.0,36.281099575657294,4,0
0,2023-10-25,MC,0.16334402678931292,5.42912763908113,1.3593266806977686,3.95783058831526,12.7,5,2.958267650266779,0.4657565110205482,3.6562547129609637,13.043450024351458,6.528796408345261,8.33533361705388,48.169139016941976,3,0
0,2023-10-26,MC,3.1311615700409785,4.524350496810864,3.4535120738055234,1.888046828930654,15.2,5,1.5121127123940932,1.7668216096245395,4.7553444334087995,8.24594730939617,6.160447900806492,8.779865622566039,33.03120589871821,3,0
0,2023-10-27,MC,3.6608894863172763,5.951843749488283,1.6444927742259918,5.403358867232445,19.4,3,3.4778534035976243,2.281245522066941,5.674309537628379,11.971321712325201,5.148853705642148,9.110706342450044,62.780228243145515,0,0
0,2023-10-28,MC,5.183409249290222,6.0,4.337612169795662,5.3397316772595,24.3,6,3.309205067753138,1.3220110282011723,5.992468476180856,6.947387906944611,5.584625448170946,10.0,53.27469095050869,0,1
0,2023-10-29,MC,1.4988415973165874,6.0,1.4064118246842199,5.594162307607845,16.9,4,2.119167804177759,3.059390418576101,4.652728101797974,8.613044209770786,5.22588650252472,5.9418820745120025,73.07943633379449,4,1
0,2023-10-30,MC,0.5599164795813438,6.0,1.1585036946769203,4.345128406998609,14.1,5,2.2580973127956687,1.3745140058349565,2.5585504976273987,6.457919202805499,8.615925029427839,10.0,76.05733800130395,4,1
0,2023-10-31,MC,3.2181702836362702,6.0,2.293301076066286,4.628913652307766,18.8,5,2.60256522130645,3.1914911694382715,2.1529239235005693,6.052313664360824,4.586845189792477,10.0,81.09974567128835,2,1
0,2023-11-01,MC,2.8243777437659805,5.10752298511249,2.162144381372937,3.7102463288198897,16.1,5,2.427668220885529,1.9147815883747337,4.553790039157886,12.02378145262239,8.202189032394848,8.813745169058866,73.4849587311238,4,1
0,2023-11-02,MC,0.16334402678931292,6.0,1.078796763940863,4.959008612841749,14.2,3,2.5223334809487743,1.770489442958959,3.0470394923376456,4.284142556218766,9.270245405294595,8.299754941801446,67.96214166579493,7,1
0,2023-11-03,MC,1.3067650569944391,5.626876376619984,3.4716547528172583,5.495714964474024,18.6,8,2.958558713480439,2.851015012642728,2.2146066389922296,8.100142912460077,6.36048735770576,3.536569908970409,39.36789706054148,0,0
0,2023-11-04,MC,6.0,5.051479520531675,2.2346624908104555,3.6371291287774077,19.7,5,2.777041973950939,0.9989547788990347,3.5680857450927794,4.504339749124632,8.10001583023294,3.127907398576921,53.271811895790584,4,1
0,2023-11-05,MC,4.767478695332901,4.753212566641532,2.049203660689817,4.443679321060779,18.7,6,3.7525178310548406,0.9961019189394182,4.724479374159227,13.116468415051422,6.982549757925017,2.9613314643933792,52.5770048748691,3,0
0,2023-11-06,MC,1.632923870682356,6.0,3.121151037109178,3.2463808395122076,16.3,6,3.067643944280934,1.418982807732582,1.0385888332872444,11.066774449310666,9.087111081296825,10.0,13.340745323611904,5,0
0,2023-11-07,MC,1.218822692800694,4.578376960727623,2.42646061618166,6.0,16.6,6,1.8170385819946113,1.6390771106054451,5.704431563885414,4.557527057149989,10.0,8.073586473283612,31.18625665860315,0,0
0,2023-11-08,MC,6.0,5.185344059736888,2.203763839892452,3.3371387412413456,19.5,4,2.6354947533581647,1.8866200051675177,6.287085994039011,10.045064665771124,3.2841868145759747,8.824977550480412,13.402701448432339,3,0
0,2023-11-09,MC,1.9676327501775184,6.0,0.0,3.220491427219545,13.1,5,3.047646922920352,2.4077081670288867,3.67118725169336,14.472009568378073,7.293975369385914,8.31066522972557,19.019067110190036,6,0
0,2023-11-10,MC,4.703185988708987,6.0,4.018391410725954,3.9649811184547477,21.8,7,2.843378737892587,1.262934157904927,5.512752097998863,11.568409524574818,2.8955699627175653,8.788919275434315,28.77931768208169,3,0
0,2023-11-11,MC,4.98250742354786,6.0,0.35863171782625614,4.595987793568067,18.6,5,0.6678882321641308,1.624753782798094,3.885500255667168,4.228795161608137,7.624723340519705,2.792758966174408,80.935459284372,2,1
0,2023-11-12,MC,0.16334402678931292,6.0,2.3839259189226083,3.528655078554827,14.1,5,2.149820960736192,1.6158874506854841,4.357764750491941,7.836895169829013,8.562776819138714,6.291638436626537,22.55352642268107,3,0
0,2023-11-13,MC,4.610157943455621,4.5711667364731055,3.024493913968675,3.903843677699177,18.8,4,1.9051598222708654,0.7521874633858683,6.9162243660986675,3.8081186890581247,3.9753849454396875,4.981942052050604,27.234789711446798,4,0
0,2023-11-14,MC,3.2019737334522222,6.0,2.6599223123636153,3.094935747601157,17.4,4,4.00040818851196,3.1338281656305385,4.216773020064208,7.528560814293865,4.253484636109488,6.244405270564596,71.54403513319711,4,1
0,2023-11-15,MC,1.4905940134364675,5.577823705768544,1.408275496229538,4.280609305082152,14.9,5,1.9138012286917827,2.545810755377159,5.212486231460629,7.021543865981486,6.768812580183664,10.0,57.53514762690862,3,0
0,2023-11-16,MC,3.1344389480377592,3.9678484433819214,6.0,5.136854320615697,21.3,2,2.762494909654349,1.5416999969052734,4.042888608990463,11.57733274178468,6.606917951744918,6.341706087338468,62.58097500359231,4,1
0,2023-11-17,MC,2.2651046045340295,4.629322445364649,2.8071653337176445,4.919564389077666,17.1,4,0.8992710092928001,1.3884244893835362,5.099337839860121,5.1450152190916185,8.661274049282152,8.212745261306344,68.70885340121674,4,1
0,2023-11-18,MC,2.4255368208944352,2.600651024149223,3.2524705657322697,5.961268150284855,16.6,5,1.5311329955627178,1.8559184379422553,5.193048069577859,6.151589844819523,7.142991131637922,7.065707250451659,24.73438109782618,4,0
0,2023-11-19,MC,4.770526148237184,4.240436702596505,2.8201357188020153,5.526049605204851,20.3,3,2.531807300329971,2.479075017812356,4.803477726934158,13.52907858935514,4.714699533929531,4.121730652578396,46.02405735571139,2,0
0,2023-11-20,MC,5.515989166932005,5.4407818010378435,0.4578513572170304,4.807825496721298,18.9,5,4.910014614369717,1.1443042845557536,5.178590851526644,12.029039571505292,7.62440464149997,9.761386553130203,42.603461837637084,4,0
0,2023-11-21,MC,3.4567259964648143,2.8398194223621824,1.2930335817682659,4.8040681807006695,14.5,3,2.2808520697209778,1.1796402734154985,4.356340686558772,8.75012774091444,9.173715987358317,7.741119315870554,21.838004989799217,5,0
0,2023-11-22,MC,2.5728087104495048,4.386770741851347,1.8524370005058415,6.0,17.3,4,4.927464837324222,1.1173940513313665,4.280832010330501,2.9613894934275917,9.127999907228286,7.06183044485082,63.28943479999722,1,0
0,2023-11-23,MC,4.233472844558999,4.2325753101667924,4.41294136149492,5.09829940739745,21.0,7,2.2139860844592123,2.2102825466864786,5.435178447502128,9.121784150984588,10.0,7.043641760096382,45.75901027514802,6,0
0,2023-11-24,MC,3.2687023951862413,5.031250386997336,4.26127079389637,4.536804523674971,19.9,5,3.533541582611199,0.29506798899171827,3.3633001953723336,9.918892843450639,8.518905298988487,6.787620707941404,63.58090583704108,3,1
0,2023-11-25,MC,2.4413890406716305,4.097135059984571,2.601929070005631,2.4059161897419683,13.5,5,2.478038908923091,0.6838324846510265,6.046256766081904,8.515199600497763,5.56199338338818,7.838266160351965,50.77758678272289,2,0
0,2023-11-26,MC,1.3709845727545238,5.17458106090846,3.6944411187921453,4.219100341318759,16.9,5,2.738631282597464,1.4805456141641313,6.121077002499451,9.439672767170233,8.542934524789166,9.911868581173874,53.66035766484683,6,0
0,2023-11-27,MC,2.65931141248056,4.55358267596243,2.347742305520328,5.400617325668594,17.5,4,1.7242812907427791,1.24773242509442,4.512392495413531,8.358459576366768,7.421356411345354,9.637973211477691,35.96827849599469,3,0
0,2023-11-28,MC,3.2135865767090364,4.944645180042812,2.4046976200224925,4.610931991484239,17.7,4,2.9187241401797923,1.6087382015157399,3.9162448834279484,4.106243661705528,4.884957953303241,5.930800717847038,33.6855993765768,3,0
0,2023-11-29,MC,2.335738683558222,6.0,3.3657045264399357,3.848535744577537,18.1,2,2.0113670476493617,1.1674886858914963,3.0774066913256104,12.744824441525957,6.38332789708994,6.421631489419211,46.00282382670604,0,1
0,2023-11-30,MC,2.5907011695981903,4.402623037401743,3.2645393853195666,2.1014388073287886,14.4,5,3.0777152551559963,2.7071876604314826,7.100945868843043,5.407129803208276,6.878583099443161,4.083062639411574,32.70872734985335,4,0
0,2023-12-01,MC,1.6889947326169583,4.168217229500857,2.463545427021975,5.198035429106764,15.8,3,2.3278440269264555,1.634685547535648,4.716268343439424,11.519102997956821,7.540692812485714,10.0,58.38954134508084,3,1
0,2023-12-02,MC,4.648143648448503,2.9019882721862267,2.3982037159635317,3.0941398243397362,15.2,3,2.935664257817333,1.3305930134375183,4.950920390939894,9.800368175322367,9.570799213203854,7.423088368218769,28.10743671286035,3,0
0,2023-12-03,MC,3.644838166952396,5.922846176249603,2.8661015106746386,3.763898391038889,18.9,4,2.7023202816016347,1.4015615224294202,4.081372198506524,6.852097124809991,4.7494275095819205,7.988199068583451,34.18748899956953,7,0
0,2023-12-04,MC,3.1502766037307017,6.0,4.888618418089363,5.90793073793391,23.3,4,3.1823153275257647,3.602420556177012,5.93214605364151,11.088935540889285,8.582419454292435,7.043842683959664,23.812856985243087,4,0
0,2023-12-05,MC,3.990217590919401,6.0,2.5771743220190024,5.623460988988345,21.2,3,2.610057409327995,1.3226488876402642,2.9433435563042365,11.535467631686412,8.658300621020011,10.0,54.127739785563456,3,1
0,2023-12-06,MC,5.3020787910830105,5.503358584279275,1.6497741811463216,3.1141310860044804,18.2,4,1.8940993973686704,1.7165621881623372,1.8409074610335607,4.97276940331234,5.493021113511547,6.521169473609624,20.88518175138828,4,0
0,2023-12-07,MC,1.9041973138553066,5.484483435743128,2.392211599128874,3.586364810087934,15.6,4,2.7767570132219537,2.1853932108528404,6.827706343413736,12.249302063495838,10.0,9.563685671363436,61.90181610454929,4,0
0,2023-12-08,MC,2.0148735777856315,5.751640516446872,2.3585072358633568,4.308110078243754,16.8,4,3.375485919589386,4.174387414457812,4.993188497044535,6.843939070891556,10.0,10.0,33.21309140288412,4,0
0,2023-12-09,MC,0.16334402678931292,5.041133455267639,2.366203593813349,4.406868426597374,14.0,6,2.3832969163769784,0.9641855636364653,4.402208832763446,7.637389049563083,8.594415130474523,7.768184497435749,31.667715566744523,3,0
0,2023-12-10,MC,0.16334402678931292,6.0,3.922777094423819,3.5498995098383492,15.9,5,3.088579541597225,1.7815082730467349,4.908825447866171,4.55213358822354,7.955229341402808,6.231539107362406,29.33718572813371,5,0
0,2023-12-11,MC,1.780132849166228,6.0,4.39388425401533,6.0,21.2,5,2.1252129150691355,1.053778279134864,4.688939683549528,12.954692515411246,7.219391066086327,10.0,23.01033158304468,0,0
0,2023-12-12,MC,4.429332349333816,5.643793885492064,2.8074563490758693,5.210054238727564,21.1,5,2.838147487261544,1.2239120547465432,3.295710238710135,6.352462497188714,3.6767544992214294,5.141621113907282,39.13518807846213,0,1
0,2023-12-13,MC,2.9742902528341206,5.7237429460624405,2.7933012161602133,5.210422872081815,19.5,4,3.7689329119058055,0.9126338421467777,1.4810403211849532,6.338994510474826,7.739056996646835,6.15044005644011,44.79188620562266,4,1
0,2023-12-14,MC,3.200601899651831,6.0,4.0902160551360405,5.106958216792467,21.5,4,5.330120552073087,2.120250334543776,2.663658891423251,5.630299254791225,6.213877403426345,6.249581290022041,66.01024865959737,4,1
0,2023-12-15,MC,2.697001224667789,5.919338851462372,4.967043481826812,6.0,22.8,2,1.9238837382748248,1.1783195056311344,2.191050018087176,8.403628332363223,10.0,5.279490061290563,38.43306212819546,5,1
0,2023-12-16,MC,2.9375963699156946,3.8287290274763772,1.315498321645431,5.092120392719779,15.4,5,4.112196089875441,2.1614792184559932,5.013907132671314,3.8135935599828494,8.614829346979297,5.697555775598324,24.945770894961104,4,0
0,2023-12-17,MC,4.141151740444119,6.0,3.257870465097208,3.3394981935714156,19.5,5,3.0873080947440066,1.4110681986785114,4.438839442818548,8.968740531923558,9.535590398194554,8.876376218985847,88.0696435657231,4,1
0,2023-12-18,MC,2.7664836731257125,5.282670678213683,2.6571590101989417,5.015674820619566,18.3,5,1.633946328390063,2.0718564348617696,3.5488131264682425,6.448309705756379,6.613484927320335,9.313382558390032,30.113820653989965,4,0
0,2023-12-19,MC,0.8603991048479087,5.951500782991226,1.0362336488045971,4.271145794068523,14.1,5,2.8714896794835134,1.3191114059854092,2.764087713277696,7.820834006786587,5.300969334031476,7.301680752400816,64.15268209414518,5,1
0,2023-12-20,MC,3.406160135951807,5.64646036311259,1.9950340918671186,4.341998036885636,18.0,5,3.59319007181456,2.461828728850886,4.127594190534009,4.862773298163744,10.0,8.087930391597503,30.229585073262715,4,0
0,2023-12-21,MC,3.495456165887459,3.8719527122547177,4.031133276015039,5.59036491234032,19.8,5,3.866465853653305,2.3153180908559245,4.523076868836888,7.736144262261055,5.563958563875706,10.0,89.6362002853605,5,1
0,2023-12-22,MC,1.0361133485968108,3.5746797065801124,2.995717022280021,4.380937772489663,14.0,5,1.3717773170843102,2.9272349553190584,3.460740434605573,7.445289926920147,7.4711555222627055,9.412187705263253,82.67385420542011,3,1
0,2023-12-23,MC,0.9916011671066629,3.467466790941109,2.066981866076571,2.766611640560944,10.8,8,1.9145391098001943,1.2869839866953365,3.855005817784775,9.410118668446195,7.248259812824531,8.514717330738716,64.43728906801456,2,0
0,2023-12-24,MC,3.665178660337399,5.883740548476624,4.2574571681614275,5.842644493992618,22.9,8,2.536947220129,0.8182883647824917,3.1321490624799244,3.8636971371074695,7.099850721477781,9.470128413718411,42.12244747159014,3,1
0,2023-12-25,MC,1.47390844148783,6.0,4.559878346414352,4.620166960829669,19.4,4,3.58707757082998,2.3366923105033255,4.382662640992088,6.771509282486746,4.117536265006066,8.884153455114664,60.04472202304075,5,1
0,2023-12-26,MC,1.7096180323309038,5.510732667594284,1.246560538341409,5.411203485366196,16.2,4,2.8927765483158296,1.155379995137804,3.638415157477817,7.875655531853301,5.702422367434119,8.136720271297882,87.08516446127352,1,1
0,2023-12-27,MC,4.252978380110525,4.915284930310669,1.9285124353783494,3.90009252918346,17.5,3,2.1775317092311206,1.1166552150796174,4.2372536725395005,2.7973073588646358,7.592918896991815,8.006185300747234,18.36570394523422,4,0
0,2023-12-28,MC,0.835873242607424,3.6253186442933774,4.064092483697458,4.5092629492501395,15.2,7,3.1730872051469037,1.9254704533780658,4.9936179265386045,16.486238373360024,7.789713509600447,9.2471434973469,53.369475740954925,0,0
0,2023-12-29,MC,0.204239452571771,6.0,2.5960350600003888,5.670153471325817,16.9,4,3.6695574079864524,1.6266153522485163,5.394660947814644,9.867654326642514,4.369430571945153,1.1550589223491583,34.60519539949241,0,0
0,2023-12-30,MC,0.16433781224438926,4.499006910012244,2.9790340900416625,2.7373734348457326,12.1,4,2.6008215689180805,2.8181502955520705,5.050097169714884,8.527559787927576,8.268486896918265,5.598248258681143,76.874399200057,3,0
0,2023-12-31,MC,4.356637791106401,6.0,1.4047001723341688,4.789752092686782,19.3,6,1.8514355167200225,2.2942340027655583,2.7422846356002846,8.675617791923111,6.582018952083006,8.234190774216215,49.480521838552114,5,1
